Plugin,Menu,Section,Type,English,Japanese
Beastmaster,,,@Window,Beastmaster,
Beastmaster,,,@Window,驯兽师助手,
Beastmaster,,,,  ビーストランク25以上のペットが10体に到達する,  ビーストランク25以上のペットが10体に到達する
Beastmaster,,,,  ビーストランク25以上のペットが20体に到達する,  ビーストランク25以上のペットが20体に到達する
Beastmaster,,,,  ビーストランク25以上のペットが30体に到達する,  ビーストランク25以上のペットが30体に到達する
Beastmaster,,,,  ビーストランク25以上のペットが40体に到達する,  ビーストランク25以上のペットが40体に到達する
Beastmaster,,,,  ビーストランク25以上のペットが50体に到達する,  ビーストランク25以上のペットが50体に到達する
Beastmaster,,,,  ペットを10種類仲間にする,  ペットを10種類仲間にする
Beastmaster,,,,  ペットを20種類仲間にする,  ペットを20種類仲間にする
Beastmaster,,,,  ペットを30種類仲間にする,  ペットを30種類仲間にする
Beastmaster,,,,  ペットを40種類仲間にする,  ペットを40種類仲間にする
Beastmaster,,,,  ペットを50種類仲間にする,  ペットを50種類仲間にする
Beastmaster,,,,  称号：Ash Kin,  称号：Ash Kin
Beastmaster,,,,  称号：Beast Kin,  称号：Beast Kin
Beastmaster,,,,  称号：Cloud Kin,  称号：Cloud Kin
Beastmaster,,,,  称号：Dangerous Gamer,  称号：Dangerous Gamer
Beastmaster,,,,  称号：King of the Crucible,  称号：King of the Crucible
Beastmaster,,,,  称号：Knight of the Crucible,  称号：Knight of the Crucible
Beastmaster,,,,  称号：Master of the Menagerie,  称号：Master of the Menagerie
Beastmaster,,,,  称号：Scale Kin,  称号：Scale Kin
Beastmaster,,,,  称号：Seed Kin,  称号：Seed Kin
Beastmaster,,,,  称号：Soul Kin,  称号：Soul Kin
Beastmaster,,,,  称号：the Unbroken,  称号：the Unbroken
Beastmaster,,,,  称号：Vile Kin,  称号：Vile Kin
Beastmaster,,,,  称号：Wave Kin,  称号：Wave Kin
Beastmaster,,,,  闘獣練 特一盤で評価「伝説の魔獣使い」を獲得する,  闘獣練 特一盤で評価「伝説の魔獣使い」を獲得する
Beastmaster,,,,  闘獣練 特一盤で評価「特級魔獣使い」以上を獲得する,  闘獣練 特一盤で評価「特級魔獣使い」以上を獲得する
Beastmaster,,,,  闘獣練 特一盤を攻略する,  闘獣練 特一盤を攻略する
Beastmaster,,,,  闘獣練 特一盤を獣道IIIで攻略する,  闘獣練 特一盤を獣道IIIで攻略する
Beastmaster,,,,  闘獣練 特二盤で評価「伝説の魔獣使い」を獲得する,  闘獣練 特二盤で評価「伝説の魔獣使い」を獲得する
Beastmaster,,,,  闘獣練 特二盤で評価「特級魔獣使い」以上を獲得する,  闘獣練 特二盤で評価「特級魔獣使い」以上を獲得する
Beastmaster,,,,  闘獣練 特二盤にて、スコアボーナス「呪具を統べる者」を達成する,  闘獣練 特二盤にて、スコアボーナス「呪具を統べる者」を達成する
Beastmaster,,,,  闘獣練 特二盤にて、スコアボーナス「有翼を統べる者」を達成する,  闘獣練 特二盤にて、スコアボーナス「有翼を統べる者」を達成する
Beastmaster,,,,  闘獣練 特二盤にて、スコアボーナス「死屍を統べる者」を達成する,  闘獣練 特二盤にて、スコアボーナス「死屍を統べる者」を達成する
Beastmaster,,,,  闘獣練 特二盤にて、スコアボーナス「水棲を統べる者」を達成する,  闘獣練 特二盤にて、スコアボーナス「水棲を統べる者」を達成する
Beastmaster,,,,  闘獣練 特二盤にて、スコアボーナス「甲鱗を統べる者」を達成する,  闘獣練 特二盤にて、スコアボーナス「甲鱗を統べる者」を達成する
Beastmaster,,,,  闘獣練 特二盤にて、スコアボーナス「百獣を統べる者」を達成する,  闘獣練 特二盤にて、スコアボーナス「百獣を統べる者」を達成する
Beastmaster,,,,  闘獣練 特二盤にて、スコアボーナス「百蟲を統べる者」を達成する,  闘獣練 特二盤にて、スコアボーナス「百蟲を統べる者」を達成する
Beastmaster,,,,  闘獣練 特二盤にて、スコアボーナス「草木を統べる者」を達成する,  闘獣練 特二盤にて、スコアボーナス「草木を統べる者」を達成する
Beastmaster,,,,  闘獣練 特二盤を攻略する,  闘獣練 特二盤を攻略する
Beastmaster,,,,  闘獣練 特二盤を獣道IIIで攻略する,  闘獣練 特二盤を獣道IIIで攻略する
Beastmaster,,,,  闘獣練 第一盤、第二盤、第三盤、特一盤、特二盤にて、すべて評価「伝説の魔獣使い」を獲得する,  闘獣練 第一盤、第二盤、第三盤、特一盤、特二盤にて、すべて評価「伝説の魔獣使い」を獲得する
Beastmaster,,,,  闘獣練 第一盤、第二盤、第三盤、特一盤、特二盤にて、すべて評価「特級魔獣使い」以上を獲得する,  闘獣練 第一盤、第二盤、第三盤、特一盤、特二盤にて、すべて評価「特級魔獣使い」以上を獲得する
Beastmaster,,,,  闘獣練 第一盤、第二盤、第三盤、特一盤、特二盤のすべてを、獣道IIIで攻略する,  闘獣練 第一盤、第二盤、第三盤、特一盤、特二盤のすべてを、獣道IIIで攻略する
Beastmaster,,,,  闘獣練 第一盤で評価「伝説の魔獣使い」を獲得する,  闘獣練 第一盤で評価「伝説の魔獣使い」を獲得する
Beastmaster,,,,  闘獣練 第一盤で評価「特級魔獣使い」以上を獲得する,  闘獣練 第一盤で評価「特級魔獣使い」以上を獲得する
Beastmaster,,,,  闘獣練 第一盤を攻略する,  闘獣練 第一盤を攻略する
Beastmaster,,,,  闘獣練 第一盤を獣道IIIで攻略する,  闘獣練 第一盤を獣道IIIで攻略する
Beastmaster,,,,  闘獣練 第三盤で評価「伝説の魔獣使い」を獲得する,  闘獣練 第三盤で評価「伝説の魔獣使い」を獲得する
Beastmaster,,,,  闘獣練 第三盤で評価「特級魔獣使い」以上を獲得する,  闘獣練 第三盤で評価「特級魔獣使い」以上を獲得する
Beastmaster,,,,  闘獣練 第三盤を攻略する,  闘獣練 第三盤を攻略する
Beastmaster,,,,  闘獣練 第三盤を獣道IIIで攻略する,  闘獣練 第三盤を獣道IIIで攻略する
Beastmaster,,,,  闘獣練 第二盤で評価「伝説の魔獣使い」を獲得する,  闘獣練 第二盤で評価「伝説の魔獣使い」を獲得する
Beastmaster,,,,  闘獣練 第二盤で評価「特級魔獣使い」以上を獲得する,  闘獣練 第二盤で評価「特級魔獣使い」以上を獲得する
Beastmaster,,,,  闘獣練 第二盤を攻略する,  闘獣練 第二盤を攻略する
Beastmaster,,,,  闘獣練 第二盤を獣道IIIで攻略する,  闘獣練 第二盤を獣道IIIで攻略する
Beastmaster,,,,  闘獣練ランキングにて1位になる,  闘獣練ランキングにて1位になる
Beastmaster,,,,  闘獣練ランキングにて上位に入賞する,  闘獣練ランキングにて上位に入賞する
Beastmaster,,,,  闘獣練ランキングにて入賞する,  闘獣練ランキングにて入賞する
Beastmaster,Captured,,, by Anmi, by Anmi
Beastmaster,,,,-- 空き --,-- 空き --
Beastmaster,,,,-- 空位 --,-- 空き --
Beastmaster,,,,01 [停用] 持续吸引  |  自身缺少 BUFF 2413 -> 吸引注意##rule-0,01 [無効] ヘイト維持  |  自身にBUFF 2413なし -> 注意を引く##rule-0
Beastmaster,,,,01 [启用] 默认规则集##rule-set-0,01 [有効] デフォルトルールセット##rule-set-0
Beastmaster,,,,02 [停用] 持续挑衅  |  自身缺少 BUFF 5586 -> 挑衅##rule-1,02 [無効] 挑発維持  |  自身にBUFF 5586なし -> 挑発##rule-1
Beastmaster,,,,02 [启用] 新规则集##rule-set-1,02 [有効] 新しいルールセット##rule-set-1
Beastmaster,,,,03 [启用] 新规则集 副本##rule-set-2,03 [有効] 新しいルールセットのコピー##rule-set-2
Beastmaster,,,,03 [启用] 最终爆发-1层  |  目标DataID 19344 -> 道具 各种牙##rule-2,03 [有効] 最終バースト-1層  |  対象DataID 19344 -> アイテム 各種の牙##rule-2
Beastmaster,,,,1 笛召唤蝾螈，施加魔法易伤,壱の呼び笛でサラマンダーを召喚し、魔法被ダメージ上昇を付与
Beastmaster,,,,1 笛召唤螳螂，施加物理易伤,壱の呼び笛でマンティスを召喚し、物理被ダメージ上昇を付与
Beastmaster,,,,1. 库西,1. クーシー
Beastmaster,,,,10 个,10体
Beastmaster,,,,10. 胡蜂,10. ヴェスパ
Beastmaster,,,,10体,10体
Beastmaster,,,,10枠編成,10枠編成
Beastmaster,ScreenshotFix,,,10栏位编成,10枠編成
Beastmaster,,,,10栏位编队,10枠編成
Beastmaster,,,,11. 兀鹫,11. ヴァルチャー
Beastmaster,,,,12. 蔓德拉,12. マンドラゴラ
Beastmaster,,,,13. 死魂,13. ゲシュンペスト
Beastmaster,,,,14. 跳蜥,14. プーク
Beastmaster,,,,15. 壳蟹,15. クラブ
Beastmaster,,,,16. 螳螂,16. マンティス
Beastmaster,,,,17. 粘液怪,17. スライム
Beastmaster,,,,18. 无头骑士,18. デュラハン
Beastmaster,,,,19. 蝙蝠,19. バット
Beastmaster,,,,2 笛召唤巨型陆蟹，施加水属性易伤,弐の呼び笛でメガロクラブを召喚し、水属性耐性低下を付与
Beastmaster,,,,2 笛召唤胡蜂，使用,弐の呼び笛でヴェスパを召喚して使用
Beastmaster,,,,2 笛召唤蜂鸟，使用,弐の呼び笛でコリブリを召喚して使用
Beastmaster,Captured,,,2 笛宝宝血量小于等于该阈值时使用最后一击，范围 1%~100%。,弐の呼び笛の魔獣HPがこの値以下になったら「さいごのいちげき」を使用します。設定範囲：1～100%。
Beastmaster,,,,2. 松鼠,2. スクウィレル
Beastmaster,,,,20. 陷阱草,20. フライングトラップ
Beastmaster,,,,21. 席兹,21. ジズ
Beastmaster,,,,22. 仙人刺,22. サボテンダー
Beastmaster,,,,23. 巨像,23. ゴーレム
Beastmaster,,,,24. 碧企鹅,24. アプカル
Beastmaster,,,,25. 精金龟,25. アダマンタス
Beastmaster,,,,26. 大水牛,26. バッファロー
Beastmaster,,,,27. 乌菊石,27. ウラグナイト
Beastmaster,,,,28. 巨虫,28. ジャイアントウォーム
Beastmaster,,,,29. 魔石精,29. スプリガン
Beastmaster,,,,3 笛召唤壳蟹,参の呼び笛でクラブを召喚
Beastmaster,,,,3 笛召唤库西，使用,参の呼び笛でクーシーを召喚して使用
Beastmaster,,,,3 笛召唤碧企鹅,参の呼び笛でアプカルを召喚
Beastmaster,UntranslatedFix,,,3 笛召唤胡蜂，等到 BOSS HP低于 25% 时使用,参の呼び笛でヴェスパを召喚し、BOSSのHPが25%未満になったら使用
Beastmaster,,,,3 笛召唤胡蜂，等到 BOSS 血量低于 25% 时使用,参の呼び笛でヴェスパを召喚し、BOSSのHPが25%未満になったら使用
Beastmaster,UntranslatedFix,,,3 笛宝宝血量小于等于该阈值时使用最后一击，范围 1%~100%。,参の呼び笛の魔獣HPがこのしきい値以下になったら「さいごのいちげき」を使用します。範囲：1%～100%。
Beastmaster,,,,3. 迷途羊羔,3. シープ
Beastmaster,,,,30. 古菩猩猩,30. グゥーブー
Beastmaster,,,,31. 巨蟾蜍,31. ギガントード
Beastmaster,,,,32. 蜂鸟,32. コリブリ
Beastmaster,,,,33. 长须豹,33. クァール
Beastmaster,,,,34. 盗龙,34. ラプトル
Beastmaster,,,,35. 烈阳火蛟,35. ドレイク
Beastmaster,,,,36. 树精,36. トレント
Beastmaster,,,,37. 灵蚁,37. アントリング
Beastmaster,,,,38. 奇美拉,38. キマイラ
Beastmaster,,,,39. 魔界花,39. モルボル
Beastmaster,,,,4. 陆鱼,4. プギル
Beastmaster,,,,40. 妖魂,40. ゴースト
Beastmaster,,,,4033 闘獣練 第一盤を制覇せし者,4033 闘獣練 第一盤を制覇せし者
Beastmaster,,,,4034 闘獣練 第二盤を制覇せし者,4034 闘獣練 第二盤を制覇せし者
Beastmaster,,,,4035 闘獣練 第三盤を制覇せし者,4035 闘獣練 第三盤を制覇せし者
Beastmaster,,,,4036 闘獣練 特一盤を制覇せし者,4036 闘獣練 特一盤を制覇せし者
Beastmaster,,,,4037 闘獣練 特二盤を制覇せし者,4037 闘獣練 特二盤を制覇せし者
Beastmaster,,,,4038 闘獣練 第一盤を完全制覇せし者,4038 闘獣練 第一盤を完全制覇せし者
Beastmaster,,,,4039 闘獣練 第二盤を完全制覇せし者,4039 闘獣練 第二盤を完全制覇せし者
Beastmaster,,,,4040 闘獣練 第三盤を完全制覇せし者,4040 闘獣練 第三盤を完全制覇せし者
Beastmaster,,,,4041 闘獣練 特一盤を完全制覇せし者,4041 闘獣練 特一盤を完全制覇せし者
Beastmaster,,,,4042 闘獣練 特二盤を完全制覇せし者,4042 闘獣練 特二盤を完全制覇せし者
Beastmaster,,,,4043 魅了せし勝利：闘獣練 第一盤,4043 魅了せし勝利：闘獣練 第一盤
Beastmaster,,,,4044 華麗なる勝利：闘獣練 第一盤,4044 華麗なる勝利：闘獣練 第一盤
Beastmaster,,,,4045 魅了せし勝利：闘獣練 第二盤,4045 魅了せし勝利：闘獣練 第二盤
Beastmaster,,,,4046 華麗なる勝利：闘獣練 第二盤,4046 華麗なる勝利：闘獣練 第二盤
Beastmaster,,,,4047 魅了せし勝利：闘獣練 第三盤,4047 魅了せし勝利：闘獣練 第三盤
Beastmaster,,,,4048 華麗なる勝利：闘獣練 第三盤,4048 華麗なる勝利：闘獣練 第三盤
Beastmaster,,,,4049 魅了せし勝利：闘獣練 特一盤,4049 魅了せし勝利：闘獣練 特一盤
Beastmaster,,,,4050 華麗なる勝利：闘獣練 特一盤,4050 華麗なる勝利：闘獣練 特一盤
Beastmaster,,,,4051 魅了せし勝利：闘獣練 特二盤,4051 魅了せし勝利：闘獣練 特二盤
Beastmaster,,,,4052 華麗なる勝利：闘獣練 特二盤,4052 華麗なる勝利：闘獣練 特二盤
Beastmaster,,,,4053 闘獣練エキスパート,4053 闘獣練エキスパート
Beastmaster,,,,4054 闘獣練マスター,4054 闘獣練マスター
Beastmaster,,,,4055 闘獣練グランドマスター,4055 闘獣練グランドマスター
Beastmaster,,,,4061 百獣を統べる者,4061 百獣を統べる者
Beastmaster,,,,4062 百蟲を統べる者,4062 百蟲を統べる者
Beastmaster,,,,4063 有翼を統べる者,4063 有翼を統べる者
Beastmaster,,,,4064 草木を統べる者,4064 草木を統べる者
Beastmaster,,,,4065 水棲を統べる者,4065 水棲を統べる者
Beastmaster,,,,4066 甲鱗を統べる者,4066 甲鱗を統べる者
Beastmaster,,,,4067 呪具を統べる者,4067 呪具を統べる者
Beastmaster,,,,4068 死屍を統べる者,4068 死屍を統べる者
Beastmaster,,,,4075 闘獣練の王者,4075 闘獣練の王者
Beastmaster,,,,4076 闘獣練の勇者,4076 闘獣練の勇者
Beastmaster,,,,4077 闘獣練の入賞者,4077 闘獣練の入賞者
Beastmaster,,,,41. 蝾螈,41. サラマンダー
Beastmaster,,,,42. 眼镜蛇,42. コブラ
Beastmaster,,,,43. 海德拉,43. ハイドラ
Beastmaster,,,,44. 灯心蜻蛉,44. ダムゼルフライ
Beastmaster,,,,45. 腐坏古菩猩猩,45. ロッティンググゥーブー
Beastmaster,,,,46. 祖,46. ズー
Beastmaster,,,,47. 寒冰巨像,47. アイスゴーレム
Beastmaster,,,,48. 真红龙虾,48. カーラボス
Beastmaster,,,,49. 大王花,49. ラフレシア
Beastmaster,,,,5. 奥猴,5. オポオポ
Beastmaster,,,,50. 贝希摩斯,50. ベヒーモス
Beastmaster,,,,6. 渡渡鸟,6. ドードー
Beastmaster,,,,7. 矿爬虫,7. コブラン
Beastmaster,,,,8. 凶蛛蝎,8. ダイアマイト
Beastmaster,,,,9. 巨型陆蟹,9. メガロクラブ
Beastmaster,,,,ActionId 扫描: 空闲,ActionId スキャン：待機中
Beastmaster,Captured,,,ActionId：44890 · Lv：18 · 射程：0 · 範囲：0,ActionId：44890 · Lv：18 · 射程：0 · 範囲：0
Beastmaster,Captured,,,ActionId：44890 · 等级：18 · 射程：0 · 范围：0,ActionId：44890 · Lv：18 · 射程：0 · 範囲：0
Beastmaster,Captured,,,ActionId：44935 · 等级：0 · 射程：5 · 范围：6,ActionId：44935 · Lv：0 · 射程：5 · 範囲：6
Beastmaster,Captured,,,ActionId：44936 · 等级：0 · 射程：5 · 范围：0,ActionId：44936 · Lv：0 · 射程：5 · 範囲：0
Beastmaster,,,,ActionId：44937 · 等级：0 · 射程：2 · 范围：8,ActionId：44937 · Lv：0 · 射程：2 · 範囲：8
Beastmaster,,,,ActionId：44938 · 等级：0 · 射程：0 · 范围：20,ActionId：44938 · Lv：0 · 射程：0 · 範囲：20
Beastmaster,,,,ActionId：44939 · 等级：0 · 射程：4 · 范围：5,ActionId：44939 · Lv：0 · 射程：4 · 範囲：5
Beastmaster,,,,ActionId：44940 · 等级：0 · 射程：0 · 范围：8,ActionId：44940 · Lv：0 · 射程：0 · 範囲：8
Beastmaster,,,,ActionId：44941 · 等级：0 · 射程：5 · 范围：6,ActionId：44941 · Lv：0 · 射程：5 · 範囲：6
Beastmaster,,,,ActionId：44942 · 等级：0 · 射程：0 · 范围：20,ActionId：44942 · Lv：0 · 射程：0 · 範囲：20
Beastmaster,Captured,,,ActionId：44945 · 等级：0 · 射程：4 · 范围：5,ActionId：44945 · Lv：0 · 射程：4 · 範囲：5
Beastmaster,Captured,,,ActionId：44946 · 等级：0 · 射程：0 · 范围：20,ActionId：44946 · Lv：0 · 射程：0 · 範囲：20
Beastmaster,Captured,,,ActionId：44947 · 等级：0 · 射程：25 · 范围：0,ActionId：44947 · Lv：0 · 射程：25 · 範囲：0
Beastmaster,Captured,,,ActionId：44948 · 等级：0 · 射程：0 · 范围：20,ActionId：44948 · Lv：0 · 射程：0 · 範囲：20
Beastmaster,Captured,,,ActionId：44949 · 等级：0 · 射程：5 · 范围：0,ActionId：44949 · Lv：0 · 射程：5 · 範囲：0
Beastmaster,Captured,,,ActionId：44950 · 等级：0 · 射程：15 · 范围：16,ActionId：44950 · Lv：0 · 射程：15 · 範囲：16
Beastmaster,Captured,,,ActionId：44951 · 等级：0 · 射程：25 · 范围：8,ActionId：44951 · Lv：0 · 射程：25 · 範囲：8
Beastmaster,Captured,,,ActionId：44952 · 等级：0 · 射程：8 · 范围：9,ActionId：44952 · Lv：0 · 射程：8 · 範囲：9
Beastmaster,Captured,,,ActionId：44959 · 等级：0 · 射程：25 · 范围：8,ActionId：44959 · Lv：0 · 射程：25 · 範囲：8
Beastmaster,Captured,,,ActionId：44960 · 等级：0 · 射程：0 · 范围：20,ActionId：44960 · Lv：0 · 射程：0 · 範囲：20
Beastmaster,,,,ActionId：44961 · 等级：0 · 射程：25 · 范围：3,ActionId：44961 · Lv：0 · 射程：25 · 範囲：3
Beastmaster,,,,ActionId：44962 · 等级：0 · 射程：0 · 范围：8,ActionId：44962 · Lv：0 · 射程：0 · 範囲：8
Beastmaster,Captured,,,ActionId：44979 · 等级：0 · 射程：11 · 范围：12,ActionId：44979 · Lv：0 · 射程：11 · 範囲：12
Beastmaster,Captured,,,ActionId：44980 · 等级：0 · 射程：7 · 范围：8,ActionId：44980 · Lv：0 · 射程：7 · 範囲：8
Beastmaster,,,,ActionId：44985 · 等级：0 · 射程：11 · 范围：12,ActionId：44985 · Lv：0 · 射程：11 · 範囲：12
Beastmaster,,,,ActionId：44986 · 等级：0 · 射程：0 · 范围：15,ActionId：44986 · Lv：0 · 射程：0 · 範囲：15
Beastmaster,Captured,,,ActionId：44987 · 等级：0 · 射程：7 · 范围：8,ActionId：44987 · Lv：0 · 射程：7 · 範囲：8
Beastmaster,Captured,,,ActionId：44988 · 等级：0 · 射程：5 · 范围：6,ActionId：44988 · Lv：0 · 射程：5 · 範囲：6
Beastmaster,,,,ActionId：44997 · 等级：0 · 射程：5 · 范围：0,ActionId：44997 · Lv：0 · 射程：5 · 範囲：0
Beastmaster,,,,ActionId：44998 · 等级：0 · 射程：5 · 范围：0,ActionId：44998 · Lv：0 · 射程：5 · 範囲：0
Beastmaster,,,,ActionId：45001 · 等级：0 · 射程：7 · 范围：8,ActionId：45001 · Lv：0 · 射程：7 · 範囲：8
Beastmaster,,,,ActionId：45002 · 等级：0 · 射程：11 · 范围：12,ActionId：45002 · Lv：0 · 射程：11 · 範囲：12
Beastmaster,,,,ActionId：45017 · 等级：0 · 射程：5 · 范围：0,ActionId：45017 · Lv：0 · 射程：5 · 範囲：0
Beastmaster,,,,ActionId：45018 · 等级：0 · 射程：15 · 范围：0,ActionId：45018 · Lv：0 · 射程：15 · 範囲：0
Beastmaster,,,,ActionId：45019 · 等级：0 · 射程：5 · 范围：0,ActionId：45019 · Lv：0 · 射程：5 · 範囲：0
Beastmaster,,,,ActionId：45020 · 等级：0 · 射程：14 · 范围：15,ActionId：45020 · Lv：0 · 射程：14 · 範囲：15
Beastmaster,Captured,攻略,,AOE 杀 AOE 杀 麻将顺序为钢铁顺序，先打骑士。,範囲攻撃で雑魚を処理します。AoEの順番を確認し、騎士タイプを優先して倒します。
Beastmaster,Captured,闘獣攻略,,AOE多，注意自身血量。,範囲攻撃が多いので、自分のHPに注意します。
Beastmaster,,,,AutoDuty · 必要時使用 · 準備完了,AutoDuty · 必要時使用 · 準備完了
Beastmaster,,,,AutoDuty · 按需 · 已就绪,AutoDuty · 必要時使用 · 準備完了
Beastmaster,,,,Beastmaster Progress Hub,魔獣使い進行管理
Beastmaster,ScreenshotFix,,,Bilibili参考视频を開く,Bilibili参考動画を開く
Beastmaster,,,,BIS,BIS
Beastmaster,,,,BIS：Lv50時点の最終戦闘性能を優先します。,BIS：Lv50時点の最終戦闘性能を優先します。
Beastmaster,,,,BIS：优先考虑 50 级最终战斗属性。 ,BIS：Lv50時点の最終戦闘性能を優先します。
Beastmaster,Captured,攻略,,BOSS:奇子·主教,BOSS：ビショップ・ピース
Beastmaster,Captured,攻略,,BOSS:奇子·仙人刺,BOSS：サボテンダー・ピース
Beastmaster,Captured,攻略,,BOSS:奇子·勇士,BOSS：ウォリアー・ピース
Beastmaster,Captured,攻略,,BOSS:奇子·卡托布莱帕斯,BOSS：カトブレパス・ピース
Beastmaster,Captured,攻略,,BOSS:奇子·塔纳托斯,BOSS：タナトス・ピース
Beastmaster,Captured,攻略,,BOSS:奇子·塞壬,BOSS：セイレーン・ピース
Beastmaster,Captured,攻略,,BOSS:奇子·士兵,BOSS：ソルジャー・ピース
Beastmaster,Captured,攻略,,BOSS:奇子·守卫,BOSS：ガード・ピース
Beastmaster,Captured,攻略,,BOSS:奇子·尤弥尔,BOSS：ユミール・ピース
Beastmaster,Captured,攻略,,BOSS:奇子·巨像,BOSS：ゴーレム・ピース
Beastmaster,Captured,攻略,,BOSS:奇子·游侠骑士,BOSS：キャバリアー・ピース
Beastmaster,Captured,攻略,,BOSS:奇子·祖,BOSS：ズー・ピース
Beastmaster,Captured,攻略,,BOSS:奇子·鱼人,BOSS：サハギン・ピース
Beastmaster,Captured,攻略,,BOSS:贪食无厌 加特勒,BOSS：貪食のガトラー
Beastmaster,,,,BossModReborn,BossModReborn
Beastmaster,,,,BossModReborn · 按需 · 已就绪,BossModReborn · 必要時使用 · 準備完了
Beastmaster,Captured,闘獣攻略,,BOSS血量较低，盯着使劲打就行了。,BOSSのHPは低めなので、集中して攻撃すれば押し切れます。
Beastmaster,Captured,闘獣攻略,,BOSS读条「岩壁」时注意观察尖刺方向，不要被石头撞。第一个巨像死掉后第二个会复活；「岩雨」会出现四块石头，碎掉的石头下为月环。「自爆」不是即死，反而是BOSS自爆完就死了。,「岩壁」はトゲの向きを見て岩に当たらないようにします。1体目のゴーレムを倒すと2体目が復活。「岩雨」では4つの岩が出現し、壊れた岩の下がドーナツ安地になります。「自爆」は即死ではなく、BOSSが自爆後に倒れます。
Beastmaster,Captured,闘獣攻略,,BOSS读条「无终的枯朽」时安全区范围比较小，「寒冰覆盖」会在所在位置放置黄圈，建议在安全区内三角形放置。,「終わりなき枯朽」は安全地帯が狭め。「寒氷の覆い」は現在地に黄円を置くので、安全地帯内で三角形になるよう配置すると処理しやすいです。
Beastmaster,Captured,闘獣攻略,,BOSS读条「猛毒吐息」时向后跳至场边，喷出扇形毒雾，实际安全范围为目标圈大小的圆形，注意观察BOSS面向；「猛毒黏液」将毒圈沿场边放置；BOSS读条「蠕动的痰」时远离毒圈放置目标，并在目标进入毒圈前击杀。,「猛毒の吐息」は後方へ跳んで外周から扇状毒霧。実際の安全範囲はターゲットサークル程度なのでBOSSの向きを確認します。「猛毒粘液」は毒円を外周へ置きます。「蠢く痰」は毒円から離して誘導し、毒円へ入る前に倒します。
Beastmaster,Captured,闘獣攻略,,BOSS读条「致命射线」时，读条剩余2-3秒可提前站到石板上或不踩BOSS脚下这块；「以太波」直条比较宽，注意范围。尽量快点杀掉，后面机制多了踩石板时间比较紧。,BOSSの「致命光線」は詠唱残り2～3秒で石板へ移動します。「エーテル波」は直線範囲が広いので注意。後半ほど石板処理が忙しくなるため、できるだけ早く倒します。
Beastmaster,Captured,攻略,,BOSS：,BOSS：
Beastmaster,,,,BOSS：アイスドラゴン・ピース,BOSS：アイスドラゴン・ピース
Beastmaster,,,,BOSS：アカデミック・オウル・ピース,BOSS：アカデミック・オウル・ピース
Beastmaster,,,,BOSS：アトモス・ピース,BOSS：アトモス・ピース
Beastmaster,,,,BOSS：アーリマンキング・ピース,BOSS：アーリマンキング・ピース
Beastmaster,,,,BOSS：ウォリアー・ピース,BOSS：ウォリアー・ピース
Beastmaster,,,,BOSS：オーガ・ピース,BOSS：オーガ・ピース
Beastmaster,,,,BOSS：カトブレパス・ピース,BOSS：カトブレパス・ピース
Beastmaster,,,,BOSS：ガーゴイル・ピース,BOSS：ガーゴイル・ピース
Beastmaster,,,,BOSS：キマイラ・ピース,BOSS：キマイラ・ピース
Beastmaster,,,,BOSS：キャバリアー・ピース、ビショップ・ピース,BOSS：キャバリアー・ピース、ビショップ・ピース
Beastmaster,,,,BOSS：グレーター・デーモン・ピース,BOSS：グレーター・デーモン・ピース
Beastmaster,,,,BOSS：コープスフラワー・ピース,BOSS：コープスフラワー・ピース
Beastmaster,,,,BOSS：ゴーレム・ピース,BOSS：ゴーレム・ピース
Beastmaster,,,,BOSS：ジャイアント・ピース,BOSS：ジャイアント・ピース
Beastmaster,,,,BOSS：スフィンクス・ピース,BOSS：スフィンクス・ピース
Beastmaster,,,,BOSS：ズー・ピース,BOSS：ズー・ピース
Beastmaster,,,,BOSS：セイレーン・ピース,BOSS：セイレーン・ピース
Beastmaster,,,,BOSS：ソウルスティーラー・ピース,BOSS：ソウルスティーラー・ピース
Beastmaster,,,,BOSS：ディアマイト・ピース,BOSS：ディアマイト・ピース
Beastmaster,,,,BOSS：デーモン・ピース,BOSS：デーモン・ピース
Beastmaster,,,,BOSS：トレント・ピース,BOSS：トレント・ピース
Beastmaster,,,,BOSS：ドゥルガー・ピース,BOSS：ドゥルガー・ピース
Beastmaster,,,,BOSS：ナイトストーカー・ピース,BOSS：ナイトストーカー・ピース
Beastmaster,,,,BOSS：ビショップ・ピース、ナイト・ピース,BOSS：ビショップ・ピース、ナイト・ピース
Beastmaster,,,,BOSS：ファイアドレイク・ピース,BOSS：ファイアドレイク・ピース
Beastmaster,,,,BOSS：フラウロス・ピース,BOSS：フラウロス・ピース
Beastmaster,,,,BOSS：ベヒーモス・ピース,BOSS：ベヒーモス・ピース
Beastmaster,,,,BOSS：マインドフレア・ピース,BOSS：マインドフレア・ピース
Beastmaster,,,,BOSS：マザーボム・ピース,BOSS：マザーボム・ピース
Beastmaster,,,,BOSS：マネージャー・ピース,BOSS：マネージャー・ピース
Beastmaster,,,,BOSS：マンティコア・ピース,BOSS：マンティコア・ピース
Beastmaster,,,,BOSS：ミノタウロス・ピース、アーリマン・ピース,BOSS：ミノタウロス・ピース、アーリマン・ピース
Beastmaster,,,,BOSS：ミノタウロス兄・ピース、ミノタウロス弟・ピース,BOSS：ミノタウロス兄・ピース、ミノタウロス弟・ピース
Beastmaster,,,,BOSS：メデューサ・ピース,BOSS：メデューサ・ピース
Beastmaster,,,,BOSS：モルボル・ピース,BOSS：モルボル・ピース
Beastmaster,,,,BOSS：モーグリ剣士・ピース,BOSS：モーグリ剣士・ピース
Beastmaster,,,,BOSS：ユミール・ピース、サハギン・ピース,BOSS：ユミール・ピース、サハギン・ピース
Beastmaster,,,,BOSS：ラハム・ピース、ゴーレム・ピース,BOSS：ラハム・ピース、ゴーレム・ピース
Beastmaster,,,,BOSS：レイス・メイジ・ピース,BOSS：レイス・メイジ・ピース
Beastmaster,,,,BOSS：ワイバーン・ピース,BOSS：ワイバーン・ピース
Beastmaster,,,,BOSS：奇子·上级恶魔,BOSS：グレーター・デーモン・ピース
Beastmaster,Captured,攻略,,BOSS：奇子·主教,BOSS：ビショップ・ピース
Beastmaster,,,,BOSS：奇子·主教、奇子·骑士,BOSS：ビショップ・ピース、ナイト・ピース
Beastmaster,Captured,攻略,,BOSS：奇子·仙人刺,BOSS：サボテンダー・ピース
Beastmaster,,,,BOSS：奇子·佛劳洛斯,BOSS：フラウロス・ピース
Beastmaster,,,,BOSS：奇子·冥鬼之眼王,BOSS：アーリマンキング・ピース
Beastmaster,,,,BOSS：奇子·冰龙,BOSS：アイスドラゴン・ピース
Beastmaster,,,,BOSS：奇子·勇士,BOSS：ウォリアー・ピース
Beastmaster,,,,BOSS：奇子·博学林鸮,BOSS：アカデミック・オウル・ピース
Beastmaster,,,,BOSS：奇子·卡托布莱帕斯,BOSS：カトブレパス・ピース
Beastmaster,,,,BOSS：奇子·双足飞龙,BOSS：ワイバーン・ピース
Beastmaster,Captured,攻略,,BOSS：奇子·塔纳托斯,BOSS：タナトス・ピース
Beastmaster,,,,BOSS：奇子·塞壬,BOSS：セイレーン・ピース
Beastmaster,Captured,攻略,,BOSS：奇子·士兵,BOSS：ソルジャー・ピース
Beastmaster,,,,BOSS：奇子·夜魔人,BOSS：ナイトストーカー・ピース
Beastmaster,,,,BOSS：奇子·夺心魔,BOSS：マインドフレア・ピース
Beastmaster,,,,BOSS：奇子·夺灵魔,BOSS：ソウルスティーラー・ピース
Beastmaster,,,,BOSS：奇子·奇美拉,BOSS：キマイラ・ピース
Beastmaster,Captured,攻略,,BOSS：奇子·守卫,BOSS：ガード・ピース
Beastmaster,Captured,攻略,,BOSS：奇子·尤弥尔,BOSS：ユミール・ピース
Beastmaster,,,,BOSS：奇子·尤弥尔、奇子·鱼人,BOSS：ユミール・ピース、サハギン・ピース
Beastmaster,,,,BOSS：奇子·尸生花,BOSS：コープスフラワー・ピース
Beastmaster,,,,BOSS：奇子·巨人,BOSS：ジャイアント・ピース
Beastmaster,,,,BOSS：奇子·巨像,BOSS：ゴーレム・ピース
Beastmaster,,,,BOSS：奇子·恶魔,BOSS：デーモン・ピース
Beastmaster,,,,BOSS：奇子·拉哈穆、奇子·巨像,BOSS：ラハム・ピース、ゴーレム・ピース
Beastmaster,,,,BOSS：奇子·斯芬克斯,BOSS：スフィンクス・ピース
Beastmaster,,,,BOSS：奇子·曼提克,BOSS：マンティコア・ピース
Beastmaster,,,,BOSS：奇子·杜尔迦,BOSS：ドゥルガー・ピース
Beastmaster,,,,BOSS：奇子·树精,BOSS：トレント・ピース
Beastmaster,Captured,攻略,,BOSS：奇子·游侠骑士,BOSS：キャバリアー・ピース
Beastmaster,,,,BOSS：奇子·游侠骑士、奇子·主教,BOSS：キャバリアー・ピース、ビショップ・ピース
Beastmaster,,,,BOSS：奇子·火蛟,BOSS：ファイアドレイク・ピース
Beastmaster,,,,BOSS：奇子·爆弹之母,BOSS：マザーボム・ピース
Beastmaster,,,,BOSS：奇子·牛头魔、奇子·冥鬼之眼,BOSS：ミノタウロス・ピース、アーリマン・ピース
Beastmaster,,,,BOSS：奇子·牛魔老哥、奇子·牛魔老弟,BOSS：ミノタウロス兄・ピース、ミノタウロス弟・ピース
Beastmaster,,,,BOSS：奇子·石像鬼,BOSS：ガーゴイル・ピース
Beastmaster,,,,BOSS：奇子·祖,BOSS：ズー・ピース
Beastmaster,,,,BOSS：奇子·祸蛛蝎,BOSS：ディアマイト・ピース
Beastmaster,,,,BOSS：奇子·管理者,BOSS：マネージャー・ピース
Beastmaster,,,,BOSS：奇子·美杜莎,BOSS：メデューサ・ピース
Beastmaster,,,,BOSS：奇子·莫古小剑,BOSS：モーグリ剣士・ピース
Beastmaster,,,,BOSS：奇子·虚灵法师,BOSS：レイス・メイジ・ピース
Beastmaster,,,,BOSS：奇子·贝希摩斯,BOSS：ベヒーモス・ピース
Beastmaster,,,,BOSS：奇子·阿托莫斯,BOSS：アトモス・ピース
Beastmaster,,,,BOSS：奇子·食人魔,BOSS：オーガ・ピース
Beastmaster,,,,BOSS：奇子·魔界花,BOSS：モルボル・ピース
Beastmaster,Captured,攻略,,BOSS：奇子·鱼人,BOSS：サハギン・ピース
Beastmaster,,,,BOSS：寻兽探奇 路斯福洛克斯,BOSS：尋獣探奇 ルスフロクス
Beastmaster,,,,BOSS：尋獣探奇 ルスフロクス,BOSS：尋獣探奇 ルスフロクス
Beastmaster,,,,BOSS：怨毒竜 ボルグニ,BOSS：怨毒竜 ボルグニ
Beastmaster,,,,BOSS：怨毒龙 博尔格尼,BOSS：怨毒竜 ボルグニ
Beastmaster,,,,BOSS：貪食のガトラー、タナトス・ピース,BOSS：貪食のガトラー、タナトス・ピース
Beastmaster,Captured,攻略,,BOSS：贪食无厌 加特勒,BOSS：貪食のガトラー
Beastmaster,,,,BOSS：贪食无厌 加特勒、奇子·塔纳托斯,BOSS：貪食のガトラー、タナトス・ピース
Beastmaster,,,,BOSS：魅惑の女妖 パドソ,BOSS：魅惑の女妖 パドソ
Beastmaster,,,,BOSS：魅惑女妖 帕德索,BOSS：魅惑の女妖 パドソ
Beastmaster,,,,BOSS：魔斧の主 ラウダ,BOSS：魔斧の主 ラウダ
Beastmaster,,,,BOSS：魔斧之主 劳妲,BOSS：魔斧の主 ラウダ
Beastmaster,Captured,,,BUFF 条件,BUFF条件
Beastmaster,,,,BUFF 条件##condition-0,BUFF条件##condition-0
Beastmaster,,,,BUFFID,BUFF ID
Beastmaster,,,,BUFF条件##condition-0###BUFF 条件##condition-0,BUFF条件##condition-0###BUFF 条件##condition-0
Beastmaster,Captured,,,DataID BUFF,DataID BUFF
Beastmaster,Captured,,,DataID 读条,DataID 詠唱
Beastmaster,,,,DEBUG,DEBUG
Beastmaster,,,,DEBUG##section-debug,DEBUG##section-debug
Beastmaster,,,,ItemId未設定,ItemId未設定
Beastmaster,,,,Lifestream,Lifestream
Beastmaster,,,,Lifestream · 必需 · 已就绪,Lifestream · 必須 · 準備完了
Beastmaster,,,,Lifestream · 必須 · 準備完了,Lifestream · 必須 · 準備完了
Beastmaster,,,,Map.RowId: 4,Map.RowId: 4
Beastmaster,Captured,,,OFF,OFF
Beastmaster,,,,OFFにすると、非戦闘時は攻撃・捕獲・闘獣練用スキルを使用しません。,OFFにすると、非戦闘時は攻撃・捕獲・闘獣練用スキルを使用しません。
Beastmaster,,,,OMNI · 未認証,OMNI · 未認証
Beastmaster,,,,OMNI · 未认证,OMNI · 未認証
Beastmaster,,,,ONにするとオーバーレイで「通常捕獲」を切り替えられます。オーバーレイを右クリックすると設定を開けます。,ONにするとオーバーレイで「通常捕獲」を切り替えられます。オーバーレイを右クリックすると設定を開けます。
Beastmaster,,,,T-,T-
Beastmaster,,,,TerritoryType: 148,TerritoryType: 148
Beastmaster,,,,"TerritoryType：1339, 1340, 1341, 1342, 1343","TerritoryType：1339, 1340, 1341, 1342, 1343"
Beastmaster,,,,vnavmesh,vnavmesh
Beastmaster,,,,vnavmesh · 必需 · 已就绪,vnavmesh · 必須 · 準備完了
Beastmaster,,,,vnavmesh · 必須 · 準備完了,vnavmesh · 必須 · 準備完了
Beastmaster,,,,vnavmesh の飛行経路を使用します。,vnavmesh の飛行経路を使用します。
Beastmaster,,,,WIKI,WIKI
Beastmaster,,,,WIKI##quest-wiki,WIKI##quest-wiki
Beastmaster,,,,"X:13.5, Y:22.3","X:13.5, Y:22.3"
Beastmaster,,,,"X:15.2, Y:37.5","X:15.2, Y:37.5"
Beastmaster,,,,"X:15.3, Y:14.3","X:15.3, Y:14.3"
Beastmaster,,,,"X:15.3, Y:14.7","X:15.3, Y:14.7"
Beastmaster,,,,"X:16, Y:12.5","X:16, Y:12.5"
Beastmaster,,,,"X:16.5, Y:16.5","X:16.5, Y:16.5"
Beastmaster,,,,"X:16.8, Y:14.5","X:16.8, Y:14.5"
Beastmaster,,,,"X:17.4, Y:23.7","X:17.4, Y:23.7"
Beastmaster,,,,"X:18.5, Y:17.5","X:18.5, Y:17.5"
Beastmaster,,,,"X:18.5, Y:28.3","X:18.5, Y:28.3"
Beastmaster,,,,"X:19, Y:19","X:19, Y:19"
Beastmaster,,,,"X:20.3, Y:19.6","X:20.3, Y:19.6"
Beastmaster,,,,"X:20.3, Y:28.6","X:20.3, Y:28.6"
Beastmaster,,,,"X:20.5, Y:18.5","X:20.5, Y:18.5"
Beastmaster,,,,"X:21, Y:23","X:21, Y:23"
Beastmaster,,,,"X:21, Y:26","X:21, Y:26"
Beastmaster,,,,"X:21.4, Y:16.3","X:21.4, Y:16.3"
Beastmaster,,,,"X:22, Y:22","X:22, Y:22"
Beastmaster,,,,"X:22, Y:30","X:22, Y:30"
Beastmaster,,,,"X:23, Y:26","X:23, Y:26"
Beastmaster,,,,"X:23.1, Y:17","X:23.1, Y:17"
Beastmaster,,,,"X:23.8, Y:25.6","X:23.8, Y:25.6"
Beastmaster,,,,"X:24, Y:12.3","X:24, Y:12.3"
Beastmaster,,,,"X:24.1, Y:23.6","X:24.1, Y:23.6"
Beastmaster,,,,"X:24.6, Y:23","X:24.6, Y:23"
Beastmaster,,,,"X:25, Y:39","X:25, Y:39"
Beastmaster,,,,"X:25.2, Y:24.5","X:25.2, Y:24.5"
Beastmaster,,,,"X:26.3, Y:12.9","X:26.3, Y:12.9"
Beastmaster,,,,"X:26.5, Y:15.9","X:26.5, Y:15.9"
Beastmaster,,,,"X:26.5, Y:18.9","X:26.5, Y:18.9"
Beastmaster,,,,"X:27, Y:25","X:27, Y:25"
Beastmaster,,,,"X:28.5, Y:24.3","X:28.5, Y:24.3"
Beastmaster,,,,"X:28.7, Y:19.3","X:28.7, Y:19.3"
Beastmaster,,,,"X:28.8, Y:36.7","X:28.8, Y:36.7"
Beastmaster,,,,"X:30.6, Y:24","X:30.6, Y:24"
Beastmaster,,,,"X:30.9, Y:18.2","X:30.9, Y:18.2"
Beastmaster,,,,"X:31.2, Y:20.3","X:31.2, Y:20.3"
Beastmaster,,,,[完了],[完了]
Beastmaster,,,,[已完成],[完了]
Beastmaster,,,,[最后一击],[さいごのいちげき]
Beastmaster,,,,[未完了],[未完了]
Beastmaster,,,,[未完成],[未完了]
Beastmaster,SourceReviewed,,,[獣使いヘルパー] 自動戦闘が有効になっていません。先に /驯兽师 输出 を使用してください。,[Beastmaster] 自動戦闘が有効になっていません。先に /驯兽师 输出 を使用してください。
Beastmaster,,,,[释放],[はなつ]
Beastmaster,Captured,,,[驯兽师助手] 自动输出尚未开启，请先使用 /驯兽师 输出。,[Beastmaster] 自動戦闘が有効になっていません。先に /驯兽师 输出 を使用してください。
Beastmaster,Captured,,,[驯兽师助手] 自动输出已恢复。,[Beastmaster] 自動戦闘を再開しました。
Beastmaster,Captured,,,[驯兽师助手] 自动输出已暂停。,[Beastmaster] 自動戦闘を一時停止しました。
Beastmaster,,,,、そのまま通常攻撃を続けます。,、そのまま通常攻撃を続けます。
Beastmaster,,,,、コンボ完走を待たずにそのまま使用,、コンボ完走を待たずにそのまま使用
Beastmaster,,,,、一連のコンボ後に使用,、一連のコンボ後に使用
Beastmaster,,,,、続けて使用,、続けて使用
Beastmaster,Captured,闘獣攻略,,。。。,……
Beastmaster,,,,「シックスキック」（単体）を使ってから、続けて使用,「シックスキック」（単体）を使ってから、続けて使用
Beastmaster,,,,「六连踹」（单体），再使用,「シックスキック」（単体）を使ってから、続けて使用
Beastmaster,Captured,闘獣攻略,,「十吨重踏」跳过去的圈是即死，躲击退的时候不要踩进去。「声援」可被打断，不打断是死刑，大概率能秒杀满血宝宝。,「十トン踏み」で発生する円は即死級です。ノックバック回避時に踏まないよう注意。「声援」は中断可能で、止めないと魔獣が即死する可能性があります。
Beastmaster,Captured,闘獣攻略,,「混乱之歌」场边无范围提示扇形，记得挑衅，宝宝也不能吃这个。远离在地上爬的小怪。「亡者之歌」钢铁范围很大月环范围很小。「诱导之歌」有长距离强制移动+场边扇形。,「混乱の歌」は外周から来る予兆なしの扇範囲です。魔獣では受けられません。地面を這う雑魚から離れます。「亡者の歌」は円範囲が大きく、ドーナツ安地は狭め。「誘導の歌」は長距離強制移動＋外周扇範囲です。
Beastmaster,Captured,闘獣攻略,,「石化光照射」不要照到自己和小怪，小怪被照会附加增伤。二次召唤出的独眼巨人尽快击杀一个；可以利用BOSS射线石化巨人，石化后的巨人会被秒杀。,「石化光照射」を自分や雑魚に当てないようにします。雑魚に当たると与ダメージ上昇が付きます。2回目に召喚されるサイクロプスは1体を早めに倒し、BOSSの光線で石化させると即座に処理できます。
Beastmaster,Captured,闘獣攻略,,「突进连斩」为冲向玩家后先前半场刀接后半场刀；「圆环连斩」为脚下钢铁接向外扩展月环；「腐瘴气」时吃球降低BOSS身上的BUFF，但是一次吃不能超过五层。,「突進連斬」は突進後に前半面→後半面攻撃。「円環連斬」は足元円→外側ドーナツ。「腐瘴気」では球を取ってBOSSの強化を下げますが、一度に5スタックを超えないようにします。
Beastmaster,Captured,闘獣攻略,,「致命尾刺」给的中毒可以消掉，「毒蛛网」给的消不掉，注意血量；小蝎子出现后尽快消灭。,「致命の尾針」の毒は解除できますが、「毒の蜘蛛網」の毒は解除できません。HPに注意し、子サソリが出たら早めに倒します。
Beastmaster,Captured,闘獣攻略,,「血雨」抬手钢铁，不抬手月环；BOSS读条「召唤」后优先击杀梦魔法师，「欺瞒雾」使用吸引注意让宝宝接。,「血雨」は腕を上げたら円範囲、上げなければドーナツ範囲。BOSSが「召喚」を詠唱したらナイトメア・メイジを優先して倒し、「欺瞞の霧」は魔獣に受けさせます。
Beastmaster,,,,「闘獣盤」に関連する攻略手帳項目が見つかりません。,「闘獣盤」に関連する攻略手帳項目が見つかりません。
Beastmaster,Captured,闘獣攻略,,「雷气吸收」时不仅要看没有连线的手，还要观察BOSS是否旋转，安全区会和BOSS一起转动；「气化炸弹」击退距离很远，前往四角放置。,「雷気吸収」は線のない手だけでなくBOSSの回転も確認します。安全地帯もBOSSと一緒に回転します。「気化爆弾」はノックバック距離が長いので四隅へ置きます。
Beastmaster,,,,おうえん##AutoCheerEnabled###声援##AutoCheerEnabled,おうえん##AutoCheerEnabled###声援##AutoCheerEnabled
Beastmaster,,,,おすすめ編成,おすすめ編成
Beastmaster,ScreenshotFix,,,おすすめ編成 固定攻略情報です。自動戦闘とは連動しません。,おすすめ編成　固定攻略情報です。自動戦闘とは連動しません。
Beastmaster,,,,おすすめ編成：マンティス + コリブリ + ヴェスパ,おすすめ編成：マンティス + コリブリ + ヴェスパ
Beastmaster,,,,おすすめ編成：マンティス + ヴェスパ + クーシー,おすすめ編成：マンティス + ヴェスパ + クーシー
Beastmaster,,,,おすすめ装備,おすすめ装備
Beastmaster,,,,かりる##AutoBorrowEnabled###借用##AutoBorrowEnabled,かりる##AutoBorrowEnabled###借用##AutoBorrowEnabled
Beastmaster,,,,きあい##AutoDrumEnabled###鼓劲##AutoDrumEnabled,きあい##AutoDrumEnabled###鼓劲##AutoDrumEnabled
Beastmaster,,,,さいごのいちげき・「はなつ」待ち###最后一击 · 等待释放,さいごのいちげき・「はなつ」待ち###最后一击 · 等待释放
Beastmaster,,,,さいごのいちげき・参の呼び笛##AutoFinalStrikeWhistleThreeEnabled###最后一击 · 3 笛##AutoFinalStrikeWhistleThreeEnabled,さいごのいちげき・参の呼び笛##AutoFinalStrikeWhistleThreeEnabled###最后一击 · 3 笛##AutoFinalStrikeWhistleThreeEnabled
Beastmaster,,,,さいごのいちげき・壱の呼び笛##AutoFinalStrikeWhistleOneEnabled###最后一击 · 1 笛##AutoFinalStrikeWhistleOneEnabled,さいごのいちげき・壱の呼び笛##AutoFinalStrikeWhistleOneEnabled###最后一击 · 1 笛##AutoFinalStrikeWhistleOneEnabled
Beastmaster,,,,さいごのいちげき・弐の呼び笛##AutoFinalStrikeWhistleTwoEnabled###最后一击 · 2 笛##AutoFinalStrikeWhistleTwoEnabled,さいごのいちげき・弐の呼び笛##AutoFinalStrikeWhistleTwoEnabled###最后一击 · 2 笛##AutoFinalStrikeWhistleTwoEnabled
Beastmaster,,,,"しゃくり上げ /
雄叫び","しゃくり上げ /
雄叫び"
Beastmaster,,,,すべて満たす（AND）,すべて満たす（AND）
Beastmaster,,,,"つぶて打ち /
痺れ爪","つぶて打ち /
痺れ爪"
Beastmaster,,,,とどめの一撃,とどめの一撃
Beastmaster,,,,"どんぐり爆弾 /
アーボリアルストーム","どんぐり爆弾 /
アーボリアルストーム"
Beastmaster,,,,はなつ・BOSSのみ###释放 · 只打BOSS,はなつ・BOSSのみ###释放 · 只打BOSS
Beastmaster,,,,はなつ・参の呼び笛##AutoReleaseWhistleThreeEnabled###释放 · 3 笛##AutoReleaseWhistleThreeEnabled,はなつ・参の呼び笛##AutoReleaseWhistleThreeEnabled###释放 · 3 笛##AutoReleaseWhistleThreeEnabled
Beastmaster,,,,はなつ・壱の呼び笛##AutoReleaseWhistleOneEnabled###释放 · 1 笛##AutoReleaseWhistleOneEnabled,はなつ・壱の呼び笛##AutoReleaseWhistleOneEnabled###释放 · 1 笛##AutoReleaseWhistleOneEnabled
Beastmaster,,,,はなつ・弐の呼び笛##AutoReleaseWhistleTwoEnabled###释放 · 2 笛##AutoReleaseWhistleTwoEnabled,はなつ・弐の呼び笛##AutoReleaseWhistleTwoEnabled###释放 · 2 笛##AutoReleaseWhistleTwoEnabled
Beastmaster,,,,"ひっかき /
連続ひっかき","ひっかき /
連続ひっかき"
Beastmaster,,,,まずメインクエストを進めて補正装備を入手すると、レベル上げがかなり楽になります！,まずメインクエストを進めて補正装備を入手すると、レベル上げがかなり楽になります！
Beastmaster,,,,アクションは常に現在手動で選択しているターゲットへ使用します。DataID対象は発動条件の判定にのみ使います。実行に失敗した場合は通常ACRへ戻ります。,アクションは常に現在手動で選択しているターゲットへ使用します。DataID対象は発動条件の判定にのみ使います。実行に失敗した場合は通常ACRへ戻ります。
Beastmaster,ScreenshotFix,,,アクセサリ,アクセサリ
Beastmaster,ScreenshotFix,,,アーマリーチェスト あり (1),アーマリーチェスト：あり (1)
Beastmaster,ScreenshotFix,,,アーマリーチェスト なし,アーマリーチェスト：なし
Beastmaster,,,,アーマリーチェストに所持 (2),アーマリーチェストに所持 (2)
Beastmaster,,,,"ウィングカッター /
戦慄の叫声","ウィングカッター /
戦慄の叫声"
Beastmaster,,,,エリア制限###区域限制,エリア制限###区域限制
Beastmaster,,,,エリア間テレポ,エリア間テレポ
Beastmaster,ScreenshotFix,,,エリア順,エリア順
Beastmaster,,,,エリア順###按地图排序,エリア順###按地图排序
Beastmaster,ScreenshotFix,,,オーバーレイ3列表示,オーバーレイ3列表示
Beastmaster,,,,オーバーレイ3列表示##OverlayThreeColumnMode###悬浮窗三列模式##OverlayThreeColumnMode,オーバーレイ3列表示##OverlayThreeColumnMode###悬浮窗三列模式##OverlayThreeColumnMode
Beastmaster,,,,オーバーレイに理由、捕獲状態、現在の魔獣、ジョブゲージ、上位スキル候補などの詳細を表示します。初期設定はOFFです。,オーバーレイに理由、捕獲状態、現在の魔獣、ジョブゲージ、上位スキル候補などの詳細を表示します。初期設定はOFFです。
Beastmaster,,,,オーバーレイの上位スキルボタンを3列で表示します。初期設定はOFFです。,オーバーレイの上位スキルボタンを3列で表示します。初期設定はOFFです。
Beastmaster,,,,カウントダウンと戦闘手順を編集します。「自動戦闘」で有効にしない限り自動実行されません。,カウントダウンと戦闘手順を編集します。「自動戦闘」で有効にしない限り自動実行されません。
Beastmaster,ScreenshotFix,,,カウントダウン手順,カウントダウン手順
Beastmaster,ScreenshotFix,,,カウントダウン手順を追加,カウントダウン手順を追加
Beastmaster,,,,"カースドスフィア /
毒液","カースドスフィア /
毒液"
Beastmaster,,,,ガーロンド・レンジャーブレスレットRE,ガーロンド・アタッカーブレスレットRE
Beastmaster,,,,キャラクターごとに保存し、このタブを開くと達成状況を自動同期します。,キャラクターごとに保存し、このタブを開くと達成状況を自動同期します。
Beastmaster,,,,ギミック：1回目の「燃焼猛撃」はBOSS現在地からの扇範囲。2回目は反対側の火輪へ移動して扇範囲を出すので、早めに退避します。「火霊の守護」の詠唱中は外周へ移動し、スキルや道具を温存して妖火を処理します。,ギミック：1回目の「燃焼猛撃」はBOSS現在地からの扇範囲。2回目は反対側の火輪へ移動して扇範囲を出すので、早めに退避します。「火霊の守護」の詠唱中は外周へ移動し、スキルや道具を温存して妖火を処理します。
Beastmaster,,,,ギミック：3つの頭を確認。氷結は円範囲、雷電はドーナツ範囲。赤い頭が光れば前方扇範囲、左右の頭が光ればその側の大扇範囲です。「強襲ブレス」は線付き突進＋扇範囲なので光る頭を確認します。,ギミック：3つの頭を確認。氷結は円範囲、雷電はドーナツ範囲。赤い頭が光れば前方扇範囲、左右の頭が光ればその側の大扇範囲です。「強襲ブレス」は線付き突進＋扇範囲なので光る頭を確認します。
Beastmaster,,,,ギミック：BOSSのHPは低めなので、集中して攻撃すれば押し切れます。,ギミック：BOSSのHPは低めなので、集中して攻撃すれば押し切れます。
Beastmaster,,,,ギミック：BOSSの「致命光線」は詠唱残り2～3秒で石板へ移動します。「エーテル波」は直線範囲が広いので注意。後半ほど石板処理が忙しくなるため、できるだけ早く倒します。,ギミック：BOSSの「致命光線」は詠唱残り2～3秒で石板へ移動します。「エーテル波」は直線範囲が広いので注意。後半ほど石板処理が忙しくなるため、できるだけ早く倒します。
Beastmaster,,,,ギミック：「十トン踏み」で発生する円は即死級です。ノックバック回避時に踏まないよう注意。「声援」は中断可能で、止めないと魔獣が即死する可能性があります。,ギミック：「十トン踏み」で発生する円は即死級です。ノックバック回避時に踏まないよう注意。「声援」は中断可能で、止めないと魔獣が即死する可能性があります。
Beastmaster,,,,ギミック：「岩壁」はトゲの向きを見て岩に当たらないようにします。1体目のゴーレムを倒すと2体目が復活。「岩雨」では4つの岩が出現し、壊れた岩の下がドーナツ安地になります。「自爆」は即死ではなく、BOSSが自爆後に倒れます。,ギミック：「岩壁」はトゲの向きを見て岩に当たらないようにします。1体目のゴーレムを倒すと2体目が復活。「岩雨」では4つの岩が出現し、壊れた岩の下がドーナツ安地になります。「自爆」は即死ではなく、BOSSが自爆後に倒れます。
Beastmaster,,,,ギミック：「深淵貫通」で発生する円形AoEの範囲をよく見て、巻き込まれないよう注意します。,ギミック：「深淵貫通」で発生する円形AoEの範囲をよく見て、巻き込まれないよう注意します。
Beastmaster,,,,ギミック：「混乱の歌」は外周から来る予兆なしの扇範囲です。魔獣では受けられません。地面を這う雑魚から離れます。「亡者の歌」は円範囲が大きく、ドーナツ安地は狭め。「誘導の歌」は長距離強制移動＋外周扇範囲です。,ギミック：「混乱の歌」は外周から来る予兆なしの扇範囲です。魔獣では受けられません。地面を這う雑魚から離れます。「亡者の歌」は円範囲が大きく、ドーナツ安地は狭め。「誘導の歌」は長距離強制移動＋外周扇範囲です。
Beastmaster,,,,ギミック：「漸進する混乱」は16スタックを超えないよう注意し、AoEはできるだけ四隅へ置きます。,ギミック：「漸進する混乱」は16スタックを超えないよう注意し、AoEはできるだけ四隅へ置きます。
Beastmaster,,,,ギミック：「猛毒の吐息」は後方へ跳んで外周から扇状毒霧。実際の安全範囲はターゲットサークル程度なのでBOSSの向きを確認します。「猛毒粘液」は毒円を外周へ置きます。「蠢く痰」は毒円から離して誘導し、毒円へ入る前に倒します。,ギミック：「猛毒の吐息」は後方へ跳んで外周から扇状毒霧。実際の安全範囲はターゲットサークル程度なのでBOSSの向きを確認します。「猛毒粘液」は毒円を外周へ置きます。「蠢く痰」は毒円から離して誘導し、毒円へ入る前に倒します。
Beastmaster,,,,ギミック：「石化光照射」を自分や雑魚に当てないようにします。雑魚に当たると与ダメージ上昇が付きます。2回目に召喚されるサイクロプスは1体を早めに倒し、BOSSの光線で石化させると即座に処理できます。,ギミック：「石化光照射」を自分や雑魚に当てないようにします。雑魚に当たると与ダメージ上昇が付きます。2回目に召喚されるサイクロプスは1体を早めに倒し、BOSSの光線で石化させると即座に処理できます。
Beastmaster,,,,ギミック：「突進連斬」は突進後に前半面→後半面攻撃。「円環連斬」は足元円→外側ドーナツ。「腐瘴気」では球を取ってBOSSの強化を下げますが、一度に5スタックを超えないようにします。,ギミック：「突進連斬」は突進後に前半面→後半面攻撃。「円環連斬」は足元円→外側ドーナツ。「腐瘴気」では球を取ってBOSSの強化を下げますが、一度に5スタックを超えないようにします。
Beastmaster,,,,ギミック：「終わりなき枯朽」は安全地帯が狭め。「寒氷の覆い」は現在地に黄円を置くので、安全地帯内で三角形になるよう配置すると処理しやすいです。,ギミック：「終わりなき枯朽」は安全地帯が狭め。「寒氷の覆い」は現在地に黄円を置くので、安全地帯内で三角形になるよう配置すると処理しやすいです。
Beastmaster,,,,ギミック：「致命の尾針」の毒は解除できますが、「毒の蜘蛛網」の毒は解除できません。HPに注意し、子サソリが出たら早めに倒します。,ギミック：「致命の尾針」の毒は解除できますが、「毒の蜘蛛網」の毒は解除できません。HPに注意し、子サソリが出たら早めに倒します。
Beastmaster,,,,ギミック：「血雨」は腕を上げたら円範囲、上げなければドーナツ範囲。BOSSが「召喚」を詠唱したらナイトメア・メイジを優先して倒し、「欺瞞の霧」は魔獣に受けさせます。,ギミック：「血雨」は腕を上げたら円範囲、上げなければドーナツ範囲。BOSSが「召喚」を詠唱したらナイトメア・メイジを優先して倒し、「欺瞞の霧」は魔獣に受けさせます。
Beastmaster,,,,ギミック：「雷気吸収」は線のない手だけでなくBOSSの回転も確認します。安全地帯もBOSSと一緒に回転します。「気化爆弾」はノックバック距離が長いので四隅へ置きます。,ギミック：「雷気吸収」は線のない手だけでなくBOSSの回転も確認します。安全地帯もBOSSと一緒に回転します。「気化爆弾」はノックバック距離が長いので四隅へ置きます。
Beastmaster,,,,ギミック：ここまで来たら攻略を確認しつつ慎重に進めます。,ギミック：ここまで来たら攻略を確認しつつ慎重に進めます。
Beastmaster,,,,ギミック：このルートはほとんど選ばれないようです。,ギミック：このルートはほとんど選ばれないようです。
Beastmaster,,,,ギミック：キノコは水の中で倒します。,ギミック：キノコは水の中で倒します。
Beastmaster,,,,ギミック：ギミック処理中に卵を壊さないよう注意。通常孵化したヒナは倒します。「前方／後方乱流」は攻撃方向を見て回避します。,ギミック：ギミック処理中に卵を壊さないよう注意。通常孵化したヒナは倒します。「前方／後方乱流」は攻撃方向を見て回避します。
Beastmaster,,,,ギミック：ナイトが雑魚を召喚し続けます。「幻影生成」の詠唱時に、線でつながる球が4個を超えないよう雑魚を処理します。幻影が場内なら巨大円範囲、外周なら直線攻撃です。,ギミック：ナイトが雑魚を召喚し続けます。「幻影生成」の詠唱時に、線でつながる球が4個を超えないよう雑魚を処理します。幻影が場内なら巨大円範囲、外周なら直線攻撃です。
Beastmaster,,,,ギミック：モーグリ盗賊は闘獣貨を盗みますが、攻撃すると返します。全体的には比較的穏やかなギミックです。,ギミック：モーグリ盗賊は闘獣貨を盗みますが、攻撃すると返します。全体的には比較的穏やかなギミックです。
Beastmaster,,,,ギミック：ランダム雑魚は比較的簡単なので、BOSSを優先して攻撃します。,ギミック：ランダム雑魚は比較的簡単なので、BOSSを優先して攻撃します。
Beastmaster,,,,ギミック：一言では説明しきれない最終戦です。魔獣の位置を確認し、オートアタックを余計に受けないよう注意してください。,ギミック：一言では説明しきれない最終戦です。魔獣の位置を確認し、オートアタックを余計に受けないよう注意してください。
Beastmaster,,,,ギミック：先にビショップを倒します。ナイトが盾を構えたら、魔獣にヘイトを取らせて背後から攻撃します。,ギミック：先にビショップを倒します。ナイトが盾を構えたら、魔獣にヘイトを取らせて背後から攻撃します。
Beastmaster,,,,ギミック：判断力を使うギミック戦です。魔物選択ではプギルが固定正解のようです。,ギミック：判断力を使うギミック戦です。魔物選択ではプギルが固定正解のようです。
Beastmaster,,,,ギミック：召喚された魔球は、輪があればドーナツ範囲、輪がなければ円範囲です。目の付いた球が爆発する時は背を向けます。,ギミック：召喚された魔球は、輪があればドーナツ範囲、輪がなければ円範囲です。目の付いた球が爆発する時は背を向けます。
Beastmaster,,,,ギミック：外周の砂穴を踏まないようにします。！マークの砂穴から扇範囲が出ます。中央の4つの爆弾はサンドモールのいる砂穴へ入れるとダメージを与えられます。ゴブリンは急がなくてもよいですが、地震はかなり痛いです。,ギミック：外周の砂穴を踏まないようにします。！マークの砂穴から扇範囲が出ます。中央の4つの爆弾はサンドモールのいる砂穴へ入れるとダメージを与えられます。ゴブリンは急がなくてもよいですが、地震はかなり痛いです。
Beastmaster,,,,ギミック：左右の斬撃を見分ける練習戦です。,ギミック：左右の斬撃を見分ける練習戦です。
Beastmaster,,,,ギミック：巨人のハンマーで大型スライムを壊します。同属性のスライムを2回連続で叩くとAoEが発生。「巨躯狂怒」は両手が前なら円範囲、後ろなら後半面、片手にハンマーなら前半面攻撃です。,ギミック：巨人のハンマーで大型スライムを壊します。同属性のスライムを2回連続で叩くとAoEが発生。「巨躯狂怒」は両手が前なら円範囲、後ろなら後半面、片手にハンマーなら前半面攻撃です。
Beastmaster,,,,ギミック：火力が足りるならサハギンの「麻痺の棘」詠唱前に倒します。詠唱後は反射状態になります。火力不足なら先に殻を壊し、魔獣を止めながらユミールを攻撃します。「恐慌の洗礼」は恐慌を付与。大海嘯のノックバック距離が長いので早めに移動します。,ギミック：火力が足りるならサハギンの「麻痺の棘」詠唱前に倒します。詠唱後は反射状態になります。火力不足なら先に殻を壊し、魔獣を止めながらユミールを攻撃します。「恐慌の洗礼」は恐慌を付与。大海嘯のノックバック距離が長いので早めに移動します。
Beastmaster,,,,ギミック：爆震は風の円、魔法ハンマーはスライム、狂水は河童へ誘導します。最初のギミックは白円固定なので先に位置取りできます。,ギミック：爆震は風の円、魔法ハンマーはスライム、狂水は河童へ誘導します。最初のギミックは白円固定なので先に位置取りできます。
Beastmaster,,,,ギミック：範囲攻撃が多いので、自分のHPに注意します。,ギミック：範囲攻撃が多いので、自分のHPに注意します。
Beastmaster,,,,ギミック：範囲攻撃で雑魚を処理します。AoEの順番を確認し、騎士タイプを優先して倒します。,ギミック：範囲攻撃で雑魚を処理します。AoEの順番を確認し、騎士タイプを優先して倒します。
Beastmaster,,,,ギミック：線でつながっている敵から優先して倒します。,ギミック：線でつながっている敵から優先して倒します。
Beastmaster,,,,ギミック：茨の円は踏むたびにダメージを受け、DoTではありません。「鮮花の罠」詠唱中は茨範囲が拡大し、「吐き出し」はノックバックです。安全地帯を確認します。,ギミック：茨の円は踏むたびにダメージを受け、DoTではありません。「鮮花の罠」詠唱中は茨範囲が拡大し、「吐き出し」はノックバックです。安全地帯を確認します。
Beastmaster,,,,ギミック：針が一周して砂時計位置へ到達する前に砂時計を壊します。「5獣級即死」詠唱時、場の魔獣Lvが5の倍数なら手動で退場させます。2回目の「死亡ルーレット」で雑魚が残っている場合、目玉が死の宣告を使うので背を向けて処理します。,ギミック：針が一周して砂時計位置へ到達する前に砂時計を壊します。「5獣級即死」詠唱時、場の魔獣Lvが5の倍数なら手動で退場させます。2回目の「死亡ルーレット」で雑魚が残っている場合、目玉が死の宣告を使うので背を向けて処理します。
Beastmaster,,,,ギミック：開幕に左へ跳んで扇範囲。場内の火球が黄円を出します。全処理後は火の竜巻側へ移動してドーナツ範囲を回避。蝶が出たら優先して倒し、ヒキガエルに食べさせないようにします。,ギミック：開幕に左へ跳んで扇範囲。場内の火球が黄円を出します。全処理後は火の竜巻側へ移動してドーナツ範囲を回避。蝶が出たら優先して倒し、ヒキガエルに食べさせないようにします。
Beastmaster,,,,ギミック：開幕は突進→円範囲、続いて突進→扇範囲。BOSSは「暗黒の帳」詠唱後に姿を消します。ボムの黄円に注意し、ディープアイを優先撃破。光エレメンタルの「バニシュ」は中央へ誘導してBOSSの隠密を解除します。,ギミック：開幕は突進→円範囲、続いて突進→扇範囲。BOSSは「暗黒の帳」詠唱後に姿を消します。ボムの黄円に注意し、ディープアイを優先撃破。光エレメンタルの「バニシュ」は中央へ誘導してBOSSの隠密を解除します。
Beastmaster,,,,ギミック：雑魚が出たらすぐ倒します。,ギミック：雑魚が出たらすぐ倒します。
Beastmaster,,,,ギミック：雑魚が出たら素早く倒します。,ギミック：雑魚が出たら素早く倒します。
Beastmaster,,,,ギミック：雑魚が足元へ黄円を連発します。雑魚を処理したらBOSSを集中攻撃。雑魚を残しても致命的ではありません。,ギミック：雑魚が足元へ黄円を連発します。雑魚を処理したらBOSSを集中攻撃。雑魚を残しても致命的ではありません。
Beastmaster,,,,ギミック：雑魚は早めに処理します。「砂塵暴」は魔獣に受けさせることもできます。「大地の揺動」は扇範囲なので、魔獣と距離を取って処理します。,ギミック：雑魚は早めに処理します。「砂塵暴」は魔獣に受けさせることもできます。「大地の揺動」は扇範囲なので、魔獣と距離を取って処理します。
Beastmaster,,,,ギミック：雷エレメンタルを1～2体倒すと移動しやすくなります。,ギミック：雷エレメンタルを1～2体倒すと移動しやすくなります。
Beastmaster,,,,ギミック：風エレメンタルの直線攻撃は遅めです。中央が塞がれた場合は外周からBOSS側へ回れます。,ギミック：風エレメンタルの直線攻撃は遅めです。中央が塞がれた場合は外周からBOSS側へ回れます。
Beastmaster,,,,クエスト页只表示未完了的魔獣使いクエスト。,クエスト页只表示未完了的魔獣使いクエスト。
Beastmaster,,,,クリスタルタワー：古代の民の迷宮,クリスタルタワー：古代の民の迷宮
Beastmaster,,,,クリックすると既定のブラウザで開きます。,クリックすると既定のブラウザで開きます。
Beastmaster,,,,クリックでWikiの装備詳細を開きます。,クリックでWikiの装備詳細を開きます。
Beastmaster,,,,ゲーム内のクエスト状態から進行状況を表示し、未完了クエストの受注場所へ移動できます。,ゲーム内のクエスト進行状況を表示し、未完了クエストの受注場所へ移動できます。
Beastmaster,ScreenshotFix,,,コマンド,コマンド
Beastmaster,,,,コルナゴ派の獣使い術  [完了],コルナゴ派の獣使い術  [完了]
Beastmaster,,,,コンテンツ捕獲（AutoDuty）###副本捕获（AutoDuty）,コンテンツ捕獲（AutoDuty）###副本捕获（AutoDuty）
Beastmaster,,,,サラマンダーで魔法被ダメージ上昇、メガロクラブで水属性耐性低下を入れ、参の呼び笛のクラブを主力にする構成です。,サラマンダーで魔法被ダメージ上昇、メガロクラブで水属性耐性低下を入れ、参の呼び笛のクラブを主力にする構成です。
Beastmaster,,,,"サワーサフ /
酸花蜜","サワーサフ /
酸花蜜"
Beastmaster,,,,"サンドブレス /
大流砂","サンドブレス /
大流砂"
Beastmaster,ScreenshotFix,,,シーケンス削除,シーケンス削除
Beastmaster,ScreenshotFix,,,シーケンス複製,シーケンス複製
Beastmaster,,,,シーケンス診断###序列诊断,シーケンス診断###序列诊断
Beastmaster,ScreenshotFix,,,ジョブ,ジョブ
Beastmaster,ScreenshotFix,,,ジョブクリスタル,ジョブクリスタル
Beastmaster,ScreenshotFix,,,スキル,スキル
Beastmaster,,,,スキル###技能,スキル###技能
Beastmaster,,,,スキルシーケンスを有効化###启用技能序列,スキルシーケンスを有効化###启用技能序列
Beastmaster,,,,スキル選択###选择技能,スキル選択###选择技能
Beastmaster,,,,"スタンディングチャイン /
怪音波","スタンディングチャイン /
怪音波"
Beastmaster,,,,チャットへナビ開始・失敗情報を表示します。,チャットへナビ開始・失敗情報を表示します。
Beastmaster,,,,"ドリッピングファング /
石化にらみ","ドリッピングファング /
石化にらみ"
Beastmaster,,,,ナビゲーションログを表示##ShowNavigationLogs###显示导航日志##ShowNavigationLogs,ナビゲーションログを表示##ShowNavigationLogs###显示导航日志##ShowNavigationLogs
Beastmaster,,,,ナビゲーション設定,ナビゲーション設定
Beastmaster,,,,ハイドラ討伐戦,ハイドラ討伐戦
Beastmaster,,,,"バブルシャワー /
百烈拳","バブルシャワー /
百烈拳"
Beastmaster,,,,"バーニングサイクロン /
炎の鱗","バーニングサイクロン /
炎の鱗"
Beastmaster,,,,"ビーストサンダラ /
甲羅強化","ビーストサンダラ /
甲羅強化"
Beastmaster,,,,"ビーストサンダー /
硬質化","ビーストサンダー /
硬質化"
Beastmaster,ScreenshotFix,,,フィードバック,フィードバック
Beastmaster,,,,フィールド回避###野外躲避,フィールド回避###野外躲避
Beastmaster,,,,"フレイムブレス /
氷結の咆哮","フレイムブレス /
氷結の咆哮"
Beastmaster,,,,"ブラキッシュレイン /
不思議な光","ブラキッシュレイン /
不思議な光"
Beastmaster,,,,プリセット枠###预设栏位,プリセット枠###预设栏位
Beastmaster,,,,プリセット枠は10/12/14/15から選択できます。適用時は現在の編成枠数に合わせて切り詰め、余りは空欄のままにします。,プリセット枠は10/12/14/15から選択できます。適用時は現在の編成枠数に合わせて切り詰め、余りは空欄のままにします。
Beastmaster,,,,"ヘッドバッド /
絶叫","ヘッドバッド /
絶叫"
Beastmaster,,,,マップFlagを設定##SetFlagOnNavigation###设置地图标记##SetFlagOnNavigation,マップFlagを設定##SetFlagOnNavigation###设置地图标记##SetFlagOnNavigation
Beastmaster,,,,リリース###释放,リリース###释放
Beastmaster,,,,ルール1を編集,ルール1を編集
Beastmaster,,,,ルールは戦闘中のみ動作します。優先度はスキルシーケンスより低く、通常ACRより高く、上から順に最初に成立したルールを実行します。,ルールは戦闘中のみ動作します。優先度はスキルシーケンスより低く、通常ACRより高く、上から順に最初に成立したルールを実行します。
Beastmaster,ScreenshotFix,,,ルールモード,ルールモード
Beastmaster,,,,ルールモードは無効です,ルールモードは無効です
Beastmaster,,,,ルールモードを有効化###启用规则模式,ルールモードを有効化###启用规则模式
Beastmaster,,,,ルール診断###规则诊断,ルール診断###规则诊断
Beastmaster,,,,ルール診断レベル###规则诊断级别,ルール診断レベル###规则诊断级别
Beastmaster,,,,"ロンプ /
熱狂撃","ロンプ /
熱狂撃"
Beastmaster,,,,ワンタイム認証コード · 発行後30秒間有効,ワンタイム認証コード · 発行後30秒間有効
Beastmaster,,,,一号兽笛,壱の呼び笛
Beastmaster,ScreenshotFix,,,一時停止,一時停止
Beastmaster,,,,一時停止###暂停,一時停止###暂停
Beastmaster,,,,一時停止中,一時停止中
Beastmaster,,,,一時停止中も自動戦闘のメインスイッチは維持しますが、動作は行いません。,一時停止中も自動戦闘のメインスイッチは維持しますが、動作は行いません。
Beastmaster,,,,一次性凭证 · 签发后 30 秒有效,ワンタイム認証コード · 発行後30秒間有効
Beastmaster,Captured,闘獣攻略,,一直攻击举盾骑士，过一段时间会自己撤盾，不用等16分钟。,盾を構えたナイトを攻撃し続ければ、しばらくすると自分で盾を解除します。16分待つ必要はありません。
Beastmaster,Captured,ACRオーバーレイ,,万象·物理,万象・物理
Beastmaster,Captured,ACRオーバーレイ,,万象·物理##overlay-advanced-placeholder,万象・物理##overlay-advanced-placeholder
Beastmaster,Captured,ACRオーバーレイ,,万象·物理##overlay-advanced-万象·物理,万象・物理##overlay-advanced-万象·物理
Beastmaster,Captured,ACRオーバーレイ,,万象·魔法,万象・魔法
Beastmaster,Captured,ACRオーバーレイ,,万象·魔法##overlay-advanced-placeholder,万象・魔法##overlay-advanced-placeholder
Beastmaster,Captured,ACRオーバーレイ,,万象·魔法##overlay-advanced-万象·魔法,万象・魔法##overlay-advanced-万象·魔法
Beastmaster,,,,万象流転（物理）###万象流转（物理）,万象流転（物理）###万象流转（物理）
Beastmaster,,,,万象流転（魔法）###万象流转（魔法）,万象流転（魔法）###万象流转（魔法）
Beastmaster,,,,万象流转·物理,万象流転・物理
Beastmaster,,,,万象流转·魔法,万象流转·魔法
Beastmaster,,,,万象流转（物理）,万象流転（物理）
Beastmaster,,,,万象流转（魔法）,万象流転（魔法）
Beastmaster,,,,三号兽笛,参の呼び笛
Beastmaster,ScreenshotFix,,,上へ,上へ
Beastmaster,ScreenshotFix,,,上位スキル,上位スキル
Beastmaster,,,,上移,上へ
Beastmaster,Captured,,,上移规则集,ルールセットを上へ
Beastmaster,,,,上級報酬,上級報酬
Beastmaster,,,,上級評価,上級評価
Beastmaster,ScreenshotFix,,,下へ,下へ
Beastmaster,Captured,,,下一个技能：,次のスキル：
Beastmaster,Captured,ACRオーバーレイ,,下一个技能：-,次のスキル：-
Beastmaster,,,,下移,下へ
Beastmaster,Captured,,,下移规则集,ルールセットを下へ
Beastmaster,Captured,闘獣攻略,,不要踩场边沙坑。冒叹号的沙坑会放扇形，场中的四个炸弹能打进小地豆所在的沙坑，对小地豆有伤害。哥布可以打慢点，地震还挺疼的。,外周の砂穴を踏まないようにします。！マークの砂穴から扇範囲が出ます。中央の4つの爆弾はサンドモールのいる砂穴へ入れるとダメージを与えられます。ゴブリンは急がなくてもよいですが、地震はかなり痛いです。
Beastmaster,,,,不足为奇,意外性なし
Beastmaster,,,,与魔兽心意相通  [已完成],魔獣と心通わせて  [完了]
Beastmaster,,,,与魔獣心意相通  [完了],魔獣と心通わせて  [完了]
Beastmaster,,,,"世界坐标：X=24.238, Y=-6.003, Z=65.809","ワールド座標：X=24.238, Y=-6.003, Z=65.809"
Beastmaster,,,,东拉诺西亚,東ラノシア
Beastmaster,,,,中央ザナラーン,中央ザナラーン
Beastmaster,,,,中央ラノシア,中央ラノシア
Beastmaster,,,,中拉诺西亚,中央ラノシア
Beastmaster,Captured,ACRオーバーレイ,,中止技能序列,スキルシーケンス中止
Beastmaster,,,,中萨纳兰,中央ザナラーン
Beastmaster,,,,"串刺し /
テールスクリュー","串刺し /
テールスクリュー"
Beastmaster,,,,"串刺し /
臭い息","串刺し /
臭い息"
Beastmaster,Captured,ACRオーバーレイ,,主动,先制攻撃
Beastmaster,,,,主动攻击,先制攻撃
Beastmaster,,,,主手,主武器
Beastmaster,,,,主武器,主武器
Beastmaster,ScreenshotFix,,,二一位可二 10/12/14/15，二用二按二在二二一位数二截断或保留空余。,編成枠は10/12/14/15から選択できます。適用時は現在の編成枠数に合わせて切り詰め、余りは空欄のままにします。
Beastmaster,ScreenshotFix,,,二二二,適用
Beastmaster,,,,二号兽笛,弐の呼び笛
Beastmaster,ScreenshotFix,,,二現手三二的二対敵生效；无捕获状态二二先捕获，再二行 1→2→3 二二。,現在手動選択中の敵だけを対象にします。未捕獲なら捕獲を優先し、その後1→2→3コンボを実行します。
Beastmaster,,,,人と獣が結ぶ絆  [完了],人と獣が結ぶ絆  [完了]
Beastmaster,,,,仅在斗兽奇弈战斗中生效；自身血量低于阈值时按恢复药套装 → 4/3/2/1级恢复药 → 3/2/1级药粉 → 魔兽吸血药 → 吸血鬼之牙优先级使用奇弈恢复道具。吸血鬼之牙需要当前敌对目标，成功使用后间隔 2 秒。默认关闭。,闘獣練の戦闘中のみ有効です。自身のHPがしきい値を下回ると、回復薬セット → ランク4/3/2/1回復薬 → ランク3/2/1薬粉 → 魔獣吸血薬 → 吸血鬼の牙の順で回復アイテムを使用します。吸血鬼の牙には敵ターゲットが必要で、使用成功後は2秒の間隔を置きます。初期設定はOFFです。
Beastmaster,,,,仅失败,失敗のみ
Beastmaster,,,,仅对当前手动选择的敌对目标生效；无捕获状态时优先捕获，再执行 1→2→3 连击。,現在手動で選択している敵だけを対象にします。未捕獲なら捕獲を優先し、その後1→2→3コンボを実行します。
Beastmaster,UntranslatedFix,,,仅对現在手动选择的敌对対象生效；无捕獲状态时优先捕獲，再执行 1→2→3 连击。,現在手動で選択している敵だけを対象にします。未捕獲なら捕獲を優先し、その後1→2→3コンボを実行します。
Beastmaster,,,,仅指定区域,指定エリアのみ
Beastmaster,,,,从剪贴板导入,クリップボードからインポート
Beastmaster,Captured,闘獣攻略,,他逃，他追，他插翅难飞。,逃げるBOSSを追って確実に攻撃します。
Beastmaster,Captured,,,令当前召唤兽对目标使用对应的释放技能；实际技能会根据当前召唤兽调整。,現在召喚中の魔獣に、対象へ対応する「はなつ」を使用させます。実際に使用するアクションは現在の魔獣に応じて自動調整されます。
Beastmaster,,,,以太之光耳坠,エーテライトイヤリング
Beastmaster,,,,任务页只显示未完成的驯兽师任务。,クエスト页只表示未完了的魔獣使いクエスト。
Beastmaster,Captured,,,任意满足（OR）,いずれかを満たす（OR）
Beastmaster,,,,优先级：技能序列 → 恢复药 → 规则模式 → 协作二段 → 释放 → 最后一击 → 鼓劲 → 声援 → 万象流转 → 协作一段 → 安全盾牌 → 捕获 → 基础技能,優先度：スキルシーケンス → 回復アイテム → ルールモード → 協力技2段目 → はなつ → さいごのいちげき → きあい → おうえん → 万象流転 → 協力技1段目 → 防御用シールド → 捕獲 → 基本スキル
Beastmaster,,,,伝説の魔獣使い関連のアチーブメントを上部に表示###传说级成就置顶,伝説の魔獣使い関連のアチーブメントを上部に表示###传说级成就置顶
Beastmaster,,,,伝説級獣使いの必要ポイント,伝説級獣使いの必要ポイント
Beastmaster,,,,传说级成就置顶,伝説の魔獣使い関連のアチーブメントを上部に表示
Beastmaster,,,,传说级驯兽师分数线,伝説級獣使いの必要ポイント
Beastmaster,ScreenshotFix,,,位置 01,位置01
Beastmaster,,,,位置 01##party-member-0,位置 01##party-member-0
Beastmaster,,,,位置 01##party-member-0###位置 01##party-member-0,位置 01##party-member-0###位置 01##party-member-0
Beastmaster,ScreenshotFix,,,位置 02,位置02
Beastmaster,,,,位置 02##party-member-1,位置 02##party-member-1
Beastmaster,,,,位置 02##party-member-1###位置 02##party-member-1,位置 02##party-member-1###位置 02##party-member-1
Beastmaster,,,,位置 03##party-member-2,位置03##party-member-2
Beastmaster,UntranslatedFix,,,位置 03##party-member-2###位置 03##party-member-2,位置03##party-member-2###位置 03##party-member-2
Beastmaster,,,,位置 04##party-member-3,位置04##party-member-3
Beastmaster,UntranslatedFix,,,位置 04##party-member-3###位置 04##party-member-3,位置04##party-member-3###位置 04##party-member-3
Beastmaster,,,,位置 05##party-member-4,位置05##party-member-4
Beastmaster,UntranslatedFix,,,位置 05##party-member-4###位置 05##party-member-4,位置05##party-member-4###位置 05##party-member-4
Beastmaster,,,,位置 06##party-member-5,位置06##party-member-5
Beastmaster,UntranslatedFix,,,位置 06##party-member-5###位置 06##party-member-5,位置06##party-member-5###位置 06##party-member-5
Beastmaster,,,,位置 07##party-member-6,位置07##party-member-6
Beastmaster,UntranslatedFix,,,位置 07##party-member-6###位置 07##party-member-6,位置07##party-member-6###位置 07##party-member-6
Beastmaster,,,,位置 08##party-member-7,位置08##party-member-7
Beastmaster,UntranslatedFix,,,位置 08##party-member-7###位置 08##party-member-7,位置08##party-member-7###位置 08##party-member-7
Beastmaster,,,,位置 09##party-member-8,位置09##party-member-8
Beastmaster,UntranslatedFix,,,位置 09##party-member-8###位置 09##party-member-8,位置09##party-member-8###位置 09##party-member-8
Beastmaster,,,,位置 10##party-member-9,位置10##party-member-9
Beastmaster,UntranslatedFix,,,位置 10##party-member-9###位置 10##party-member-9,位置10##party-member-9###位置 10##party-member-9
Beastmaster,,,,位置03##party-member-2###位置 03##party-member-2,位置03##party-member-2###位置 03##party-member-2
Beastmaster,,,,位置04##party-member-3###位置 04##party-member-3,位置04##party-member-3###位置 04##party-member-3
Beastmaster,,,,位置05##party-member-4###位置 05##party-member-4,位置05##party-member-4###位置 05##party-member-4
Beastmaster,,,,位置06##party-member-5###位置 06##party-member-5,位置06##party-member-5###位置 06##party-member-5
Beastmaster,,,,位置07##party-member-6###位置 07##party-member-6,位置07##party-member-6###位置 07##party-member-6
Beastmaster,,,,位置08##party-member-7###位置 08##party-member-7,位置08##party-member-7###位置 08##party-member-7
Beastmaster,,,,位置09##party-member-8###位置 09##party-member-8,位置09##party-member-8###位置 09##party-member-8
Beastmaster,,,,位置10##party-member-9###位置 10##party-member-9,位置10##party-member-9###位置 10##party-member-9
Beastmaster,,,,低HP時に回復アイテムを自動使用###低血量自动使用恢复药,低HP時に回復アイテムを自動使用###低血量自动使用恢复药
Beastmaster,,,,低地ラノシア,低地ラノシア
Beastmaster,,,,低血量自动使用恢复药,低HP時に回復アイテムを自動使用
Beastmaster,,,,"体当たり /
ララバイ","体当たり /
ララバイ"
Beastmaster,Captured,,,作者：,作者：
Beastmaster,,,,作者：其他母肥角色@拂晓之间,作者：其他母肥角色@拂晓之间
Beastmaster,Captured,闘獣攻略,,你们这是什么关卡怎么又有僵尸又有48。,ゾンビー処理とスタック管理に注意する戦闘です。
Beastmaster,,,,使用 GetAdjustedActionId,GetAdjustedActionId を使用
Beastmaster,,,,依赖插件,必要プラグイン
Beastmaster,Captured,,,倒计时,カウントダウン
Beastmaster,ScreenshotFix,,,倒计时步骤,カウントダウンの手順
Beastmaster,,,,倒计时步骤##sequence-倒计时,カウントダウンの手順##sequence-倒计时
Beastmaster,,,,借用,かりる
Beastmaster,,,,借用##AutoBorrowEnabled,かりる##AutoBorrowEnabled
Beastmaster,,,,停止导航,ナビ停止
Beastmaster,,,,停止导航##catalog-stop-navigation,停止ナビ##catalog-stop-navigation
Beastmaster,Captured,,,偷偷说：,メモ：
Beastmaster,,,,偷偷说：。。。,補足：……
Beastmaster,,,,偷偷说：一直攻击举盾骑士，过一段时间会自己撤盾，不用等16分钟。,補足：盾を構えたナイトを攻撃し続ければ、しばらくすると自分で盾を解除します。16分待つ必要はありません。
Beastmaster,,,,偷偷说：他逃，他追，他插翅难飞。,補足：逃げるBOSSを追って確実に攻撃します。
Beastmaster,,,,偷偷说：你们这是什么关卡怎么又有僵尸又有48。,補足：ゾンビー処理とスタック管理に注意する戦闘です。
Beastmaster,,,,偷偷说：出的概率似乎很低。,補足：出現率はかなり低いようです。
Beastmaster,,,,偷偷说：刚开始打还挺唬人的。,補足：初見は少し驚きますが、落ち着いて処理すれば大丈夫です。
Beastmaster,,,,偷偷说：前期装备不好时容易杀不掉。,補足：装備が整っていない時期は火力不足になりやすいです。
Beastmaster,,,,偷偷说：场面乱成一锅粥了快喝了吧（）,補足：敵が多く画面が混雑するので、優先順位を決めて処理します。
Beastmaster,,,,偷偷说：基本不怎么走这边。,補足：このルートはあまり選ばれません。
Beastmaster,,,,偷偷说：太难抓，差评,補足：捕獲が難しい相手です。
Beastmaster,,,,偷偷说：宝宝你怎么掉血了。,補足：魔獣のHP減少にも注意します。
Beastmaster,,,,偷偷说：小火史莱姆像一堆大痘。。,補足：小型の火スライムが多数出ます。
Beastmaster,,,,偷偷说：或者利用一些可以快速移动的神秘小工具。,補足：素早く移動できる手段があると処理しやすくなります。
Beastmaster,,,,偷偷说：扎我一身刺，差评。这格性价比不高。,補足：棘攻撃が多く、このマスはやや面倒です。
Beastmaster,,,,偷偷说：抽不到怪也是一种运气,補足：編成次第では楽に進められます。
Beastmaster,,,,偷偷说：有BMR难度会降低很多的一关。,補足：BMRがあると難易度がかなり下がります。
Beastmaster,,,,偷偷说：路边的主教不要随便踩,補足：道中のビショップは不用意に踏まないようにします。
Beastmaster,,,,偷偷说：这下是真有机制要背对。,補足：視線ギミックなので背を向けます。
Beastmaster,,,,偷偷说：这也太有劲了呃呃。,補足：かなり痛い攻撃が来るので注意。
Beastmaster,,,,偷偷说：这种黏在地上的小怪最难扣了。,補足：地面を這う雑魚は特に処理しづらいので注意。
Beastmaster,,,,優先度：スキルシーケンス → 回復アイテム → ルールモード → 協力技2段目 → はなつ → さいごのいちげき → きあい → おうえん → 万象流転 → 協力技1段目 → 防御用シールド → 捕獲 → 基本スキル,優先度：スキルシーケンス → 回復アイテム → ルールモード → 協力技2段目 → はなつ → さいごのいちげき → きあい → おうえん → 万象流転 → 協力技1段目 → 防御用シールド → 捕獲 → 基本スキル
Beastmaster,,,,允许 vnavmesh 使用飞行路径。,vnavmesh の飛行経路を使用します。
Beastmaster,,,,先做主线，拿到补正装备以后刷级会轻松很多！！！,まずメインクエストを進めて補正装備を入手すると、レベル上げがかなり楽になります！
Beastmaster,ScreenshotFix,,,先制攻撃,先制攻撃
Beastmaster,,,,先制攻撃###主动攻击,先制攻撃###主动攻击
Beastmaster,Captured,闘獣攻略,,先打主教，骑士架盾后用宝宝吸引仇恨从背后打。,先にビショップを倒します。ナイトが盾を構えたら、魔獣にヘイトを取らせて背後から攻撃します。
Beastmaster,Captured,闘獣攻略,,先打有连线的。,線でつながっている敵から優先して倒します。
Beastmaster,Captured,,,先找劳妲对话打开原生魔兽图鉴，再点击同步。,先にラウダへ話しかけてゲーム標準の魔獣図鑑を開き、その後に同期してください。
Beastmaster,Captured,闘獣攻略,,光元精,ライトエレメンタル
Beastmaster,,,,全盘综合,総合評価
Beastmaster,,,,全部满足（AND）,すべて満たす（AND）
Beastmaster,ScreenshotFix,,,共享,共有
Beastmaster,,,,关键词查询,キーワード検索
Beastmaster,Captured,ACRオーバーレイ,,关闭,OFF
Beastmaster,,,,关闭后，未进战时不攻击、捕获或使用斗兽塔技能,OFFにすると、非戦闘時は攻撃・捕獲・闘獣練用スキルを使用しません。
Beastmaster,,,,兵装库 无,アーマリーチェスト なし
Beastmaster,Captured,,,兵装库 有,アーマリーチェスト あり
Beastmaster,,,,兵装库 有 (1),アーマリーチェスト あり (1)
Beastmaster,,,,兵装库 有 (2),アーマリーチェストに所持 (2)
Beastmaster,,,,兽主工作裤+4,獣使い専用脚装備+4
Beastmaster,,,,兽主手斧,獣使い専用斧
Beastmaster,,,,兽主护臂+4,獣使い専用手装備+4
Beastmaster,,,,兽主独角冠+4,獣使い専用頭装備+4
Beastmaster,,,,兽主耳环,獣使い専用耳飾り
Beastmaster,,,,兽主裘皮衣+4,獣使い専用胴装備+4
Beastmaster,,,,兽主青铜重盾,獣使い専用盾
Beastmaster,,,,兽主靴+4,獣使い専用足装備+4
Beastmaster,ScreenshotFix,,,兽使い 50 級开荒装和 BIS 配置。,魔獣使いLv50向けの初期装備とBIS構成です。
Beastmaster,SourceReviewed,,,兽使い 50 级开荒装和 BIS 配置。,魔獣使いLv50向けの初期装備とBIS構成です。
Beastmaster,ScreenshotFix,,,兽使いLv50二二荒装和 BIS 配置。,魔獣使いLv50向けの初期装備とBIS構成です。
Beastmaster,ScreenshotFix,,,兽使いヘルパー,Beastmaster
Beastmaster,ScreenshotFix,,,兽使い進行管理,魔獣使い進行管理
Beastmaster,Captured,ACRオーバーレイ,,兽力,獣力
Beastmaster,Captured,ACRオーバーレイ,,兽力 0/250,獣力 0/250
Beastmaster,Captured,,,兽灵之心：,獣霊の心：
Beastmaster,Captured,ACRオーバーレイ,,兽灵协作,獣霊連携
Beastmaster,Captured,ACRオーバーレイ,,兽灵协作##overlay-advanced-placeholder,獣霊連携##overlay-advanced-placeholder
Beastmaster,Captured,ACRオーバーレイ,,兽灵协作##overlay-advanced-兽灵协作,獣霊連携##overlay-advanced-兽灵协作
Beastmaster,,,,兽灵协作（蓝豆）,獣霊連携（青）
Beastmaster,ScreenshotFix,,,兽灵协力（青）,獣霊協力（青）
Beastmaster,ScreenshotFix,,,兽笛を自動使用,獣笛を自動使用
Beastmaster,,,,兽级,魔獣Lv
Beastmaster,Captured,,,兽级逆序,魔獣Lv降順
Beastmaster,,,,兽道3成就置顶,獣道III関連のアチーブメントを上部に表示
Beastmaster,,,,内容,コンテンツ
Beastmaster,Captured,闘獣攻略,,冰元精,アイスエレメンタル
Beastmaster,,,,凛冽洞天披雪大冰壁,氷結潜窟 スノークローク大氷壁
Beastmaster,Captured,闘獣攻略,,凝胶化火焰,火炎スライム
Beastmaster,Captured,闘獣攻略,,凝胶化雷电,帯電スライム
Beastmaster,Species,,,凶蛛蝎,ダイアマイト
Beastmaster,,,,出奇制胜,奇策で勝利
Beastmaster,Captured,闘獣攻略,,出的概率似乎很低。,出現率はかなり低いようです。
Beastmaster,,,,分享,共有
Beastmaster,,,,分岐1・右,分岐1・右
Beastmaster,,,,分岐1・左,分岐1・左
Beastmaster,Captured,攻略,,分歧1·右,分岐1・右
Beastmaster,Captured,攻略,,分歧1·左,分岐1・左
Beastmaster,,,,分类,分類
Beastmaster,Captured,闘獣攻略,,刚开始打还挺唬人的。,初見は少し驚きますが、落ち着いて処理すれば大丈夫です。
Beastmaster,,,,初始,初始
Beastmaster,,,,初始自带,初始自带
Beastmaster,,,,初学者戒指,ビギナーリング
Beastmaster,,,,初期装備,初期装備
Beastmaster,,,,初期装備：入手しやすさと早期完成を優先します。,初期装備：入手しやすさと早く揃えられることを優先します。
Beastmaster,,,,删除,削除
Beastmaster,,,,删除序列,シーケンス削除
Beastmaster,Captured,,,删除条件,条件削除
Beastmaster,,,,删除规则,ルール削除
Beastmaster,,,,删除规则集,ルールセット削除
Beastmaster,,,,判定種別##condition-0###检测类型##condition-0,判定種別##condition-0###检测类型##condition-0
Beastmaster,,,,利用可能,利用可能
Beastmaster,Captured,闘獣攻略,,利用巨人的锤子打碎大史莱姆，连续锤击两次同属性史莱姆会有AOE。「巨躯狂怒」双手往前为钢铁，往后为后半场刀，单手拿锤为前半场刀。,巨人のハンマーで大型スライムを壊します。同属性のスライムを2回連続で叩くとAoEが発生。「巨躯狂怒」は両手が前なら円範囲、後ろなら後半面、片手にハンマーなら前半面攻撃です。
Beastmaster,Captured,闘獣攻略,,到这了还不看攻略吗，你的胆子真是肥嘟嘟的。,ここまで来たら攻略を確認しつつ慎重に進めます。
Beastmaster,ScreenshotFix,,,削除,削除
Beastmaster,,,,前往斗兽塔,闘獣塔へ移動
Beastmaster,,,,前往斗兽塔##section-arena-navigation,闘獣塔へ移動##section-arena-navigation
Beastmaster,,,,前提クエスト：ルー派の使役術,前提クエスト：ルー派の使役術
Beastmaster,,,,前提クエスト：人と獣が結ぶ絆,前提クエスト：人と獣が結ぶ絆
Beastmaster,,,,前提クエスト：初めての相棒,前提クエスト：初めての相棒
Beastmaster,,,,前提クエスト：同門対決、第二盤,前提クエスト：同門対決、第二盤
Beastmaster,,,,前提クエスト：姉弟子と勉強ゴブ！,前提クエスト：姉弟子と勉強ゴブ！
Beastmaster,,,,前提クエスト：猛者の試練、特一盤,前提クエスト：猛者の試練、特一盤
Beastmaster,,,,前提クエスト：盤上の戦い、闘獣練,前提クエスト：盤上の戦い、闘獣練
Beastmaster,,,,前提クエスト：盤上の王者、特二盤,前提クエスト：盤上の王者、特二盤
Beastmaster,,,,前提クエスト：究極幻想アルテマウェポン,前提クエスト：究極幻想アルテマウェポン
Beastmaster,,,,前提クエスト：貪食のガトラー,前提クエスト：貪食のガトラー
Beastmaster,,,,前提クエスト：贖罪の魔獣使い,前提クエスト：贖罪の魔獣使い
Beastmaster,,,,前提クエスト：魔獣と心通わせて,前提クエスト：魔獣と心通わせて
Beastmaster,,,,前提クエスト：魔獣の使い手たち,前提クエスト：魔獣の使い手たち
Beastmaster,Captured,闘獣攻略,,前期装备不好时容易杀不掉。,装備が整っていない時期は火力不足になりやすいです。
Beastmaster,Captured,,,前置任务：,前提クエスト：
Beastmaster,,,,前置任务：ルー派の使役術,前提クエスト：ルー派の使役術
Beastmaster,,,,前置任务：人と獣が結ぶ絆,前提クエスト：人と獣が結ぶ絆
Beastmaster,,,,前置任务：初めての相棒,前提クエスト：初めての相棒
Beastmaster,,,,前置任务：同門対決、第二盤,前提クエスト：同門対決、第二盤
Beastmaster,,,,前置任务：姉弟子と勉強ゴブ！,前提クエスト：姉弟子と勉強ゴブ！
Beastmaster,,,,前置任务：猛者の試練、特一盤,前提クエスト：猛者の試練、特一盤
Beastmaster,,,,前置任务：盤上の戦い、闘獣練,前提クエスト：盤上の戦い、闘獣練
Beastmaster,,,,前置任务：盤上の王者、特二盤,前提クエスト：盤上の王者、特二盤
Beastmaster,,,,前置任务：究極幻想アルテマウェポン,前提クエスト：究極幻想アルテマウェポン
Beastmaster,,,,前置任务：貪食のガトラー,前提クエスト：貪食のガトラー
Beastmaster,,,,前置任务：贖罪の魔獣使い,前提クエスト：贖罪の魔獣使い
Beastmaster,,,,前置任务：魔獣と心通わせて,前提クエスト：魔獣と心通わせて
Beastmaster,,,,前置任务：魔獣の使い手たち,前提クエスト：魔獣の使い手たち
Beastmaster,,,,剣闘領域 ハラタリ修練所,剣闘領域 ハラタリ修練所
Beastmaster,,,,副手,副武器
Beastmaster,,,,副本,コンテンツ
Beastmaster,,,,副本捕获（AutoDuty）,コンテンツでの捕獲（AutoDuty）
Beastmaster,,,,副武器,副武器
Beastmaster,,,,区域 / 副本,エリア / コンテンツ
Beastmaster,,,,区域限制,エリア制限
Beastmaster,,,,区域：黑衣森林中央林区,エリア：黒衣森：中央森林
Beastmaster,,,,单只捕获时自动练级,単体捕獲時に自動レベル上げ
Beastmaster,,,,南ザナラーン,南ザナラーン
Beastmaster,,,,南萨纳兰,南ザナラーン
Beastmaster,,,,単体捕獲時に自動レベル上げ###单只捕获时自动练级,単体捕獲時に自動レベル上げ###单只捕获时自动练级
Beastmaster,Captured,闘獣攻略,,博学林鸮的羽毛,アカデミック・オウルの羽根
Beastmaster,Captured,攻略,,卡片区,カードマス
Beastmaster,Captured,,,原因：,理由：
Beastmaster,,,,参の呼び笛,参の呼び笛
Beastmaster,,,,参の呼び笛でアプカルを召喚,参の呼び笛でアプカルを召喚
Beastmaster,,,,参の呼び笛でクラブを召喚,参の呼び笛でクラブを召喚
Beastmaster,,,,参の呼び笛でクーシーを召喚して使用,参の呼び笛でクーシーを召喚して使用
Beastmaster,,,,参の呼び笛でヴェスパを召喚し、BOSSのHPが25%未満になったら使用,参の呼び笛でヴェスパを召喚し、BOSSのHPが25%未満になったら使用
Beastmaster,,,,反馈与建议,フィードバック
Beastmaster,Species,,,古菩猩猩,グゥーブー
Beastmaster,,,,只读显示当前驯兽师量谱状态；数据来自 JobGaugeManager.CurrentGauge。,現在の魔獣使いジョブゲージを表示します。参照専用です。データ取得元：JobGaugeManager.CurrentGauge。
Beastmaster,,,,只读表示現在獣使い量谱状态；数据来自 JobGaugeManager.CurrentGauge。,現在の魔獣使いジョブゲージを表示します。参照専用です。データ取得元：JobGaugeManager.CurrentGauge。
Beastmaster,Captured,攻略,,召唤出的魔球有环就是月环没环就是钢铁，有眼睛的球炸的时候要背对。,召喚された魔球は、輪があればドーナツ範囲、輪がなければ円範囲です。目の付いた球が爆発する時は背を向けます。
Beastmaster,,,,可用,利用可能
Beastmaster,Captured,闘獣攻略,,吃机制时注意不要打碎蛋，正常孵化的就杀掉。「前方/后方乱流」注意刀的方向就行。,ギミック処理中に卵を壊さないよう注意。通常孵化したヒナは倒します。「前方／後方乱流」は攻撃方向を見て回避します。
Beastmaster,,,,各診断モジュールの状態または理由が変化した時に一度だけ概要を出力し、戦闘ログにも記録します。,各診断モジュールの状態または理由が変化した時に一度だけ概要を出力し、戦闘ログにも記録します。
Beastmaster,,,,同一マップ内の経路探索と移動,同一マップ内の経路探索と移動
Beastmaster,,,,同地图路径规划与移动,同一マップ内の経路探索と移動
Beastmaster,,,,同期について (?),同期について (?)
Beastmaster,,,,同期完了：達成済み28/44、更新0件。,同期完了：達成済み28/44、更新0件。
Beastmaster,,,,同步兽级经验,魔獣Lv/経験値を同期
Beastmaster,,,,同步完成：已完成 28/44，更新 0 项。,同期完了：達成済み28/44、更新0件。
Beastmaster,,,,同步完成：已完成 28/44，更新 28 项。,同期完了：達成済み28/44、更新28件。
Beastmaster,Captured,,,同步完成：已完成 7/44，更新 7 项。,同期完了：已完了 7/44，更新 7 项。
Beastmaster,,,,同步已解锁魔兽,はなつ済み魔獣を同期
Beastmaster,,,,同步说明 (?),同期について (?)
Beastmaster,,,,同门较量  [完了],同門対決、第二盤  [完了]
Beastmaster,,,,同门较量  [已完成],同門対決、第二盤  [完了]
Beastmaster,,,,名称,名前
Beastmaster,,,,向师姐学习哥布！  [完了],姉弟子と勉強ゴブ！  [完了]
Beastmaster,,,,向师姐学习哥布！  [已完成],姉弟子と勉強ゴブ！  [完了]
Beastmaster,,,,启用##selected-rule,有効化##selected-rule
Beastmaster,,,,启用当前规则集,現在のルールセットを有効化
Beastmaster,,,,启用技能序列,スキルシーケンスを有効化
Beastmaster,,,,启用自动输出诊断##AutoOutputDiagnosticsEnabled,自動戦闘診断を有効化##AutoOutputDiagnosticsEnabled
Beastmaster,,,,启用规则模式,ルールモードを有効化
Beastmaster,,,,吸引注意 (46751),吸引注意 (46751)
Beastmaster,Captured,,,吸血 /,吸血 /
Beastmaster,,,,"吸血 /
超音波","吸血 /
超音波"
Beastmaster,,,,呢绒包头巾,ウールターバン
Beastmaster,,,,呢绒垮裤,ウールサルエル
Beastmaster,,,,呢绒衬衫,ウールシャツ
Beastmaster,Captured,,,呪風 /,呪風 /
Beastmaster,,,,"呪風 /
呪言","呪風 /
呪言"
Beastmaster,OfficialActions,,,咒具碎魂,ソウルクラッシュ
Beastmaster,,,,固定の攻略メモです。自動戦闘とは連動しません。,固定の攻略メモです。自動戦闘とは連動しません。
Beastmaster,,,,在聊天栏显示导航开始和失败信息。,チャットへナビ開始・失敗情報を表示します。
Beastmaster,Captured,闘獣攻略,,场面乱成一锅粥了快喝了吧（）,敵が多く画面が混雑するので、優先順位を決めて処理します。
Beastmaster,,,,坐标,座標
Beastmaster,Captured,闘獣攻略,,基本不怎么走这边。,このルートはあまり選ばれません。
Beastmaster,,,,基本設定,基本設定
Beastmaster,Captured,ACRオーバーレイ,,基础技能（1→2→3）,基本コンボ（1→2→3）
Beastmaster,,,,声援,応援
Beastmaster,,,,声援##AutoCheerEnabled,おうえん##AutoCheerEnabled
Beastmaster,Captured,ACRオーバーレイ,,声援##overlay-advanced-placeholder,応援##overlay-advanced-placeholder
Beastmaster,Captured,ACRオーバーレイ,,声援##overlay-advanced-声援,応援##overlay-advanced-声援
Beastmaster,,,,壱の呼び笛,壱の呼び笛
Beastmaster,,,,壱の呼び笛でサラマンダーを召喚し、魔法被ダメージ上昇を付与,壱の呼び笛でサラマンダーを召喚し、魔法被ダメージ上昇を付与
Beastmaster,,,,壱の呼び笛でマンティスを召喚し、物理被ダメージ上昇を付与,壱の呼び笛でマンティスを召喚し、物理被ダメージ上昇を付与
Beastmaster,,,,复制,複製
Beastmaster,Captured,,,复制同步诊断,同期診断をコピー
Beastmaster,Captured,,,复制图鉴诊断,図鑑診断をコピー
Beastmaster,,,,复制导出文本,エクスポート文字列をコピー
Beastmaster,,,,复制序列,シーケンス複製
Beastmaster,,,,复制所选战斗日志,選択した戦闘ログをコピー
Beastmaster,Captured,,,复制等级诊断,レベル診断をコピー
Beastmaster,,,,复制规则,ルール複製
Beastmaster,,,,复制规则集,ルールセット複製
Beastmaster,,,,外地ラノシア,外地ラノシア
Beastmaster,Captured,,,大于,より大きい
Beastmaster,,,,大技：サマーソルトスラッシュ,大技：サマーソルトスラッシュ
Beastmaster,,,,大招：しゃくり上げ,大技：しゃくり上げ
Beastmaster,,,,大招：サマーソルトスラッシュ,大技：サマーソルトスラッシュ
Beastmaster,,,,大招：スクリュードライバー,大技：スクリュードライバー
Beastmaster,,,,大招：ドリッピングファング,大技：ドリッピングファング
Beastmaster,,,,大招：ファイアボール,大技：ファイアボール
Beastmaster,,,,大招：フロストブレス,大技：フロストブレス
Beastmaster,,,,大招：メイントラップ,大技：メイントラップ
Beastmaster,,,,大招：ループ,大技：ループ
Beastmaster,,,,大招：体当たり,大技：体当たり
Beastmaster,Species,,,大王花,ラフレシア
Beastmaster,,,,大迷宮バハムート：侵攻編1,大迷宮バハムート：侵攻編1
Beastmaster,Captured,闘獣攻略,,太难抓，差评,捕獲が難しい相手です。
Beastmaster,,,,失敗のみ,失敗のみ
Beastmaster,ScreenshotFix,,,头,頭
Beastmaster,,,,头部,頭
Beastmaster,Captured,闘獣攻略,,奇子·上级恶魔,グレーター・デーモン・ピース
Beastmaster,Captured,闘獣攻略,,奇子·主教,ビショップ・ピース
Beastmaster,Captured,闘獣攻略,,奇子·仙人刺,サボテンダー・ピース
Beastmaster,Captured,闘獣攻略,,奇子·仙人花,サボテンダー・フラワー・ピース
Beastmaster,Captured,闘獣攻略,,奇子·佛劳洛斯,フラウロス・ピース
Beastmaster,Captured,闘獣攻略,,奇子·僵尸,ゾンビー・ピース
Beastmaster,Captured,闘獣攻略,,奇子·公雏鸟,雄ヒナ・ピース
Beastmaster,Captured,闘獣攻略,,奇子·冥鬼之眼,アーリマン・ピース
Beastmaster,Captured,闘獣攻略,,奇子·冥鬼之眼王,アーリマンキング・ピース
Beastmaster,Captured,闘獣攻略,,奇子·冰龙,アイスドラゴン・ピース
Beastmaster,Captured,闘獣攻略,,奇子·凶蛛蝎,ダイアマイト・ピース
Beastmaster,Captured,闘獣攻略,,奇子·勇士,ウォリアー・ピース
Beastmaster,Captured,闘獣攻略,,奇子·博学林鸮,アカデミック・オウル・ピース
Beastmaster,Captured,闘獣攻略,,奇子·卡托布莱帕斯,カトブレパス・ピース
Beastmaster,Captured,闘獣攻略,,奇子·双足飞龙,ワイバーン・ピース
Beastmaster,Captured,闘獣攻略,,奇子·发条步兵,クロックワーク・ソルジャー・ピース
Beastmaster,Captured,闘獣攻略,,奇子·哈帕利特,ハパリット・ピース
Beastmaster,Captured,闘獣攻略,,奇子·塔纳托斯,タナトス・ピース
Beastmaster,Captured,闘獣攻略,,奇子·塞壬,セイレーン・ピース
Beastmaster,Captured,闘獣攻略,,奇子·士兵,ソルジャー・ピース
Beastmaster,Captured,闘獣攻略,,奇子·夜魔人,ナイトストーカー・ピース
Beastmaster,Captured,闘獣攻略,,奇子·大口花,トラップフラワー・ピース
Beastmaster,Captured,闘獣攻略,,奇子·大妖火,グレーター・ウィル・オ・ウィスプ・ピース
Beastmaster,Captured,闘獣攻略,,奇子·夺心魔,マインドフレア・ピース
Beastmaster,Captured,闘獣攻略,,奇子·夺灵魔,ソウルスティーラー・ピース
Beastmaster,Captured,闘獣攻略,,奇子·奇美拉,キマイラ・ピース
Beastmaster,Captured,闘獣攻略,,奇子·女王鹰蜂,クイーンヴェスパ・ピース
Beastmaster,Captured,闘獣攻略,,奇子·奶冻怪,プリン・ピース
Beastmaster,Captured,闘獣攻略,,奇子·妖火,ウィル・オ・ウィスプ・ピース
Beastmaster,Captured,闘獣攻略,,奇子·威胁扎哈克,ザハク・ピース
Beastmaster,Captured,闘獣攻略,,奇子·守卫,ガード・ピース
Beastmaster,Captured,闘獣攻略,,奇子·小恶魔,インプ・ピース
Beastmaster,Captured,闘獣攻略,,奇子·尤弥尔,ユミール・ピース
Beastmaster,Captured,闘獣攻略,,奇子·尸生花,コープスフラワー・ピース
Beastmaster,Captured,闘獣攻略,,奇子·巨人,ジャイアント・ピース
Beastmaster,Captured,闘獣攻略,,奇子·巨像,ゴーレム・ピース
Beastmaster,Captured,闘獣攻略,,奇子·幼苗,サップリング・ピース
Beastmaster,Captured,闘獣攻略,,奇子·恐慌装甲,パニックアーマー・ピース
Beastmaster,Captured,闘獣攻略,,奇子·恶魔,デーモン・ピース
Beastmaster,Captured,闘獣攻略,,奇子·恶魔兵装,デーモンウェポン・ピース
Beastmaster,Captured,闘獣攻略,,奇子·拉哈穆,ラハム・ピース
Beastmaster,Captured,闘獣攻略,,奇子·拉米亚,ラミア・ピース
Beastmaster,Captured,闘獣攻略,,奇子·故障虫,バグ・ピース
Beastmaster,Captured,闘獣攻略,,奇子·斯芬克斯,スフィンクス・ピース
Beastmaster,Captured,闘獣攻略,,奇子·无人机,ドローン・ピース
Beastmaster,Captured,闘獣攻略,,奇子·曼提克,マンティコア・ピース
Beastmaster,Captured,闘獣攻略,,奇子·杜尔迦,ドゥルガー・ピース
Beastmaster,Captured,闘獣攻略,,奇子·树精,トレント・ピース
Beastmaster,Captured,闘獣攻略,,奇子·格雷姆林,グレムリン・ピース
Beastmaster,Captured,闘獣攻略,,奇子·梦魔法师,ナイトメア・メイジ・ピース
Beastmaster,Captured,闘獣攻略,,奇子·梦魔骑士,ナイトメア・ナイト・ピース
Beastmaster,Captured,闘獣攻略,,奇子·棘鼹,スパイクモール・ピース
Beastmaster,Captured,闘獣攻略,,奇子·榴弹怪,グレネード・ピース
Beastmaster,Captured,闘獣攻略,,奇子·母雏鸟,雌ヒナ・ピース
Beastmaster,Captured,闘獣攻略,,奇子·毒性蘑菇,ポイズンマッシュルーム・ピース
Beastmaster,Captured,闘獣攻略,,奇子·比洛克,ビロック・ピース
Beastmaster,Captured,闘獣攻略,,奇子·深瞳,ディープアイ・ピース
Beastmaster,Captured,闘獣攻略,,奇子·游侠骑士,キャバリアー・ピース
Beastmaster,Captured,闘獣攻略,,奇子·火蛟,ファイアドレイク・ピース
Beastmaster,Captured,闘獣攻略,,奇子·灵蛛蝎,ダイアマイト・ピース
Beastmaster,Captured,闘獣攻略,,奇子·焰球,フレイムボール・ピース
Beastmaster,Captured,闘獣攻略,,奇子·爆弹之母,マザーボム・ピース
Beastmaster,Captured,闘獣攻略,,奇子·爆弹怪,ボム・ピース
Beastmaster,Captured,闘獣攻略,,奇子·爬行鬼,クローラー・ピース
Beastmaster,Captured,闘獣攻略,,奇子·牛头魔,ミノタウロス・ピース
Beastmaster,Captured,闘獣攻略,,奇子·牛魔老哥,ミノタウロス兄・ピース
Beastmaster,Captured,闘獣攻略,,奇子·牛魔老弟,ミノタウロス弟・ピース
Beastmaster,Captured,闘獣攻略,,奇子·独眼巨人,サイクロプス・ピース
Beastmaster,Captured,闘獣攻略,,奇子·狱蟾蜍,ヘルトード・ピース
Beastmaster,Captured,闘獣攻略,,奇子·甜羹怪,フラン・ピース
Beastmaster,Captured,闘獣攻略,,奇子·眼镜蛇,コブラ・ピース
Beastmaster,Captured,闘獣攻略,,奇子·石像鬼,ガーゴイル・ピース
Beastmaster,Captured,闘獣攻略,,奇子·石像魔,ガーゴイル・ピース
Beastmaster,Captured,闘獣攻略,,奇子·祖,ズー・ピース
Beastmaster,Captured,闘獣攻略,,奇子·祸蛛蝎,ディアマイト・ピース
Beastmaster,Captured,闘獣攻略,,奇子·管理者,マネージャー・ピース
Beastmaster,Captured,闘獣攻略,,奇子·红格雷姆林,レッドグレムリン・ピース
Beastmaster,Captured,闘獣攻略,,奇子·美杜莎,メデューサ・ピース
Beastmaster,Captured,闘獣攻略,,奇子·肮脏之眼,イービルアイ・ピース
Beastmaster,Captured,闘獣攻略,,奇子·花苗,フラワーシード・ピース
Beastmaster,Captured,闘獣攻略,,奇子·莫古大剑,モーグリ大剣・ピース
Beastmaster,Captured,闘獣攻略,,奇子·莫古大医,モーグリ大医・ピース
Beastmaster,Captured,闘獣攻略,,奇子·莫古大术,モーグリ大術・ピース
Beastmaster,Captured,闘獣攻略,,奇子·莫古小剑,モーグリ剣士・ピース
Beastmaster,Captured,闘獣攻略,,奇子·莫古小医,モーグリ小医・ピース
Beastmaster,Captured,闘獣攻略,,奇子·莫古小术,モーグリ小術・ピース
Beastmaster,Captured,闘獣攻略,,奇子·莫古小歌,モーグリ吟遊・ピース
Beastmaster,Captured,闘獣攻略,,奇子·莫古小猛,モーグリ猛者・ピース
Beastmaster,Captured,闘獣攻略,,奇子·莫古小贼,モーグリ盗賊・ピース
Beastmaster,Captured,闘獣攻略,,奇子·蓝闪蝶,ブルーバタフライ・ピース
Beastmaster,Captured,闘獣攻略,,奇子·虚灵法师,レイス・メイジ・ピース
Beastmaster,Captured,闘獣攻略,,奇子·蛞蝓,スラッグ・ピース
Beastmaster,Captured,闘獣攻略,,奇子·贝希摩斯,ベヒーモス・ピース
Beastmaster,Captured,闘獣攻略,,奇子·蹒跚鬼,シャンブラー・ピース
Beastmaster,Captured,闘獣攻略,,奇子·转盘堡,タレット・ピース
Beastmaster,Captured,闘獣攻略,,奇子·软糊怪,スライム・ピース
Beastmaster,Captured,闘獣攻略,,奇子·铁巨人,アイアンジャイアント・ピース
Beastmaster,Captured,闘獣攻略,,奇子·阿托莫斯,アトモス・ピース
Beastmaster,Captured,闘獣攻略,,奇子·雪弹怪,スノーボム・ピース
Beastmaster,Captured,闘獣攻略,,奇子·食人魔,オーガ・ピース
Beastmaster,Captured,闘獣攻略,,奇子·骑士,ナイト・ピース
Beastmaster,Captured,闘獣攻略,,奇子·魔界花,モルボル・ピース
Beastmaster,Captured,闘獣攻略,,奇子·鱼人,サハギン・ピース
Beastmaster,Captured,,,奇弈道具,闘獣アイテム
Beastmaster,,,,奇盘上的战斗  [已完成],奇盘上的戦闘  [完了]
Beastmaster,,,,奇盘上的戦闘  [完了],奇盘上的戦闘  [完了]
Beastmaster,,,,奇盘上的王者：高段第二盘  [已完成],盤上の王者、特二盤  [完了]
Beastmaster,UntranslatedFix,,,奇盘上的王者：高段第二盘  [未受注],闘獣盤の王者：特二盤  [未受注]
Beastmaster,Captured,,,奇盘上的王者：高段第二盘  [未接取],奇盘上的王者：高段第二盘  [未受注]
Beastmaster,,,,奇盘编队,闘獣盤編成
Beastmaster,,,,奇策で勝利,奇策で勝利
Beastmaster,Species,,,奇美拉,キマイラ
Beastmaster,,,,奇高一着,奇高一着
Beastmaster,Species,,,奥猴,オポオポ
Beastmaster,Species,,,妖魂,ゴースト
Beastmaster,Captured,,,存在,あり
Beastmaster,Captured,ACRオーバーレイ,,安全盾牌,セーフティシールド
Beastmaster,Captured,ACRオーバーレイ,,安全盾牌##overlay-advanced-placeholder,セーフティシールド##overlay-advanced-placeholder
Beastmaster,Captured,ACRオーバーレイ,,安全盾牌##overlay-advanced-安全盾牌,セーフティシールド##overlay-advanced-安全盾牌
Beastmaster,Captured,ACRオーバーレイ,,安全盾牌：玩家到目标不超过 3 yalms 且盾牌冲击可用时自动使用。,セーフティシールド：対象まで3ヤルム以内で「シールドバッシュ」が使用可能なとき自動使用します。
Beastmaster,,,,完了済みを非表示###隐藏已完成,完了済みを非表示###隐藏已完成
Beastmaster,,,,完了済みを非表示###隐藏已完成任务,完了済みを非表示###隐藏已完成任务
Beastmaster,,,,完了済みクエストを非表示##HideCompletedQuests###隐藏已完成任务##HideCompletedQuests,完了済みクエストを非表示##HideCompletedQuests###隐藏已完成任务##HideCompletedQuests
Beastmaster,,,,完成,完了
Beastmaster,Captured,,,完整,すべて
Beastmaster,Captured,闘獣攻略,,宝宝你怎么掉血了。,魔獣のHP減少にも注意します。
Beastmaster,,,,実行履歴なし,実行履歴なし
Beastmaster,,,,実行方法###执行方式,実行方法###执行方式
Beastmaster,Species,,,寒冰巨像,アイスゴーレム
Beastmaster,Captured,闘獣攻略,,寻兽探奇 路斯福洛克斯,尋獣探奇 ルスフロクス
Beastmaster,,,,导入,インポート
Beastmaster,,,,导航,ナビゲーション
Beastmaster,Captured,,,导航到任务目标,クエスト目的地へ移動
Beastmaster,,,,导航到任务目标##target-71026,ナビ到クエスト対象##target-71026
Beastmaster,,,,导航到任务目标##target-71027,ナビ到クエスト対象##target-71027
Beastmaster,,,,导航到任务目标##target-71028,ナビ到クエスト対象##target-71028
Beastmaster,,,,导航到任务目标##target-71029,ナビ到クエスト対象##target-71029
Beastmaster,,,,导航到任务目标##target-71030,ナビ到クエスト対象##target-71030
Beastmaster,,,,导航到任务目标##target-71031,ナビ到クエスト対象##target-71031
Beastmaster,,,,导航到任务目标##target-71032,ナビ到クエスト対象##target-71032
Beastmaster,,,,导航到任务目标##target-71033,ナビ到クエスト対象##target-71033
Beastmaster,,,,导航到任务目标##target-71034,ナビ到クエスト対象##target-71034
Beastmaster,,,,导航到任务目标##target-71035,ナビ到クエスト対象##target-71035
Beastmaster,,,,导航到任务目标##target-71036,ナビ到クエスト対象##target-71036
Beastmaster,,,,导航到任务目标##target-71037,ナビ到クエスト対象##target-71037
Beastmaster,,,,导航到任务目标##target-71045,ナビ到クエスト対象##target-71045
Beastmaster,Captured,,,导航到开始 NPC,開始NPCへ移動
Beastmaster,,,,导航到开始 NPC##issuer-71026,ナビ到開始 NPC##issuer-71026
Beastmaster,,,,导航到开始 NPC##issuer-71027,ナビ到開始 NPC##issuer-71027
Beastmaster,,,,导航到开始 NPC##issuer-71028,ナビ到開始 NPC##issuer-71028
Beastmaster,,,,导航到开始 NPC##issuer-71029,ナビ到開始 NPC##issuer-71029
Beastmaster,,,,导航到开始 NPC##issuer-71030,ナビ到開始 NPC##issuer-71030
Beastmaster,,,,导航到开始 NPC##issuer-71031,ナビ到開始 NPC##issuer-71031
Beastmaster,,,,导航到开始 NPC##issuer-71032,ナビ到開始 NPC##issuer-71032
Beastmaster,,,,导航到开始 NPC##issuer-71033,ナビ到開始 NPC##issuer-71033
Beastmaster,,,,导航到开始 NPC##issuer-71034,ナビ到開始 NPC##issuer-71034
Beastmaster,,,,导航到开始 NPC##issuer-71035,ナビ到開始 NPC##issuer-71035
Beastmaster,,,,导航到开始 NPC##issuer-71036,ナビ到開始 NPC##issuer-71036
Beastmaster,,,,导航到开始 NPC##issuer-71037,ナビ到開始 NPC##issuer-71037
Beastmaster,,,,导航到开始 NPC##issuer-71045,ナビ到開始 NPC##issuer-71045
Beastmaster,,,,导航设置,ナビゲーション設定
Beastmaster,,,,対象HPがこの値以下の時に捕獲を使用,対象HPがこの値以下の時に捕獲を使用
Beastmaster,,,,封鎖坑道 カッパーベル銅山,封鎖坑道 カッパーベル銅山
Beastmaster,,,,封锁坑道铜铃铜山,封鎖坑道 カッパーベル銅山
Beastmaster,,,,将悬浮窗高级技能按钮排列为三列。默认关闭。,オーバーレイの上位スキルボタンを3列で表示します。初期設定はOFFです。
Beastmaster,,,,将驯兽之路登峰造极  [已完成],魔獣使いの道を極める  [完了]
Beastmaster,UntranslatedFix,,,将驯兽之路登峰造极  [未受注],獣使いの道を極める  [未受注]
Beastmaster,Captured,,,将驯兽之路登峰造极  [未接取],魔獣使いの道を極める  [未受注]
Beastmaster,Captured,,,小于,より小さい
Beastmaster,Captured,闘獣攻略,,小地豆,サンドモール
Beastmaster,Captured,闘獣攻略,,小怪会不停在脚下放黄圈，清完小怪盯着BOSS打即可；似乎不清也不是很疼。,雑魚が足元へ黄円を連発します。雑魚を処理したらBOSSを集中攻撃。雑魚を残しても致命的ではありません。
Beastmaster,Captured,闘獣攻略,,小怪出了迅速击杀。,雑魚が出たら素早く倒します。
Beastmaster,Captured,闘獣攻略,,小怪出来迅速击杀。,雑魚が出たらすぐ倒します。
Beastmaster,Captured,攻略,,小怪：,雑魚：
Beastmaster,,,,小怪：冰元精,雑魚：アイスエレメンタル
Beastmaster,,,,小怪：博学林鸮的羽毛,雑魚：アカデミック・オウルの羽根
Beastmaster,Captured,攻略,,小怪：奇子·主教,雑魚：ビショップ・ピース
Beastmaster,Captured,攻略,,小怪：奇子·仙人刺,雑魚：サボテンダー・ピース
Beastmaster,,,,小怪：奇子·仙人刺、奇子·仙人花、奇子·士兵、奇子·守卫,雑魚：サボテンダー・ピース、サボテンダー・フラワー・ピース、ソルジャー・ピース、ガード・ピース
Beastmaster,,,,小怪：奇子·僵尸,雑魚：ゾンビー・ピース
Beastmaster,,,,小怪：奇子·公雏鸟、奇子·母雏鸟,雑魚：雄ヒナ・ピース、雌ヒナ・ピース
Beastmaster,Captured,攻略,,小怪：奇子·勇士,雑魚：ウォリアー・ピース
Beastmaster,Captured,攻略,,小怪：奇子·卡托布莱帕斯,雑魚：カトブレパス・ピース
Beastmaster,,,,小怪：奇子·塔纳托斯,雑魚：タナトス・ピース
Beastmaster,Captured,攻略,,小怪：奇子·塞壬,雑魚：セイレーン・ピース
Beastmaster,Captured,攻略,,小怪：奇子·士兵,雑魚：ソルジャー・ピース
Beastmaster,,,,小怪：奇子·女王鹰蜂,雑魚：クイーンヴェスパ・ピース
Beastmaster,,,,小怪：奇子·妖火、奇子·大妖火,雑魚：ウィル・オ・ウィスプ・ピース、グレーター・ウィル・オ・ウィスプ・ピース
Beastmaster,Captured,攻略,,小怪：奇子·守卫,雑魚：ガード・ピース
Beastmaster,Captured,攻略,,小怪：奇子·尤弥尔,雑魚：ユミール・ピース
Beastmaster,Captured,攻略,,小怪：奇子·巨像,雑魚：ゴーレム・ピース
Beastmaster,,,,小怪：奇子·幼苗、奇子·大口花、腐汁,雑魚：サップリング・ピース、トラップフラワー・ピース、腐汁
Beastmaster,,,,小怪：奇子·恶魔兵装、奇子·小恶魔,雑魚：デーモンウェポン・ピース、インプ・ピース
Beastmaster,,,,小怪：奇子·拉米亚、奇子·独眼巨人,雑魚：ラミア・ピース、サイクロプス・ピース
Beastmaster,,,,小怪：奇子·故障虫、奇子·发条步兵、奇子·恐慌装甲、奇子·无人机、奇子·眼镜蛇,雑魚：バグ・ピース、クロックワーク・ソルジャー・ピース、パニックアーマー・ピース、ドローン・ピース、コブラ・ピース
Beastmaster,,,,小怪：奇子·梦魔法师、奇子·梦魔骑士,雑魚：ナイトメア・メイジ・ピース、ナイトメア・ナイト・ピース
Beastmaster,,,,小怪：奇子·棘鼹、奇子·狱蟾蜍、奇子·蓝闪蝶,雑魚：スパイクモール・ピース、ヘルトード・ピース、ブルーバタフライ・ピース
Beastmaster,,,,小怪：奇子·榴弹怪、奇子·爆弹怪、奇子·雪弹怪、奇子·焰球,雑魚：グレネード・ピース、ボム・ピース、スノーボム・ピース、フレイムボール・ピース
Beastmaster,,,,小怪：奇子·毒性蘑菇,雑魚：ポイズンマッシュルーム・ピース
Beastmaster,,,,小怪：奇子·深瞳、奇子·爆弹怪、光元精,雑魚：ディープアイ・ピース、ボム・ピース、ライトエレメンタル
Beastmaster,Captured,攻略,,小怪：奇子·游侠骑士,雑魚：キャバリアー・ピース
Beastmaster,,,,小怪：奇子·灵蛛蝎,雑魚：ダイアマイト・ピース
Beastmaster,,,,小怪：奇子·独眼巨人、凝胶化雷电、凝胶化火焰,雑魚：サイクロプス・ピース、帯電スライム、火炎スライム
Beastmaster,Captured,攻略,,小怪：奇子·祖,雑魚：ズー・ピース
Beastmaster,,,,小怪：奇子·红格雷姆林、奇子·格雷姆林、奇子·软糊怪、奇子·奶冻怪、奇子·甜羹怪、奇子·石像魔、奇子·威胁扎哈克,雑魚：レッドグレムリン・ピース、グレムリン・ピース、スライム・ピース、プリン・ピース、フラン・ピース、ガーゴイル・ピース、ザハク・ピース
Beastmaster,,,,小怪：奇子·莫古小猛、奇子·莫古大医、奇子·莫古大术、奇子·莫古小医、奇子·莫古小术、奇子·莫古大剑、奇子·莫古小歌、奇子·莫古小贼,雑魚：モーグリ猛者・ピース、モーグリ大医・ピース、モーグリ大術・ピース、モーグリ小医・ピース、モーグリ小術・ピース、モーグリ大剣・ピース、モーグリ吟遊・ピース、モーグリ盗賊・ピース
Beastmaster,,,,小怪：奇子·蛞蝓、奇子·花苗、奇子·凶蛛蝎、奇子·比洛克,雑魚：スラッグ・ピース、フラワーシード・ピース、ダイアマイト・ピース、ビロック・ピース
Beastmaster,,,,小怪：奇子·蹒跚鬼、奇子·爬行鬼,雑魚：シャンブラー・ピース、クローラー・ピース
Beastmaster,,,,小怪：奇子·转盘堡,雑魚：タレット・ピース
Beastmaster,,,,小怪：奇子·铁巨人、雷元精,雑魚：アイアンジャイアント・ピース、ライトニングエレメンタル
Beastmaster,Captured,攻略,,小怪：奇子·鱼人,雑魚：サハギン・ピース
Beastmaster,,,,小怪：小地豆,雑魚：サンドモール
Beastmaster,,,,小怪：有毒物质,雑魚：有毒物質
Beastmaster,,,,小怪：死亡沙漏、奇子·哈帕利特、奇子·肮脏之眼,雑魚：死の砂時計、ハパリット・ピース、イービルアイ・ピース
Beastmaster,,,,小怪：雷元精,雑魚：ライトニングエレメンタル
Beastmaster,Captured,闘獣攻略,,小火史莱姆像一堆大痘。。,小型の火スライムが多数出ます。
Beastmaster,,,,尚无运行记录,実行履歴なし
Beastmaster,,,,尝试捕获开启时，无视目标捕获BUFF，但仍受血量阈值限制,通常捕獲が有効な場合でも、捕獲BUFFを無視します。ただしHPしきい値は適用されます。
Beastmaster,Captured,ACRオーバーレイ,,尝试捕获：按血量和捕获BUFF判断；点击切换为强制捕获,通常捕獲：HPと捕獲BUFFを判定します。クリックで強制捕獲へ切替
Beastmaster,Captured,攻略,,尽快击杀小怪，「沙尘暴」的使命可以让宝宝吃（真伙伴哈哈）。「大地摇动」是扇形攻击，要和宝宝离得远一点哦。,雑魚は早めに処理します。「砂塵暴」は魔獣に受けさせることもできます。「大地の揺動」は扇範囲なので、魔獣と距離を取って処理します。
Beastmaster,,,,属性,属性
Beastmaster,Captured,ACRオーバーレイ,,属性：,属性：
Beastmaster,,,,岔路一右,分岐1・右
Beastmaster,,,,岔路一左,分岐1・左
Beastmaster,,,,工具,ツール
Beastmaster,Captured,闘獣攻略,,左右刀专场训练,左右の斬撃を見分ける練習戦です。
Beastmaster,Species,,,巨型陆蟹,メガロクラブ
Beastmaster,Species,,,巨蟾蜍,ギガントード
Beastmaster,Captured,,,已复制当前预设。,現在のプリセットを複製しました。
Beastmaster,Captured,,,已完成,完了
Beastmaster,Captured,,,已新建编队预设。,編成プリセットを作成しました。
Beastmaster,,,,已暂停,一時停止中
Beastmaster,Captured,,,已装备,装備中
Beastmaster,,,,巴哈姆特大迷宫入侵之章1,大迷宮バハムート：侵攻編1
Beastmaster,Species,,,席兹,ジズ
Beastmaster,,,,常用设置,基本設定
Beastmaster,,,,序列诊断,シーケンス診断
Beastmaster,Species,,,库西,クーシー
Beastmaster,Captured,,,应用,適用
Beastmaster,Captured,,,应用中...,適用中...
Beastmaster,,,,应用编队,編成を適用
Beastmaster,Captured,ACRオーバーレイ,,开关已关闭,OFF
Beastmaster,Captured,ACRオーバーレイ,,开启,ON
Beastmaster,,,,开启后可在悬浮窗中切换“尝试捕获”，右键悬浮窗可打开设置。,ONにするとオーバーレイで「通常捕獲」を切り替えられます。オーバーレイを右クリックすると設定を開けます。
Beastmaster,,,,开启后，仅当当前魔兽的释放技能不可用时，才会使用最后一击；不要求开启自动释放。,ONにすると、現在の魔獣の「はなつ」が使用できない場合にのみ「さいごのいちげき」を使用します。「はなつ」の自動使用をONにする必要はありません。
Beastmaster,,,,开启后，仅当目标最大 HP 严格大于自身最大 HP × 5 时，当前笛才允许按目标血量阈值使用释放。默认关闭。,ONにすると、対象の最大HPが自身の最大HPの5倍を超える場合に限り、現在の呼び笛でHPしきい値に応じた「はなつ」を使用します。初期設定はOFFです。
Beastmaster,Captured,,,开始 NPC：,開始NPC：
Beastmaster,,,,开始 NPC：そわそわした様子の冒険者 · グリダニア：新市街,開始NPC：そわそわした様子の冒険者 · グリダニア：新市街
Beastmaster,,,,开始 NPC：シルモン · 黒衣森：中央森林,開始NPC：シルモン · 黒衣森：中央森林
Beastmaster,,,,开始 NPC：ジャ・ユハ・ティア · 黒衣森：中央森林,開始NPC：ジャ・ユハ・ティア · 黒衣森：中央森林
Beastmaster,,,,开始 NPC：ラウダ · 黒衣森：中央森林,開始NPC：ラウダ · 黒衣森：中央森林
Beastmaster,Captured,,,开始 NPC：客户端未提供有效接取坐标,開始NPC：ゲームデータから有効な受注座標を取得できません。
Beastmaster,,,,开始奇弈点击捕获##StartCapture,闘獣開始後にクリック捕獲##StartCapture
Beastmaster,Captured,闘獣攻略,,开局突进接钢铁，突进接扇形。BOSS读条「黑暗帷幕」后隐身；爆弹怪会放黄圈，优先击杀深瞳。光元精读条「放逐」时，将攻击引导至场中以解除BOSS隐身状态。,開幕は突進→円範囲、続いて突進→扇範囲。BOSSは「暗黒の帳」詠唱後に姿を消します。ボムの黄円に注意し、ディープアイを優先撃破。光エレメンタルの「バニシュ」は中央へ誘導してBOSSの隠密を解除します。
Beastmaster,,,,开战前先切 3 笛准备壳蟹的借用；水栖波尽量打在易伤 Buff 内，也可驱散敌方增益。,開戦前に参の呼び笛へ切り替え、クラブの「かりる」を準備します。「クエリングウェーブ」は耐性低下中に合わせ、敵の強化解除にも使えます。
Beastmaster,,,,开战前先切 3 笛准备碧企鹅的借用；陆蟹无需等待完整连携。,開戦前に参の呼び笛へ切り替え、アプカルの「かりる」を準備します。メガロクラブはコンボ完走を待たずに切り替えて構いません。
Beastmaster,,,,开荒装,初期装備
Beastmaster,,,,开荒装：优先考虑获取难度和快速成型。,初期装備：入手しやすさと早期完成を優先します。
Beastmaster,,,,弐の呼び笛,弐の呼び笛
Beastmaster,,,,弐の呼び笛でコリブリを召喚して使用,弐の呼び笛でコリブリを召喚して使用
Beastmaster,,,,弐の呼び笛でメガロクラブを召喚し、水属性耐性低下を付与,弐の呼び笛でメガロクラブを召喚し、水属性耐性低下を付与
Beastmaster,,,,弐の呼び笛でヴェスパを召喚して使用,弐の呼び笛でヴェスパを召喚して使用
Beastmaster,ScreenshotFix,,,強制捕獲,強制捕獲
Beastmaster,,,,強制捕獲###强制捕获,強制捕獲###强制捕获
Beastmaster,,,,强制捕获,強制捕獲
Beastmaster,Captured,ACRオーバーレイ,,强制捕获：无视目标捕获BUFF，但仍受血量阈值限制；点击关闭捕获,強制捕獲：対象の捕獲BUFFを無視しますが、HPしきい値は適用されます。クリックで捕獲OFF
Beastmaster,ScreenshotFix,,,当前のシーケンス,現在のシーケンス
Beastmaster,Captured,,,当前任务序列的目标,現在のクエスト目標
Beastmaster,,,,当前任务序列的目标坐标尚未采集。 ,現在のクエスト的対象坐标尚未采集。 
Beastmaster,,,,当前序列,現在のシーケンス
Beastmaster,,,,当前序列##settings-sequence-selector,現在シーケンス##settings-sequence-selector
Beastmaster,,,,当前序列：虫队模版序列,現在のシーケンス：虫編成テンプレート
Beastmaster,,,,当前模式,現在のモード
Beastmaster,,,,当前状态,現在の状態
Beastmaster,Captured,ACRオーバーレイ,,当前目标,現在のターゲット
Beastmaster,Captured,,,当前编队,現在の編成
Beastmaster,,,,当前职业不是驯兽师,現在のジョブは獣使いではありません
Beastmaster,Captured,,,当前规则集已复制到剪贴板。,現在のルールセットをクリップボードへコピーしました。
Beastmaster,,,,当前规则集没有规则。添加后按从上到下的顺序判断。,現在のルールセットにはルールがありません。追加すると上から順に判定します。
Beastmaster,Captured,,,当前角色：Mico Reed@Yojimbo,現在のキャラクター：Mico Reed@Yojimbo
Beastmaster,,,,当前角色：Sonne Felsenstein@Ixion,現在のキャラクター：Sonne Felsenstein@Ixion
Beastmaster,,,,当前量谱,現在のジョブゲージ
Beastmaster,Captured,,,当前魔兽：,現在の魔獣：
Beastmaster,Captured,ACRオーバーレイ,,当前魔兽：未召唤,現在の魔獣：未召喚
Beastmaster,,,,待补 ItemId,ItemId未設定
Beastmaster,Captured,,,御兽之心：,御獣の心：
Beastmaster,Captured,ACRオーバーレイ,,御兽之心：0 层 | 兽灵之心：0 层,御獣の心：0層 | 獣霊の心：0層
Beastmaster,Captured,ACRオーバーレイ,,御兽协作,御獣連携
Beastmaster,Captured,ACRオーバーレイ,,御兽协作##overlay-advanced-placeholder,御獣連携##overlay-advanced-placeholder
Beastmaster,Captured,ACRオーバーレイ,,御兽协作##overlay-advanced-御兽协作,御獣連携##overlay-advanced-御兽协作
Beastmaster,,,,御兽协作（黄豆）,御獣連携（黄）
Beastmaster,ScreenshotFix,,,御兽协力（黄）,御獣協力（黄）
Beastmaster,UntranslatedFix,,,御獣協力（黄）###御兽协作（黄豆）,御獣協力（黄）###御兽协作（黄豆）
Beastmaster,,,,御獣連携（黄）###御兽协作（黄豆）,御獣連携（黄）###御兽协作（黄豆）
Beastmaster,,,,必要プラグイン,必要プラグイン
Beastmaster,,,,応援,応援
Beastmaster,,,,快捷指令,コマンド
Beastmaster,,,,快捷指令##section-commands,コマンド##section-commands
Beastmaster,Captured,闘獣攻略,,怨毒龙 博尔格尼,怨毒竜 ボルグニ
Beastmaster,,,,怪鳥巨塔 シリウス大灯台,怪鳥巨塔 シリウス大灯台
Beastmaster,,,,恢复爬塔模版,塔攻略テンプレートを復元
Beastmaster,,,,恢复虫队模版,虫編成テンプレートへ戻す
Beastmaster,,,,悬浮窗三列模式##OverlayThreeColumnMode,オーバーレイ3列表示##OverlayThreeColumnMode
Beastmaster,Captured,闘獣攻略,,我用0.01秒就算出来这条路没人走。,このルートはほとんど選ばれないようです。
Beastmaster,,,,戒指 1,指輪1
Beastmaster,,,,戒指 2,指輪2
Beastmaster,Captured,闘獣攻略,,或者利用一些可以快速移动的神秘小工具。,素早く移動できる手段があると処理しやすくなります。
Beastmaster,,,,战斗插件,戦闘プラグイン
Beastmaster,,,,戦闘プラグイン###战斗插件,戦闘プラグイン###战斗插件
Beastmaster,,,,戦闘ログなし,戦闘ログなし
Beastmaster,ScreenshotFix,,,戦闘手順,戦闘手順
Beastmaster,ScreenshotFix,,,戦闘手順を追加,戦闘手順を追加
Beastmaster,ScreenshotFix,,,所持品 あり (1),所持品：あり (1)
Beastmaster,,,,所持品 なし,所持品：なし
Beastmaster,,,,所持品に所持 (48),所持品に所持 (48)
Beastmaster,,,,所有区域,すべてのエリア
Beastmaster,,,,所有诊断模块的状态或原因发生变化时输出一次汇总，并记录到战斗日志。,各診断モジュールの状態または理由が変化した時に一度だけ概要を出力し、戦闘ログにも記録します。
Beastmaster,ScreenshotFix,,,手,手
Beastmaster,Captured,,,手动释放大招,必殺技を手動実行
Beastmaster,Captured,ACRオーバーレイ,,手动释放大招##manual-ultimate-overlay,リミット技を手動発動##manual-ultimate-overlay
Beastmaster,,,,手部,手
Beastmaster,,,,手镯,腕輪
Beastmaster,Captured,闘獣攻略,,扎我一身刺，差评。这格性价比不高。,棘攻撃が多く、このマスはやや面倒です。
Beastmaster,,,,打开 Bilibili 参考视频##recommended-combination-bilibili,Bilibili参考動画を開く##recommended-combination-bilibili
Beastmaster,,,,打开 Omni Discord,Omni Discordを開く
Beastmaster,,,,打开插件安装器,プラグインインストーラーを開く
Beastmaster,,,,打开时同步「斗兽奇弈」相关挑战的完成情况。,開いた時に「闘獣盤」関連の攻略手帳達成状況を同期します。
Beastmaster,,,,打开设置,設定を開く
Beastmaster,Captured,,,打开驯兽师助手；子命令：输出、暂停、恢复、关闭、倒计时 [秒数]、取消倒计时。,Beastmasterを開きます。サブコマンド：输出（自動戦闘）、暂停（一時停止）、恢复（再開）、关闭（OFF）、倒计时 [秒数]（カウントダウン）、取消倒计时（カウントダウン取消）。
Beastmaster,Captured,闘獣攻略,,打掉一两个雷元精就非常好跑了。,雷エレメンタルを1～2体倒すと移動しやすくなります。
Beastmaster,,,,执行方式,実行方法
Beastmaster,,,,扫描0号槽 ActionId 46959~46980##StartUseActionScan,スロット0のActionId 46959～46980をスキャン##StartUseActionScan
Beastmaster,Captured,ACRオーバーレイ,,技力,技力
Beastmaster,Captured,ACRオーバーレイ,,技力 0/250,技力 0/250
Beastmaster,Captured,ACRオーバーレイ,,技力和兽力满足基础门槛,技力・獣力ともに発動条件を満たしています
Beastmaster,,,,技能,スキル
Beastmaster,,,,技能序列,スキルシーケンス
Beastmaster,,,,技能序列##BeastmasterSequenceSettings,スキルシーケンス##BeastmasterSequenceSettings
Beastmaster,,,,技能序列##section-sequences,スキルシーケンス##section-sequences
Beastmaster,,,,技能状态,スキル状態
Beastmaster,,,,投稿・出典,投稿・出典
Beastmaster,,,,投稿与来源,投稿・出典
Beastmaster,,,,投稿元：大三元さん,投稿元：大三元さん
Beastmaster,,,,投稿来源：网友 大三元,投稿元：大三元さん
Beastmaster,Captured,闘獣攻略,,抽不到怪也是一种运气,編成次第では楽に進められます。
Beastmaster,,,,抽牌抽牌,カードマス
Beastmaster,,,,拉诺西亚低地,低地ラノシア
Beastmaster,,,,拉诺西亚外地,外地ラノシア
Beastmaster,,,,持有,所持
Beastmaster,Captured,ACRオーバーレイ,,持续吸引,継続引きつけ
Beastmaster,Captured,ACRオーバーレイ,,持续吸引##overlay-advanced-placeholder,継続引きつけ##overlay-advanced-placeholder
Beastmaster,Captured,ACRオーバーレイ,,持续吸引##overlay-advanced-持续吸引,継続引きつけ##overlay-advanced-持续吸引
Beastmaster,Captured,ACRオーバーレイ,,持续挑衅,継続挑発
Beastmaster,Captured,ACRオーバーレイ,,持续挑衅##overlay-advanced-placeholder,継続挑発##overlay-advanced-placeholder
Beastmaster,Captured,ACRオーバーレイ,,持续挑衅##overlay-advanced-持续挑衅,継続挑発##overlay-advanced-持续挑衅
Beastmaster,,,,指定エリアのみ,指定エリアのみ
Beastmaster,,,,指輪1,指輪1
Beastmaster,,,,指輪2,指輪2
Beastmaster,Captured,闘獣攻略,,指针转一圈到沙漏位置前打掉沙漏。BOSS读条「5兽级即死」时，若在场宝宝等级为5的倍数，请手动引爆离场；第二次「死亡轮盘」若小怪在场，眼睛会读死宣，背对处理。,針が一周して砂時計位置へ到達する前に砂時計を壊します。「5獣級即死」詠唱時、場の魔獣Lvが5の倍数なら手動で退場させます。2回目の「死亡ルーレット」で雑魚が残っている場合、目玉が死の宣告を使うので背を向けて処理します。
Beastmaster,,,,按兽级排序,魔獣Lv順
Beastmaster,,,,按地图排序,エリア順
Beastmaster,,,,按客户端任务状态显示进度，并前往未完成任务的接取位置。,ゲーム内のクエスト状態から進行状況を表示し、未完了クエストの受注場所へ移動できます。
Beastmaster,,,,按捕获等级排序,捕獲Lv順
Beastmaster,,,,按角色保存，打开页签自动同步完成情况。,キャラクターごとに保存し、このタブを開くと達成状況を自動同期します。
Beastmaster,,,,挑战笔记,攻略手帳
Beastmaster,Captured,,,挑战笔记数据尚未加载，请先在游戏内打开一次挑战笔记。,攻略手帳のデータが未読込です。ゲーム内で一度攻略手帳を開いてください。
Beastmaster,,,,捕猎,狩猟
Beastmaster,ScreenshotFix,,,捕獲HPしきい値,捕獲HPしきい値
Beastmaster,,,,捕獲HPしきい値###捕获阈值,捕獲HPしきい値###捕获阈值
Beastmaster,,,,捕獲Lv順###按捕获等级排序,捕獲Lv順###按捕获等级排序
Beastmaster,,,,捕獲メッセージを自動記録##AutoCompleteCatalogFromChat###捕获消息自动记录##AutoCompleteCatalogFromChat,捕獲メッセージを自動記録##AutoCompleteCatalogFromChat###捕获消息自动记录##AutoCompleteCatalogFromChat
Beastmaster,,,,捕獲成功メッセージを受信したら図鑑を自動で完了扱いにします。,捕獲成功メッセージを受信したら図鑑を自動で完了扱いにします。
Beastmaster,,,,捕獲済みを非表示###隐藏已捕获魔兽,捕獲済みを非表示###隐藏已捕获魔兽
Beastmaster,ScreenshotFix,,,捕獲済み魔獣を非表示,捕獲済みを非表示
Beastmaster,Captured,ACRオーバーレイ,,捕获,捕獲
Beastmaster,ScreenshotFix,,,捕获Lv順,捕獲Lv順
Beastmaster,Captured,ACRオーバーレイ,,捕获未开启；点击开启尝试捕获,捕獲OFF。クリックで通常捕獲をON
Beastmaster,,,,捕获消息自动记录##AutoCompleteCatalogFromChat,捕獲メッセージを自動記録##AutoCompleteCatalogFromChat
Beastmaster,,,,捕获等级,捕獲Lv
Beastmaster,,,,捕获血量阈值,捕獲HPしきい値
Beastmaster,Captured,ACRオーバーレイ,,捕获血量阈值：目标血量小于或等于此百分比时释放捕获,捕獲HPしきい値：対象HPがこの割合以下になると捕獲を使用します
Beastmaster,Captured,ACRオーバーレイ,,捕获阈值,捕獲HPしきい値
Beastmaster,,,,排名,排名
Beastmaster,Captured,,,排除指定区域,指定エリアを除外
Beastmaster,,,,推荐组合,おすすめ編成
Beastmaster,,,,推荐组合##section-combinations,おすすめ編成##section-combinations
Beastmaster,,,,推荐装备,おすすめ装備
Beastmaster,,,,推荐装备##section-equipment,おすすめ装備##section-equipment
Beastmaster,ScreenshotFix,,,推荐阵容：,おすすめ編成：
Beastmaster,,,,推荐阵容：螳螂 + 胡蜂 + 库西,おすすめ編成：マンティス + ヴェスパ + クーシー
Beastmaster,,,,推荐阵容：螳螂 + 蜂鸟 + 胡蜂,おすすめ編成：マンティス + コリブリ + ヴェスパ
Beastmaster,,,,插件配置,プラグイン設定
Beastmaster,,,,摩杜纳,モードゥナ
Beastmaster,,,,收到成功结识消息时自动标记图鉴完成。,捕獲成功メッセージを受信したら図鑑を自動で完了扱いにします。
Beastmaster,,,,改良型加隆德强攻手镯,ガーロンド・アタッカーブレスレットRE
Beastmaster,,,,改良型加隆德强攻指环,ガーロンド・アタッカーリングRE
Beastmaster,ScreenshotFix,,,攻略手册,攻略メモ
Beastmaster,,,,攻略手帳,攻略手帳
Beastmaster,,,,斗兽争奇,闘獣練
Beastmaster,,,,斗兽奇弈,闘獣盤
Beastmaster,,,,斗兽奇弈##section-party,闘獣盤##section-party
Beastmaster,,,,斗兽奇弈需要 Omni Verification,闘獣練にはOmni Verificationが必要です
Beastmaster,,,,斗兽成就,闘獣実績
Beastmaster,,,,斗兽攻略,闘獣攻略
Beastmaster,ScreenshotFix,,,斗兽盘,闘獣盤
Beastmaster,ScreenshotFix,,,斗兽盘编成,闘獣盤編成
Beastmaster,,,,新增区域 ID,エリアID追加
Beastmaster,,,,新增条件,条件追加
Beastmaster,,,,新建,新規
Beastmaster,,,,新建序列,新規シーケンス
Beastmaster,,,,新建规则集,新規ルールセット
Beastmaster,ScreenshotFix,,,新規シーケンス,新規シーケンス
Beastmaster,ScreenshotFix,,,新规,新規
Beastmaster,Captured,ACRオーバーレイ,,无有效 BattleNpc 目标,有効なBattleNpcターゲットがありません
Beastmaster,Captured,ACRオーバーレイ,,无有效目标,有効なターゲットなし
Beastmaster,,,,无装备,装備なし
Beastmaster,,,,时间,時間
Beastmaster,,,,显示导航日志##ShowNavigationLogs,ナビゲーションログを表示##ShowNavigationLogs
Beastmaster,,,,显示悬浮窗中的原因、捕获状态、当前魔兽、量谱和高级技能候选等详细信息。默认关闭。,オーバーレイに理由、捕獲状態、現在の魔獣、ジョブゲージ、上位スキル候補などの詳細を表示します。初期設定はOFFです。
Beastmaster,ScreenshotFix,,,時間,時間
Beastmaster,,,,暂停,一時停止
Beastmaster,Captured,ACRオーバーレイ,,暂停中,一時停止中
Beastmaster,,,,暂停时保留自动输出总开关，但不执行任何动作,一時停止中も自動戦闘のメインスイッチは維持しますが、動作は行いません。
Beastmaster,,,,暂无战斗日志,戦闘ログなし
Beastmaster,Captured,ACRオーバーレイ,,暂无有效 BattleNpc 目标,有効なBattleNpcターゲットがありません
Beastmaster,,,,最も簡単で扱いやすい高速周回編成。マンティスの強化スキルを無駄にしないことが重要です。,最も簡単で扱いやすい高速周回編成。マンティスの強化スキルを無駄にしないことが重要です。
Beastmaster,,,,最初的搭档  [完了],最初的搭档  [完了]
Beastmaster,,,,最初的搭档  [已完成],最初的搭档  [完了]
Beastmaster,,,,最后一击,とどめの一撃
Beastmaster,,,,最后一击 · 1 笛##AutoFinalStrikeWhistleOneEnabled,さいごのいちげき・壱の呼び笛##AutoFinalStrikeWhistleOneEnabled
Beastmaster,UntranslatedFix,,,最后一击 · 1 笛##AutoFinalStrikeWhistleOneEnabled###最后一击 · 1 笛##AutoFinalStrikeWhistleOneEnabled,さいごのいちげき・壱の呼び笛##AutoFinalStrikeWhistleOneEnabled###最后一击 · 1 笛##AutoFinalStrikeWhistleOneEnabled
Beastmaster,,,,最后一击 · 2 笛##AutoFinalStrikeWhistleTwoEnabled,さいごのいちげき・弐の呼び笛##AutoFinalStrikeWhistleTwoEnabled
Beastmaster,UntranslatedFix,,,最后一击 · 2 笛##AutoFinalStrikeWhistleTwoEnabled###最后一击 · 2 笛##AutoFinalStrikeWhistleTwoEnabled,さいごのいちげき・弐の呼び笛##AutoFinalStrikeWhistleTwoEnabled###最后一击 · 2 笛##AutoFinalStrikeWhistleTwoEnabled
Beastmaster,,,,最后一击 · 3 笛##AutoFinalStrikeWhistleThreeEnabled,さいごのいちげき・参の呼び笛##AutoFinalStrikeWhistleThreeEnabled
Beastmaster,UntranslatedFix,,,最后一击 · 3 笛##AutoFinalStrikeWhistleThreeEnabled###最后一击 · 3 笛##AutoFinalStrikeWhistleThreeEnabled,さいごのいちげき・参の呼び笛##AutoFinalStrikeWhistleThreeEnabled###最后一击 · 3 笛##AutoFinalStrikeWhistleThreeEnabled
Beastmaster,,,,最后一击 · 等待释放,さいごのいちげき・「はなつ」待ち
Beastmaster,Captured,ACRオーバーレイ,,最后一击##overlay-advanced-placeholder,とどめの一撃##overlay-advanced-placeholder
Beastmaster,Captured,ACRオーバーレイ,,最后一击##overlay-advanced-最后一击,とどめの一撃##overlay-advanced-最后一击
Beastmaster,,,,最简单、最无脑的速刷阵容。核心难点是保证螳螂的增益技能不要落空。,最も簡単で扱いやすい高速周回編成。マンティスの強化スキルを無駄にしないことが重要です。
Beastmaster,,,,最終BOSS,最終BOSS
Beastmaster,,,,最终BOSS,最終BOSS
Beastmaster,Captured,,,最近同步：,最終同期：
Beastmaster,Captured,,,最近同步：2026-09-20 03:40:00,最終同期：2026-09-20 03:40:00
Beastmaster,,,,最近诊断,直近の診断
Beastmaster,Captured,闘獣攻略,,有BMR难度会降低很多的一关。,BMRがあると難易度がかなり下がります。
Beastmaster,,,,有効化##selected-rule###启用##selected-rule,有効化##selected-rule###启用##selected-rule
Beastmaster,Captured,闘獣攻略,,有毒物质,有毒物質
Beastmaster,OfficialActions,,,有翼飞掠,クラウドスキム
Beastmaster,Captured,ACRオーバーレイ,,未召唤,未召喚
Beastmaster,Captured,,,未命名序列,名称未設定
Beastmaster,Captured,,,未命名规则集,名称未設定ルールセット
Beastmaster,Captured,,,未完成,未完了
Beastmaster,Captured,,,未开启,OFF
Beastmaster,,,,未找到「斗兽奇弈」相关的挑战笔记条目。,「闘獣盤」に関連する攻略手帳項目が見つかりません。
Beastmaster,Captured,,,未接取,未受注
Beastmaster,Captured,,,未知技能,不明なスキル
Beastmaster,Captured,ACRオーバーレイ,,未识别当前魔兽，无法生成高级技能候选。,現在の魔獣を識別できないため、上位スキル候補を生成できません。
Beastmaster,Captured,ACRオーバーレイ,,未进战时允许普通 ACR 主动攻击、捕获和使用斗兽塔技能,非戦闘時も通常ACRの先制攻撃・捕獲・闘獣塔スキル使用を許可します
Beastmaster,Captured,ACRオーバーレイ,,未进战时普通 ACR 不会攻击、捕获或使用斗兽塔技能,非戦闘時は通常ACRで攻撃・捕獲・闘獣塔スキルを使用しません
Beastmaster,Captured,攻略,,机制:AOE 杀 AOE 杀 麻将顺序为钢铁顺序，先打骑士。,ギミック：範囲攻撃で雑魚を処理します。AoEの順番を確認し、騎士タイプを優先して倒します。
Beastmaster,Captured,攻略,,机制:「混乱之歌」场边无范围提示扇形，记得挑衅，宝宝也不能吃这个。远离在地上爬的小怪。「亡者之歌」钢铁范围很大月环范围很小。「诱导之歌」有长距离强制移动+场边扇形。,ギミック：「混乱の歌」は外周から来る予兆なしの扇範囲です。ターゲット維持を忘れずに。魔獣で受けることはできません。地面を這う雑魚から離れます。「亡者の歌」は円範囲が大きく、ドーナツ範囲の安地は狭めです。「誘導の歌」は長距離の強制移動＋外周扇範囲です。
Beastmaster,Captured,攻略,,机制:召唤出的魔球有环就是月环没环就是钢铁，有眼睛的球炸的时候要背对。,ギミック：召喚された魔球は、輪があればドーナツ範囲、輪がなければ円範囲です。目の付いた球が爆発する時は背を向けます。
Beastmaster,Captured,攻略,,机制:吃机制时注意不要打碎蛋，正常孵化的就杀掉。「前方/后方乱流」注意刀的方向就行。,ギミック：ギミック処理中は卵を壊さないよう注意し、正常に孵化した雑魚だけ倒します。「前方／後方乱流」は攻撃方向を見て回避します。
Beastmaster,Captured,攻略,,机制:尽快击杀小怪，「沙尘暴」的使命可以让宝宝吃（真伙伴哈哈）。「大地摇动」是扇形攻击，要和宝宝离得远一点哦。,ギミック：雑魚は早めに処理します。「砂塵暴」は魔獣に受けさせることもできます。「大地の揺動」は扇範囲なので、魔獣と距離を取って処理します。
Beastmaster,Captured,攻略,,机制:输出够可尝试在鱼人读条「麻痹尖刺」前将鱼人击杀，读完后鱼人会有反伤；输出不够则先打碎壳子、然后使用止步宝宝对尤弥尔进行输出。鱼人「恐慌洗礼」会附加恐慌（宝宝可以帮吃）。大海啸的击退距离很长，记得跑路。,ギミック：火力が足りるなら、サハギンが「パライズスパイク」を詠唱する前に倒します。詠唱後は反撃効果が付くため注意。火力が足りない場合はユミールの殻を壊し、バインド役の魔獣で足止めして攻撃します。「恐慌洗礼」は恐慌を付与します。大海嘯はノックバック距離が長いので、早めに移動してください。
Beastmaster,Captured,攻略,,机制:这个一句话怕是说不完哦。留意宝宝位置，小心吃平A。,ギミック：一言では説明しきれない最終戦です。魔獣の位置を確認し、オートアタックを余計に受けないよう注意してください。
Beastmaster,Captured,攻略,,机制:骑士会不断召唤小怪，击杀小怪时请保证每次骑士读条「幻影生成」时可连线的球不超过四个。生成的幻影在场内为超大钢铁，在场边为直线。,ギミック：騎士は雑魚を継続的に召喚します。騎士が「幻影生成」を詠唱する時、線で結ばれる球が4個を超えないよう雑魚を処理します。生成された幻影が場内なら巨大円範囲、外周なら直線範囲になります。
Beastmaster,Captured,攻略,,机制：,ギミック：
Beastmaster,,,,机制：AOE 杀 AOE 杀 麻将顺序为钢铁顺序，先打骑士。,ギミック：範囲攻撃で雑魚を処理します。AoEの順番を確認し、騎士タイプを優先して倒します。
Beastmaster,,,,机制：AOE多，注意自身血量。,ギミック：範囲攻撃が多いので、自分のHPに注意します。
Beastmaster,,,,机制：BOSS血量较低，盯着使劲打就行了。,ギミック：BOSSのHPは低めなので、集中して攻撃すれば押し切れます。
Beastmaster,,,,机制：BOSS读条「岩壁」时注意观察尖刺方向，不要被石头撞。第一个巨像死掉后第二个会复活；「岩雨」会出现四块石头，碎掉的石头下为月环。「自爆」不是即死，反而是BOSS自爆完就死了。,ギミック：「岩壁」はトゲの向きを見て岩に当たらないようにします。1体目のゴーレムを倒すと2体目が復活。「岩雨」では4つの岩が出現し、壊れた岩の下がドーナツ安地になります。「自爆」は即死ではなく、BOSSが自爆後に倒れます。
Beastmaster,,,,机制：BOSS读条「无终的枯朽」时安全区范围比较小，「寒冰覆盖」会在所在位置放置黄圈，建议在安全区内三角形放置。,ギミック：「終わりなき枯朽」は安全地帯が狭め。「寒氷の覆い」は現在地に黄円を置くので、安全地帯内で三角形になるよう配置すると処理しやすいです。
Beastmaster,,,,机制：BOSS读条「猛毒吐息」时向后跳至场边，喷出扇形毒雾，实际安全范围为目标圈大小的圆形，注意观察BOSS面向；「猛毒黏液」将毒圈沿场边放置；BOSS读条「蠕动的痰」时远离毒圈放置目标，并在目标进入毒圈前击杀。,ギミック：「猛毒の吐息」は後方へ跳んで外周から扇状毒霧。実際の安全範囲はターゲットサークル程度なのでBOSSの向きを確認します。「猛毒粘液」は毒円を外周へ置きます。「蠢く痰」は毒円から離して誘導し、毒円へ入る前に倒します。
Beastmaster,,,,机制：BOSS读条「致命射线」时，读条剩余2-3秒可提前站到石板上或不踩BOSS脚下这块；「以太波」直条比较宽，注意范围。尽量快点杀掉，后面机制多了踩石板时间比较紧。,ギミック：BOSSの「致命光線」は詠唱残り2～3秒で石板へ移動します。「エーテル波」は直線範囲が広いので注意。後半ほど石板処理が忙しくなるため、できるだけ早く倒します。
Beastmaster,,,,机制：「十吨重踏」跳过去的圈是即死，躲击退的时候不要踩进去。「声援」可被打断，不打断是死刑，大概率能秒杀满血宝宝。,ギミック：「十トン踏み」で発生する円は即死級です。ノックバック回避時に踏まないよう注意。「声援」は中断可能で、止めないと魔獣が即死する可能性があります。
Beastmaster,,,,机制：「混乱之歌」场边无范围提示扇形，记得挑衅，宝宝也不能吃这个。远离在地上爬的小怪。「亡者之歌」钢铁范围很大月环范围很小。「诱导之歌」有长距离强制移动+场边扇形。,ギミック：「混乱の歌」は外周から来る予兆なしの扇範囲です。魔獣では受けられません。地面を這う雑魚から離れます。「亡者の歌」は円範囲が大きく、ドーナツ安地は狭め。「誘導の歌」は長距離強制移動＋外周扇範囲です。
Beastmaster,,,,机制：「石化光照射」不要照到自己和小怪，小怪被照会附加增伤。二次召唤出的独眼巨人尽快击杀一个；可以利用BOSS射线石化巨人，石化后的巨人会被秒杀。,ギミック：「石化光照射」を自分や雑魚に当てないようにします。雑魚に当たると与ダメージ上昇が付きます。2回目に召喚されるサイクロプスは1体を早めに倒し、BOSSの光線で石化させると即座に処理できます。
Beastmaster,,,,机制：「突进连斩」为冲向玩家后先前半场刀接后半场刀；「圆环连斩」为脚下钢铁接向外扩展月环；「腐瘴气」时吃球降低BOSS身上的BUFF，但是一次吃不能超过五层。,ギミック：「突進連斬」は突進後に前半面→後半面攻撃。「円環連斬」は足元円→外側ドーナツ。「腐瘴気」では球を取ってBOSSの強化を下げますが、一度に5スタックを超えないようにします。
Beastmaster,,,,机制：「致命尾刺」给的中毒可以消掉，「毒蛛网」给的消不掉，注意血量；小蝎子出现后尽快消灭。,ギミック：「致命の尾針」の毒は解除できますが、「毒の蜘蛛網」の毒は解除できません。HPに注意し、子サソリが出たら早めに倒します。
Beastmaster,,,,机制：「血雨」抬手钢铁，不抬手月环；BOSS读条「召唤」后优先击杀梦魔法师，「欺瞒雾」使用吸引注意让宝宝接。,ギミック：「血雨」は腕を上げたら円範囲、上げなければドーナツ範囲。BOSSが「召喚」を詠唱したらナイトメア・メイジを優先して倒し、「欺瞞の霧」は魔獣に受けさせます。
Beastmaster,,,,机制：「雷气吸收」时不仅要看没有连线的手，还要观察BOSS是否旋转，安全区会和BOSS一起转动；「气化炸弹」击退距离很远，前往四角放置。,ギミック：「雷気吸収」は線のない手だけでなくBOSSの回転も確認します。安全地帯もBOSSと一緒に回転します。「気化爆弾」はノックバック距離が長いので四隅へ置きます。
Beastmaster,,,,机制：不要踩场边沙坑。冒叹号的沙坑会放扇形，场中的四个炸弹能打进小地豆所在的沙坑，对小地豆有伤害。哥布可以打慢点，地震还挺疼的。,ギミック：外周の砂穴を踏まないようにします。！マークの砂穴から扇範囲が出ます。中央の4つの爆弾はサンドモールのいる砂穴へ入れるとダメージを与えられます。ゴブリンは急がなくてもよいですが、地震はかなり痛いです。
Beastmaster,,,,机制：先打主教，骑士架盾后用宝宝吸引仇恨从背后打。,ギミック：先にビショップを倒します。ナイトが盾を構えたら、魔獣にヘイトを取らせて背後から攻撃します。
Beastmaster,,,,机制：先打有连线的。,ギミック：線でつながっている敵から優先して倒します。
Beastmaster,,,,机制：利用巨人的锤子打碎大史莱姆，连续锤击两次同属性史莱姆会有AOE。「巨躯狂怒」双手往前为钢铁，往后为后半场刀，单手拿锤为前半场刀。,ギミック：巨人のハンマーで大型スライムを壊します。同属性のスライムを2回連続で叩くとAoEが発生。「巨躯狂怒」は両手が前なら円範囲、後ろなら後半面、片手にハンマーなら前半面攻撃です。
Beastmaster,,,,机制：到这了还不看攻略吗，你的胆子真是肥嘟嘟的。,ギミック：ここまで来たら攻略を確認しつつ慎重に進めます。
Beastmaster,,,,机制：召唤出的魔球有环就是月环没环就是钢铁，有眼睛的球炸的时候要背对。,ギミック：召喚された魔球は、輪があればドーナツ範囲、輪がなければ円範囲です。目の付いた球が爆発する時は背を向けます。
Beastmaster,,,,机制：吃机制时注意不要打碎蛋，正常孵化的就杀掉。「前方/后方乱流」注意刀的方向就行。,ギミック：ギミック処理中に卵を壊さないよう注意。通常孵化したヒナは倒します。「前方／後方乱流」は攻撃方向を見て回避します。
Beastmaster,,,,机制：小怪会不停在脚下放黄圈，清完小怪盯着BOSS打即可；似乎不清也不是很疼。,ギミック：雑魚が足元へ黄円を連発します。雑魚を処理したらBOSSを集中攻撃。雑魚を残しても致命的ではありません。
Beastmaster,,,,机制：小怪出了迅速击杀。,ギミック：雑魚が出たら素早く倒します。
Beastmaster,,,,机制：小怪出来迅速击杀。,ギミック：雑魚が出たらすぐ倒します。
Beastmaster,,,,机制：尽快击杀小怪，「沙尘暴」的使命可以让宝宝吃（真伙伴哈哈）。「大地摇动」是扇形攻击，要和宝宝离得远一点哦。,ギミック：雑魚は早めに処理します。「砂塵暴」は魔獣に受けさせることもできます。「大地の揺動」は扇範囲なので、魔獣と距離を取って処理します。
Beastmaster,,,,机制：左右刀专场训练,ギミック：左右の斬撃を見分ける練習戦です。
Beastmaster,,,,机制：开局突进接钢铁，突进接扇形。BOSS读条「黑暗帷幕」后隐身；爆弹怪会放黄圈，优先击杀深瞳。光元精读条「放逐」时，将攻击引导至场中以解除BOSS隐身状态。,ギミック：開幕は突進→円範囲、続いて突進→扇範囲。BOSSは「暗黒の帳」詠唱後に姿を消します。ボムの黄円に注意し、ディープアイを優先撃破。光エレメンタルの「バニシュ」は中央へ誘導してBOSSの隠密を解除します。
Beastmaster,,,,机制：我用0.01秒就算出来这条路没人走。,ギミック：このルートはほとんど選ばれないようです。
Beastmaster,,,,机制：打掉一两个雷元精就非常好跑了。,ギミック：雷エレメンタルを1～2体倒すと移動しやすくなります。
Beastmaster,,,,机制：指针转一圈到沙漏位置前打掉沙漏。BOSS读条「5兽级即死」时，若在场宝宝等级为5的倍数，请手动引爆离场；第二次「死亡轮盘」若小怪在场，眼睛会读死宣，背对处理。,ギミック：針が一周して砂時計位置へ到達する前に砂時計を壊します。「5獣級即死」詠唱時、場の魔獣Lvが5の倍数なら手動で退場させます。2回目の「死亡ルーレット」で雑魚が残っている場合、目玉が死の宣告を使うので背を向けて処理します。
Beastmaster,,,,机制：注意观察「深渊贯穿」生成的圆形AOE范围，容易被误伤。,ギミック：「深淵貫通」で発生する円形AoEの範囲をよく見て、巻き込まれないよう注意します。
Beastmaster,,,,机制：渐渐混乱不要超过16层（可能不准），圈尽量往四个角放。,ギミック：「漸進する混乱」は16スタックを超えないよう注意し、AoEはできるだけ四隅へ置きます。
Beastmaster,,,,机制：火蛟开局蹦向左侧接扇形；场地中的火球会释放黄圈。全部击杀后前往地图火龙卷处躲避月环。蝴蝶出现后优先击杀，不要让蟾蜍吃到蝴蝶，否则会获得体力恢复。,ギミック：開幕に左へ跳んで扇範囲。場内の火球が黄円を出します。全処理後は火の竜巻側へ移動してドーナツ範囲を回避。蝶が出たら優先して倒し、ヒキガエルに食べさせないようにします。
Beastmaster,,,,机制：爆震去风圈，魔法锤去史莱姆，狂水去河童。第一个机制固定是白圈，可以提前走位。,ギミック：爆震は風の円、魔法ハンマーはスライム、狂水は河童へ誘導します。最初のギミックは白円固定なので先に位置取りできます。
Beastmaster,,,,机制：第一次「燃烧猛击」为BOSS当前位置扇形，第二回会穿梭至对面火圈放扇形，注意提前跑路；BOSS读条「火灵的守护」时可以提前去场边等候，留技能或使用道具击杀妖火。,ギミック：1回目の「燃焼猛撃」はBOSS現在地からの扇範囲。2回目は反対側の火輪へ移動して扇範囲を出すので、早めに退避します。「火霊の守護」の詠唱中は外周へ移動し、スキルや道具を温存して妖火を処理します。
Beastmaster,,,,机制：莫古小贼会偷斗兽币，攻击它会归还。整体机制还算和平。,ギミック：モーグリ盗賊は闘獣貨を盗みますが、攻撃すると返します。全体的には比較的穏やかなギミックです。
Beastmaster,,,,机制：蘑菇要在水里死掉。,ギミック：キノコは水の中で倒します。
Beastmaster,,,,机制：观察三个头：冰结为钢铁，雷电为月环；红头发光为前方扇形，其余哪边头发光就是哪边的大扇形。「强袭吐息」为拉线冲刺加扇形，注意观察发光头部。,ギミック：3つの頭を確認。氷結は円範囲、雷電はドーナツ範囲。赤い頭が光れば前方扇範囲、左右の頭が光ればその側の大扇範囲です。「強襲ブレス」は線付き突進＋扇範囲なので光る頭を確認します。
Beastmaster,,,,机制：踩中荆棘圈时按次伤害，不是DOT。BOSS读条「鲜花陷阱」时荆棘圈会扩大，「吐出」即击退，看好安全区即可。,ギミック：茨の円は踏むたびにダメージを受け、DoTではありません。「鮮花の罠」詠唱中は茨範囲が拡大し、「吐き出し」はノックバックです。安全地帯を確認します。
Beastmaster,,,,机制：输出够可尝试在鱼人读条「麻痹尖刺」前将鱼人击杀，读完后鱼人会有反伤；输出不够则先打碎壳子、然后使用止步宝宝对尤弥尔进行输出。鱼人「恐慌洗礼」会附加恐慌（宝宝可以帮吃）。大海啸的击退距离很长，记得跑路。,ギミック：火力が足りるならサハギンの「麻痺の棘」詠唱前に倒します。詠唱後は反射状態になります。火力不足なら先に殻を壊し、魔獣を止めながらユミールを攻撃します。「恐慌の洗礼」は恐慌を付与。大海嘯のノックバック距離が長いので早めに移動します。
Beastmaster,,,,机制：这个一句话怕是说不完哦。留意宝宝位置，小心吃平A。,ギミック：一言では説明しきれない最終戦です。魔獣の位置を確認し、オートアタックを余計に受けないよう注意してください。
Beastmaster,,,,机制：锻炼脑力关，似乎选择魔物的关卡只有陆鱼这一个固定答案。,ギミック：判断力を使うギミック戦です。魔物選択ではプギルが固定正解のようです。
Beastmaster,,,,机制：随机怪一般都比较简单，盯着BOSS杀就行。,ギミック：ランダム雑魚は比較的簡単なので、BOSSを優先して攻撃します。
Beastmaster,,,,机制：风元精的直条比较慢，中间路被堵死时可从外面走去找BOSS。,ギミック：風エレメンタルの直線攻撃は遅めです。中央が塞がれた場合は外周からBOSS側へ回れます。
Beastmaster,,,,机制：骑士会不断召唤小怪，击杀小怪时请保证每次骑士读条「幻影生成」时可连线的球不超过四个。生成的幻影在场内为超大钢铁，在场边为直线。,ギミック：ナイトが雑魚を召喚し続けます。「幻影生成」の詠唱時に、線でつながる球が4個を超えないよう雑魚を処理します。幻影が場内なら巨大円範囲、外周なら直線攻撃です。
Beastmaster,Captured,,,条件,条件
Beastmaster,,,,条件 1,条件1
Beastmaster,,,,条件1,条件1
Beastmaster,,,,条件の組み合わせ###条件关系,条件の組み合わせ###条件关系
Beastmaster,,,,条件关系,条件の組み合わせ
Beastmaster,,,,東ラノシア,東ラノシア
Beastmaster,Species,,,松鼠,スクウィレル
Beastmaster,,,,查询##DebugActionStatus,照会##DebugActionStatus
Beastmaster,,,,查询##DebugSearch,検索##DebugSearch
Beastmaster,,,,核心思路是由蝾螈和巨型陆蟹分别提供魔法易伤与水属性易伤，三号位壳蟹负责主要输出。,サラマンダーで魔法被ダメージ上昇、メガロクラブで水属性耐性低下を入れ、参の呼び笛のクラブを主力にする構成です。
Beastmaster,Captured,,,检测类型,判定種別
Beastmaster,,,,检测类型##condition-0,判定種別##condition-0
Beastmaster,,,,正在读取当前角色的成就完成情况…,現在のキャラクターのアチーブメント達成状況を読み込み中…
Beastmaster,,,,武器,武器
Beastmaster,Captured,闘獣攻略,,死亡沙漏,死の砂時計
Beastmaster,OfficialActions,,,死尸净化,アッシュクレンズ
Beastmaster,Species,,,死魂,ゲシュンペスト
Beastmaster,,,,水晶塔古代人迷宫,クリスタルタワー：古代の民の迷宮
Beastmaster,OfficialActions,,,水栖波,クェリングウェーブ
Beastmaster,,,,水編成 参考動画：夜風,水編成 参考動画：夜風
Beastmaster,,,,水編成・参考パーティ,水編成・参考パーティ
Beastmaster,ScreenshotFix,,,水編成・第1/2戦 高速周回バリエーション,水編成・第一盤／第二盤 高速周回バリエーション
Beastmaster,,,,水編成・第一盤／第二盤 高速周回バリエーション,水編成・第一盤／第二盤 高速周回バリエーション
Beastmaster,,,,水队 · 1、2层速刷变体,水編成・第一盤／第二盤 高速周回バリエーション
Beastmaster,,,,水队 · 参考阵容,水編成・参考パーティ
Beastmaster,,,,水队参考视频：夜风,水編成 参考動画：夜風
Beastmaster,,,,氷結潜窟 スノークローク大氷壁,氷結潜窟 スノークローク大氷壁
Beastmaster,Captured,ACRオーバーレイ,,没有有效的 BattleNpc 目标,有効なBattleNpcターゲットがありません
Beastmaster,Captured,闘獣攻略,,注意观察「深渊贯穿」生成的圆形AOE范围，容易被误伤。,「深淵貫通」で発生する円形AoEの範囲をよく見て、巻き込まれないよう注意します。
Beastmaster,,,,流沙迷宫樵鸣洞,流砂迷宮 カッターズクライ
Beastmaster,,,,流砂迷宮 カッターズクライ,流砂迷宮 カッターズクライ
Beastmaster,Species,,,海德拉,ハイドラ
Beastmaster,,,,海德拉讨伐战,ハイドラ討伐戦
Beastmaster,,,,"消化 /
シロップ","消化 /
シロップ"
Beastmaster,,,,添加倒计时步骤,カウントダウン手順を追加
Beastmaster,,,,添加区域,エリア追加
Beastmaster,,,,添加规则,ルール追加
Beastmaster,,,,添加进入战斗步骤,戦闘手順を追加
Beastmaster,,,,清空战斗日志,戦闘ログを消去
Beastmaster,Captured,闘獣攻略,,渐渐混乱不要超过16层（可能不准），圈尽量往四个角放。,「漸進する混乱」は16スタックを超えないよう注意し、AoEはできるだけ四隅へ置きます。
Beastmaster,Species,,,渡渡鸟,ドードー
Beastmaster,Captured,闘獣攻略,,火蛟开局蹦向左侧接扇形；场地中的火球会释放黄圈。全部击杀后前往地图火龙卷处躲避月环。蝴蝶出现后优先击杀，不要让蟾蜍吃到蝴蝶，否则会获得体力恢复。,開幕に左へ跳んで扇範囲。場内の火球が黄円を出します。全処理後は火の竜巻側へ移動してドーナツ範囲を回避。蝶が出たら優先して倒し、ヒキガエルに食べさせないようにします。
Beastmaster,Species,,,灯心蜻蛉,ダムゼルフライ
Beastmaster,Species,,,灵蚁,アントリング
Beastmaster,,,,炖剑山芋,げんこつポポトのシチュー
Beastmaster,,,,点击后使用系统浏览器打开,クリックすると既定のブラウザで開きます。
Beastmaster,,,,点击导航时同步设置游戏地图 Flag。,移動開始時にゲーム内マップへFlagも設定します。
Beastmaster,Captured,ACRオーバーレイ,,点击恢复自动输出,クリックで自動戦闘を再開
Beastmaster,,,,点击按钮读取客户端资料。,ボタンを押してクライアントデータを読み込みます。
Beastmaster,Captured,ACRオーバーレイ,,点击暂停自动输出,クリックで自動戦闘を一時停止
Beastmaster,,,,点击访问 Wiki 装备详情,クリックでWikiの装備詳細を開きます。
Beastmaster,,,,熟練,熟練
Beastmaster,Captured,闘獣攻略,,爆震去风圈，魔法锤去史莱姆，狂水去河童。第一个机制固定是白圈，可以提前走位。,爆震は風の円、魔法ハンマーはスライム、狂水は河童へ誘導します。最初のギミックは白円固定なので先に位置取りできます。
Beastmaster,,,,牢不可破的牵绊  [已完成],人と獣が結ぶ絆  [完了]
Beastmaster,UntranslatedFix,,,牢不可破的牵绊  [未受注],壊れぬ絆  [未受注]
Beastmaster,Captured,,,牢不可破的牵绊  [未接取],牢不可破的牵绊  [未受注]
Beastmaster,Captured,ACRオーバーレイ,,状态：无效,状態：無効
Beastmaster,,,,状态：未启用,状態：無効
Beastmaster,,,,状态：等待下一次团队倒计时,状態：次のパーティカウントダウンを待機
Beastmaster,,,,状態：無効,状態：無効
Beastmaster,,,,"狂乱 /
ブレスウィング","狂乱 /
ブレスウィング"
Beastmaster,,,,猛者の試練、特一盤  [完了],猛者の試練、特一盤  [完了]
Beastmaster,,,,猛者的试炼：高段第一盘  [已完成],猛者の試練、特一盤  [完了]
Beastmaster,UntranslatedFix,,,猛者的试炼：高段第一盘  [未受注],猛者の試練：特一盤  [未受注]
Beastmaster,Captured,,,猛者的试炼：高段第一盘  [未接取],猛者的试炼：高段第一盘  [未受注]
Beastmaster,,,,獣使いACR,獣使いACR
Beastmaster,,,,獣使いの証,獣使いの証
Beastmaster,ScreenshotFix,,,獣使いヘルパー,Beastmaster
Beastmaster,,,,獣使い専用手装備+4,獣使い専用手装備+4
Beastmaster,,,,獣使い専用斧,獣使い専用斧
Beastmaster,,,,獣使い専用盾,獣使い専用盾
Beastmaster,,,,獣使い専用耳飾り,獣使い専用耳飾り
Beastmaster,,,,獣使い専用胴装備+4,獣使い専用胴装備+4
Beastmaster,,,,獣使い専用脚装備+4,獣使い専用脚装備+4
Beastmaster,,,,獣使い専用足装備+4,獣使い専用足装備+4
Beastmaster,,,,獣使い専用頭装備+4,獣使い専用頭装備+4
Beastmaster,ScreenshotFix,,,獣使い進行管理,魔獣使い進行管理
Beastmaster,,,,獣道III関連のアチーブメントを上部に表示###兽道3成就置顶,獣道III関連のアチーブメントを上部に表示###兽道3成就置顶
Beastmaster,UntranslatedFix,,,獣霊協力（青）###兽灵协作（蓝豆）,獣霊協力（青）###兽灵协作（蓝豆）
Beastmaster,,,,獣霊連携（青）###兽灵协作（蓝豆）,獣霊連携（青）###兽灵协作（蓝豆）
Beastmaster,,,,現在のキャラクターのアチーブメント達成状況を読み込み中…,現在のキャラクターのアチーブメント達成状況を読み込み中…
Beastmaster,,,,現在のキャラクター：Sonne Felsenstein@Ixion,現在のキャラクター：Sonne Felsenstein@Ixion
Beastmaster,,,,現在のクエスト的対象坐标尚未采集。 ,現在のクエスト的対象坐标尚未采集。 
Beastmaster,,,,現在のシーケンス###当前序列,現在のシーケンス###当前序列
Beastmaster,,,,現在のシーケンス：虫編成テンプレート,現在のシーケンス：虫編成テンプレート
Beastmaster,,,,現在のジョブは獣使いではありません,現在のジョブは獣使いではありません
Beastmaster,,,,現在のジョブは魔獣使いではありません,現在のジョブは魔獣使いではありません
Beastmaster,,,,現在のジョブゲージ,現在のジョブゲージ
Beastmaster,,,,現在のモード,現在のモード
Beastmaster,,,,現在のルールセットを有効化###启用当前规则集,現在のルールセットを有効化###启用当前规则集
Beastmaster,,,,現在の状態,現在の状態
Beastmaster,,,,現在シーケンス##settings-sequence-selector###当前序列##settings-sequence-selector,現在シーケンス##settings-sequence-selector###当前序列##settings-sequence-selector
Beastmaster,,,,現在手動で選択している敵だけを対象にします。未捕獲なら捕獲を優先し、その後1→2→3コンボを実行します。,現在手動で選択している敵だけを対象にします。未捕獲なら捕獲を優先し、その後1→2→3コンボを実行します。
Beastmaster,,,,生成并复制机器凭证,端末認証コードを生成してコピー
Beastmaster,,,,生成并复制账号凭证,アカウント認証コードを生成してコピー
Beastmaster,OfficialActions,,,甲鳞肤,スケイルスキン
Beastmaster,,,,百兽肤,ビーストスキン
Beastmaster,OfficialActions,,,百虫肤,ヴァイルスキン
Beastmaster,,,,盘评价,盤面評価
Beastmaster,,,,盤上の王者、特二盤  [完了],盤上の王者、特二盤  [完了]
Beastmaster,,,,盤面評価,盤面評価
Beastmaster,Captured,,,目标 BUFF,対象BUFF
Beastmaster,Captured,,,目标 DATAID,対象DataID
Beastmaster,Captured,,,目标为 BOSS（IsBoss）,対象がBOSS（IsBoss）
Beastmaster,,,,目标低于此血量时释放捕获,対象HPがこの値以下の時に捕獲を使用
Beastmaster,,,,目标技能始终对当前手动目标释放；DataID 对象只负责触发。技能失败后回退 ACR。,アクションは常に現在手動で選択しているターゲットへ使用します。DataID対象は発動条件の判定にのみ使います。実行に失敗した場合は通常ACRへ戻ります。
Beastmaster,Captured,,,目标血量,対象HP
Beastmaster,,,,目标血量小于等于该阈值时允许 1 笛释放，范围 1%~100%。,対象のHPがこの値以下なら壱の呼び笛の「はなつ」を使用します。設定範囲：1%～100%。
Beastmaster,,,,目标血量小于等于该阈值时允许 2 笛释放，范围 1%~100%。,対象のHPがこの値以下なら弐の呼び笛の「はなつ」を使用します。設定範囲：1%～100%。
Beastmaster,Captured,,,目标读条,対象詠唱
Beastmaster,,,,直近の診断,直近の診断
Beastmaster,ScreenshotFix,,,盾,盾
Beastmaster,,,,盾牌,盾
Beastmaster,,,,盾牌冲击,シールドチャージ
Beastmaster,Species,,,真红龙虾,カーラボス
Beastmaster,Species,,,眼镜蛇,コブラ
Beastmaster,Species,,,矿爬虫,コブラン
Beastmaster,,,,碎击斩,スマッシュ
Beastmaster,,,,碎咬斧,アクスバイト
Beastmaster,Species,,,祖,ズー
Beastmaster,Captured,,,称号：,称号：
Beastmaster,,,,移動開始時にゲーム内マップへFlagも設定します。,移動開始時にゲーム内マップへFlagも設定します。
Beastmaster,,,,第1ルート,第1ルート
Beastmaster,,,,第1戦 17500 · 第2戦 17500 · 第3戦 17500 · 特一盤 18750 · 上級第2戦 18500,第一盤 17500 · 第二盤 17500 · 第三盤 17500 · 特一盤 18750 · 特二盤 18500
Beastmaster,,,,第2ルート,第2ルート
Beastmaster,,,,第5ルート,第5ルート
Beastmaster,,,,第6ルート,第6ルート
Beastmaster,Captured,闘獣攻略,,第一次「燃烧猛击」为BOSS当前位置扇形，第二回会穿梭至对面火圈放扇形，注意提前跑路；BOSS读条「火灵的守护」时可以提前去场边等候，留技能或使用道具击杀妖火。,1回目の「燃焼猛撃」はBOSS現在地からの扇範囲。2回目は反対側の火輪へ移動して扇範囲を出すので、早めに退避します。「火霊の守護」の詠唱中は外周へ移動し、スキルや道具を温存して妖火を処理します。
Beastmaster,,,,第一步,第1ルート
Beastmaster,,,,第一盘,第一盤
Beastmaster,,,,第一盘 17500 · 第二盘 17500 · 第三盘 17500 · 高段第一盘 18750 · 高段第二盘 18500,第一盤 17500 · 第二盤 17500 · 第三盤 17500 · 特一盤 18750 · 特二盤 18500
Beastmaster,,,,第三盘,第三盤
Beastmaster,,,,第二步,第2ルート
Beastmaster,,,,第二盘,第二盤
Beastmaster,,,,第五步,第5ルート
Beastmaster,,,,第六步,第6ルート
Beastmaster,,,,等待可执行状态,実行可能になるまで待機
Beastmaster,Captured,ACRオーバーレイ,,等待当前敌对目标,敵対ターゲットを待機中
Beastmaster,Captured,ACRオーバーレイ,,等待当前目标,現在のターゲットを待機中
Beastmaster,,,,等待成就数据加载…,アチーブメントデータを読み込み中…
Beastmaster,,,,类型：当前位置,種別：現在地
Beastmaster,Species,,,粘液怪,スライム
Beastmaster,,,,総合評価,総合評価
Beastmaster,,,,編成プリセット###编队预设,編成プリセット###编队预设
Beastmaster,,,,经验,経験値
Beastmaster,,,,编号 / 魔兽,番号 / 魔獣
Beastmaster,ScreenshotFix,,,编成预设,編成プリセット
Beastmaster,,,,编辑倒计时和战斗步骤；序列不会自动执行，除非在自动输出中启用。,カウントダウンと戦闘手順を編集します。「自動戦闘」で有効にしない限り自動実行されません。
Beastmaster,,,,编辑第 1 条规则,ルール1を編集
Beastmaster,,,,编队预设,編成プリセット
Beastmaster,,,,缺失,なし
Beastmaster,,,,耳飾り,耳飾り
Beastmaster,,,,耳饰,耳飾り
Beastmaster,,,,职业,ジョブ
Beastmaster,,,,职业证,ジョブクリスタル
Beastmaster,,,,背包 无,所持品 なし
Beastmaster,Captured,,,背包 有,所持品 あり
Beastmaster,,,,背包 有 (48),所持品に所持 (48)
Beastmaster,Species,,,胡蜂,ヴェスパ
Beastmaster,ScreenshotFix,,,胴,胴
Beastmaster,ScreenshotFix,,,脚,脚
Beastmaster,,,,脚部,足
Beastmaster,Species,,,腐坏古菩猩猩,ロッティンググゥーブー
Beastmaster,,,,腐坏遗迹无限城市街古迹,腐敗遺跡 古アムダプール市街
Beastmaster,,,,腐敗遺跡 古アムダプール市街,腐敗遺跡 古アムダプール市街
Beastmaster,Captured,闘獣攻略,,腐汁,腐汁
Beastmaster,,,,腕輪,腕輪
Beastmaster,,,,腿部,脚
Beastmaster,Captured,ACRオーバーレイ,,自主三笛,笛自動切替
Beastmaster,Captured,ACRオーバーレイ,,自动,自動
Beastmaster,,,,自动兽笛,自動獣笛
Beastmaster,Captured,ACRオーバーレイ,,自动兽笛##overlay-advanced-placeholder,自動獣笛##overlay-advanced-placeholder
Beastmaster,Captured,ACRオーバーレイ,,自动兽笛##overlay-advanced-自动兽笛,自動獣笛##overlay-advanced-自动兽笛
Beastmaster,,,,自动导航至黑衣森林中央林区的斗兽塔入口位置。,黒衣森：中央森林の闘獣塔入口まで自動で移動します。
Beastmaster,ScreenshotFix,,,自动战斗,自動戦闘
Beastmaster,ScreenshotFix,,,自动战斗と自動攻撃の動作を設定します。,自動戦闘と自動攻撃の動作を設定します。
Beastmaster,ScreenshotFix,,,自动戦闘,自動戦闘
Beastmaster,ScreenshotFix,,,自动戦闘と自動攻撃の動作を設定します。,自動戦闘と自動攻撃の動作を設定します。
Beastmaster,,,,自动输出,自動戦闘
Beastmaster,,,,自动输出##section-auto-output,自動戦闘##section-auto-output
Beastmaster,,,,自动输出诊断##AutoOutputDiagnostics,自動戦闘診断##AutoOutputDiagnostics
Beastmaster,ScreenshotFix,,,自動战斗,自動戦闘
Beastmaster,,,,自動戦闘,自動戦闘
Beastmaster,,,,自動戦闘###自动输出,自動戦闘###自动输出
Beastmaster,ScreenshotFix,,,自動戦闘診断,自動戦闘診断
Beastmaster,ScreenshotFix,,,自動戦闘診断を有効化,自動戦闘診断を有効化
Beastmaster,,,,自動戦闘診断を有効化##AutoOutputDiagnosticsEnabled###启用自动输出诊断##AutoOutputDiagnosticsEnabled,自動戦闘診断を有効化##AutoOutputDiagnosticsEnabled###启用自动输出诊断##AutoOutputDiagnosticsEnabled
Beastmaster,,,,自動捕獲と自動攻撃の動作を設定します。,自動捕獲と自動攻撃の動作を設定します。
Beastmaster,,,,自動獣笛###自动兽笛,自動獣笛###自动兽笛
Beastmaster,,,,自爆を実行します。,自爆を実行します。
Beastmaster,,,,自身 BUFF,自身BUFF
Beastmaster,,,,自身BUFF,自身BUFF
Beastmaster,Captured,,,自身血量,自身HP
Beastmaster,OfficialActions,,,草木播种,シードサワー
Beastmaster,Captured,闘獣攻略,,莫古小贼会偷斗兽币，攻击它会归还。整体机制还算和平。,モーグリ盗賊は闘獣貨を盗みますが、攻撃すると返します。全体的には比較的穏やかなギミックです。
Beastmaster,Species,,,蔓德拉,マンドラゴラ
Beastmaster,Captured,闘獣攻略,,蘑菇要在水里死掉。,キノコは水の中で倒します。
Beastmaster,,,,虫編成テンプレート,虫編成テンプレート
Beastmaster,ScreenshotFix,,,虫編成テンプレートへ戻す,虫編成テンプレートへ戻す
Beastmaster,ScreenshotFix,,,虫編成・上級第1戦 高速周回,虫編成・特一盤 高速周回
Beastmaster,,,,虫編成・特一盤 高速周回,虫編成・特一盤 高速周回
Beastmaster,ScreenshotFix,,,虫編成・第1/2戦 高速周回,虫編成・第一盤／第二盤 高速周回
Beastmaster,,,,虫編成・第一盤／第二盤 高速周回,虫編成・第一盤／第二盤 高速周回
Beastmaster,,,,虫队 · 1、2层速刷,虫編成・第一盤／第二盤 高速周回
Beastmaster,,,,虫队 · 高1层速刷,虫編成・特一盤 高速周回
Beastmaster,Captured,ACRオーバーレイ,,虫队模板,虫編成テンプレート
Beastmaster,Captured,ACRオーバーレイ,,虫队模版,虫編成テンプレート
Beastmaster,,,,虫队模版序列,虫編成テンプレート
Beastmaster,ScreenshotFix,,,虫隊模版序列,虫編成テンプレート
Beastmaster,Species,,,蝾螈,サラマンダー
Beastmaster,,,,蝾螈 + 巨型陆蟹 + 壳蟹,サラマンダー + メガロクラブ + クラブ
Beastmaster,,,,蝾螈 + 巨型陆蟹 + 碧企鹅,サラマンダー + メガロクラブ + アプカル
Beastmaster,Captured,,,血量条件,HP条件
Beastmaster,Captured,,,血量阈值,HPしきい値
Beastmaster,,,,裂盾劈,シールドスプリッター
Beastmaster,,,,装備なし,装備なし
Beastmaster,ScreenshotFix,,,装備セット,装備セット
Beastmaster,,,,装備セット###装备方案,装備セット###装备方案
Beastmaster,,,,装备,装備
Beastmaster,,,,装备方案,装備セット
Beastmaster,,,,補足：BMRがあると難易度がかなり下がります。,補足：BMRがあると難易度がかなり下がります。
Beastmaster,,,,補足：……,補足：……
Beastmaster,,,,補足：かなり痛い攻撃が来るので注意。,補足：かなり痛い攻撃が来るので注意。
Beastmaster,,,,補足：このルートはあまり選ばれません。,補足：このルートはあまり選ばれません。
Beastmaster,,,,補足：ゾンビー処理とスタック管理に注意する戦闘です。,補足：ゾンビー処理とスタック管理に注意する戦闘です。
Beastmaster,,,,補足：出現率はかなり低いようです。,補足：出現率はかなり低いようです。
Beastmaster,,,,補足：初見は少し驚きますが、落ち着いて処理すれば大丈夫です。,補足：初見は少し驚きますが、落ち着いて処理すれば大丈夫です。
Beastmaster,,,,補足：地面を這う雑魚は特に処理しづらいので注意。,補足：地面を這う雑魚は特に処理しづらいので注意。
Beastmaster,,,,補足：小型の火スライムが多数出ます。,補足：小型の火スライムが多数出ます。
Beastmaster,,,,補足：捕獲が難しい相手です。,補足：捕獲が難しい相手です。
Beastmaster,,,,補足：敵が多く画面が混雑するので、優先順位を決めて処理します。,補足：敵が多く画面が混雑するので、優先順位を決めて処理します。
Beastmaster,,,,補足：棘攻撃が多く、このマスはやや面倒です。,補足：棘攻撃が多く、このマスはやや面倒です。
Beastmaster,,,,補足：盾を構えたナイトを攻撃し続ければ、しばらくすると自分で盾を解除します。16分待つ必要はありません。,補足：盾を構えたナイトを攻撃し続ければ、しばらくすると自分で盾を解除します。16分待つ必要はありません。
Beastmaster,,,,補足：素早く移動できる手段があると処理しやすくなります。,補足：素早く移動できる手段があると処理しやすくなります。
Beastmaster,,,,補足：編成次第では楽に進められます。,補足：編成次第では楽に進められます。
Beastmaster,,,,補足：装備が整っていない時期は火力不足になりやすいです。,補足：装備が整っていない時期は火力不足になりやすいです。
Beastmaster,,,,補足：視線ギミックなので背を向けます。,補足：視線ギミックなので背を向けます。
Beastmaster,,,,補足：逃げるBOSSを追って確実に攻撃します。,補足：逃げるBOSSを追って確実に攻撃します。
Beastmaster,,,,補足：道中のビショップは不用意に踏まないようにします。,補足：道中のビショップは不用意に踏まないようにします。
Beastmaster,,,,補足：魔獣のHP減少にも注意します。,補足：魔獣のHP減少にも注意します。
Beastmaster,,,,西ザナラーン,西ザナラーン
Beastmaster,,,,西ラノシア,西ラノシア
Beastmaster,,,,西拉诺西亚,西ラノシア
Beastmaster,,,,西萨纳兰,西ザナラーン
Beastmaster,,,,要点：5獣級即死、死亡ルーレット,要点：5獣級即死、死亡ルーレット
Beastmaster,,,,要点：前方／後方乱流,要点：前方／後方乱流
Beastmaster,,,,要点：十トン踏み、声援,要点：十トン踏み、声援
Beastmaster,,,,要点：岩壁、岩雨、自爆,要点：岩壁、岩雨、自爆
Beastmaster,,,,要点：巨躯狂怒,要点：巨躯狂怒
Beastmaster,,,,要点：幻影生成,要点：幻影生成
Beastmaster,,,,要点：強襲ブレス,要点：強襲ブレス
Beastmaster,,,,要点：暗黒の帳、バニシュ,要点：暗黒の帳、バニシュ
Beastmaster,,,,要点：深淵貫通,要点：深淵貫通
Beastmaster,,,,要点：混乱の歌、亡者の歌、誘導の歌,要点：混乱の歌、亡者の歌、誘導の歌
Beastmaster,,,,要点：燃焼猛撃、火霊の守護,要点：燃焼猛撃、火霊の守護
Beastmaster,,,,要点：猛毒の吐息、猛毒粘液、蠢く痰,要点：猛毒の吐息、猛毒粘液、蠢く痰
Beastmaster,,,,要点：石化光照射,要点：石化光照射
Beastmaster,,,,要点：砂塵暴、大地の揺動,要点：砂塵暴、大地の揺動
Beastmaster,,,,要点：突進連斬、円環連斬、腐瘴気,要点：突進連斬、円環連斬、腐瘴気
Beastmaster,,,,要点：終わりなき枯朽、寒氷の覆い,要点：終わりなき枯朽、寒氷の覆い
Beastmaster,,,,要点：致命の尾針、毒の蜘蛛網,要点：致命の尾針、毒の蜘蛛網
Beastmaster,,,,要点：致命光線、エーテル波,要点：致命光線、エーテル波
Beastmaster,,,,要点：血雨、召喚、欺瞞の霧,要点：血雨、召喚、欺瞞の霧
Beastmaster,,,,要点：雷気吸収、気化爆弾,要点：雷気吸収、気化爆弾
Beastmaster,,,,要点：鮮花の罠、吐き出し,要点：鮮花の罠、吐き出し
Beastmaster,,,,要点：麻痺の棘、恐慌の洗礼,要点：麻痺の棘、恐慌の洗礼
Beastmaster,Captured,闘獣攻略,,观察三个头：冰结为钢铁，雷电为月环；红头发光为前方扇形，其余哪边头发光就是哪边的大扇形。「强袭吐息」为拉线冲刺加扇形，注意观察发光头部。,3つの頭を確認。氷結は円範囲、雷電はドーナツ範囲。赤い頭が光れば前方扇範囲、左右の頭が光ればその側の大扇範囲です。「強襲ブレス」は線付き突進＋扇範囲なので光る頭を確認します。
Beastmaster,,,,规则仅在战斗中运行；优先级低于技能序列、高于普通 ACR，并按显示顺序检查第一条命中项。,ルールは戦闘中のみ動作します。優先度はスキルシーケンスより低く、通常ACRより高く、上から順に最初に成立したルールを実行します。
Beastmaster,,,,规则名称,ルール名
Beastmaster,,,,规则模式,ルールモード
Beastmaster,,,,规则模式##section-rules,ルールモード##section-rules
Beastmaster,,,,规则模式未启用,ルールモードは無効です
Beastmaster,,,,规则诊断,ルール診断
Beastmaster,,,,规则诊断级别,ルール診断レベル
Beastmaster,,,,规则集,ルールセット
Beastmaster,,,,规则（0/100）,ルール（0/100）
Beastmaster,,,,规则（3/100）,ルール（3/100）
Beastmaster,UntranslatedFix,,,解放###释放,はなつ###释放
Beastmaster,,,,設定,設定
Beastmaster,ScreenshotFix,,,詳細表示,詳細表示
Beastmaster,,,,詳細表示##ShowGaugeInOverlay###详细模式##ShowGaugeInOverlay,詳細表示##ShowGaugeInOverlay###详细模式##ShowGaugeInOverlay
Beastmaster,,,,认证 / 重新认证 OMNI,OMNI認証／再認証
Beastmaster,,,,训练有素,熟練
Beastmaster,,,,设置,設定
Beastmaster,,,,设置##section-settings,設定##section-settings
Beastmaster,,,,设置地图标记##SetFlagOnNavigation,マップFlagを設定##SetFlagOnNavigation
Beastmaster,Captured,,,该层攻略资料待补充。,この階層の攻略情報は未登録です。
Beastmaster,,,,详细模式##ShowGaugeInOverlay,詳細表示##ShowGaugeInOverlay
Beastmaster,,,,说明,説明
Beastmaster,Captured,ACRオーバーレイ,,请先在自动输出栏目开启自动输出,先に「自動戦闘」で自動戦闘をONにしてください
Beastmaster,,,,读取##DebugCurrentState,読み込み##DebugCurrentState
Beastmaster,,,,读取##DebugProjectData,読み込み##DebugProjectData
Beastmaster,Captured,,,读条 ID,詠唱ID
Beastmaster,Species,,,贝希摩斯,ベヒーモス
Beastmaster,Captured,闘獣攻略,,贪食无厌 加特勒,貪食のガトラー
Beastmaster,,,,贪食无厌加特勒  [完了],貪食のガトラー  [完了]
Beastmaster,,,,贪食无厌加特勒  [已完成],貪食のガトラー  [完了]
Beastmaster,,,,赎罪的獣使い  [完了],贖罪の魔獣使い  [完了]
Beastmaster,,,,赎罪的驯兽师  [已完成],贖罪の魔獣使い  [完了]
Beastmaster,ScreenshotFix,,,足,足
Beastmaster,,,,跨地图传送,エリア間テレポ
Beastmaster,Captured,闘獣攻略,,路边的主教不要随便踩,道中のビショップは不用意に踏まないようにします。
Beastmaster,Captured,闘獣攻略,,踩中荆棘圈时按次伤害，不是DOT。BOSS读条「鲜花陷阱」时荆棘圈会扩大，「吐出」即击退，看好安全区即可。,茨の円は踏むたびにダメージを受け、DoTではありません。「鮮花の罠」詠唱中は茨範囲が拡大し、「吐き出し」はノックバックです。安全地帯を確認します。
Beastmaster,,,,身体,胴
Beastmaster,Captured,闘獣攻略,,输出够可尝试在鱼人读条「麻痹尖刺」前将鱼人击杀，读完后鱼人会有反伤；输出不够则先打碎壳子、然后使用止步宝宝对尤弥尔进行输出。鱼人「恐慌洗礼」会附加恐慌（宝宝可以帮吃）。大海啸的击退距离很长，记得跑路。,火力が足りるならサハギンの「麻痺の棘」詠唱前に倒します。詠唱後は反射状態になります。火力不足なら先に殻を壊し、魔獣を止めながらユミールを攻撃します。「恐慌の洗礼」は恐慌を付与。大海嘯のノックバック距離が長いので早めに移動します。
Beastmaster,Captured,闘獣攻略,,这下是真有机制要背对。,視線ギミックなので背を向けます。
Beastmaster,Captured,攻略,,这个一句话怕是说不完哦。留意宝宝位置，小心吃平A。,一言では説明しきれない最終戦です。魔獣の位置を確認し、オートアタックを余計に受けないよう注意してください。
Beastmaster,Captured,闘獣攻略,,这也太有劲了呃呃。,かなり痛い攻撃が来るので注意。
Beastmaster,Captured,闘獣攻略,,这种黏在地上的小怪最难扣了。,地面を這う雑魚は特に処理しづらいので注意。
Beastmaster,Captured,,,进入战斗,戦闘開始
Beastmaster,ScreenshotFix,,,进入战斗步骤,戦闘手順
Beastmaster,,,,进入战斗步骤##sequence-进入战斗,戦闘手順##sequence-进入战斗
Beastmaster,Captured,,,进行中,進行中
Beastmaster,,,,进行自爆。,自爆を実行します。
Beastmaster,Species,,,迷途羊羔,シープ
Beastmaster,,,,逆襲要害 サスタシャ浸食洞,逆襲要害 サスタシャ浸食洞
Beastmaster,,,,逆转要害沙斯塔夏溶洞,逆襲要害 サスタシャ浸食洞
Beastmaster,,,,选择技能,スキル選択
Beastmaster,,,,选择资料类型后读取；读取结果会自动复制到剪贴板。,データ種別を選んで読み込みます。結果は自動でクリップボードへコピーされます。
Beastmaster,,,,通常捕獲が有効な場合でも、捕獲BUFFを無視します。ただしHPしきい値は適用されます。,通常捕獲が有効な場合でも、捕獲BUFFを無視します。ただしHPしきい値は適用されます。
Beastmaster,,,,部位,部位
Beastmaster,,,,配置自动捕获和自动攻击行为。,自動捕獲と自動攻撃の動作を設定します。
Beastmaster,,,,释放,リリース
Beastmaster,,,,释放 · 1 笛##AutoReleaseWhistleOneEnabled,はなつ・壱の呼び笛##AutoReleaseWhistleOneEnabled
Beastmaster,UntranslatedFix,,,释放 · 1 笛##AutoReleaseWhistleOneEnabled###释放 · 1 笛##AutoReleaseWhistleOneEnabled,はなつ・壱の呼び笛##AutoReleaseWhistleOneEnabled###释放 · 1 笛##AutoReleaseWhistleOneEnabled
Beastmaster,,,,释放 · 2 笛##AutoReleaseWhistleTwoEnabled,はなつ・弐の呼び笛##AutoReleaseWhistleTwoEnabled
Beastmaster,UntranslatedFix,,,释放 · 2 笛##AutoReleaseWhistleTwoEnabled###释放 · 2 笛##AutoReleaseWhistleTwoEnabled,はなつ・弐の呼び笛##AutoReleaseWhistleTwoEnabled###释放 · 2 笛##AutoReleaseWhistleTwoEnabled
Beastmaster,,,,释放 · 3 笛##AutoReleaseWhistleThreeEnabled,はなつ・参の呼び笛##AutoReleaseWhistleThreeEnabled
Beastmaster,UntranslatedFix,,,释放 · 3 笛##AutoReleaseWhistleThreeEnabled###释放 · 3 笛##AutoReleaseWhistleThreeEnabled,はなつ・参の呼び笛##AutoReleaseWhistleThreeEnabled###释放 · 3 笛##AutoReleaseWhistleThreeEnabled
Beastmaster,,,,释放 · 只打BOSS,はなつ・BOSSのみ
Beastmaster,Captured,ACRオーバーレイ,,释放 · 好了就放,リリース・使用可能になり次第発動
Beastmaster,Captured,ACRオーバーレイ,,释放##overlay-advanced-placeholder,リリース##overlay-advanced-placeholder
Beastmaster,Captured,ACRオーバーレイ,,释放##overlay-advanced-释放,リリース##overlay-advanced-释放
Beastmaster,,,,释放：ウォーターウォール,はなつ：ウォーターウォール
Beastmaster,,,,释放：スキャンパー,はなつ：スキャンパー
Beastmaster,,,,释放：テイルチェイス,はなつ：テイルチェイス
Beastmaster,,,,释放：ファウルブレス,はなつ：ファウルブレス
Beastmaster,,,,释放：ペッキングフラリー,はなつ：ペッキングフラリー
Beastmaster,,,,释放：ホワイトブレス,はなつ：ホワイトブレス
Beastmaster,,,,释放：ララバイ,はなつ：ララバイ
Beastmaster,,,,释放：石化にらみ,はなつ：石化にらみ
Beastmaster,Captured,,,释放：硬質化,はなつ：硬質化
Beastmaster,OfficialActions,,,释放：硬质化,はなつ：硬質化
Beastmaster,Captured,,,释放：运行时调整技能,「はなつ」：実行時にスキルを自動調整
Beastmaster,,,,释放：雄叫び,はなつ：雄叫び
Beastmaster,,,,重新检测,再検出
Beastmaster,Captured,攻略,,重点：,要点：
Beastmaster,,,,重点：5兽级即死、死亡轮盘,要点：5獣級即死、死亡ルーレット
Beastmaster,,,,重点：前方/后方乱流,要点：前方／後方乱流
Beastmaster,,,,重点：十吨重踏、声援,要点：十トン踏み、声援
Beastmaster,,,,重点：岩壁、岩雨、自爆,要点：岩壁、岩雨、自爆
Beastmaster,,,,重点：巨躯狂怒,要点：巨躯狂怒
Beastmaster,,,,重点：幻影生成,要点：幻影生成
Beastmaster,,,,重点：强袭吐息,要点：強襲ブレス
Beastmaster,,,,重点：无终的枯朽、寒冰覆盖,要点：終わりなき枯朽、寒氷の覆い
Beastmaster,,,,重点：沙尘暴、大地摇动,要点：砂塵暴、大地の揺動
Beastmaster,,,,重点：深渊贯穿,要点：深淵貫通
Beastmaster,,,,重点：混乱之歌、亡者之歌、诱导之歌,要点：混乱の歌、亡者の歌、誘導の歌
Beastmaster,,,,重点：燃烧猛击、火灵的守护,要点：燃焼猛撃、火霊の守護
Beastmaster,,,,重点：猛毒吐息、猛毒黏液、蠕动的痰,要点：猛毒の吐息、猛毒粘液、蠢く痰
Beastmaster,,,,重点：石化光照射,要点：石化光照射
Beastmaster,,,,重点：突进连斩、圆环连斩、腐瘴气,要点：突進連斬、円環連斬、腐瘴気
Beastmaster,,,,重点：致命射线、以太波,要点：致命光線、エーテル波
Beastmaster,,,,重点：致命尾刺、毒蛛网,要点：致命の尾針、毒の蜘蛛網
Beastmaster,,,,重点：血雨、召唤、欺瞒雾,要点：血雨、召喚、欺瞞の霧
Beastmaster,,,,重点：雷气吸收、气化炸弹,要点：雷気吸収、気化爆弾
Beastmaster,,,,重点：鲜花陷阱、吐出,要点：鮮花の罠、吐き出し
Beastmaster,,,,重点：麻痹尖刺、恐慌洗礼,要点：麻痺の棘、恐慌の洗礼
Beastmaster,,,,重点：黑暗帷幕、放逐,要点：暗黒の帳、バニシュ
Beastmaster,,,,野外躲避,フィールド回避
Beastmaster,,,,"針幾本 /
ハッスルダンス","針幾本 /
ハッスルダンス"
Beastmaster,Captured,闘獣攻略,,锻炼脑力关，似乎选择魔物的关卡只有陆鱼这一个固定答案。,判断力を使うギミック戦です。魔物選択ではプギルが固定正解のようです。
Beastmaster,Species,,,长须豹,クァール
Beastmaster,,,,開いた時に「闘獣盤」関連の攻略手帳達成状況を同期します。,開いた時に「闘獣盤」関連の攻略手帳達成状況を同期します。
Beastmaster,,,,開始NPC：そわそわした様子の冒険者 · グリダニア：新市街,開始NPC：そわそわした様子の冒険者 · グリダニア：新市街
Beastmaster,,,,開始NPC：シルモン · 黒衣森：中央森林,開始NPC：シルモン · 黒衣森：中央森林
Beastmaster,,,,開始NPC：ジャ・ユハ・ティア · 黒衣森：中央森林,開始NPC：ジャ・ユハ・ティア · 黒衣森：中央森林
Beastmaster,,,,開始NPC：ラウダ · 黒衣森：中央森林,開始NPC：ラウダ · 黒衣森：中央森林
Beastmaster,,,,開戦前に参の呼び笛へ切り替え、アプカルの「かりる」を準備します。メガロクラブはコンボ完走を待たずに切り替えて構いません。,開戦前に参の呼び笛へ切り替え、アプカルの「かりる」を準備します。メガロクラブはコンボ完走を待たずに切り替えて構いません。
Beastmaster,,,,開戦前に参の呼び笛へ切り替え、クラブの「かりる」を準備します。「クエリングウェーブ」は耐性低下中に合わせ、敵の強化解除にも使えます。,開戦前に参の呼び笛へ切り替え、クラブの「かりる」を準備します。「クエリングウェーブ」は耐性低下中に合わせ、敵の強化解除にも使えます。
Beastmaster,ScreenshotFix,,,闘獣塔へ移動,闘獣塔へ移動
Beastmaster,,,,闘獣実績,闘獣実績
Beastmaster,,,,闘獣攻略,闘獣攻略
Beastmaster,,,,闘獣盤,闘獣盤
Beastmaster,,,,闘獣練,闘獣練
Beastmaster,,,,闘獣練にはOmni Verificationが必要です,闘獣練にはOmni Verificationが必要です
Beastmaster,,,,闘獣練の戦闘中のみ有効です。自身のHPがしきい値を下回ると、回復薬セット → ランク4/3/2/1回復薬 → ランク3/2/1薬粉 → 魔獣吸血薬 → 吸血鬼の牙の順で回復アイテムを使用します。吸血鬼の牙には敵ターゲットが必要で、使用成功後は2秒の間隔を置きます。初期設定はOFFです。,闘獣練の戦闘中のみ有効です。自身のHPがしきい値を下回ると、回復薬セット → ランク4/3/2/1回復薬 → ランク3/2/1薬粉 → 魔獣吸血薬 → 吸血鬼の牙の順で回復アイテムを使用します。吸血鬼の牙には敵ターゲットが必要で、使用成功後は2秒の間隔を置きます。初期設定はOFFです。
Beastmaster,,,,防具,防具
Beastmaster,Species,,,陆鱼,プギル
Beastmaster,Species,,,陷阱草,トラップ種
Beastmaster,Captured,闘獣攻略,,随机怪一般都比较简单，盯着BOSS杀就行。,ランダム雑魚は比較的簡単なので、BOSSを優先して攻撃します。
Beastmaster,,,,隐藏已完成,完了済みを非表示
Beastmaster,,,,隐藏已完成任务,完了済みを非表示
Beastmaster,,,,隐藏已完成任务##HideCompletedQuests,完了済みクエストを非表示##HideCompletedQuests
Beastmaster,,,,隐藏已捕获魔兽,捕獲済みを非表示
Beastmaster,,,,雑魚：アイアンジャイアント・ピース、ライトニングエレメンタル,雑魚：アイアンジャイアント・ピース、ライトニングエレメンタル
Beastmaster,,,,雑魚：アイスエレメンタル,雑魚：アイスエレメンタル
Beastmaster,,,,雑魚：アカデミック・オウルの羽根,雑魚：アカデミック・オウルの羽根
Beastmaster,,,,雑魚：ウィル・オ・ウィスプ・ピース、グレーター・ウィル・オ・ウィスプ・ピース,雑魚：ウィル・オ・ウィスプ・ピース、グレーター・ウィル・オ・ウィスプ・ピース
Beastmaster,,,,雑魚：クイーンヴェスパ・ピース,雑魚：クイーンヴェスパ・ピース
Beastmaster,,,,雑魚：グレネード・ピース、ボム・ピース、スノーボム・ピース、フレイムボール・ピース,雑魚：グレネード・ピース、ボム・ピース、スノーボム・ピース、フレイムボール・ピース
Beastmaster,,,,雑魚：サイクロプス・ピース、帯電スライム、火炎スライム,雑魚：サイクロプス・ピース、帯電スライム、火炎スライム
Beastmaster,,,,雑魚：サップリング・ピース、トラップフラワー・ピース、腐汁,雑魚：サップリング・ピース、トラップフラワー・ピース、腐汁
Beastmaster,,,,雑魚：サボテンダー・ピース、サボテンダー・フラワー・ピース、ソルジャー・ピース、ガード・ピース,雑魚：サボテンダー・ピース、サボテンダー・フラワー・ピース、ソルジャー・ピース、ガード・ピース
Beastmaster,,,,雑魚：サンドモール,雑魚：サンドモール
Beastmaster,,,,雑魚：シャンブラー・ピース、クローラー・ピース,雑魚：シャンブラー・ピース、クローラー・ピース
Beastmaster,,,,雑魚：スパイクモール・ピース、ヘルトード・ピース、ブルーバタフライ・ピース,雑魚：スパイクモール・ピース、ヘルトード・ピース、ブルーバタフライ・ピース
Beastmaster,,,,雑魚：スラッグ・ピース、フラワーシード・ピース、ダイアマイト・ピース、ビロック・ピース,雑魚：スラッグ・ピース、フラワーシード・ピース、ダイアマイト・ピース、ビロック・ピース
Beastmaster,,,,雑魚：ゾンビー・ピース,雑魚：ゾンビー・ピース
Beastmaster,,,,雑魚：タナトス・ピース,雑魚：タナトス・ピース
Beastmaster,,,,雑魚：タレット・ピース,雑魚：タレット・ピース
Beastmaster,,,,雑魚：ダイアマイト・ピース,雑魚：ダイアマイト・ピース
Beastmaster,,,,雑魚：ディープアイ・ピース、ボム・ピース、ライトエレメンタル,雑魚：ディープアイ・ピース、ボム・ピース、ライトエレメンタル
Beastmaster,,,,雑魚：デーモンウェポン・ピース、インプ・ピース,雑魚：デーモンウェポン・ピース、インプ・ピース
Beastmaster,,,,雑魚：ナイトメア・メイジ・ピース、ナイトメア・ナイト・ピース,雑魚：ナイトメア・メイジ・ピース、ナイトメア・ナイト・ピース
Beastmaster,,,,雑魚：バグ・ピース、クロックワーク・ソルジャー・ピース、パニックアーマー・ピース、ドローン・ピース、コブラ・ピース,雑魚：バグ・ピース、クロックワーク・ソルジャー・ピース、パニックアーマー・ピース、ドローン・ピース、コブラ・ピース
Beastmaster,,,,雑魚：ポイズンマッシュルーム・ピース,雑魚：ポイズンマッシュルーム・ピース
Beastmaster,,,,雑魚：モーグリ猛者・ピース、モーグリ大医・ピース、モーグリ大術・ピース、モーグリ小医・ピース、モーグリ小術・ピース、モーグリ大剣・ピース、モーグリ吟遊・ピース、モーグリ盗賊・ピース,雑魚：モーグリ猛者・ピース、モーグリ大医・ピース、モーグリ大術・ピース、モーグリ小医・ピース、モーグリ小術・ピース、モーグリ大剣・ピース、モーグリ吟遊・ピース、モーグリ盗賊・ピース
Beastmaster,,,,雑魚：ライトニングエレメンタル,雑魚：ライトニングエレメンタル
Beastmaster,,,,雑魚：ラミア・ピース、サイクロプス・ピース,雑魚：ラミア・ピース、サイクロプス・ピース
Beastmaster,,,,雑魚：レッドグレムリン・ピース、グレムリン・ピース、スライム・ピース、プリン・ピース、フラン・ピース、ガーゴイル・ピース、ザハク・ピース,雑魚：レッドグレムリン・ピース、グレムリン・ピース、スライム・ピース、プリン・ピース、フラン・ピース、ガーゴイル・ピース、ザハク・ピース
Beastmaster,,,,雑魚：有毒物質,雑魚：有毒物質
Beastmaster,,,,雑魚：死の砂時計、ハパリット・ピース、イービルアイ・ピース,雑魚：死の砂時計、ハパリット・ピース、イービルアイ・ピース
Beastmaster,,,,雑魚：雄ヒナ・ピース、雌ヒナ・ピース,雑魚：雄ヒナ・ピース、雌ヒナ・ピース
Beastmaster,Captured,闘獣攻略,,雷元精,ライトニングエレメンタル
Beastmaster,,,,需要 vnavmesh；跨区需要 Lifestream,vnavmesh が必要です。エリア移動には Lifestream が必要です。
Beastmaster,,,,露流派的驯兽术  [已完成],コルナゴ派の獣使い術  [完了]
Beastmaster,,,,静态攻略，不接入自动输出,固定の攻略メモです。自動戦闘とは連動しません。
Beastmaster,,,,順位,順位
Beastmaster,,,,项目资料,プロジェクト情報
Beastmaster,,,,项链,首飾り
Beastmaster,,,,预设名称,プリセット名
Beastmaster,,,,预设成员：0/10,プリセットメンバー：0/10
Beastmaster,,,,预设栏位,プリセット枠
Beastmaster,,,,预设栏位可选 10/12/14/15；应用时按当前游戏编队栏位数量截断或保留空余。,プリセット枠は10/12/14/15から選択できます。適用時は現在の編成枠数に合わせて切り詰め、余りは空欄のままにします。
Beastmaster,UntranslatedFix,,,预设栏位可选 10/12/14/15；应用时按現在游戏编队栏位数量截断或保留空余。,プリセット枠は10/12/14/15から選択できます。適用時は現在の編成枠数に合わせて切り詰め、余りは空欄のままにします。
Beastmaster,,,,领航明灯天狼星灯塔,怪鳥巨塔 シリウス大灯台
Beastmaster,Captured,闘獣攻略,,风元精的直条比较慢，中间路被堵死时可从外面走去找BOSS。,風エレメンタルの直線攻撃は遅めです。中央が塞がれた場合は外周からBOSS側へ回れます。
Beastmaster,,,,飛行ナビ##UseFlightNavigation###飞行导航##UseFlightNavigation,飛行ナビ##UseFlightNavigation###飞行导航##UseFlightNavigation
Beastmaster,,,,飞行导航##UseFlightNavigation,飛行ナビ##UseFlightNavigation
Beastmaster,,,,食事,食事
Beastmaster,,,,食品,食事
Beastmaster,,,,饰品,アクセサリ
Beastmaster,,,,首飾り,首飾り
Beastmaster,,,,驯养魔兽之人  [已完成],魔獣を使役する者  [完了]
Beastmaster,,,,驯养魔兽之人任务,「魔獣を使役する者」クエスト
Beastmaster,Captured,ACRオーバーレイ,,驯兽ACR,魔獣使いACR
Beastmaster,,,,驯兽师 50 级开荒装和 BIS 配置。,魔獣使いLv50向けの初期装備とBIS構成です。
Beastmaster,,,,驯兽师之证,獣使いの証
Beastmaster,,,,驯兽师任务链,魔獣使いクエスト
Beastmaster,,,,驯兽师任务链##section-quests,魔獣使いクエスト##section-quests
Beastmaster,,,,驯兽师助手,Beastmaster
Beastmaster,,,,驯兽师量谱原始数据,魔獣使いジョブゲージ生データ
Beastmaster,,,,驯兽师魔兽-中,獣使い魔獣-中
Beastmaster,,,,驯兽师魔兽-大,獣使い魔獣-大
Beastmaster,,,,驯兽师魔兽-小,獣使い魔獣-小
Beastmaster,Captured,闘獣攻略,,骑士会不断召唤小怪，击杀小怪时请保证每次骑士读条「幻影生成」时可连线的球不超过四个。生成的幻影在场内为超大钢铁，在场边为直线。,ナイトが雑魚を召喚し続けます。「幻影生成」の詠唱時に、線でつながる球が4個を超えないよう雑魚を処理します。幻影が場内なら巨大円範囲、外周なら直線攻撃です。
Beastmaster,,,,高段奖励,上級報酬
Beastmaster,,,,高段第一盘,特一盤
Beastmaster,,,,高段第二盘,特二盤
Beastmaster,,,,高段评价,上級評価
Beastmaster,,,,高级技能##BeastmasterAdvancedActions,上位スキル##BeastmasterAdvancedActions
Beastmaster,Captured,,,高级技能候选,上位スキル候補
Beastmaster,Captured,ACRオーバーレイ,,高级技能候选##BeastmasterAdvancedCandidates,上位スキル候補##BeastmasterAdvancedCandidates
Beastmaster,Captured,闘獣攻略,,魅惑女妖 帕德索,魅惑の女妖 パドソ
Beastmaster,ScreenshotFix,,,魔兽Lv,魔獣Lv
Beastmaster,ScreenshotFix,,,魔兽Lv/経験値を同期,魔獣Lv/経験値を同期
Beastmaster,ScreenshotFix,,,魔兽Lv順,魔獣Lv順
Beastmaster,ScreenshotFix,,,魔兽スキル,魔獣スキル
Beastmaster,ScreenshotFix,,,魔兽図鑑,魔獣図鑑
Beastmaster,,,,魔兽图鉴,魔獣図鑑
Beastmaster,,,,魔兽图鉴##section-catalog,魔獣図鑑##section-catalog
Beastmaster,ScreenshotFix,,,魔兽技,魔獣スキル
Beastmaster,,,,魔兽技##AutoBeastSkillEnabled,魔獣スキル##AutoBeastSkillEnabled
Beastmaster,,,,魔兽率舞,魔獣率舞
Beastmaster,,,,魔兽领域日影地修炼所,魔獣領域 ハラタリ修練所
Beastmaster,Captured,闘獣攻略,,魔斧之主 劳妲,魔斧の主 ラウダ
Beastmaster,,,,魔獣Lv順###按兽级排序,魔獣Lv順###按兽级排序
Beastmaster,,,,魔獣を使役する者  [完了],魔獣を使役する者  [完了]
Beastmaster,,,,魔獣スキル##AutoBeastSkillEnabled###魔兽技##AutoBeastSkillEnabled,魔獣スキル##AutoBeastSkillEnabled###魔兽技##AutoBeastSkillEnabled
Beastmaster,,,,魔獣使いLv50向けの初期装備とBIS構成です。,魔獣使いLv50向けの初期装備とBIS構成です。
Beastmaster,,,,魔獣使いの道を極める  [完了],魔獣使いの道を極める  [完了]
Beastmaster,,,,魔獣使いクエスト,魔獣使いクエスト
Beastmaster,,,,魔獣使いヘルパー,Beastmaster
Beastmaster,,,,魔獣使い進行管理,魔獣使い進行管理
Beastmaster,,,,魔獣図鑑,魔獣図鑑
Beastmaster,,,,魔獣率舞,魔獣率舞
Beastmaster,,,,魔獣領域 ハラタリ修練所,魔獣領域 ハラタリ修練所
Beastmaster,Species,,,魔界花,モルボル
Beastmaster,Species,,,魔石精,スプリガン
Beastmaster,,,,黄色为 BOSS，灰色为小怪，红色为重点技能。,黄色＝BOSS、灰色＝雑魚、赤色＝要注意スキルです。
Beastmaster,,,,黄色＝BOSS、灰色＝雑魚、赤色＝要注意スキルです。,黄色＝BOSS、灰色＝雑魚、赤色＝要注意スキルです。
Beastmaster,,,,黑衣森林中央林区,黒衣森：中央森林
Beastmaster,,,,黑衣森林北部林区,黒衣森：北部森林
Beastmaster,ScreenshotFix,,,黑衣森林：中央森林,黒衣森：中央森林
Beastmaster,,,,黒衣森：中央森林,黒衣森：中央森林
Beastmaster,,,,黒衣森：北部森林,黒衣森：北部森林
Beastmaster,,,,鼓劲,鼓舞
Beastmaster,Captured,ACRオーバーレイ,,鼓劲 · 好了就放,鼓舞・使用可能になり次第発動
Beastmaster,,,,鼓劲##AutoDrumEnabled,きあい##AutoDrumEnabled
Beastmaster,Captured,ACRオーバーレイ,,鼓劲##overlay-advanced-placeholder,鼓舞##overlay-advanced-placeholder
Beastmaster,Captured,ACRオーバーレイ,,鼓劲##overlay-advanced-鼓劲,鼓舞##overlay-advanced-鼓劲
Beastmaster,,,,鼓舞,きあい
Beastmaster,,,,龙神强攻指环,バハムート・アタッカーリング
Beastmaster,,,,龙神强攻项环,バハムート・アタッカーチョーカー
Beastmaster,,,,龙神强袭手套,バハムート・ストライカーブレーサー
Beastmaster,,,,龙神强袭筒靴,バハムート・ストライカーブーツ
Beastmaster,,,,，再使用,、続けて使用
Beastmaster,,,,，打一套连携后使用,、一連のコンボ後に使用
Beastmaster,,,,，无需等待完整连携，直接使用,、コンボ完走を待たずにそのまま使用
Beastmaster,,,,，正常输出。,、そのまま通常攻撃を続けます。
Beastmaster,,,,第1戦,第一盤
Beastmaster,,,,第2戦,第二盤
Beastmaster,,,,第3戦,第三盤
Beastmaster,,,,特一盤,特一盤
Beastmaster,,,,特二盤,特二盤
Beastmaster,,,,驯兽师助手 v0.1.47.0,Beastmaster v0.1.47.0
Beastmaster,,,,驯兽师助手v0.1.47.0,Beastmaster v0.1.47.0
Beastmaster,,,,驯兽师助手 V0.1.47.0,Beastmaster v0.1.47.0
