Plugin,Menu,Section,Type,English,Japanese
"BossModReborn","","","@Window","Boss module",""
"BossModReborn","","","@Window","Boss module pre-pull hints",""
"BossModReborn","","","@Window","BossMod Reborn",""
"BossModReborn","","","@Window","BossModReborn",""
"BossModReborn","","","@Window","BossModReborn/FiltersPanel_BA9B0D0A",""
"BossModReborn","","","@Window","BossModReborn/ModulesPanel_9A268E9B",""
"BossModReborn","","",""," by The Combat Reborn Team"," by The Combat Reborn Team"
"BossModReborn","","",""," [T04Gauntlet]",""
"BossModReborn","","","","""Close retainer list and disable plugin"" option for 3 previous settings is enforced during MultiMode operation.","前3項目では、Multi Mode動作中は「リテイナー一覧を閉じてプラグインを無効化」が強制されます。"
"BossModReborn","","","","(not installed)","（未インストール）"
"BossModReborn","","","","* Items that already in other lists WILL BE MOVED to Discard List","※ 他のリストに登録済みのアイテムは破棄リストへ移動します"
"BossModReborn","","","","* Items that already in other lists WILL BE MOVED to Unconditional Sell List","※ 他のリストに登録済みのアイテムは無条件売却リストへ移動します"
"BossModReborn","","","","* Items that already in Unconditional Sell List or Discard List WILL NOT BE ADDED to Quick Venture Sell List","※ 無条件売却リストまたは破棄リストに登録済みのアイテムは、ほりだしもの依頼売却リストには追加されません"
"BossModReborn","","","","+ right click","+ 右クリック"
"BossModReborn","","","","- Also pause ChillFrames plugin","- ChillFramesプラグインも一時停止"
"BossModReborn","","","","- Also remove general FPS restriction","- 通常のFPS制限も解除"
"BossModReborn","","","","...to apartment","…アパルトメントへ"
"BossModReborn","","","","...to free company house","…FCハウスへ"
"BossModReborn","","","","...to private house","…個人宅へ"
"BossModReborn","","","","...to shared estate","…シェアハウスへ"
"BossModReborn","","","","/bmr ar clear: Clear current preset; autorotation will do nothing unless plan is active","/bmr ar clear: 現在のプリセットをクリアします。プランがアクティブでない限り、自動ローテーションは何も行いません"
"BossModReborn","","","","/bmr ar disable: Force disable autorotation; no actions will be executed automatically even if plan is active.","/bmr ar disable: 自動ローテーションを強制的に無効にします。プランがアクティブであっても、アクションは自動的に実行されません。"
"BossModReborn","","","","/bmr ar set Preset: Start executing specified preset.","/bmr ar set Preset: 指定されたプリセットの実行を開始します。"
"BossModReborn","","","","/bmr ar toggle Preset: Start executing specified preset unless it's already active; clear otherwise","/bmr ar toggle Preset: 指定されたプリセットが既にアクティブでない限り、実行を開始します。それ以外の場合はクリア"
"BossModReborn","","","","/bmr ar toggle: Force disable autorotation if not already; otherwise clear overrides.","/bmr ar toggle: 自動回転をまだ無効にしていない場合は強制的に無効にします。それ以外の場合はオーバーライドをクリアします。"
"BossModReborn","","","","/bmr ar ui: Toggle autorotation ui.","/bmr ar ui: 自動回転 UI を切り替えます。"
"BossModReborn","","","","/bmr cfg: Lists all configs.","/bmr cfg: すべての構成をリストします。"
"BossModReborn","","","","/bmr d: Opens the debug menu.","/bmr d: デバッグ メニューを開きます。"
"BossModReborn","","","","/bmr gc: Triggers the garbage collection.","/bmr gc: ガベージ コレクションをトリガーします。"
"BossModReborn","","","","/bmr r on/off: Starts/stops recording a replay.","/bmr r on/off: リプレイの記録を開始する /stops。"
"BossModReborn","","","","/bmr r: Opens the replay menu.","/bmr r: 再生メニューを開きます。"
"BossModReborn","","","","/bmr radar on/off: Sets radar display to on or off.","/bmr radar on/off: レーダー表示のオンまたはオフを設定します。"
"BossModReborn","","","","/bmr radar: toggles radar display","/bmr radar: レーダー表示を切り替えます"
"BossModReborn","","","","/bmr resetcolors: Resets all colors to their default values.","/bmr resetcolors: すべての色をデフォルト値にリセットします。"
"BossModReborn","","","","/bmr restorerotation: Toggle restore character orientation after action use setting.","/bmr restorerotation: アクション使用後の文字方向の復元設定を切り替えます。"
"BossModReborn","","","","/bmrai follow name: Follows the specified party member by name.","/bmrai follow name: 指定された パーティ メンバーの名前に従います。"
"BossModReborn","","","","/bmrai follow slotX: Follows the specified slot, eg. Slot1.","/bmrai follow slotX: 指定されたスロットに従います。スロット1。"
"BossModReborn","","","","/bmrai followcombat on/off: Sets following following during combat to on or off.","/bmrai followcombat on/off：戦闘中のフォローのオン・オフを設定します。"
"BossModReborn","","","","/bmrai followcombat: Toggles following during combat.","/bmrai followcombat: 戦闘中のフォローを切り替えます。"
"BossModReborn","","","","/bmrai followmodule on/off: Sets following following during active boss module to on or off.","/bmrai followmodule on/off: ボスモジュールアクティブ時のフォローオン/オフを設定します。"
"BossModReborn","","","","/bmrai followmodule: Toggles following during active boss module.","/bmrai followmodule: アクティブなボスモジュール中のフォローを切り替えます。"
"BossModReborn","","","","/bmrai followoutofcombat on/off: Sets following target out of combat to on or off.","/bmrai followoutofcombat on/off: 非戦闘状態にある次のターゲットをオンまたはオフに設定します。"
"BossModReborn","","","","/bmrai followoutofcombat: Toggles following during out of combat.","/bmrai followoutofcombat: 非戦闘中のフォローを切り替えます。"
"BossModReborn","","","","/bmrai followtarget on/off: Sets following target during combat to on or off.","/bmrai followtarget on/off：戦闘中のターゲット追従のオン・オフを設定します。"
"BossModReborn","","","","/bmrai followtarget: Toggles following targets during combat.","/bmrai followtarget: 戦闘中のターゲットの追跡を切り替えます。"
"BossModReborn","","","","/bmrai forbidactions on/off: Sets forbid actions to on or off. (only for autorotation)","/bmrai forbidactions on/off: 禁止アクションをオンまたはオフに設定します。 (自動回転のみ)"
"BossModReborn","","","","/bmrai forbidactions: Toggles the forbidding of actions. (only for autorotation)","/bmrai forbidactions: アクションの禁止を切り替えます。 (自動回転のみ)"
"BossModReborn","","","","/bmrai forbidmovement on/off: Sets forbid movement to on or off.","/bmrai forbidmovement on/off: 移動の禁止をオンまたはオフに設定します。"
"BossModReborn","","","","/bmrai forbidmovement: Toggles the forbidding of movement.","/bmrai forbidmovement: 移動の禁止を切り替えます。"
"BossModReborn","","","","/bmrai idlewhilemounted on/off: Sets idle while mounted to on or off.","/bmrai idlewhilemounted on/off: マウント中のアイドルをオンまたはオフに設定します。"
"BossModReborn","","","","/bmrai idlewhilemounted: Toggles the idling while mounted.","/bmrai idlewhilemounted: 装着中のアイドリングを切り替えます。"
"BossModReborn","","","","/bmrai maxdistanceslot X: Sets max distance to slot. (default = 1)","/bmrai maxdistanceslot X: スロットまでの最大距離を設定します。 (デフォルト = 1)"
"BossModReborn","","","","/bmrai maxdistancetarget X: Sets max distance to target. (default = 2.6)","/bmrai maxdistancetarget X: ターゲットまでの最大距離を設定します。 (デフォルト = 2.6)"
"BossModReborn","","","","/bmrai mindistance X: Sets min distance to hitbox. (default = 0)","/bmrai mindistance X: ヒットボックスまでの最小距離を設定します。 (デフォルト = 0)"
"BossModReborn","","","","/bmrai movedelay X: Sets AI movement decision delay. (default = 0)","/bmrai movedelay X: AI動作判定遅延を設定します。 (デフォルト = 0)"
"BossModReborn","","","","/bmrai obstaclemaps on/off: Sets the loading of obstacle maps to on or off.","/bmrai obstaclemaps on/off: 障害物マップの読み込みをオンまたはオフに設定します。"
"BossModReborn","","","","/bmrai obstaclemaps: Toggles loading obstacle maps.","/bmrai obstaclemaps: 障害物マップの読み込みを切り替えます。"
"BossModReborn","","","","/bmrai off: Disables the AI.","/bmrai off: AI を無効にします。"
"BossModReborn","","","","/bmrai on: Enables the AI.","/bmrai on: AI を有効にします。"
"BossModReborn","","","","/bmrai positional X: Switch to positional when following targets. (any, rear, flank, front)","/bmrai positional X: ターゲットを追跡するときに位置情報に切り替えます。 (任意、後部、側面、前部)"
"BossModReborn","","","","/bmrai prefdistance X: Sets preferred distance to forbidden zones. (default = 0)","/bmrai prefdistance X: 禁止ゾーンまでの優先距離を設定します。 (デフォルト = 0)"
"BossModReborn","","","","/bmrai setpresetname X: Sets an autorotation preset for the AI, eg. setpresetname vbm default.","/bmrai setpresetname X: AI の自動回転プリセットを設定します。 setpresetname vbm のデフォルト。"
"BossModReborn","","","","/bmrai targetmaster: Toggles the focus on target leader.","/bmrai targetmaster: ターゲット リーダーへのフォーカスを切り替えます。"
"BossModReborn","","","","/bmrai toggle: Toggles the AI on/off.","/bmrai toggle:/off で AI を切り替えます。"
"BossModReborn","","","","/bmrai ui: Toggles the AI menu.","/bmrai ui: AI メニューを切り替えます。"
"BossModReborn","","","","2+0: first towers are soaked by short color and 0 unstable; they both then go north for second towers","2+0：1回目の塔は短い色＋不安定0が処理し、2回目は2人とも北の塔へ移動"
"BossModReborn","","","","2+1: first towers are soaked by short color and 1 unstable; they both then go to different second towers","2+1：1回目の塔は短い色＋不安定1が処理し、2回目は2人が別々の塔へ移動"
"BossModReborn","","","","2P-Operated Flight Unit [A30Trash]",""
"BossModReborn","","","","4Th Legion Blackburn [DAL1Gauntlet]",""
"BossModReborn","","","","4Th Legion Colossus [DAL04thLegionColossusRubricatus]",""
"BossModReborn","","","","4Th-Make Cuchulainn [DAL2Cuchulainn]",""
"BossModReborn","","","","6Th Legion Magitek Vanguard H-1 [D060SixthLegionMagitekVanguardH1]",""
"BossModReborn","","","","724P-Operated Superior Flight Unit (A-Lpha) [A22SuperiorFlightUnits]",""
"BossModReborn","","","","813P-Operated Aegis Unit [A21AegisUnit]",""
"BossModReborn","","","","905P-Operated Heavy Artillery Unit [A23HeavyArtilleryUnit]",""
"BossModReborn","","","","A Beast Unleashed [CE201ABeastUnleashed]",""
"BossModReborn","","","","A Bloody Reunion",""
"BossModReborn","","","","A Delicate Balance [ADelicateBalance]",""
"BossModReborn","","","","A Familiar Face [CE44FamiliarFace]",""
"BossModReborn","","","","A Father First: Gulool Ja Ja [AFatherFirst]",""
"BossModReborn","","","","A Feast of Lies: Ran'jit [Ranjit]",""
"BossModReborn","","","","A Finale Most Formidable: Formidable [Formidable]",""
"BossModReborn","","","","A Frosty Reception: Vergilia Van Corculum [VergiliaVanCorculum]",""
"BossModReborn","","","","A Hunter True: Silvertongue Samidare [AHunterTrue]",""
"BossModReborn","","","","A Prying Eye [APryingEye]",""
"BossModReborn","","","","A Realm Reborn",""
"BossModReborn","","","","A Requiem for Heroes: Zenos Yae Galvus [ZenosP1]",""
"BossModReborn","","","","A Requiem for Heroes: Zenos Yae Galvus [ZenosP2]",""
"BossModReborn","","","","A Rotten Affair [ARottenAffair]",""
"BossModReborn","","","","A Sleep Disturbed: Huaca [ASleepDisturbed]",""
"BossModReborn","","","","A Spectacle for the Ages: Flame General Aldynn [FlameGeneralAldynn]",""
"BossModReborn","","","","A Tearful Reunion: Phronesis [Phronesis]",""
"BossModReborn","","","","AAC Cruiserweight M1","至天の座アルカディア：クルーザー級1"
"BossModReborn","","","","AAC Cruiserweight M1 (Savage)","至天の座アルカディア零式：クルーザー級1"
"BossModReborn","","","","AAC Cruiserweight M2","至天の座アルカディア：クルーザー級2"
"BossModReborn","","","","AAC Cruiserweight M2 (Savage)","至天の座アルカディア零式：クルーザー級2"
"BossModReborn","","","","AAC Cruiserweight M3","至天の座アルカディア：クルーザー級3"
"BossModReborn","","","","AAC Cruiserweight M3 (Savage)","至天の座アルカディア零式：クルーザー級3"
"BossModReborn","","","","AAC Cruiserweight M4","至天の座アルカディア：クルーザー級4"
"BossModReborn","","","","AAC Cruiserweight M4 (Savage)","至天の座アルカディア零式：クルーザー級4"
"BossModReborn","","","","AAC Heavyweight M1","至天の座アルカディア：ヘビー級1"
"BossModReborn","","","","AAC Heavyweight M1 (Savage)","至天の座アルカディア零式：ヘビー級1"
"BossModReborn","","","","AAC Heavyweight M2","至天の座アルカディア：ヘビー級2"
"BossModReborn","","","","AAC Heavyweight M2 (Savage)","至天の座アルカディア零式：ヘビー級2"
"BossModReborn","","","","AAC Heavyweight M3","至天の座アルカディア：ヘビー級3"
"BossModReborn","","","","AAC Heavyweight M3 (Savage)","至天の座アルカディア零式：ヘビー級3"
"BossModReborn","","","","AAC Heavyweight M4","至天の座アルカディア：ヘビー級4"
"BossModReborn","","","","AAC Heavyweight M4 (Savage)","至天の座アルカディア零式：ヘビー級4"
"BossModReborn","","","","AAC Light-Heavyweight M1","至天の座アルカディア：ライトヘビー級1"
"BossModReborn","","","","AAC Light-Heavyweight M1 (Savage)","至天の座アルカディア零式：ライトヘビー級1"
"BossModReborn","","","","AAC Light-Heavyweight M2","至天の座アルカディア：ライトヘビー級2"
"BossModReborn","","","","AAC Light-Heavyweight M2 (Savage)","至天の座アルカディア零式：ライトヘビー級2"
"BossModReborn","","","","AAC Light-Heavyweight M3","至天の座アルカディア：ライトヘビー級3"
"BossModReborn","","","","AAC Light-Heavyweight M3 (Savage)","至天の座アルカディア零式：ライトヘビー級3"
"BossModReborn","","","","AAC Light-Heavyweight M4","至天の座アルカディア：ライトヘビー級4"
"BossModReborn","","","","AAC Light-Heavyweight M4 (Savage)","至天の座アルカディア零式：ライトヘビー級4"
"BossModReborn","","","","About","このプラグインについて"
"BossModReborn","","","","Absolute Authority: ignore flares, stack together","アブソリュート・オーソリティ: フレアを無視して集合"
"BossModReborn","","","","Absolute Virtue [BA3AbsoluteVirtue]",""
"BossModReborn","","","","Abyssos: The Eighth Circle (Savage)",""
"BossModReborn","","","","Abyssos: The Fifth Circle (Savage)",""
"BossModReborn","","","","Abyssos: The Seventh Circle (Savage)",""
"BossModReborn","","","","Abyssos: The Sixth Circle (Savage)",""
"BossModReborn","","","","Accept No Imitators [CE202AcceptNoImitators]",""
"BossModReborn","","","","Access summoning bell/workshop panel keybinds","呼び鈴／カンパニークラフト設備へアクセスするキー設定"
"BossModReborn","","","","Accrue Enmity From Multiple Targets","TANKの訓練 その4 複数の敵から敵視を集めよう！"
"BossModReborn","","","","Aces High [Duel1Gabriel]",""
"BossModReborn","","","","Act 4: go 1/8 CCW to soak tower with dark debuff","Act 4：反時計回りに1/8周移動し、闇デバフ持ちで塔を処理"
"BossModReborn","","","","Act 4: go 3/8 CCW to break water tether","Act 4：反時計回りに3/8周移動し、水の線を切る"
"BossModReborn","","","","Action on accessing retainer bell if any ventures available:","完了したリテイナー依頼がある状態で呼び鈴へアクセスした時の動作："
"BossModReborn","","","","Action on accessing retainer bell if no ventures available:","完了したリテイナー依頼がない状態で呼び鈴へアクセスした時の動作："
"BossModReborn","","","","Action tweaks","アクション調整"
"BossModReborn","","","","Actions:","操作："
"BossModReborn","","","","Activate night mode","ナイトモードを有効化"
"BossModReborn","","","","Activation Time","有効化時刻"
"BossModReborn","Boss modules and radar","Radar","","Actor triangle scale factor","キャラクター三角形の表示倍率"
"BossModReborn","","","","Add","追加"
"BossModReborn","","","","Add new plan","新しいプランを追加"
"BossModReborn","Boss modules and radar","Radar","","Add opaque background to the arena in the radar","レーダー内アリーナに不透明背景を追加"
"BossModReborn","","","","Add phase priorities for autorotation (from highest to lowest):","雑魚フェーズの自動回し優先順位（上ほど優先）："
"BossModReborn","","","","Additional amount of seconds that will be subtracted from venture ending time to help mitigate possible issues of time desynchronization between the game and your PC.","ゲームとPCの時刻ずれによる問題を軽減するため、リテイナー依頼の終了時刻から差し引く追加秒数です。"
"BossModReborn","","","","Additional Interaction Delay, frames","追加インタラクション遅延（フレーム）"
"BossModReborn","","","","Adjudicator [D083Adjudicator]",""
"BossModReborn","","","","Administrator Piece [AdministratorPiece]",""
"BossModReborn","","","","Administrator [DD90Administrator]",""
"BossModReborn","","","","AdministratorPiece",""
"BossModReborn","","","","Adrammelech [CLL3Adrammelech]",""
"BossModReborn","","","","ADS [T01ADS]",""
"BossModReborn","","","","ADS [T02ADS]",""
"BossModReborn","","","","Advance Relog Threshold","事前リログしきい値"
"BossModReborn","","","","Advance Relog Threshold, seconds","事前リログしきい値（秒）"
"BossModReborn","","","","Advanced","詳細設定"
"BossModReborn","","","","Advanced - Character Synchronization","詳細設定 - キャラクター同期"
"BossModReborn","","","","Advanced - Log","詳細設定 - ログ"
"BossModReborn","","","","Aegeiros [Aegeiros]",""
"BossModReborn","","","","Aenc Thon, Lord Of The Lengthsome Gait [D033AencThon]",""
"BossModReborn","","","","Aenc Thon, Lord Of The Lingering Gaze [D021AencThon]",""
"BossModReborn","","","","Aeturna [DD70Aeturna]",""
"BossModReborn","","","","Agdistis [P7S]",""
"BossModReborn","","","","Agent Of Trials [NoviceTactical]",""
"BossModReborn","","","","Aglaia",""
"BossModReborn","","","","Aglaope [Aglaope]",""
"BossModReborn","","","","Agrias [A32Agrias]",""
"BossModReborn","","","","Ah Puch [DD140AhPuch]",""
"BossModReborn","","","","Ahead of the Competition [CE203AheadoftheCompetition]",""
"BossModReborn","","","","AI",""
"BossModReborn","","","","AI-only settings",""
"BossModReborn","","","","AI:",""
"BossModReborn","","","","Aiatar [D074Aiatar]",""
"BossModReborn","","","","Airavata [Airavata]",""
"BossModReborn","","","","Akadaemia Anyder",""
"BossModReborn","","","","Ala Mhigo",""
"BossModReborn","","","","Albeleo The Maleficent [CLL2AlbeleoTheMaleficent]",""
"BossModReborn","","","","Albion [D111Albion]",""
"BossModReborn","","","","Albus Griffin [D110AlbusGriffin]",""
"BossModReborn","","","","Aldis, Sword Of Nald [AldisSwordOfNald]",""
"BossModReborn","","","","Alert Settings","通知設定"
"BossModReborn","","","","Alexander Resurrected [A32Alexander]",""
"BossModReborn","","","","Alexandria","記憶幻想 アレクサンドリア"
"BossModReborn","","","","Alfard [DD130Alfard]",""
"BossModReborn","","","","Alicanto [DD110Alicanto]",""
"BossModReborn","","","","Alichino [Alichino]",""
"BossModReborn","Action tweaks","","","Align Aetherial Shift with camera direction","エーテリアルシフトをカメラ方向に合わせる"
"BossModReborn","","","","Align dash actions with camera direction (Lost Swift, Occult Featherfoot, etc)","ダッシュ系アクションをカメラ方向に合わせる（Lost Swift、Occult Featherfootなど）"
"BossModReborn","Action tweaks","","","Align En Avant with camera direction","アン・アヴァンをカメラ方向に合わせる"
"BossModReborn","Action tweaks","","","Align Hell's Egress/Ingress with camera direction","ヘルズイーグレス／ヘルズイングレスをカメラ方向に合わせる"
"BossModReborn","Action tweaks","","","Align Smudge with camera direction","スマッジをカメラ方向に合わせる"
"BossModReborn","","","","All Categories","すべてのカテゴリ"
"BossModReborn","","","","All prey roles rotate clockwise","対象ロールは全員時計回り"
"BossModReborn","","","","All prey roles rotate counterclockwise","対象ロールは全員反時計回り"
"BossModReborn","","","","All-Seeing Eye [D111AllSeeingEye]",""
"BossModReborn","","","","Alliance",""
"BossModReborn","","","","Allow drawing text and icon billboards into the 3D world","3D空間へのテキスト・アイコン表示を許可"
"BossModReborn","","","","Allow entering shared houses","シェアハウスへの入室を許可"
"BossModReborn","","","","Allow extra low FPS limiter values","非常に低いFPS制限値を許可"
"BossModReborn","Action tweaks","","","Allow forbidding targets","攻撃禁止対象の指定を許可"
"BossModReborn","","","","Allow manual command invocation while AutoRetainer locked in postprocess. ","AutoRetainerが後処理でロック中でも手動コマンド実行を許可します。"
"BossModReborn","Boss modules and radar","Boss modules","","Allow modules to automatically use actions","モジュールによるアクション自動使用を許可"
"BossModReborn","","","","Allow operating on retainers without a job","クラス／ジョブ未設定のリテイナー操作を許可"
"BossModReborn","","","","Allow selling/discarding items from Armory Chest","アーマリーチェスト内アイテムの売却／破棄を許可"
"BossModReborn","","","","Allow this character to purchase fuel from workshop","このキャラクターでカンパニークラフト設備から燃料を購入可能にする"
"BossModReborn","","","","Allow venture timer to display negative values","リテイナー依頼タイマーのマイナス表示を許可"
"BossModReborn","","","","Allows teleporting to houses without registering them in Lifestream. Note: the Lifestream plugin is still required for teleportation to work.

Warning: This option is less reliable than registering your houses in Lifestream. Use it only if necessary.","ハウスをLifestreamに登録していなくてもテレポできるようにします。なお、テレポ機能を使うにはLifestreamプラグイン自体は必要です。

警告：この方法はLifestreamへハウスを登録する方法より安定性が低いため、必要な場合のみ使用してください。"
"BossModReborn","","","","Allows you to time specific abilities to cast at specific times.",""
"BossModReborn","","","","Allure of the Occult [AllureOfTheOccult]",""
"BossModReborn","","","","Aloalo Islekeeper [C030NIslekeeper]",""
"BossModReborn","","","","Aloalo Islekeeper [C030SIslekeeper]",""
"BossModReborn","","","","Aloalo Kiwakin [C030NKiwakin]",""
"BossModReborn","","","","Aloalo Kiwakin [C030SKiwakin]",""
"BossModReborn","","","","Aloalo Monk [C030NMonk]",""
"BossModReborn","","","","Aloalo Monk [C030SMonk]",""
"BossModReborn","","","","Aloalo Ray [C030NRay]",""
"BossModReborn","","","","Aloalo Ray [C030SRay]",""
"BossModReborn","","","","Aloalo Snipper [C030NSnipper]",""
"BossModReborn","","","","Aloalo Snipper [C030SSnipper]",""
"BossModReborn","","","","Aloalo Wood Golem [C030NWoodGolem]",""
"BossModReborn","","","","Aloalo Wood Golem [C030SWoodGolem]",""
"BossModReborn","","","","Alpha Omega [TOP]",""
"BossModReborn","","","","Alpha Zaghnal [D071AlphaZaghnal]",""
"BossModReborn","Action tweaks","","","Alt","Alt"
"BossModReborn","","","","Alt - delete from any list","Alt - すべてのリストから削除"
"BossModReborn","","","","Altar Airavata [AltarAiravata]",""
"BossModReborn","","","","Altar Arachne [AltarArachne]",""
"BossModReborn","","","","Altar Beast [AltarBeast]",""
"BossModReborn","","","","Altar Chimera [AltarChimera]",""
"BossModReborn","","","","Altar Diresaur [AltarDiresaur]",""
"BossModReborn","","","","Altar Dullahan [AltarDullahan]",""
"BossModReborn","","","","Altar Kelpie [AltarKelpie]",""
"BossModReborn","","","","Altar Mandragora [AltarMandragora]",""
"BossModReborn","","","","Altar Skatene [AltarSkatene]",""
"BossModReborn","","","","Altar Totem [AltarTotem]",""
"BossModReborn","","","","Alte Roite [O1NAlteRoite]",""
"BossModReborn","","","","Althyk & Nymeia [A22AlthykNymeia]",""
"BossModReborn","Boss modules and radar","Radar","","Always show all alive party members","生存中のPTメンバーを常に全員表示"
"BossModReborn","Boss modules and radar","Radar","","Always show focus targeted party member","フォーカスターゲット中のPTメンバーを常に表示"
"BossModReborn","","","","Always use preferred direction","常に優先方向を使用"
"BossModReborn","","","","Alzadaal's Legacy",""
"BossModReborn","","","","Amalgam [D062Amalgam]",""
"BossModReborn","","","","Amaurot",""
"BossModReborn","","","","Ambrose The Undeparted [D053Ambrose]",""
"BossModReborn","","","","Ambujam [D091Ambujam]",""
"BossModReborn","","","","Amdapor Keep","邪教排撃 古城アムダプール"
"BossModReborn","","","","Amdusias [D122Amdusias]",""
"BossModReborn","","","","Amhuluk [D131Amhuluk]",""
"BossModReborn","","","","Amikiri [D021Amikiri]",""
"BossModReborn","","","","Amon The Undying [D053Amon]",""
"BossModReborn","","","","Amon [A23Amon]",""
"BossModReborn","","","","Amphibious Talos [D042AmphibiousTalos]",""
"BossModReborn","","","","An Antidote for Anarchy: Ellerete Venomheart [AnAntidoteForAnarchy]",""
"BossModReborn","","","","An Art for the Living: Summoning Node [SummoningNode]",""
"BossModReborn","","","","An Unending Duty [AnUnendingDuty]",""
"BossModReborn","","","","An Unforeseen Bargain: Andromalius [Andromalius]",""
"BossModReborn","","","","An Unforeseen Bargain: Furcas [Furcas]",""
"BossModReborn","","","","Anabaseios: The Eleventh Circle (Savage)",""
"BossModReborn","","","","Anabaseios: The Ninth Circle (Savage)",""
"BossModReborn","","","","Anabaseios: The Tenth Circle (Savage)",""
"BossModReborn","","","","Anabaseios: The Twelfth Circle (Savage)",""
"BossModReborn","","","","Anamnesis Anyder",""
"BossModReborn","","","","Anantaboga [D163Anantaboga]",""
"BossModReborn","","","","Ancestral Maliktender [DD60AncestralMaliktender]",""
"BossModReborn","","","","And the Flames Went Higher [Duel3Sartauvoir]",""
"BossModReborn","BMR Settings","","","Anemos","アネモス"
"BossModReborn","","","","Angada [Angada]",""
"BossModReborn","","","","Angelos [A30Trash2Pack1]",""
"BossModReborn","","","","Angelos [A30Trash2Pack2]",""
"BossModReborn","","","","Angra Mainyu [A31AngraMainyu]",""
"BossModReborn","","","","Anima [D023Anima]",""
"BossModReborn","Action tweaks","","","Animation lock max. simulated delay (read tooltip!)","アニメーションロックの最大疑似遅延（ツールチップ要確認）"
"BossModReborn","","","","Anonymise Retainers","リテイナー名を匿名化"
"BossModReborn","","","","Anonymize replays","リプレイを匿名化"
"BossModReborn","","","","Another Aloalo Island","アナザーダンジョン 異聞アロアロ島"
"BossModReborn","","","","Another Aloalo Island (Savage)","アナザーダンジョン 異聞アロアロ島 零式"
"BossModReborn","","","","Another Merchant's Tale","アナザーダンジョン 異聞商客物語"
"BossModReborn","","","","Another Mount Rokkon","アナザーダンジョン 異聞六根山"
"BossModReborn","","","","Another Mount Rokkon (Savage)","アナザーダンジョン 異聞六根山 零式"
"BossModReborn","","","","Another Sil'dihn Subterrane","アナザーダンジョン 異聞シラディハ水道"
"BossModReborn","","","","Another Sil'dihn Subterrane (Savage)","アナザーダンジョン 異聞シラディハ水道 零式"
"BossModReborn","","","","Anthracite [D072Anthracite]",""
"BossModReborn","","","","Antivirus X [D061AntivirusX]",""
"BossModReborn","","","","Any","任意"
"BossModReborn","","","","Apademak [Stage21Act2]",""
"BossModReborn","","","","Apollyon [D013Apollyon]",""
"BossModReborn","","","","Appalling Behavior [CE204AppallingBehavior]",""
"BossModReborn","Action tweaks","","","Apply to all dashes, not just gap closers","接近技だけでなく全てのダッシュに適用"
"BossModReborn","","","","Apyaahi The Architect [ApyaahiTheArchitect]",""
"BossModReborn","","","","Aquarius [A10Aquarius]",""
"BossModReborn","","","","Aqueduct Udumbara [C010NTrash1]",""
"BossModReborn","","","","Aqueduct Udumbara [C010STrash1]",""
"BossModReborn","","","","Arachne Eve [A21ArachneEve]",""
"BossModReborn","","","","Arch Aethereater [ArchAethereater]",""
"BossModReborn","","","","Arch Demon Piece [ArchDemonPiece]",""
"BossModReborn","","","","Arch-Eta [ArchEta]",""
"BossModReborn","","","","Arch-Lambda [D082ArchLambda]",""
"BossModReborn","","","","Arena Catoblepas [Stage06Act1]",""
"BossModReborn","","","","Arena Cherry Bomb [Stage08Act1]",""
"BossModReborn","","","","Arena Cyclops [Stage16Act1]",""
"BossModReborn","","","","Arena Dullahan [Stage01]",""
"BossModReborn","","","","Arena Eye [Stage06Act2]",""
"BossModReborn","","","","Arena Gelato [Stage02Act2]",""
"BossModReborn","","","","Arena Grenade [Stage22Act1]",""
"BossModReborn","","","","Arena Haagenti [Stage13Act1]",""
"BossModReborn","","","","Arena Imp [Stage21Act1]",""
"BossModReborn","","","","Arena Jam [Stage14Act1]",""
"BossModReborn","","","","Arena Jam [Stage14Act2]",""
"BossModReborn","","","","Arena Magus [Stage24Act1]",""
"BossModReborn","","","","Arena Manticore [Stage18Act1]",""
"BossModReborn","","","","Arena Manticore [Stage18Act2]",""
"BossModReborn","","","","Arena Mirrorknight [Stage26Act1]",""
"BossModReborn","","","","Arena Progenitrix [Stage08Act2]",""
"BossModReborn","","","","Arena Pudding [Stage02Act1]",""
"BossModReborn","","","","Arena Roselet [Stage12Act1]",""
"BossModReborn","","","","Arena Scribe [Stage24Act2]",""
"BossModReborn","","","","Arena Wolf [Stage04Act1]",""
"BossModReborn","","","","Arena: background",""
"BossModReborn","","","","Arena: border",""
"BossModReborn","","","","Arena: enemy",""
"BossModReborn","","","","Arena: future vulnerable",""
"BossModReborn","","","","Arena: generic/irrelevant caster",""
"BossModReborn","","","","Arena: generic/irrelevant focus target",""
"BossModReborn","","","","Arena: generic/irrelevant healer",""
"BossModReborn","","","","Arena: generic/irrelevant melee",""
"BossModReborn","","","","Arena: generic/irrelevant phys. ranged",""
"BossModReborn","","","","Arena: generic/irrelevant player (can be overridden by role-specific colors, depending on settings)",""
"BossModReborn","","","","Arena: generic/irrelevant tank",""
"BossModReborn","","","","Arena: interesting player, important for a mechanic",""
"BossModReborn","","","","Arena: light",""
"BossModReborn","","","","Arena: melee range indicator",""
"BossModReborn","","","","Arena: non-enemy important object (untargetable origin of a tether, interactible object, etc)",""
"BossModReborn","","","","Arena: other 0",""
"BossModReborn","","","","Arena: other 1",""
"BossModReborn","","","","Arena: other 2",""
"BossModReborn","","","","Arena: other 3",""
"BossModReborn","","","","Arena: other 4",""
"BossModReborn","","","","Arena: other 5",""
"BossModReborn","","","","Arena: other 6",""
"BossModReborn","","","","Arena: other 7",""
"BossModReborn","","","","Arena: other 8",""
"BossModReborn","","","","Arena: player character",""
"BossModReborn","","","","Arena: player not in current party/alliance (usually not drawn on map)",""
"BossModReborn","","","","Arena: trap",""
"BossModReborn","","","","Arena: typical danger foreground element (tether, etc)",""
"BossModReborn","","","","Arena: typical danger zone (AOE)",""
"BossModReborn","","","","Arena: typical safe foreground element (tether, etc)",""
"BossModReborn","","","","Arena: typical safe zone",""
"BossModReborn","","","","Arena: vulnerable, needs special attention",""
"BossModReborn","","","","Ark Angel HM [A13ArkAngels]",""
"BossModReborn","","","","Arkas [D122Arkas]",""
"BossModReborn","","","","Armor","防具"
"BossModReborn","","","","Armored Chariot [D092ArmoredChariot]",""
"BossModReborn","","","","Armory chest: ","アーマリーチェスト："
"BossModReborn","","","","Armstrong [Armstrong]",""
"BossModReborn","","","","Art [BA1Art]",""
"BossModReborn","","","","Artisan integration","Artisan連携"
"BossModReborn","","","","As The Heavens Burn","拡がる終末"
"BossModReborn","","","","Ascian Prime [D064AscianPrime]",""
"BossModReborn","","","","Asphodelos: The First Circle (Savage)",""
"BossModReborn","","","","Asphodelos: The Fourth Circle (Savage)",""
"BossModReborn","","","","Asphodelos: The Second Circle (Savage)",""
"BossModReborn","","","","Asphodelos: The Third Circle (Savage)",""
"BossModReborn","","","","Assign + Reassign","依頼設定＋再依頼"
"BossModReborn","","","","Assign closest unambiguous inner tower","担当が明確な内側の塔のうち、最も近い塔を割り当て"
"BossModReborn","","","","Assign first CW tower that is not assigned to someone closer","時計回りに見て、より近い人へ割り当て済みでない最初の塔を担当"
"BossModReborn","","","","Assume G1 left, G2 right when looking at boss from arena center","中央からボスを見てG1左・G2右として扱う"
"BossModReborn","","","","Assume G1 right, G2 left when looking at boss from arena center","中央からボスを見てG1右・G2左として扱う"
"BossModReborn","","","","Asura [T08Asura]",""
"BossModReborn","","","","Athena [P12S1Athena]",""
"BossModReborn","","","","Atomos Piece [AtomosPiece]",""
"BossModReborn","","","","AtomosPiece",""
"BossModReborn","","","","Attack Node [T02AttackNode]",""
"BossModReborn","","","","Attempt to adjust Idyllic Dream tower logic to mistakes","Idyllic Dreamの塔処理を、途中のミスに合わせて補正"
"BossModReborn","","","","Attempt to enter house on login even when Multi Mode is disabled","Multi Modeが無効でもログイン時にハウスへの入室を試行"
"BossModReborn","","","","Atticus The Primogenitor [AtticusThePrimogenitor]",""
"BossModReborn","","","","Aulus Mal Asina [D062AulusMalAsina]",""
"BossModReborn","","","","Auto AFK timer","自動AFKタイマー"
"BossModReborn","Action tweaks","","","Auto misdirection: prevent movement under misdirection if angle between normal movement and misdirected is greater than this threshold (set to 180 to disable).","ミスディレクション自動対策：通常移動方向と誤誘導後の方向差がこの角度を超える場合は移動を防止（180で無効）"
"BossModReborn","","","","Auto record in Duty Recorder replays","コンテンツリプレイに自動記録"
"BossModReborn","","","","Auto record replays on duty start/end or outdoor module start/end","コンテンツ／フィールドモジュールの開始・終了時にリプレイを自動記録"
"BossModReborn","Action tweaks","","","Auto use Peloton when moving out of combat","非戦闘時の移動中にプロトンを自動使用"
"BossModReborn","","","","Auto-Assign Roles","ロールを自動割り当て"
"BossModReborn","","","","Auto-buy Ceruleum Tanks after entering Workshop:","カンパニークラフト設備へ入った後、青燐水バレルを自動購入："
"BossModReborn","","","","Auto-close and retry logging in on connection errors","接続エラー時に自動で閉じてログインを再試行"
"BossModReborn","BMR Settings","","","Auto-DeepDungeon (Experimental)","ディープダンジョン自動化（実験機能）"
"BossModReborn","","","","Auto-desynth items","アイテムを自動分解"
"BossModReborn","","","","Auto-detect new key","新しいキーを自動検出"
"BossModReborn","","","","Auto-disable plugin when closing retainer list","リテイナー一覧を閉じた時にプラグインを自動無効化"
"BossModReborn","","","","Auto-open venture coffers","リテイナーベンチャー箱を自動開封"
"BossModReborn","","","","AutoDuty",""
"BossModReborn","","","","AutoDuty Passive",""
"BossModReborn","","","","Automates movement during boss fights.",""
"BossModReborn","","","","Automatic Grand Company Expert Delivery","グランドカンパニー希少品調達の自動納品"
"BossModReborn","","","","Automatic mob targeting behavior","敵の自動ターゲット方針"
"BossModReborn","Action tweaks","","","Automatic out-of-combat utility actions","非戦闘時の自動ユーティリティ"
"BossModReborn","","","","Automatic pomander usage","魔土器の自動使用"
"BossModReborn","Action tweaks","","","Automatic target selection for ground-targeted abilities","グラウンドターゲットアクションの対象を自動選択"
"BossModReborn","","","","Automatically assign roles on zone change","ゾーン移動時にロールを自動割り当て"
"BossModReborn","","","","Automatically assigns enabled retainers to a Quick Venture if they have none already in progress and reassigns current venture.","有効なリテイナーに進行中の依頼がなければ「ほりだしもの依頼」を自動設定し、進行中の依頼も再依頼します。"
"BossModReborn","Action tweaks","Smart character orientation","","Automatically avoid gazes","視線攻撃を自動回避"
"BossModReborn","Action tweaks","","","Automatically cancel a cast when target is dead","対象が死亡したら詠唱を自動キャンセル"
"BossModReborn","Autorotation","","","Automatically disable autorotation if a Luring Trap is triggered","誘引の罠が発動したら自動回しを自動停止"
"BossModReborn","Autorotation","","","Automatically disable autorotation on death","死亡時に自動回しを自動停止"
"BossModReborn","Autorotation","","","Automatically disable autorotation when exiting combat","戦闘終了時に自動回しを自動停止"
"BossModReborn","Action tweaks","","","Automatically dismount to execute actions","アクション実行時に自動でマウントを降りる"
"BossModReborn","Action tweaks","","","Automatically manage auto attacks","オートアタックを自動管理"
"BossModReborn","","","","Automatically moves your character based on safe zones determined by a boss's module, visible on the radar.",""
"BossModReborn","","","","Automatically navigate to Cairn of Passage","転移の石塔へ自動移動"
"BossModReborn","","","","Automatically navigate to coffers","宝箱へ自動移動"
"BossModReborn","Autorotation","","","Automatically reenable force-disabled autorotation when exiting combat","戦闘終了時、強制停止された自動回しを自動で再有効化"
"BossModReborn","","","","Automovement","自動移動"
"BossModReborn","","","","AutoRetainer (has testing version)","AutoRetainer（テスト版あり）"
"BossModReborn","","","","AutoRetainer will automatically enable itself when the player is within interaction range of a Summoning Bell. You must remain stationary or the activation will be cancelled.","呼び鈴の操作範囲に入るとAutoRetainerを自動で有効化します。移動すると有効化はキャンセルされます。"
"BossModReborn","","","","AutoRetainer will wait for all retainers to return before cycling to the next character in multi mode operation.","Multi Modeで次のキャラクターへ移る前に、すべてのリテイナー依頼が完了するまで待機します。"
"BossModReborn","","","","AutoRetainer will wait until all enabled retainers have completed their ventures. After that this setting will be disabled automatically and all characters will be processed.","有効なすべてのリテイナー依頼が完了するまで待機します。完了後、この設定は自動で無効化され、全キャラクターの処理を再開します。"
"BossModReborn","","","","AutoRetainer won't sell, desynthese, discard or hand in to Grand Company these items, even if they are included in any other processing lists.","このリストのアイテムは、他の処理リストに含まれていても売却・分解・破棄・GC納品しません。"
"BossModReborn","","","","Autorotation",""
"BossModReborn","","","","Autorotation (Unsupported by Combat Reborn)","自動回し（Combat Rebornではサポート対象外）"
"BossModReborn","","","","Autorotation commands:","自動回転コマンド:"
"BossModReborn","","","","Autorotation presets","自動回しプリセット"
"BossModReborn","","","","Available Commands:","利用可能なコマンド:"
"BossModReborn","BMR Settings","Tooltip","","Avoid known trap locations sourced from PalacePal data. Does not need PalacePal installed since data is included in BMR. (Traps revealed by a Pomander of Sight will always be avoided regardless of this setting.)","PalacePal由来の既知の罠位置を回避します。データはBMRに含まれているためPalacePalの導入は不要です。（サイトロで見えるようになった罠は、この設定に関係なく常に回避します。）"
"BossModReborn","","","","Aw'aern [A33Awaern]",""
"BossModReborn","","","","Axe-Wielding Training Partner [NoviceDPS03]",""
"BossModReborn","","","","Axe-Wielding Training Partner [NoviceDPS05]",""
"BossModReborn","","","","Azeyma [A13Azeyma]",""
"BossModReborn","","","","Azulmagia [Stage25Act1]",""
"BossModReborn","","","","Azulmagia [Stage25Act2]",""
"BossModReborn","","","","Azulmagia [Stage25Act3]",""
"BossModReborn","","","","Baal [Baal]",""
"BossModReborn","","","","Baelsar's Wall",""
"BossModReborn","","","","Bahamut Prime [UCOB]",""
"BossModReborn","","","","Bailout Module","復帰処理モジュール"
"BossModReborn","","","","Baldesion Arsenal",""
"BossModReborn","","","","Banana Codex (west = north)","Banana Codex（西を基準北として扱う）"
"BossModReborn","","","","Banemite Piece [BanemitePiece]",""
"BossModReborn","","","","Bar The Passage","決戦、ゾーゴー永結橋"
"BossModReborn","","","","Barbariccia [Ex4Barbariccia]",""
"BossModReborn","","","","Bardam's Mettle",""
"BossModReborn","","","","Barnabas [D021Barnabas]",""
"BossModReborn","","","","Barreltender [D071Barreltender]",""
"BossModReborn","","","","Batraal [D113Batraal]",""
"BossModReborn","","","","Batsquatch [D032Batsquatch]",""
"BossModReborn","","","","Beast of Man [Duel2Lyon]",""
"BossModReborn","","","","Beastmaster","魔獣使い"
"BossModReborn","","","","Beatrice [D102Beatrice]",""
"BossModReborn","","","","Beccho [DD20Beccho]",""
"BossModReborn","","","","Before the pull:",""
"BossModReborn","","","","Behavior","動作"
"BossModReborn","","","","Belias, The Gigas [A22Belias]",""
"BossModReborn","","","","Belladonna [D093Belladonna]",""
"BossModReborn","","","","Best Served with Cold Steel: Magitek Vanguard I Prototype [MagitekVanguardIPrototype]",""
"BossModReborn","","","","Bestial Node [Stage15]",""
"BossModReborn","","","","Bhima [DD40Bhima]",""
"BossModReborn","","","","Billboard height offset","ビルボードの高さオフセット"
"BossModReborn","","","","Bioculture Node [D060BiocultureNode]",""
"BossModReborn","","","","Black Cat [M01NBlackCat]",""
"BossModReborn","","","","Black Cat [M01SBlackCat]",""
"BossModReborn","","","","Blizzard Dragon [D130BlizzardDragon]",""
"BossModReborn","","","","Blood on the Deck: Gurumi Borlumi [GurumiBorlumi]",""
"BossModReborn","","","","Blue Mage","青魔道士"
"BossModReborn","","","","Bone Bishop [BoneBishop]",""
"BossModReborn","","","","Bone Crawler [BoneCrawler]",""
"BossModReborn","","","","Bone Dragon [A11BoneDragon]",""
"BossModReborn","","","","Boogyman Piece [BoogymanPiece]",""
"BossModReborn","","","","BoogymanPiece",""
"BossModReborn","","","","Borgny The Venomous [BorgnyTheVenomous]",""
"BossModReborn","","","","Boss center",""
"BossModReborn","","","","Boss diagonal",""
"BossModReborn","","","","Boss modules and radar","ボスモジュールとレーダー"
"BossModReborn","","","","Boss opposite left",""
"BossModReborn","","","","Boss opposite right",""
"BossModReborn","","","","Boss side left",""
"BossModReborn","","","","Boss side right",""
"BossModReborn","","","","Boss wall facing other",""
"BossModReborn","","","","Boss wall opposite other",""
"BossModReborn","","","","BossMod Reborn (導入済み)",""
"BossModReborn","","","","BossMod Reborn (導入済み) (無効化済み)",""
"BossModReborn","","","","BossMod Wiki","BossMod 週間"
"BossModReborn","","","","BossModReborn (BMR) provides boss fight radar, auto-rotation, cooldown planning, and AI. All of its modules can be toggled individually. Support for it can be found in the Discord server linked at the bottom of this tab.","BossModReborn（BMR）は、ボス戦レーダー、自動スキル回し、クールダウン計画、およびAI機能を提供します。すべてのモジュールは個別に切り替え可能です。サポートについては、このタブの下部にリンクされているDiscordサーバーをご覧ください。"
"BossModReborn","","","","BossModReborn GitHub",""
"BossModReborn","BMR Settings","","","Bozja","ボズヤ"
"BossModReborn","BMR Settings","","","Bozja duel farming","ボズヤ一騎打ち周回"
"BossModReborn","","","","Bozjan Phantom [DRN4Phantom]",""
"BossModReborn","","","","Bozjan Phantom [DRS5Phantom]",""
"BossModReborn","","","","Brain Drain [BrainDrain]",""
"BossModReborn","","","","Branch","無人島の小枝"
"BossModReborn","","","","Brayflox's Longstop","奪還支援 ブレイフロクスの野営地"
"BossModReborn","","","","Brionac [CLL1Brionac4thLegionHelldiver]",""
"BossModReborn","","","","Broadcast keypresses to other windows","キー入力を他のウィンドウへ送信"
"BossModReborn","","","","Brotherly Gil Turtle [Stage05]",""
"BossModReborn","","","","Brute Abombinator [M07NBruteAbombinator]",""
"BossModReborn","","","","Brute Abombinator [M07SBruteAbombinator]",""
"BossModReborn","","","","Brute Bomber [M03NBruteBomber]",""
"BossModReborn","","","","Brute Bomber [M03SBruteBomber]",""
"BossModReborn","","","","Bull Apollyon [BullApollyon]",""
"BossModReborn","","","","Bullheaded Berserker [Molech]",""
"BossModReborn","","","","Burfurlur The Canny [Burfurlur]",""
"BossModReborn","","","","Button push colors 0",""
"BossModReborn","","","","Button push colors 1",""
"BossModReborn","","","","Button push colors 2",""
"BossModReborn","","","","Button push colors 3",""
"BossModReborn","","","","Button push colors 4",""
"BossModReborn","","","","Button push colors 5",""
"BossModReborn","","","","Buy until this amount in inventory","所持数がこの数になるまで購入"
"BossModReborn","","","","By level:","レベル別："
"BossModReborn","","","","Byakko [Ex6Byakko]",""
"BossModReborn","","","","Byblos [D052Byblos]",""
"BossModReborn","","","","Byregot [A11Byregot]",""
"BossModReborn","","","","C033SStatice","C033SStatice"
"BossModReborn","","","","Caduceus [T01Caduceus]",""
"BossModReborn","","","","Cagnazzo [D113Cagnazzo]",""
"BossModReborn","","","","Calamity Bound [CE108CalamityBound]",""
"BossModReborn","","","","Calcabrina [D113Calcabrina]",""
"BossModReborn","","","","Calofisteri [A25Calofisteri]",""
"BossModReborn","Action tweaks","","","Camera-relative, backwards","カメラ基準・後方"
"BossModReborn","Action tweaks","","","Camera-relative, forwards","カメラ基準・前方"
"BossModReborn","","","","Campeador Piece [CampeadorPiece]",""
"BossModReborn","","","","CampeadorPiece",""
"BossModReborn","","","","Can be hooked by other plugins to automate entire duties.",""
"BossModReborn","BMR Settings","Tooltip","","Can cause hitching on some computers. Only enable it if it is actually needed! It is only useful for multiboxers.","一部のPCではカクつきの原因になる場合があります。本当に必要な場合だけ有効にしてください。複数クライアント運用時のみ有用です。"
"BossModReborn","","","","Can't save new preset as copy",""
"BossModReborn","","","","Canal Icebeast [CanalIcebeast]",""
"BossModReborn","","","","Captain Madison [D272CaptainMadison]",""
"BossModReborn","Boss modules and radar","Radar","","Cardinal direction font size","方角名の文字サイズ"
"BossModReborn","","","","Cardinal: East",""
"BossModReborn","","","","Cardinal: North",""
"BossModReborn","","","","Cardinal: South",""
"BossModReborn","","","","Cardinal: West",""
"BossModReborn","","","","Carmilla [Stage13Act2]",""
"BossModReborn","Action tweaks","","","Cast at current mouse position","現在のマウス位置に使用"
"BossModReborn","Action tweaks","","","Cast at selected target's position","選択中ターゲットの位置に使用"
"BossModReborn","","","","Castrum Abania",""
"BossModReborn","","","","Castrum Fluminis",""
"BossModReborn","","","","Castrum Lacus Litore",""
"BossModReborn","","","","Castrum Meridianum","外郭攻略 カストルム・メリディアヌム"
"BossModReborn","","","","Cat's Eye [CatsEye]",""
"BossModReborn","","","","Caustic Grebuloff [D061CausticGrebuloff]",""
"BossModReborn","","","","Cavalier Piece [CavalierPiece]",""
"BossModReborn","","","","CavalierPiece",""
"BossModReborn","","","","CCW","反時計回り"
"BossModReborn","","","","CCW (leftmost, if facing outside)","反時計回り（外向き時は左端）"
"BossModReborn","","","","Cenote Ja Ja Gural","宝物庫 セノーテ・ジャジャグラル"
"BossModReborn","","","","Ceruleum","青燐水バレル"
"BossModReborn","","","","Cetus [A11Cetus]",""
"BossModReborn","","","","Ch01CloudOfDarkness","Ch01CloudOfDarkness"
"BossModReborn","Boss modules and radar","Radar","","Change arena border color if player is at risk","プレイヤーが危険な場合にアリーナ境界色を変更"
"BossModReborn","BMR Settings","Tooltip","","Change icon size of 3D world billboards","3Dワールド上のビルボードアイコンサイズを変更します。"
"BossModReborn","BMR Settings","Tooltip","","Change text size of 3D world billboards","3Dワールド上のビルボード文字サイズを変更します。"
"BossModReborn","","","","Changes the behavior of ""Wait for Voyage Completion"" (both global and per-character) so that AutoRetainer no longer resends individual submarines while already logged in. Instead, it will wait until all submarines have returned before taking action.","「探索完了まで待機」（全体設定・キャラクター別設定）の動作を変更します。ログイン中に帰還済みの潜水艦だけを個別に再出航せず、すべての潜水艦が帰還するまで待ってから処理します。"
"BossModReborn","Boss modules and radar","Radar","","Changes the white border to red when you are standing somewhere you are likely to be hit by a mechanic","ギミックに被弾しそうな位置にいる場合、白いアリーナ境界線を赤色へ変更します。"
"BossModReborn","","","","Chaotic Alliance Raid",""
"BossModReborn","","","","Character Configuration","キャラクター設定"
"BossModReborn","","","","Character Order","キャラクター順"
"BossModReborn","","","","Character sorting in Deployables tab","潜水艦／飛空艇タブのキャラクター並び順"
"BossModReborn","","","","Character sorting in Retainer tab","リテイナータブのキャラクター並び順"
"BossModReborn","","","","Character Synchronization","キャラクター同期"
"BossModReborn","Action tweaks","","","Character-relative, forwards","キャラクター基準・前方"
"BossModReborn","","","","Characters that have completed ventures longer time ago will be checked first","リテイナー依頼の完了から時間が経っているキャラクターを優先します"
"BossModReborn","","","","Characters with retainers that can be levelled up will be done first; then, characters with retainers at max level; and then characters with retainers less than max level and level capped.","レベルアップ可能なリテイナーがいるキャラクターを最優先し、次に最大レベルのリテイナーがいるキャラクター、最後にレベル上限に達している未最大レベルのリテイナーがいるキャラクターを処理します。"
"BossModReborn","","","","Chasm Harpeia [D150ChasmHarpeia]",""
"BossModReborn","","","","Check frequency, hours","確認間隔（時間）"
"BossModReborn","","","","Chieftain Moglin [D131ChieftainMoglin]",""
"BossModReborn","","","","Chimera Piece [ChimeraPiece]",""
"BossModReborn","","","","Chimera [D093Chimera]",""
"BossModReborn","","","","ChimeraPiece",""
"BossModReborn","","","","Chirurgeon General [D111ChirurgeonGeneral]",""
"BossModReborn","","","","Chokeshin [DD30Hiruko]",""
"BossModReborn","","","","Chopper [D011Chopper]",""
"BossModReborn","","","","Chort [D132Chort]",""
"BossModReborn","","","","Chudo-Yudo [D101ChudoYudo]",""
"BossModReborn","","","","Cladoselache [D081Cladoselache]",""
"BossModReborn","","","","Clay","無人島の粘土"
"BossModReborn","","","","Cleanup ghost retainers","存在しないリテイナー情報を整理"
"BossModReborn","","","","Clear","クリア"
"BossModReborn","","","","Clear all assignments",""
"BossModReborn","","","","Clears all assignments, for example to debloat config file size.",""
"BossModReborn","","","","Click to automatically assign party roles based on job and party order","クリックしてジョブとPT順に基づきロールを自動割り当て"
"BossModReborn","","","","Clockwork Dreadnaught [D080ClockworkDreadnaught]",""
"BossModReborn","","","","Clone Relative","分身基準"
"BossModReborn","","","","Cloned Conjurer [D060ClonedConjurer]",""
"BossModReborn","","","","Cloned Conjurer [D060CulturedShabti]",""
"BossModReborn","","","","Cloning Node [DD20CloningNode]",""
"BossModReborn","","","","Close Encounters of the VIth Kind: Regula Van Hydrus [RegulaVanHydrus]",""
"BossModReborn","","","","Close retainer list and disable plugin","リテイナー一覧を閉じてプラグインを無効化"
"BossModReborn","","","","Close retainer list and keep plugin enabled","リテイナー一覧を閉じてプラグインを有効のままにする"
"BossModReborn","","","","Cloud Gardener [D130CloudGardener]",""
"BossModReborn","","","","Cloud Of Darkness [A34CloudofDarkness]",""
"BossModReborn","","","","Cloud Of Darkness [Ch01CloudOfDarkness]",""
"BossModReborn","","","","Coconut","無人島のココナッツ"
"BossModReborn","","","","Coincounter [D122Coincounter]",""
"BossModReborn","","","","Collaboration Quests","コラボレーションクエスト"
"BossModReborn","","","","Collect","受取のみ"
"BossModReborn","","","","Collect and assign ventures to your retainers from the comfort of your bed.","リテイナー依頼の受取と再依頼を自動化します。"
"BossModReborn","","","","Collision debug colors 0",""
"BossModReborn","","","","Collision debug colors 1",""
"BossModReborn","","","","Collision debug colors 2",""
"BossModReborn","","","","Color scheme","配色"
"BossModReborn","","","","Combat Reborn Discord","コンバット・リボーンのDiscord"
"BossModReborn","","","","Common Settings","共通設定"
"BossModReborn","","","","Company of Stone [CE109CompanyOfStone]",""
"BossModReborn","","","","Compressed binary",""
"BossModReborn","","","","Condensed text",""
"BossModReborn","","","","Configurations:","設定："
"BossModReborn","","","","Configure Character","キャラクター設定"
"BossModReborn","Action tweaks","","","Configures the maximum simulated delay in milliseconds when using animation lock removal - this is required and cannot be reduced to zero. Setting this to 20ms will enable triple-weaving when using autorotation. The minimum setting to remove triple-weaving is 26ms. The minimum of 20ms has been accepted by FFLogs and should not cause issues with your logs.","アニメーションロック軽減使用時の最大疑似遅延をミリ秒単位で設定します。0にはできません。20msでは自動回し時に3アビ挟みが可能になります。3アビ挟みを防ぐ最小値は26msです。20msはFFLogsで許容されており、通常ログ上の問題はありません。"
"BossModReborn","","","","Conflicting with the First Law [ConflictingWithTheFirstLaw]",""
"BossModReborn","","","","Construct 7 [A23Construct7]",""
"BossModReborn","Action tweaks","","","Control","Ctrl"
"BossModReborn","","","","Control Tower [D080CrimsonControlUnit]",""
"BossModReborn","","","","Control Tower [D080EmeraldControlUnit]",""
"BossModReborn","","","","Control Tower [D080VioletControlUnit]",""
"BossModReborn","","","","Cooldown planner","クールダウンプランナー"
"BossModReborn","","","","Cooldown planning: L100
",""
"BossModReborn","","","","Cooldown planning: L100
Contributors: BossMod Team, ported by Topas
",""
"BossModReborn","","","","Cooldown planning: L100
Contributors: Equilius
",""
"BossModReborn","","","","Cooldown planning: L100
Contributors: gynorhino
",""
"BossModReborn","","","","Cooldown planning: L100
Contributors: Malediktus
",""
"BossModReborn","","","","Cooldown planning: L100
Contributors: The Combat Reborn Team (Malediktus)
",""
"BossModReborn","","","","Cooldown planning: L100
Contributors: The Combat Reborn Team (Malediktus, LTS)
",""
"BossModReborn","","","","Cooldown planning: L50
",""
"BossModReborn","","","","Cooldown planning: L60
Contributors: LegendofIceman
",""
"BossModReborn","","","","Cooldown planning: L60
Contributors: The Combat Reborn Team (Malediktus)
",""
"BossModReborn","","","","Cooldown planning: L70
",""
"BossModReborn","","","","Cooldown planning: L70
Contributors: The Combat Reborn Team (Malediktus)
",""
"BossModReborn","","","","Cooldown planning: L70
Contributors: The Combat Reborn Team (Malediktus), Kismet
",""
"BossModReborn","","","","Cooldown planning: L80
",""
"BossModReborn","","","","Cooldown planning: L80
Contributors: Malediktus
",""
"BossModReborn","","","","Cooldown planning: L80
Contributors: The Combat Reborn Team (Malediktus)
",""
"BossModReborn","","","","Cooldown planning: L90
",""
"BossModReborn","","","","Cooldown planning: L90
Contributors: Malediktus
",""
"BossModReborn","","","","Cooldown planning: L90
Contributors: Malediktus, LTS
",""
"BossModReborn","","","","Cooldown planning: not supported
",""
"BossModReborn","","","","Cooldown planning: not supported
Contributors: Chuggalo
","クールダウンプラン: 未対応"
"BossModReborn","","","","Cooldown planning: not supported
Contributors: croizat
","クールダウンプラン: 未対応"
"BossModReborn","","","","Cooldown planning: not supported
Contributors: dhoggpt, Malediktus
","クールダウンプラン: 未対応"
"BossModReborn","","","","Cooldown planning: not supported
Contributors: Equilius
","クールダウンプラン: 未対応"
"BossModReborn","","","","Cooldown planning: not supported
Contributors: erdelf
","クールダウンプラン: 未対応"
"BossModReborn","","","","Cooldown planning: not supported
Contributors: gynorhino
","クールダウンプラン: 未対応"
"BossModReborn","","","","Cooldown planning: not supported
Contributors: HerStolenLight
","クールダウンプラン: 未対応"
"BossModReborn","","","","Cooldown planning: not supported
Contributors: JoeSparkx
","クールダウンプラン: 未対応"
"BossModReborn","","","","Cooldown planning: not supported
Contributors: Kismet, Malediktus
","クールダウンプラン: 未対応"
"BossModReborn","","","","Cooldown planning: not supported
Contributors: LegendofIceman
","クールダウンプラン: 未対応"
"BossModReborn","","","","Cooldown planning: not supported
Contributors: legendoficeman, Malediktus
","クールダウンプラン: 未対応"
"BossModReborn","","","","Cooldown planning: not supported
Contributors: LegendofIceman, Malediktus
","クールダウンプラン: 未対応"
"BossModReborn","","","","Cooldown planning: not supported
Contributors: Malediktus
","クールダウンプラン: 未対応"
"BossModReborn","","","","Cooldown planning: not supported
Contributors: Malediktus, Chuggalo
","クールダウンプラン: 未対応"
"BossModReborn","","","","Cooldown planning: not supported
Contributors: Malediktus, LegendofIceman
","クールダウンプラン: 未対応"
"BossModReborn","","","","Cooldown planning: not supported
Contributors: Malediktus, legendoficeman
","クールダウンプラン: 未対応"
"BossModReborn","","","","Cooldown planning: not supported
Contributors: Malediktus, LTS
","クールダウンプラン: 未対応"
"BossModReborn","","","","Cooldown planning: not supported
Contributors: Malediktus, Xaenalt
","クールダウンプラン: 未対応"
"BossModReborn","","","","Cooldown planning: not supported
Contributors: Shinryin, Malediktus
","クールダウンプラン: 未対応"
"BossModReborn","","","","Cooldown planning: not supported
Contributors: SourP
","クールダウンプラン: 未対応"
"BossModReborn","","","","Cooldown planning: not supported
Contributors: SRP, additional enhancements by Topas
","クールダウンプラン: 未対応"
"BossModReborn","","","","Cooldown planning: not supported
Contributors: taurenkey, Malediktus
","クールダウンプラン: 未対応"
"BossModReborn","","","","Cooldown planning: not supported
Contributors: The Combat Reborn Team
","クールダウンプラン: 未対応"
"BossModReborn","","","","Cooldown planning: not supported
Contributors: The Combat Reborn Team (LTS, Malediktus)
","クールダウンプラン: 未対応"
"BossModReborn","","","","Cooldown planning: not supported
Contributors: The Combat Reborn Team (Malediktus)
","クールダウンプラン: 未対応"
"BossModReborn","","","","Cooldown planning: not supported
Contributors: The Combat Reborn Team (Malediktus), Chuggalo
","クールダウンプラン: 未対応"
"BossModReborn","","","","Cooldown planning: not supported
Contributors: The Combat Reborn Team (Malediktus), erdelf
","クールダウンプラン: 未対応"
"BossModReborn","","","","Cooldown planning: not supported
Contributors: The Combat Reborn Team (Malediktus, LTS)
","クールダウンプラン: 未対応"
"BossModReborn","","","","Cooldown planning: not supported
Contributors: The Combat Reborn Team (Malediktus, LTS), erdelf
","クールダウンプラン: 未対応"
"BossModReborn","","","","Cooldown planning: not supported
Contributors: The Combat Reborn Team (Malediktus, LTS), Xyzzy
","クールダウンプラン: 未対応"
"BossModReborn","","","","Cooldown planning: not supported
Contributors: The Combat Reborn Team, Chuggalo
","クールダウンプラン: 未対応"
"BossModReborn","","","","Cooldown planning: not supported
Contributors: The Combat Reborn Team, HerStolenLight, Xan
","クールダウンプラン: 未対応"
"BossModReborn","","","","Cooldown planning: not supported
Contributors: Topas
","クールダウンプラン: 未対応"
"BossModReborn","","","","Cooldown planning: not supported
Contributors: VeraNala, erdelf, wen
","クールダウンプラン: 未対応"
"BossModReborn","","","","Cooldown planning: not supported
Contributors: VeraNala, wen, Topas
",""
"BossModReborn","","","","Cooldown planning: not supported
Contributors: wen
",""
"BossModReborn","","","","Cooldown planning: not supported
Contributors: Wen
",""
"BossModReborn","","","","Cooldown planning: not supported
Contributors: wen, Combat Reborn Team
",""
"BossModReborn","","","","Cooldown planning: not supported
Contributors: wen, Xan
",""
"BossModReborn","","","","Cooldown planning: not supported
Contributors: xan
",""
"BossModReborn","","","","Cooldown planning: not supported
Contributors: xan, Malediktus
",""
"BossModReborn","","","","Cooldown planning: not supported
Contributors: Xan, ported by wen
",""
"BossModReborn","","","","Cooldown planning: not supported
Contributors: Zaventh
",""
"BossModReborn","","","","Copperbell Mines","封鎖坑道 カッパーベル銅山"
"BossModReborn","","","","Copy",""
"BossModReborn","","","","Copy all","すべてコピー"
"BossModReborn","","","","Corpse Flower Piece [CorpseFlowerPiece]",""
"BossModReborn","","","","CorpseFlowerPiece",""
"BossModReborn","","","","Courage Born of Fear: Immaculate Warrior [ImmaculateWarrior]",""
"BossModReborn","","","","Crawling Chaos [Daphne]",""
"BossModReborn","","","","Crawling Death [CE105CrawlingDeath]",""
"BossModReborn","","","","Creates a CD plan for supported bosses.",""
"BossModReborn","","","","Crom Dubh [Stage10]",""
"BossModReborn","","","","Cross (JP)",""
"BossModReborn","Action tweaks","","","Cross-class actions","クラス共通アクション"
"BossModReborn","","","","Crucible of the Unbroken: First Board","闘獣練 第一盤"
"BossModReborn","","","","Crucible of the Unbroken: First Master's Board","闘獣練 特一盤"
"BossModReborn","","","","Crucible of the Unbroken: Second Board","闘獣練 第二盤"
"BossModReborn","","","","Crucible of the Unbroken: Second Master's Board","闘獣練 特二盤"
"BossModReborn","","","","Crucible of the Unbroken: Third Board","闘獣練 第三盤"
"BossModReborn","","","","Crystal Incarnation [CrystalIncarnation]",""
"BossModReborn","","","","Crystalline Provenance [ProvenanceWatcher]",""
"BossModReborn","","","","Ctrl - add to Unconditional Sell List","Ctrl - 無条件売却リストへ追加"
"BossModReborn","","","","Cuchulainn [A13Cuchulainn]",""
"BossModReborn","","","","Cur: Inactive",""
"BossModReborn","","","","Current preset is not modified",""
"BossModReborn","","","","Currently: Can shutdown
Remaining for force shutdown: 0","現在：終了可能
強制終了まで：0"
"BossModReborn","","","","Cursed Concern [CE115CursedConcern]",""
"BossModReborn","","","","Cursed Resurgence [CE205CursedResurgence]",""
"BossModReborn","","","","Curtain call: DD break debuff first","Curtain Call：DPSが先にデバフを切る"
"BossModReborn","","","","Cutter's Cry","流砂迷宮 カッターズクライ"
"BossModReborn","","","","CW","時計回り"
"BossModReborn","","","","CW (rightmost, if facing outside)","時計回り（外向き時は右端）"
"BossModReborn","","","","Daen Ose The Avaricious [DaenOseTheAvariciousEchidna]",""
"BossModReborn","","","","Daen Ose The Avaricious [DaenOseTheAvariciousTyphon]",""
"BossModReborn","","","","Daen Ose The Avaricious [DaenOseTheAvariciousUltros]",""
"BossModReborn","","","","Dahu [DRN2Dahu]",""
"BossModReborn","","","","Dahu [DRS3Dahu]",""
"BossModReborn","","","","Damcyan Antlion [D132DamcyanAntlion]",""
"BossModReborn","","","","Dancer Quests","踊り子 ジョブクエスト"
"BossModReborn","","","","Dancing Green [M05NDancingGreen]",""
"BossModReborn","","","","Dancing Green [M05SDancingGreen]",""
"BossModReborn","","","","Dancing Mad (Ultimate)","絶妖星乱舞"
"BossModReborn","","","","Dangerous rose tile color:",""
"BossModReborn","","","","Dark Artistry [CE206DarkArtistry]",""
"BossModReborn","","","","Dark Elf [D131DarkElf]",""
"BossModReborn","","","","Dark Knight Quests","暗黒騎士 ジョブクエスト"
"BossModReborn","","","","Dark Reprise",""
"BossModReborn","","","","Darts 2: supports relative west, dd relative east","Darts 2：サポートは西基準、DPSは東基準"
"BossModReborn","","","","Darya The Sea-Maid [Ad012DaryaTheSeamaid]",""
"BossModReborn","","","","Darya The Sea-Maid [C011DaryaTheSeaMaid]",""
"BossModReborn","","","","Darya The Sea-Maid [V13DaryaTheSeamaid]",""
"BossModReborn","","","","DataCenter","データセンター"
"BossModReborn","","","","Dawntrail","黄金のレガシー"
"BossModReborn","","","","Dawon [CLL4Dawon]",""
"BossModReborn","","","","DD","DPS"
"BossModReborn","","","","DD CCW",""
"BossModReborn","","","","DD E",""
"BossModReborn","","","","DD N",""
"BossModReborn","","","","DD prio1",""
"BossModReborn","","","","DD prio2",""
"BossModReborn","","","","DD prio3",""
"BossModReborn","","","","DD prio4",""
"BossModReborn","","","","DD S",""
"BossModReborn","","","","DD W",""
"BossModReborn","","","","Dead Stars [FTB2DeadStars]",""
"BossModReborn","","","","Deadly Dandan [V15DeadlyDandan]",""
"BossModReborn","","","","Death Unto Dawn: Lunar Ifrit [LunarIfrit]",""
"BossModReborn","","","","Death Unto Dawn: Lunar Odin [LunarOdin]",""
"BossModReborn","","","","Death Unto Dawn: Lunar Ravana [LunarRavana]",""
"BossModReborn","","","","Death Unto Dawn: Telotek Gamma [TelotekGamma]",""
"BossModReborn","","","","Deathgaze Hollow [A31DeathgazeHollow]",""
"BossModReborn","","","","Deceiver [D052Deceiver]",""
"BossModReborn","","","","Deep Dungeons","ディープダンジョン"
"BossModReborn","","","","Default",""
"BossModReborn","","","","Default (healer N)",""
"BossModReborn","","","","Default HTMR",""
"BossModReborn","","","","Default Plan","既定プラン"
"BossModReborn","","","","Defeat An Occupied Target","DPSの訓練 その3 味方が引きつけている敵を倒そう！"
"BossModReborn","","","","Defective Drone [D132DefectiveDrone]",""
"BossModReborn","","","","Defense Node [T02DefenseNode]",""
"BossModReborn","Action tweaks","","","Delay Thunderclap if already in melee range of target","すでに近接距離なら抜重歩法の使用を遅らせる"
"BossModReborn","","","","Delay, seconds","遅延（秒）"
"BossModReborn","","","","Delays","遅延設定"
"BossModReborn","","","","Delete",""
"BossModReborn","","","","Deliver eligible items into Armoire when in Multi Mode","Multi Mode中、対象アイテムを愛蔵品キャビネットへ収納"
"BossModReborn","","","","Deliver eligible items into glamour dresser while in Multi Mode (requires Glamour log plugin)","Multi Mode中、対象アイテムをミラージュドレッサーへ収納（Glamour logが必要）"
"BossModReborn","","","","Deltascape V1.0",""
"BossModReborn","","","","Deltascape V3.0",""
"BossModReborn","","","","Delubrum Reginae",""
"BossModReborn","","","","Delubrum Reginae (Savage)",""
"BossModReborn","","","","Demo mode","デモモード"
"BossModReborn","","","","Demon Tablet [FTB1DemonTablet]",""
"BossModReborn","","","","Demon Tome [D051DemonTome]",""
"BossModReborn","","","","Demon Wall [D162DemonWall]",""
"BossModReborn","","","","Dendainsonne [DD180Dendainsonne]",""
"BossModReborn","","","","Denn The Orcatoothed [D013DennTheOrcatoothed]",""
"BossModReborn","","","","Deployables","潜水艦／飛空艇"
"BossModReborn","","","","Deployables list: remaining fuel warning","潜水艦／飛空艇一覧：燃料残量警告"
"BossModReborn","","","","Deployables list: remaining inventory slots warning","潜水艦／飛空艇一覧：残り所持枠警告"
"BossModReborn","","","","Deployables list: remaining repair kit warning","潜水艦／飛空艇一覧：修理材残量警告"
"BossModReborn","","","","Desired positional when following target","追従対象に対する希望位置"
"BossModReborn","","","","Despot [A10Despot]",""
"BossModReborn","","","","Desynthese","分解"
"BossModReborn","","","","Detector [A20Detector]",""
"BossModReborn","","","","Developer settings","開発者設定"
"BossModReborn","","","","Devout Pilgrims vs. Daivadipa: Daivadipa [Daivadipa]",""
"BossModReborn","","","","Diabolos Hollow [A35Diabolos]",""
"BossModReborn","","","","Diabolos Hollow [A36DiabolosHollow]",""
"BossModReborn","","","","Disable all modules in this category.",""
"BossModReborn","","","","Disable all modules in this expansion.",""
"BossModReborn","","","","Disable all modules in this group.",""
"BossModReborn","","","","Disable AutoRetainer","AutoRetainerを無効化"
"BossModReborn","Autorotation","","","Disable autorotation if the boss is pulled without a countdown","カウントダウンなしでボス戦が始まったら自動回しを停止"
"BossModReborn","","","","Disable DoTs on non-boss floors (only affects BMR autorotation)","ボス以外の階層ではDoTを使用しない（BMR自動回しのみ）"
"BossModReborn","","","","Disable loading obstacle maps","障害物マップの読み込みを無効化"
"BossModReborn","","","","Disable Multi Mode on Manual Login","手動ログイン時にMulti Modeを無効化"
"BossModReborn","","","","Disable Render","描画を無効化"
"BossModReborn","","","","Disable Render when in Multi Mode","Multi Mode中は描画を無効化"
"BossModReborn","","","","Disable sorting and collapsing/expanding","並び替えと折りたたみ／展開を無効化"
"BossModReborn","","","","Disable this module.",""
"BossModReborn","","","","Disable this plugin before deleting it.",""
"BossModReborn","Action tweaks","","","Disabled","無効"
"BossModReborn","","","","Disables world rendering while in Multi Mode.","Multi Mode中、ゲームワールドの描画を無効化します。"
"BossModReborn","","","","Discard List","破棄リスト"
"BossModReborn","","","","Dismiss for now",""
"BossModReborn","","","","Display deployables checkbox in workshop","カンパニークラフト設備に潜水艦／飛空艇チェックを表示"
"BossModReborn","","","","Display Extended Retainer Info","リテイナー詳細情報を表示"
"BossModReborn","","","","Display hidden characters when searching","検索時に非表示キャラクターも表示"
"BossModReborn","","","","Display Login Overlay","ログインオーバーレイを表示"
"BossModReborn","","","","Display multi mode type selector","Multi Modeの種類選択を表示"
"BossModReborn","","","","Display notification in game chat","ゲーム内チャットに通知を表示"
"BossModReborn","","","","Display only most significant icon in status bar","ステータスバーには最も重要なアイコンだけ表示"
"BossModReborn","","","","Display overlay notification if one of retainers has completed a venture","リテイナー依頼完了時にオーバーレイ通知を表示"
"BossModReborn","","","","Display Quick Menu in Retainer UI","リテイナーUIにクイックメニューを表示"
"BossModReborn","","","","Displays retainer item level/gathering/perception and the name of their current venture in the main UI.","メインUIにリテイナーのIL／獲得力／識質力と現在の依頼名を表示します。"
"BossModReborn","","","","Disposal Node [T02DisposalNode]",""
"BossModReborn","","","","Divine Intervention: Ser Grinnaux The Bull [SerGrinnaux]",""
"BossModReborn","","","","DMU","DMU"
"BossModReborn","","","","DN","DN"
"BossModReborn","","","","DN (true north)","DN（真北基準）"
"BossModReborn","","","","DNC",""
"BossModReborn","","","","Do deployables in Night mode","ナイトモードで潜水艦／飛空艇を処理"
"BossModReborn","","","","Do not auto target",""
"BossModReborn","","","","Do not close AutoRetainer windows on ESC key press","ESCキーでAutoRetainerのウィンドウを閉じない"
"BossModReborn","","","","Do not display overlay in duty or combat","コンテンツ中または戦闘中はオーバーレイを表示しない"
"BossModReborn","","","","Do not error check venture planner","リテイナー依頼プランナーのエラーチェックを行わない"
"BossModReborn","","","","Do not notify if AutoRetainer is enabled or MultiMode is running","AutoRetainer有効中またはMulti Mode実行中は通知しない"
"BossModReborn","","","","Do not reset Preferred Character on Manual Login","手動ログイン時に優先キャラクターをリセットしない"
"BossModReborn","","","","Do not show plugin status icons","プラグイン状態アイコンを表示しない"
"BossModReborn","","","","Do not teleport or enter house for retainers when already next to bell","すでに呼び鈴の近くにいる場合、リテイナー処理のためのテレポ／入室を行わない"
"BossModReborn","Action tweaks","","","Do NOT use with XivAlexander or NoClippy - this should automatically disable itself if they are detected, but double check first!","XivAlexander / NoClippyとは併用しないでください。検出時は自動で無効化される想定ですが、必ず確認してください。"
"BossModReborn","","","","Do not warn about second game instance running from same directory","同じフォルダーから2つ目のゲームを起動していても警告しない"
"BossModReborn","","","","Do nothing","何もしない"
"BossModReborn","","","","Do retainers in Night mode","ナイトモードでリテイナーを処理"
"BossModReborn","","","","Dohn Mheg",""
"BossModReborn","","","","Doma Castle",""
"BossModReborn","","","","Don't assume any order","順番を固定しない"
"BossModReborn","","","","Don't fail at raid mechanics anymore",""
"BossModReborn","","","","Don't flash background of characters that are complete","処理完了キャラクターの背景を点滅させない"
"BossModReborn","","","","Don't show any hints","ヒントを表示しない"
"BossModReborn","","","","Don't shutdown if there are deployables that return within this amount of hours","この時間以内に帰還する潜水艦／飛空艇がある場合は終了しない"
"BossModReborn","","","","Don't try to assign inner towers","内側塔を割り当てない"
"BossModReborn","","","","Don't try to assign outer towers","外側塔を割り当てない"
"BossModReborn","","","","Doomtrain [Ex7Doomtrain]",""
"BossModReborn","","","","Doomtrain [T07Doomtrain]",""
"BossModReborn","","","","Dotoli Ciloc [D152DotoliCiloc]",""
"BossModReborn","","","","Doubled Trouble [CE207DoubleTrouble]",""
"BossModReborn","","","","Dragon Sound: Faunehm [Faunehm]",""
"BossModReborn","","","","Dragon-King Thordan [DSW1]",""
"BossModReborn","","","","Dragon-King Thordan [DSW2]",""
"BossModReborn","","","","Dragonsong War",""
"BossModReborn","","","","Dragonsong's Reprise (Ultimate)",""
"BossModReborn","","","","Dragoon Quests","竜騎士 ジョブクエスト"
"BossModReborn","","","","Dragoon's Fate: Graoully [Graoully]",""
"BossModReborn","","","","Drake Piece [DrakePiece]",""
"BossModReborn","","","","DrakePiece",""
"BossModReborn","","","","Draw moving exaflare pattern","移動するエクサフレアパターンを描画"
"BossModReborn","Full duty automation","","","Draw waypoints in game world","ゲーム画面上にウェイポイントを表示"
"BossModReborn","","","","Dreams of a New Day: Leophyne The Unchivalrous [DreamsOfANewDayP1]",""
"BossModReborn","","","","Dreams of a New Day: Leophyne The Unchivalrous [DreamsOfANewDayP2]",""
"BossModReborn","","","","DRG",""
"BossModReborn","","","","Drowsie [D012Drowsie]",""
"BossModReborn","","","","DSW1","DSW1"
"BossModReborn","","","","DSW2","DSW2"
"BossModReborn","","","","DT FATE","黄金のレガシー FATE"
"BossModReborn","","","","DT Hunt A","黄金のレガシーAモブ"
"BossModReborn","","","","DT Hunt S","黄金のレガシーSモブ"
"BossModReborn","","","","DT Hunt SS","黄金のレガシーSSモブ"
"BossModReborn","","","","Dummy modules, dev work only.","ダミーモジュール（開発用のみ）"
"BossModReborn","","","","Dump client packets into dalamud.log","クライアントパケットをdalamud.logへ出力"
"BossModReborn","","","","Dump server packets into dalamud.log","サーバーパケットをdalamud.logへ出力"
"BossModReborn","","","","Dun Scaith",""
"BossModReborn","","","","Dungeons","ダンジョン"
"BossModReborn","","","","Durante [D133Durante]",""
"BossModReborn","","","","Durga Piece [DurgaPiece]",""
"BossModReborn","","","","DurgaPiece",""
"BossModReborn","","","","Durinn [Stage28]",""
"BossModReborn","","","","Durium Sand","無人島の翠銀砂"
"BossModReborn","Action tweaks","","","Dynamically adjusts cooldown and animation locks to ensure queued actions resolve immediately regardless of framerate limitations","フレームレートの影響を抑え、先行入力したアクションがすぐ実行されるようリキャストとアニメーションロックを動的に調整します。"
"BossModReborn","","","","Dzemael Darkhold","掃討作戦 ゼーメル要塞"
"BossModReborn","","","","E/W always","常に東西"
"BossModReborn","","","","E/W, unless both preys start at N & S","対象2名が南北開始の場合を除き東西"
"BossModReborn","","","","Eald'narche [A24Ealdnarche]",""
"BossModReborn","Autorotation","","","Early pull threshold","早釣り判定のしきい値"
"BossModReborn","","","","Echidna [A14Echidna]",""
"BossModReborn","","","","Echo slash commands to chat","スラッシュコマンドをチャットへエコー表示"
"BossModReborn","","","","Edda Blackbosom [DD50EddaBlackbosom]",""
"BossModReborn","","","","Eden's Verse: Fulmination",""
"BossModReborn","","","","Einhander [D291Einhander]",""
"BossModReborn","","","","Eliminator [D063Eliminator]",""
"BossModReborn","Action tweaks","","","Elusive Jump direction","イルーシブジャンプの方向"
"BossModReborn","","","","Emanation",""
"BossModReborn","","","","Emanation (Extreme)",""
"BossModReborn","","","","Eminent Grief [DD99EminentGrief]",""
"BossModReborn","","","","Eminent Grief [Q1FinalVerse]",""
"BossModReborn","","","","Emissary of the Dawn: Hostile Sky Armor [HostileSkyArmor]",""
"BossModReborn","","","","Enable AI Hell In A Cell tower order (North CW / Hector)","AIのHell In A Cell塔順（北から時計回り／Hector）を有効化"
"BossModReborn","","","","Enable AI static Aetherletting spread positions (NA / Hector)","AIのAetherletting固定散開（NA／Hector）を有効化"
"BossModReborn","","","","Enable AI Undead Deathmatch (LP1 N/W)","AIのUndead Deathmatch処理（LP1北／西）を有効化"
"BossModReborn","","","","Enable auto AFK","自動AFKを有効化"
"BossModReborn","","","","Enable automatic components and plan change","パーツとプランの自動変更を有効化"
"BossModReborn","Full duty automation","","","Enable automatic execution of quest battles / solo duties","クエストバトル／ソロコンテンツの自動実行を有効化"
"BossModReborn","","","","Enable automatic sub registration","潜水艦の自動登録を有効化"
"BossModReborn","","","","Enable AutoRetainer","AutoRetainerを有効化"
"BossModReborn","","","","Enable bailout module","復帰処理モジュールを有効化"
"BossModReborn","","","","Enable context menu integration","コンテキストメニュー連携を有効化"
"BossModReborn","","","","Enable custom priority list","カスタム優先リストを有効化"
"BossModReborn","","","","Enable deployables","潜水艦／飛空艇を有効化"
"BossModReborn","","","","Enable Expert Delivery continuation","希少品調達の継続処理を有効化"
"BossModReborn","","","","Enable lariat prediction","ラリアット予測を有効化"
"BossModReborn","","","","Enable Manual relogs character postprocess","手動リログ後のキャラクター後処理を有効化"
"BossModReborn","","","","Enable minimap","ミニマップを有効化"
"BossModReborn","","","","Enable module","モジュールを有効化"
"BossModReborn","","","","Enable Multi Mode Expert Delivery","Multi Mode希少品調達を有効化"
"BossModReborn","","","","Enable Multi Mode on Game Boot","ゲーム起動時にMulti Modeを有効化"
"BossModReborn","","","","Enable Multi Mode on Plugin Startup","プラグイン起動時にMulti Modeを有効化"
"BossModReborn","","","","Enable path 12 lantern AI","12番ルートのランタンAIを有効化"
"BossModReborn","","","","Enable projecting radar into the 3D world","レーダーを3D空間へ投影"
"BossModReborn","Boss modules and radar","Radar","","Enable radar","レーダーを有効化"
"BossModReborn","","","","Enable seed AOE prediction","SeedのAOE予測を有効化"
"BossModReborn","","","","Enable selling items to housing NPC","ハウジングNPCへのアイテム売却を有効化"
"BossModReborn","","","","Enable selling items to retainer","リテイナーへのアイテム売却を有効化"
"BossModReborn","","","","Enable Simple Teleport","簡易テレポを有効化"
"BossModReborn","","","","Enable title screen button (requires plugin restart)","タイトル画面ボタンを有効化（プラグイン再起動が必要）"
"BossModReborn","Action tweaks","Smart character orientation","","Enabled","有効"
"BossModReborn","","","","Enabled for supported bosses, visible in the ""Supported bosses"" tab.","対応ボスに対して有効になり、「対応ボス」タブに表示されます。"
"BossModReborn","","","","Enabled in Settings > Show replay management UI (or enable auto recording).",""
"BossModReborn","","","","Enabled vessel isn't deployed","有効な船が出航していません"
"BossModReborn","BMR Settings","Tooltip","","Enables auto AFK if out of combat. While AFK AI will not use autorotation or target anything","非戦闘状態が続くと自動でAFKになります。AFK中はAIが自動回しやターゲット選択を行いません。"
"BossModReborn","","","","Encounter-specific settings","コンテンツ別設定"
"BossModReborn","","","","Endwalker","暁月のフィナーレ"
"BossModReborn","","","","Endwalker: Zenos Viator Galvus [Endwalker]",""
"BossModReborn","","","","Enenra [V25Enenra]",""
"BossModReborn","","","","Enforce Full Character Rotation","全キャラクター巡回を強制"
"BossModReborn","","","","Enforcement Droid 210 [D060EnforcementDroid210]",""
"BossModReborn","","","","Engage Enemy Reinforcements","DPSの訓練 その5 敵の増援に対応しよう！"
"BossModReborn","","","","Engels [A13MarxEngels]",""
"BossModReborn","","","","Engravement of Souls 1: resolution hints","Engravement of Souls 1：処理ヒント"
"BossModReborn","","","","Entrust Item:","預けるアイテム："
"BossModReborn","","","","Entrust Manager","アイテム預け入れ管理"
"BossModReborn","","","","Enuo [Enuo]",""
"BossModReborn","","","","Enuo [Ex8Enuo]",""
"BossModReborn","","","","Epilogi [Stage24Act3]",""
"BossModReborn","","","","Erichthonios [P1S]",""
"BossModReborn","","","","Eros [D033Eros]",""
"BossModReborn","","","","Eternal Watch [CE112EternalWatch]",""
"BossModReborn","","","","EU meow braindead strategy using DN ZENITH markers","EU meow式（DN ZENITHマーカー使用）"
"BossModReborn","","","","EU meow braindead strategy using markerless","EU meow式（マーカーなし）"
"BossModReborn","","","","Eulogia [A34Eulogia]",""
"BossModReborn","","","","Euphrosyne",""
"BossModReborn","BMR Settings","","","Eureka","エウレカ"
"BossModReborn","","","","Eureka Orthos (Floors 1-10)",""
"BossModReborn","","","","Eureka Orthos (Floors 11-20)",""
"BossModReborn","","","","Eureka Orthos (Floors 21-30)",""
"BossModReborn","","","","Eureka Orthos (Floors 31-40)",""
"BossModReborn","","","","Eureka Orthos (Floors 41-50)",""
"BossModReborn","","","","Eureka Orthos (Floors 51-60)",""
"BossModReborn","","","","Eureka Orthos (Floors 61-70)",""
"BossModReborn","","","","Eureka Orthos (Floors 71-80)",""
"BossModReborn","","","","Eureka Orthos (Floors 81-90)",""
"BossModReborn","","","","Eureka Orthos (Floors 91-100)",""
"BossModReborn","","","","Even numbers north, odd numbers south","偶数は北、奇数は南"
"BossModReborn","","","","Everkeep","ゾラージャ討滅戦"
"BossModReborn","","","","Everkeep (Extreme)","極ゾラージャ討滅戦"
"BossModReborn","","","","Evil Dreamer [D101EvilDreamers]",""
"BossModReborn","","","","EW FATE","暁月のフィナーレ FATE"
"BossModReborn","","","","EW Hunt A","暁月のフィナーレAモブ"
"BossModReborn","","","","EW Hunt S","暁月のフィナーレSモブ"
"BossModReborn","","","","EW Hunt SS","暁月のフィナーレSSモブ"
"BossModReborn","","","","Ex3QueenEternal","Ex3QueenEternal"
"BossModReborn","","","","Ex4Zelenia","Ex4Zelenia"
"BossModReborn","","","","Ex6GuardianArkveld","Ex6GuardianArkveld"
"BossModReborn","Boss modules and radar","Boss modules","","Example: modules can automatically use anti-knockback abilities before a knockback happens","例：ノックバック発生前にノックバック無効アクションを自動使用できます。"
"BossModReborn","","","","Excalibur [DD99Excalibur]",""
"BossModReborn","","","","Exchange Lists","交換リスト"
"BossModReborn","","","","Executes fully optimal rotations to the best of its ability.",""
"BossModReborn","","","","Exit the game upon deployable completion","潜水艦／飛空艇の処理完了後にゲーム終了"
"BossModReborn","","","","Experiments","試験機能"
"BossModReborn","","","","Experiments - Night Mode","試験機能 - ナイトモード"
"BossModReborn","","","","Experiments - Notifications","試験機能 - 通知"
"BossModReborn","","","","Expert Settings","上級者向け設定"
"BossModReborn","","","","Expert settings alter behavior that was intended by developer. Please check that your issue is not related to incorrectly configured expert settings.","上級者向け設定は開発者が想定した動作を変更します。不具合が設定ミスによるものではないか確認してください。"
"BossModReborn","","","","ExplorersIcebox'","Explorer's Icebox"
"BossModReborn","","","","Export",""
"BossModReborn","","","","Export character and submarine list to CSV","キャラクターと潜水艦一覧をCSVへ出力"
"BossModReborn","","","","Export only characters enabled for multi mode (otherwise - all)","Multi Mode有効キャラクターのみ出力（OFFなら全員）"
"BossModReborn","","","","Export only enabled submarines (otherwise - all)","有効な潜水艦のみ出力（OFFならすべて）"
"BossModReborn","","","","Export without character data","キャラクターデータなしで出力"
"BossModReborn","","","","Extra Logging","詳細ログ"
"BossModReborn","","","","Extreme",""
"BossModReborn","","","","Eye Of The Scorpion [D131EyeOfTheScorpion]",""
"BossModReborn","","","","Eye to Eye [EyeToEye]",""
"BossModReborn","","","","Face [D071Face]",""
"BossModReborn","","","","Facility Dreadnaught [D060FacilityDreadnaught]",""
"BossModReborn","","","","Faded Memories: Ardbert [Ardbert]",""
"BossModReborn","","","","Faded Memories: Flame General Aldynn [FlameGeneralAldynn]",""
"BossModReborn","","","","Faded Memories: King Thordan [KingThordan]",""
"BossModReborn","","","","Faded Memories: Nidhogg [Nidhogg]",""
"BossModReborn","","","","Faded Memories: Zenos Yae Galvus [ZenosYaeGalvus]",""
"BossModReborn","","","","Fafnir The Forgotten [A12Fafnir]",""
"BossModReborn","","","","Faithbound Kirin [A21FaithboundKirin]",""
"BossModReborn","","","","Fallen Kuribu [FallenKuribu]",""
"BossModReborn","","","","False Idol [A35FalseIdol]",""
"BossModReborn","","","","Famfrit, The Darkening Cloud [A21Famfrit]",""
"BossModReborn","","","","Familiar Tactics [CE208FamiliarTactics]",""
"BossModReborn","","","","Fan Ail [FanAil]",""
"BossModReborn","","","","Fangs of the Viper: Wandering Gowrow [FangsOfTheViper]",""
"BossModReborn","","","","Fast Addition and Removal","一括追加／削除"
"BossModReborn","","","","Fastitocalon [Fastitocalon]",""
"BossModReborn","","","","Fatal Allure [FatalAllure]",""
"BossModReborn","","","","Fatebreaker [FRU]",""
"BossModReborn","","","","FATEs","FATEs"
"BossModReborn","","","","FC Data","FCデータ"
"BossModReborn","","","","Feather Ray NE","Feather Ray：北東"
"BossModReborn","","","","Feather Ray NW","Feather Ray：北西"
"BossModReborn","","","","Feather Ray SE","Feather Ray：南東"
"BossModReborn","","","","Feather Ray SW","Feather Ray：南西"
"BossModReborn","","","","Feather Ray [D031FeatherRay]",""
"BossModReborn","","","","Feeling the Burn [CE64FeelingTheBurn]",""
"BossModReborn","","","","Fenrir [D263Fenrir]",""
"BossModReborn","","","","Ferdiad Hollow [A32FerdiadHollow]",""
"BossModReborn","","","","Field Operations","フィールドオペレーション"
"BossModReborn","","","","Files are located in 'C:\Users\a\AppData\Roaming\XIVLauncher\pluginConfigs\BossModReborn/replays'.",""
"BossModReborn","","","","Files are located in 'C:\Users\USER\AppData\Roaming\XIVLauncher\pluginConfigs\BossModReborn/replays'.","ファイルは「C:\Users\USER\AppData\Roaming\XIVLauncher\pluginConfigs\BossModReborn/replays」にあります。"
"BossModReborn","","","","Final Exercise","最終訓練！"
"BossModReborn","","","","Finalize","帰還完了のみ"
"BossModReborn","","","","Finalize all vessels before resending them","再出航前にすべての船を帰還完了状態にする"
"BossModReborn","","","","Finish by purchasing items","最後にアイテムを購入"
"BossModReborn","","","","Firearms [D032Firearms]",""
"BossModReborn","","","","Firemane [D041Firemane]",""
"BossModReborn","","","","Firemane [D043Tangata]",""
"BossModReborn","","","","First-party module created by the plugin author, or a third-party contributed module that was thoroughly verified.","作者作成の公式モジュール、または作者が十分に動作確認した外部提供モジュール。"
"BossModReborn","","","","Five-Headed Dragon [A32FiveheadedDragon]",""
"BossModReborn","","","","Fixed bridge spots for West/East tethers",""
"BossModReborn","","","","Fixed Center",""
"BossModReborn","","","","Fixed N",""
"BossModReborn","","","","Fixed S",""
"BossModReborn","","","","Flame of Dusk [CE110FlameOfDusk]",""
"BossModReborn","","","","Flank","側面"
"BossModReborn","","","","Flash taskbar","タスクバーを点滅"
"BossModReborn","","","","Flauros Piece [FlaurosPiece]",""
"BossModReborn","","","","Flawless Naga [D080FlawlessNaga]",""
"BossModReborn","","","","Flex 1",""
"BossModReborn","","","","Flex 2",""
"BossModReborn","","","","Flex 3",""
"BossModReborn","","","","Fly Free, My Pretty: Grynewaht [Grynewaht]",""
"BossModReborn","","","","Focus target master","マスターをフォーカスターゲット"
"BossModReborn","","","","Follow during active boss module","ボスモジュール動作中も追従"
"BossModReborn","","","","Follow during combat","戦闘中も追従"
"BossModReborn","","","","Follow out of combat","非戦闘時も追従"
"BossModReborn","","","","Follow party slot","追従するPTスロット"
"BossModReborn","Autorotation","","","Follow RotationSolverReborn's desired positional","RotationSolverRebornが要求する側面／背面に従う"
"BossModReborn","","","","Follow target","ターゲットを追従"
"BossModReborn","","","","For","対象"
"BossModReborn","","","","Forbid actions","アクションを禁止"
"BossModReborn","Action tweaks","","","Forbid Harpe too early in prepull","戦闘開始前にハルパーを早く使いすぎない"
"BossModReborn","","","","Forbid movement","移動を禁止"
"BossModReborn","Action tweaks","","","Forbid tomahawk too early in prepull","戦闘開始前にトマホークを早く使いすぎない"
"BossModReborn","","","","Forbidden Folios [CE209ForbiddenFolios]",""
"BossModReborn","","","","Force AI to target assigned head","AIの攻撃対象を、割り当てられた頭部に固定"
"BossModReborn","","","","Force AI to target boss if no adds and no current target","雑魚がおらず現在のターゲットもない場合、AIにボスを狙わせる"
"BossModReborn","","","","Force AI to target closest add when spawned","雑魚が出現したら、AIに最も近い雑魚を狙わせる"
"BossModReborn","","","","Forest Bat [D90ForestBat]",""
"BossModReborn","","","","Forest Woolback [D90ForestWoolback]",""
"BossModReborn","","","","Forgall [A22Forgall]",""
"BossModReborn","","","","Forgiven Apathy [D052ForgivenApathy]",""
"BossModReborn","","","","Forgiven Cruelty [D051ForgivenCruelty]",""
"BossModReborn","","","","Forgiven Dissonance [D011ForgivenDissonance]",""
"BossModReborn","","","","Forgiven Emulation [DD20ForgivenEmulation]",""
"BossModReborn","","","","Forgiven Gossip [ForgivenGossip]",""
"BossModReborn","","","","Forgiven Naivety [DD40ForgivenNaivety]",""
"BossModReborn","","","","Forgiven Obscenity [D055ForgivenObscenity]",""
"BossModReborn","","","","Forgiven Pedantry [ForgivenPedantry]",""
"BossModReborn","","","","Forgiven Prejudice [D050ForgivenPrejudice]",""
"BossModReborn","","","","Forgiven Profanity [DD80ForgivenProfanity]",""
"BossModReborn","","","","Forgiven Rebellion [ForgivenRebellion]",""
"BossModReborn","","","","Forgiven Revelry [D054ForgivenRevelry]",""
"BossModReborn","","","","Forgiven Treachery [DD30ForgivenTreachery]",""
"BossModReborn","","","","Forgiven Whimsy [D053ForgivenWhimsy]",""
"BossModReborn","","","","Forgiven Zeal [DD70ForgivenZeal]",""
"BossModReborn","","","","Forgotten Drakefather [V10Drakes]",""
"BossModReborn","","","","Format for recorded logs","記録ログの形式"
"BossModReborn","","","","FPS Limiter","FPS制限"
"BossModReborn","","","","FPS Limiter is only active when Multi Mode is enabled","FPS制限はMulti Mode有効時のみ動作します"
"BossModReborn","","","","Frameworker [D072Frameworker]",""
"BossModReborn","","","","Freaky arrow CW box (Merry Go Round)","Freaky矢印：時計回りボックス（Merry Go Round）"
"BossModReborn","","","","From Beyond the Grave [CE42FromBeyondTheGrave]",""
"BossModReborn","","","","From Times Bygone [CE102FromTimesBygone]",""
"BossModReborn","","","","Front","正面"
"BossModReborn","","","","FRU","FRU"
"BossModReborn","","","","FTMN1TwoHeadedAevis",""
"BossModReborn","","","","FTMN4Index",""
"BossModReborn","","","","Fuath Troublemaker [FuathTroublemaker]",""
"BossModReborn","","","","Full duty automation","コンテンツ完全自動化"
"BossModReborn","","","","Full Steam Ahead: Ran'jit [Ranjit]",""
"BossModReborn","","","","Fulminator [Stage11Act1]",""
"BossModReborn","","","","Fulminator [Stage11Act2]",""
"BossModReborn","","","","Functions, Exclusions, Order","機能・除外・順序"
"BossModReborn","","","","Futures Rewritten (Ultimate)","絶もうひとつの未来"
"BossModReborn","","","","G1 (CCW from N)",""
"BossModReborn","","","","G1 (NW/CCW) fixed",""
"BossModReborn","","","","G1 (NW/CCW) flex",""
"BossModReborn","","","","G1 Close",""
"BossModReborn","","","","G1 Far Center",""
"BossModReborn","","","","G1 Far Left",""
"BossModReborn","","","","G1 Far Right",""
"BossModReborn","","","","G1 N, G2 S, TMRH",""
"BossModReborn","","","","G1 prio1",""
"BossModReborn","","","","G1 prio2",""
"BossModReborn","","","","G1 prio3",""
"BossModReborn","","","","G1 prio4",""
"BossModReborn","","","","G2 (CW from NE)",""
"BossModReborn","","","","G2 (SE/CW) fixed",""
"BossModReborn","","","","G2 (SE/CW) flex",""
"BossModReborn","","","","G2 Close",""
"BossModReborn","","","","G2 Far Center",""
"BossModReborn","","","","G2 Far Left",""
"BossModReborn","","","","G2 Far Right",""
"BossModReborn","","","","G2 prio1",""
"BossModReborn","","","","G2 prio2",""
"BossModReborn","","","","G2 prio3",""
"BossModReborn","","","","G2 prio4",""
"BossModReborn","","","","Gaius Van Baelsar [D143Gaius]",""
"BossModReborn","","","","Gajasura [Gajasura]",""
"BossModReborn","","","","Galatea Magna [D112GalateaMagna]",""
"BossModReborn","","","","Gale-force Encounter [GaleForceEncounter]",""
"BossModReborn","","","","Galvanth The Dominator [D022GalvanthTheDominator]",""
"BossModReborn","","","","Gamboling for Gil: Ranaa Mihgo [RanaaMihgo]",""
"BossModReborn","Action tweaks","","","Game default (character-relative, backwards)","ゲーム標準（キャラクター基準・後方）"
"BossModReborn","","","","Game startup","ゲーム起動"
"BossModReborn","","","","game8 (JP)","game8 (JP)"
"BossModReborn","","","","Gamma [Gamma]",""
"BossModReborn","","","","Gancanagh [DD10Gancanagh]",""
"BossModReborn","","","","Gargant [D101Gargant]",""
"BossModReborn","","","","Gargoyle Piece [GargoylePiece]",""
"BossModReborn","","","","GargoylePiece",""
"BossModReborn","","","","Garlemald's Machinations",""
"BossModReborn","","","","Garuda [Ex2Garuda]",""
"BossModReborn","","","","Garuda [T03GarudaN]",""
"BossModReborn","","","","Garuda [T06GarudaH]",""
"BossModReborn","","","","Garula [D031Garula]",""
"BossModReborn","","","","General Settings","一般設定"
"BossModReborn","","","","Genie Of The Lamp [V11Genie]",""
"BossModReborn","","","","Geryon The Steer [V11Geryon]",""
"BossModReborn","","","","Giant Bavarois [D152GiantBavarois]",""
"BossModReborn","","","","Giant Tunnel Worm [D092GiantTunnelWorm]",""
"BossModReborn","","","","Gigantis Piece [GigantisPiece]",""
"BossModReborn","","","","GigantisPiece",""
"BossModReborn","","","","Gil","ギル"
"BossModReborn","","","","Gilded Sentry [GildedSentry]",""
"BossModReborn","","","","Gimme Cat P1","Gimme Cat P1"
"BossModReborn","","","","Gimme Cat P3","Gimme Cat P3"
"BossModReborn","","","","Gimme Cat P4","Gimme Cat P4"
"BossModReborn","Boss modules and radar","Radar","","Give radar extra space for rotations","回転用にレーダー周囲へ余白を追加"
"BossModReborn","","","","Gladiator Of Sil'dih [C012NGladiator]",""
"BossModReborn","","","","Gladiator Of Sil'dih [C012SGladiator]",""
"BossModReborn","","","","Gladiator Of Sil'dih [V13Gladiator]",""
"BossModReborn","","","","Gladiatorial Node [Stage07Act3]",""
"BossModReborn","","","","Glasya Labolas [A22Glasya]",""
"BossModReborn","","","","Global",""
"BossModReborn","Boss modules and radar","Radar","","Globally scales the outline thickness of radar elements","レーダー内の各要素の輪郭線の太さをまとめて調整します。"
"BossModReborn","","","","GNB","GNB"
"BossModReborn","","","","Go to the ""Autorotation presets"" tab to create a preset.","プリセットを作成するには、「自動回転プリセット」タブに移動してください。"
"BossModReborn","","","","Goblin Mercenary [GoblinMercenary]",""
"BossModReborn","","","","Gogo, Master Of Mimicry [Stage31Act1]",""
"BossModReborn","","","","Gogo, Master Of Mimicry [Stage31Act2]",""
"BossModReborn","","","","Golbez [Ex6Golbez]",""
"BossModReborn","","","","Gold Saucer","ゴールドソーサー"
"BossModReborn","","","","Golden Molter [GoldenMolter]",""
"BossModReborn","","","","Goldor [Stage32Act1]",""
"BossModReborn","","","","Goldor [Stage32Act2]",""
"BossModReborn","","","","Golem Piece [GolemPiece]",""
"BossModReborn","","","","GolemPiece",""
"BossModReborn","","","","Goliath [Goliath]",""
"BossModReborn","","","","Good King Moggle Mog XII [T08ThornmarchH]",""
"BossModReborn","","","","GOPB (reverse order) (LPDU)","GOPB（逆順／LPDU）"
"BossModReborn","","","","Gorai The Uncaged [C022NGorai]",""
"BossModReborn","","","","Gorai The Uncaged [C022SGorai]",""
"BossModReborn","","","","Gorai The Uncaged [V23Gorai]",""
"BossModReborn","","","","Gozu [DD50Gozu]",""
"BossModReborn","","","","GPOB (only B and G swap) (NA)","GPOB（BとGのみ入れ替え／NA）"
"BossModReborn","","","","Graffias [D053Graffias]",""
"BossModReborn","","","","Grand Company Delivery","グランドカンパニー納品"
"BossModReborn","","","","Grassman [Grassman]",""
"BossModReborn","","","","Great Gimme Cat [GreatGimmeCat]",""
"BossModReborn","","","","Great Yellow Pelican [D071GreatYellowPelican]",""
"BossModReborn","","","","Greater Armadillo [D041GreaterArmadillo]",""
"BossModReborn","","","","Greatest Serpent Of Tural [D074GreatestSerpentOfTural]",""
"BossModReborn","","","","Greedy Pixie [GreedyPixie]",""
"BossModReborn","","","","Green Head [FTME1TwoHeadedAevis]",""
"BossModReborn","","","","Griaule [D022Griaule]",""
"BossModReborn","","","","Groundskeeper [A10Groundskeeper]",""
"BossModReborn","","","","GTFO from aoe!","AOEから退避！"
"BossModReborn","","","","Guardian Arkveld [Ex6GuardianArkveld]",""
"BossModReborn","","","","Guardian Arkveld [GuardianArkveld]",""
"BossModReborn","","","","Gudanna [DD80Gudanna]",""
"BossModReborn","","","","Guide for using this feature can be found on the wiki.","この機能の使用方法については、Wikiをご覧ください。"
"BossModReborn","","","","Guimauve [Stage09]",""
"BossModReborn","","","","Gunbreaker Quests","ガンブレイカー ジョブクエスト"
"BossModReborn","","","","Gunitt [Gunitt]",""
"BossModReborn","","","","Gurangatch [Gurangatch]",""
"BossModReborn","","","","Gurfurlur [D023Gurfurlur]",""
"BossModReborn","","","","Guttler The Gutter [GuttlerTheGutter]",""
"BossModReborn","","","","Gwyddneu [Gwyddneu]",""
"BossModReborn","","","","Gyascutus [D032Gyascutus]",""
"BossModReborn","","","","Gyges The Great [D033Gyges]",""
"BossModReborn","","","","Gymnasiou Acheloios [GymnasiouAcheloios]",""
"BossModReborn","","","","Gymnasiou Leon [GymnasiouLeon]",""
"BossModReborn","","","","Gymnasiou Mandragoras [GymnasiouMandragoras]",""
"BossModReborn","","","","Gymnasiou Megakantha [GymnasiouMegakantha]",""
"BossModReborn","","","","Gymnasiou Meganereis [GymnasiouMeganereis]",""
"BossModReborn","","","","Gymnasiou Pithekos [GymnasiouPithekos]",""
"BossModReborn","","","","Gymnasiou Satyros [GymnasiouSatyros]",""
"BossModReborn","","","","Gymnasiou Sphinx [GymnasiouSphinx]",""
"BossModReborn","","","","Gymnasiou Styphnolobion [GymnasiouStyphnolobion]",""
"BossModReborn","","","","Gymnasiou Tigris [GymnasiouTigris]",""
"BossModReborn","","","","Gymnasiou Triton [GymnasiouTriton]",""
"BossModReborn","","","","H1","H1"
"BossModReborn","","","","H1###plummet2",""
"BossModReborn","","","","H1-R2-H2 fixed, M1-M2-R1 flex",""
"BossModReborn","","","","H2","H2"
"BossModReborn","","","","H2###plummet3",""
"BossModReborn","","","","Haam Crystal [D120HaamCrystal]",""
"BossModReborn","","","","Haam Forlorn [D120HaamForlorn]",""
"BossModReborn","","","","Haam Halonid [D120HaamHalonid]",""
"BossModReborn","","","","Haam Otodus [D120HaamOtodus]",""
"BossModReborn","","","","Haam Troll [D120HaamTroll]",""
"BossModReborn","","","","Hades [Hades]",""
"BossModReborn","","","","Halatali","魔獣領域 ハラタリ修練所"
"BossModReborn","","","","Halicarnassus [O3NHalicarnassus]",""
"BossModReborn","","","","Hall of the Novice","初心者の館"
"BossModReborn","","","","Halone [A23Halone]",""
"BossModReborn","","","","Hansel & Gretel [A32HanselGretel]",""
"BossModReborn","","","","Harmachis [D062Harmachis]",""
"BossModReborn","","","","Hati [Hati]",""
"BossModReborn","","","","Haukke Manor","名門屋敷 ハウケタ御用邸"
"BossModReborn","","","","Head of the Snake [Duel5Menenius]",""
"BossModReborn","","","","Head Of Thunder [A33Cerberus]",""
"BossModReborn","","","","Headstone [A23Headstone]",""
"BossModReborn","","","","Healer","ヒーラー"
"BossModReborn","","","","Healer Role Quests (Dawntrail)","ヒーラーロールクエスト (黄金のレガシー)"
"BossModReborn","","","","Healer Role Quests (Shadowbringers)","ヒーラーロールクエスト (漆黒のヴィランズ)"
"BossModReborn","","","","Heaven-On-High  (Floors 1-10)","アメノミハシラ 1～10層"
"BossModReborn","","","","Heaven-On-High  (Floors 11-20)","アメノミハシラ 11～20層"
"BossModReborn","","","","Heaven-On-High  (Floors 21-30)","アメノミハシラ 21～30層"
"BossModReborn","","","","Heaven-On-High  (Floors 31-40)","アメノミハシラ 31～40層"
"BossModReborn","","","","Heaven-On-High  (Floors 41-50)","アメノミハシラ 41～50層"
"BossModReborn","","","","Heaven-On-High  (Floors 51-60)","アメノミハシラ 51～60層"
"BossModReborn","","","","Heaven-On-High  (Floors 61-70)","アメノミハシラ 61～70層"
"BossModReborn","","","","Heaven-On-High  (Floors 71-80)","アメノミハシラ 71～80層"
"BossModReborn","","","","Heaven-On-High  (Floors 81-90)","アメノミハシラ 81～90層"
"BossModReborn","","","","Heavensflame resolution hints","Heavensflameの処理ヒント"
"BossModReborn","","","","Heavensward","蒼天のイシュガルド"
"BossModReborn","","","","Heavy Artillery Unit [A20HeavyArtilleryUnit]",""
"BossModReborn","","","","Heavy Boots of Lead [HeavyBootsOfLead]",""
"BossModReborn","","","","Hector",""
"BossModReborn","","","","Hector (NA)","Hector (NA)"
"BossModReborn","","","","Hector: THMR",""
"BossModReborn","","","","Hector: THMR, G1 CCW, G2 CW",""
"BossModReborn","","","","Hedetet [D131Hedetet]",""
"BossModReborn","","","","Hegemone [P6S]",""
"BossModReborn","","","","Hell On Rails","グラシャラボラス討滅戦"
"BossModReborn","","","","Hell On Rails (Extreme)","極グラシャラボラス討滅戦"
"BossModReborn","","","","Hellbender [D120Hellbender]",""
"BossModReborn","","","","Hells' Kier",""
"BossModReborn","","","","Hells' Kier (Extreme)",""
"BossModReborn","","","","Hephaistos [P8S1]",""
"BossModReborn","","","","Hephaistos [P8S2]",""
"BossModReborn","","","","Here Comes the Cavalry [CE53HereComesTheCavalry]",""
"BossModReborn","","","","Here you can assign preconfigured exchange lists to your registered characters, as well as select delivery mode.","登録済みキャラクターへ事前設定した交換リストを割り当て、納品モードを選択できます。"
"BossModReborn","","","","Here you can assign preconfigured inventory cleanup lists to your registered characters.","登録済みキャラクターへ事前設定した所持品整理リストを割り当てできます。"
"BossModReborn","","","","Here you can sort your characters. This will affect order in which they will be processed by Multi Mode as well as how they will appear in plugin interface and login overlay.","ここでキャラクターの並び順を変更できます。この順序はMulti Modeでの処理順と、プラグイン画面・ログインオーバーレイ上の表示順に反映されます。"
"BossModReborn","","","","Hermes [D043Hermes]",""
"BossModReborn","","","","Heroes and Pretenders: Virazahn The Deceiver [HeroesAndPretenders]",""
"BossModReborn","","","","Herpekaris [D051Herpekaris]",""
"BossModReborn","","","","Heshuala [Heshuala]",""
"BossModReborn","","","","Hesperos [P4S1]",""
"BossModReborn","","","","Hesperos [P4S2]",""
"BossModReborn","","","","Hexapod [Hexapod]",""
"BossModReborn","","","","HHTT/RRMM",""
"BossModReborn","","","","HHTTMMRR",""
"BossModReborn","","","","Hidden Gorge","ヒドゥンゴージ (機工戦)"
"BossModReborn","","","","Hide Airships from Deployables UI","潜水艦／飛空艇UIから飛空艇を非表示"
"BossModReborn","","","","Hide Armoury Chest Items","アーマリーチェスト内アイテムを非表示"
"BossModReborn","","","","Hide character search","キャラクター検索を非表示"
"BossModReborn","","","","Hide Gear Set Items","ギアセット装備を非表示"
"BossModReborn","Autorotation","","","Hide VBM Default preset","VBM Defaultプリセットを非表示"
"BossModReborn","","","","High concept 1: long debuffs take S towers","High concept 1: 長いデバフは南側の塔を担当"
"BossModReborn","","","","Highlighted pomanders will be used when a gold chest contains one that you can't carry.","所持上限で拾えない魔土器が金の宝箱に入っている場合、強調表示された魔土器を使用します。"
"BossModReborn","","","","Hippokampos [P2S]",""
"BossModReborn","","","","Hippomenes [Hippomenes]",""
"BossModReborn","","","","His Forgotten Home: Slickshell Captain [SlickshellCaptain]",""
"BossModReborn","","","","His Royal Headness Leonogg I [D081HisRoyalHeadnessLeonoggI]",""
"BossModReborn","","","","Hold CTRL and click","CTRLを押しながらクリック"
"BossModReborn","","","","Hold shift to delete",""
"BossModReborn","Action tweaks","","","Hold to allow movement while casting","押している間は詠唱中の移動を許可"
"BossModReborn","","","","Holminster Switch","殺戮郷村 ホルミンスター"
"BossModReborn","","","","Honey B. Lovely [M02NHoneyBLovely]",""
"BossModReborn","","","","Honey B. Lovely [M02SHoneyBLovely]",""
"BossModReborn","","","","Hope on the Waves: Imperial Centurion [ImperialCenturion]",""
"BossModReborn","","","","hours...","時間…"
"BossModReborn","BMR Settings","Tooltip","","How many yalms billboards should appear above ground. Includes gazes, text and icons.","ビルボードを地面から何ヤルム上に表示するかを設定します。視線、文字、アイコンが対象です。"
"BossModReborn","","","","Howling Blade [M08NHowlingBlade]",""
"BossModReborn","","","","Howling Blade [M08SHowlingBlade]",""
"BossModReborn","","","","Hraesvelgr [D133Hraesvelgr]",""
"BossModReborn","","","","HRMTTMRH",""
"BossModReborn","","","","Hrodric Poisontongue [D093HrodricPoisonTongue]",""
"BossModReborn","","","","HTTH/RMMR",""
"BossModReborn","","","","Hulder [Hulder]",""
"BossModReborn","","","","Hunter Of Bardam [D032HunterOfBardam]",""
"BossModReborn","","","","Huracan [Huracan]",""
"BossModReborn","","","","Hydaelyn [Ex2Hydaelyn]",""
"BossModReborn","","","","Hydaelyn [T02Hydaelyn]",""
"BossModReborn","BMR Settings","","","Hydatos","ヒュダトス"
"BossModReborn","","","","Hydnora [Stage12Act2]",""
"BossModReborn","","","","Hypertuned Grynewaht [D043HypertunedGrynewaht]",""
"BossModReborn","","","","I Don't Want to Believe [Ovni]",""
"BossModReborn","","","","Ice Dragon Piece [IceDragonPiece]",""
"BossModReborn","","","","IceDragonPiece",""
"BossModReborn","","","","Ichorous Ire [D032IchorousIre]",""
"BossModReborn","","","","Icon billboard font size","アイコンビルボードのフォントサイズ"
"BossModReborn","","","","Idle while mounted","マウント中は待機"
"BossModReborn","","","","If all above are disabled or fail, will be teleported to inn.","上記がすべて無効、または失敗した場合は宿屋へテレポします。"
"BossModReborn","BMR Settings","Tooltip","","If disabled the add phase priority list below will not be used.","無効にすると、下の雑魚フェーズ優先順位リストは使用されません。"
"BossModReborn","BMR Settings","Tooltip","","If disabled the full Ride the Waves exaflare pattern is drawn from the beginning. Otherwise it will move like in normal mode.","無効の場合、Ride the Wavesのエクサフレア全体パターンを最初から表示します。有効の場合は通常通り移動して表示されます。"
"BossModReborn","BMR Settings","Tooltip","","If enabled all spotlight positions are shown that do not match your own order.","有効にすると、自分と異なる順番に該当するスポットライト位置をすべて表示します。"
"BossModReborn","BMR Settings","Tooltip","","If enabled all spotlight positions are shown that match your own order.","有効にすると、自分と同じ順番に該当するスポットライト位置をすべて表示します。"
"BossModReborn","","","","If game is inactive: (requires NotificationMaster to be installed and enabled)","ゲームが非アクティブの場合：（NotificationMasterの導入・有効化が必要）"
"BossModReborn","","","","If no character is available for ventures, you will be logged off until any character is available again. Title screen movie will be disabled while this option and MultiMode are enabled.","リテイナー依頼を処理できるキャラクターがいない場合、処理可能になるまでログアウトします。この設定とMulti Modeが有効な間はタイトル画面のムービーを無効化します。"
"BossModReborn","BMR Settings","Tooltip","","If party roles are configured, only show own tower","PTロールが設定されている場合、自分の塔だけ表示します。"
"BossModReborn","BMR Settings","Tooltip","","If party roles are configured, only show player's spot","PTロールが設定されている場合、自分の位置だけ表示します。"
"BossModReborn","BMR Settings","Tooltip","","If projecting the radar into the 3D world is enabled, the outline can also be drawn","レーダーを3Dワールドへ投影する設定が有効なら、輪郭線も表示できます。"
"BossModReborn","","","","If set to a value greater than 0, AutoRetainer will stop processing any retainers this number of minutes before any character is scheduled to redeploy submarines, taking all previous settings into account.","0より大きい値を設定すると、いずれかのキャラクターで潜水艦の再出航予定時刻になるこの分数前から、リテイナー処理を停止します。上記の各設定も考慮されます。"
"BossModReborn","Action tweaks","","","If someone enters combat with a boss when the countdown is longer than this value, it's consider a ninja-pull and autorotation is force disabled","カウントダウン残り時間がこの値より長い状態で誰かがボス戦を開始した場合、早釣りと判定して自動回しを強制停止します。"
"BossModReborn","Action tweaks","","","If the usual (mouseover/primary) target is not valid for an action, select the next best target automatically (e.g. co-tank for Shirk)","通常の対象（マウスオーバー／メインターゲット）にアクションを使えない場合、次に適した対象を自動選択（例：シャークの相方タンク）"
"BossModReborn","BMR Settings","Tooltip","","If this option is disabled, replays will contain personally identifying information for your character and any other player you see during the recording - specifically, names and content IDs.","この設定を無効にすると、リプレイに自分や記録中に表示された他プレイヤーの個人識別情報（名前、Content ID）が含まれます。"
"BossModReborn","","","","If waiting for other deployables to return would exceed this number of minutes, AutoRetainer will ignore both the ""Wait for Voyage Completion"" and ""Wait even when already logged in"" settings.","他の潜水艦／飛空艇の帰還待ちがこの分数を超える場合、「探索完了まで待機」と「ログイン済みでも待機」の両方を無視します。"
"BossModReborn","Boss modules and radar","Radar","","If you are using the above setting, you can give the radar extra space on the sides before the edges are clipped in order to account for rotating your camera during an encounter or to give the cardinal directions space.","上の設定を使用している場合、戦闘中のカメラ回転や方角表示のために、レーダー左右へ追加の余白を確保できます。"
"BossModReborn","Action tweaks","","","If you've created your own presets and no longer need the included default, this option will prevent it from being shown in the Autorotation and Preset Editor windows.","独自プリセットを作成し標準プリセットが不要な場合、自動回し／プリセット編集ウィンドウに標準プリセットを表示しないようにします。"
"BossModReborn","","","","Ifrit [Ex4Ifrit]",""
"BossModReborn","","","","Ifrit [T01IfritN]",""
"BossModReborn","","","","Ifrit [T05IfritH]",""
"BossModReborn","","","","Ignore NPC if retainer is available","利用可能なリテイナーがいる場合NPCを無視"
"BossModReborn","","","","Ignore other characters that have not been enabled in MultiMode","Multi Modeで有効になっていない他キャラクターを無視"
"BossModReborn","","","","Ignore packets for other players when dumping to dalamud.log","dalamud.logへの出力時、他プレイヤーのパケットを無視"
"BossModReborn","","","","Ihnuxokiy [Ihnuxokiy]",""
"BossModReborn","","","","Ihuykatumu","濁流遡上 イフイカ・トゥム"
"BossModReborn","","","","Imbalanced Diet [CE210ImbalancedDiet]",""
"BossModReborn","","","","Immortal Remains [D113ImmortalRemains]",""
"BossModReborn","","","","Import",""
"BossModReborn","","","","Import and merge with character data","インポートしてキャラクターデータと統合"
"BossModReborn","","","","Import blacklisted entries from Discard Helper","Discard Helperのブラックリストをインポート"
"BossModReborn","","","","Import discard entries from Discard Helper","Discard Helperの破棄項目をインポート"
"BossModReborn","","","","Import/Export","インポート／エクスポート"
"BossModReborn","","","","Important: when activated, your multi mode will be set to do deployables only, no retainers.","重要：有効にすると、Multi Modeはリテイナーを処理せず、潜水艦／飛空艇のみを処理する設定になります。"
"BossModReborn","","","","In a Pot of Bother [InAPotOfBother]",""
"BossModReborn","","","","In order to enable/disable fuel purchase for other characters, navigate to Functions, Exclusions, Order section.","他のキャラクターの燃料購入をON／OFFするには、「機能・除外・順序」を開いてください。"
"BossModReborn","","","","In the Dark of Night: Iseultalon [Iseultalon]",""
"BossModReborn","","","","Include drawing arena outline into the 3D world","アリーナ外周を3D空間へ表示"
"BossModReborn","","","","Include one unlock destination while levelling","レベル上げ中に未開放の航路先を1か所含める"
"BossModReborn","","","","Include other characters","他キャラクターを含める"
"BossModReborn","Action tweaks","","","Includes backdashes (e.g. SAM Yaten), teleports (e.g. NIN Shukuchi), and fixed-length dashes (e.g. DRG Elusive Jump)","後退技（侍の夜天など）、テレポート（忍者の縮地など）、固定距離ダッシュ（竜騎士のイルーシブジャンプなど）も含まれます。"
"BossModReborn","","","","Inconstant Gardener [InconstantGardener]",""
"BossModReborn","","","","Index","Index"
"BossModReborn","","","","Index [FTME4Index]",""
"BossModReborn","","","","Index [FTMN4Index]",""
"BossModReborn","","","","Inferno Drake [D072InfernoDrake]",""
"BossModReborn","","","","Inferno [D053Inferno]",""
"BossModReborn","","","","Innocence [T02Innocence]",""
"BossModReborn","","","","Intemperance: corner that swaps with N on asymmetrical pattern","Intemperance：非対称パターンで北と入れ替わる角"
"BossModReborn","","","","Intermission: safespot hints","Intermission: 安置ヒント"
"BossModReborn","","","","Invalid assignments: there should be exactly one raid member per role","割り当て不正：各ロールにちょうど1人のPTメンバーが必要です"
"BossModReborn","","","","Inventory Cleanup","所持品整理"
"BossModReborn","","","","Inventory Cleanup Plan Selection","所持品整理プラン選択"
"BossModReborn","","","","Inventory Cleanup/Discard List","所持品整理／破棄リスト"
"BossModReborn","","","","Inventory Cleanup/Fast Addition and Removal","所持品整理／一括追加・削除"
"BossModReborn","","","","Inventory Cleanup/General Settings","所持品整理／一般設定"
"BossModReborn","","","","Inventory Cleanup/Protection List","所持品整理／保護リスト"
"BossModReborn","","","","Inventory Cleanup/Quick Venture Sell List","所持品整理／ほりだしもの依頼売却リスト"
"BossModReborn","","","","Inventory Cleanup/Unconditional Sell List","所持品整理／無条件売却リスト"
"BossModReborn","","","","Inventory Management","所持品管理"
"BossModReborn","","","","Inventory Management - Entrust Manager","所持品管理 - 預け入れ管理"
"BossModReborn","","","","Inventory Management - Grand Company Delivery - Character Configuration","所持品管理 - GC納品 - キャラクター設定"
"BossModReborn","","","","Inventory Management - Grand Company Delivery - Exchange Lists","所持品管理 - GC納品 - 交換リスト"
"BossModReborn","","","","Inventory Management - Inventory Cleanup - Character Configuration","所持品管理 - 所持品整理 - キャラクター設定"
"BossModReborn","","","","Inventory Slots","所持品枠"
"BossModReborn","","","","Inventory slots remaining to trigger delivery, less or equal","GC納品を開始する残り所持品枠（以下）"
"BossModReborn","","","","Inventory warnings","所持品警告"
"BossModReborn","","","","Irminsul [A12IrminsulSawtooth]",""
"BossModReborn","","","","Iron Ore","無人島の鉄鉱"
"BossModReborn","","","","Isgebind [D103Isgebind]",""
"BossModReborn","","","","Ixtab [DD40Ixtab]",""
"BossModReborn","","","","Ixtab [Ixtab]",""
"BossModReborn","","","","Jabberwock P3","Jabberwock P3"
"BossModReborn","","","","Jabberwock P4","Jabberwock P4"
"BossModReborn","","","","Jack-In-The-Pot [D082JackInThePot]",""
"BossModReborn","","","","Jaggedy-Eared Jack [A20JaggedyEaredJack]",""
"BossModReborn","","","","Jeuno: The First Walk","ジュノ：ザ・ファーストウォーク"
"BossModReborn","","","","Kahderyor [D022Kahderyor]",""
"BossModReborn","","","","Kajigakaka [DD80Kajigakaka]",""
"BossModReborn","","","","Kam'lanaut [A23Kamlanaut]",""
"BossModReborn","","","","Kapikulu [D093Kapikulu]",""
"BossModReborn","","","","Kargas [D130Kargas]",""
"BossModReborn","","","","Karlabos [D271Karlabos]",""
"BossModReborn","","","","Keep this many items","この数量を残す"
"BossModReborn","","","","Keeper Of Halidom [D151KeeperOfHalidom]",""
"BossModReborn","","","","Kefka [DMU]",""
"BossModReborn","","","","Kefka [O8NKefka]",""
"BossModReborn","","","","Keheniheyamewi [Keheniheyamewi]",""
"BossModReborn","","","","Kelpie [D091Kelpie]",""
"BossModReborn","","","","Kenko [DD70Kenko]",""
"BossModReborn","","","","Ker Shroud [KerShroud]",""
"BossModReborn","","","","Ker [Ker]",""
"BossModReborn","","","","Ketuduke [C031NKetuduke]",""
"BossModReborn","","","","Ketuduke [C031SKetuduke]",""
"BossModReborn","","","","Keybinds","キー設定"
"BossModReborn","","","","Kill It with Fire [CE13KillItWithFire]",""
"BossModReborn","","","","King Behemoth [A13KingBehemoth]",""
"BossModReborn","","","","King of the Crescent [KingOfTheCrescent]",""
"BossModReborn","","","","King Thordan [Ex3Thordan]",""
"BossModReborn","","","","Kirlirger The Abhorrent [KirlirgerTheAbhorrent]",""
"BossModReborn","","","","Kirtimukha [DD120Kirtimukha]",""
"BossModReborn","","","","Knave Of Hearts [A31KnaveofHearts]",""
"BossModReborn","","","","Kokytos [P9SKokytos]",""
"BossModReborn","","","","Koshchei [D102Koshchei]",""
"BossModReborn","","","","Kottos [D031Kottos]",""
"BossModReborn","","","","Kraken [A20Kraken]",""
"BossModReborn","","","","Kreios [Stage04Act2]",""
"BossModReborn","","","","Kreios [Stage17Act2]",""
"BossModReborn","","","","Kronprinz Behemoth [Stage23]",""
"BossModReborn","","","","Ktisis Hyperboreia",""
"BossModReborn","","","","Kugane Ohashi",""
"BossModReborn","","","","Kyklops [D102Kyklops]",""
"BossModReborn","","","","L1",""
"BossModReborn","","","","L2",""
"BossModReborn","","","","L3",""
"BossModReborn","","","","L4",""
"BossModReborn","","","","Ladon Lord [D042LadonLord]",""
"BossModReborn","","","","Lady Amandine [D063LadyAmandine]",""
"BossModReborn","","","","Lady's Handmaiden [D062ManorSteward]",""
"BossModReborn","","","","Lahabrea [D063LahabreaIgeyorhm]",""
"BossModReborn","","","","Lakhamu Piece [LakhamuPiece]",""
"BossModReborn","","","","Lakshmi [Ex2Lakshmi]",""
"BossModReborn","","","","Lakshmi [T02Lakshmi]",""
"BossModReborn","","","","Lala [C032NLala]",""
"BossModReborn","","","","Lala [C032SLala]",""
"BossModReborn","","","","Lampas Chrysine [LampasChrysine]",""
"BossModReborn","","","","Lapis Manalis",""
"BossModReborn","","","","Lauda The Spellcleaver [LaudaTheSpellcleaver]",""
"BossModReborn","","","","Lava Slime [Stage07Act1]",""
"BossModReborn","","","","Lava Slime [Stage07Act2]",""
"BossModReborn","","","","Leannan Sith [D092LeananSith]",""
"BossModReborn","","","","Left (looking at boss)",""
"BossModReborn","","","","Left Claw [Stage17Act1]",""
"BossModReborn","","","","Less than possible vessels enabled","出航可能数より有効な船が少ない"
"BossModReborn","","","","Leucogranite","無人島の花崗岩"
"BossModReborn","","","","LevelUp","レベル上げ"
"BossModReborn","","","","Leviathan [T09WhorleaterH]",""
"BossModReborn","","","","Li'l Murderer [LilMurderer]",""
"BossModReborn","","","","Life Ephemeral, Path Eternal: Ancel Rockfist [AncelAndMahaud]",""
"BossModReborn","","","","Life Ephemeral, Path Eternal: Guildivain Of The Tainted Edge [Guildivain]",""
"BossModReborn","","","","Lifestream plugin is required","Lifestreamプラグインが必要です"
"BossModReborn","","","","Light Artillery Unit [A20LightArtilleryUnit]",""
"BossModReborn","","","","Limestone","無人島の石灰岩"
"BossModReborn","","","","Limit cut positioning hints","リミットカット（サイコロ）の立ち位置ヒント"
"BossModReborn","","","","Limiter active only when shutdown timer is set","終了タイマー設定時のみFPS制限を有効化"
"BossModReborn","","","","Limitless desolation: tanks/healers use right side","Limitless Desolation：タンク／ヒーラーは右側を使用"
"BossModReborn","","","","Lindblum Zaghnal [D091LindblumZaghnal]",""
"BossModReborn","","","","Lindwurm [M12NLindwurm]",""
"BossModReborn","","","","Lindwurm [M12S2TheLindwurm]",""
"BossModReborn","","","","Lindwurm [M12SLindwurm]",""
"BossModReborn","","","","Lions Of Aglaia [A10Lions]",""
"BossModReborn","","","","Livia Sas Junius [D133Livia]",""
"BossModReborn","","","","Livia The Undeterred [D051Livia]",""
"BossModReborn","","","","Llymlaen [A32Llymlaen]",""
"BossModReborn","Action tweaks","","","LMB + RMB","左クリック＋右クリック"
"BossModReborn","Boss modules and radar","Radar","","Lock radar and hint window movement and mouse interaction","レーダー／ヒントウィンドウの移動とマウス操作をロック"
"BossModReborn","Full duty automation","","","Lock zone module window movement and mouse interaction","ゾーンモジュールウィンドウの移動とマウス操作をロック"
"BossModReborn","","","","Locksmith [D121Locksmith]",""
"BossModReborn","","","","Log","ログ"
"BossModReborn","","","","Login Overlay","ログインオーバーレイ"
"BossModReborn","","","","Login overlay button padding","ログインオーバーレイのボタン余白"
"BossModReborn","","","","Login overlay scale multiplier","ログインオーバーレイの表示倍率"
"BossModReborn","","","","Lone Swordmaster [Ad013LoneSwordmaster]",""
"BossModReborn","","","","Lone Swordmaster [V14LoneSwordmaster]",""
"BossModReborn","","","","Looks to Die For [CE62LooksToDieFor]",""
"BossModReborn","","","","Loosefrox Inkyjots [LoosefroxInkyjots]",""
"BossModReborn","","","","Lorelei [D013Lorelei]",""
"BossModReborn","","","","Lost on the Wind [CE211LostontheWind]",""
"BossModReborn","","","","Lozatl [D031Lozatl]",""
"BossModReborn","","","","LPDU",""
"BossModReborn","","","","LPDU (global): M1>M2>MT>OT>R1>R2>H1>H2",""
"BossModReborn","","","","LPDU (HTMR)",""
"BossModReborn","","","","LPDU (inter)cardinals: cross=N/S, square=NE/SW, circle=E/W, triangle=SE/NW","LPDU配置：×＝南北、□＝北東／南西、○＝東西、△＝南東／北西"
"BossModReborn","","","","LPDU (light parties): flex R>M>H",""
"BossModReborn","","","","LPDU (light parties): flex T>M>R",""
"BossModReborn","","","","LPDU (RMTH HTMR)",""
"BossModReborn","","","","LPDU (TRHM)",""
"BossModReborn","","","","LPDU but CCW",""
"BossModReborn","","","","LPDU: HTTH/RMMR",""
"BossModReborn","","","","LPDU: MT->OT->M1 (M2 as fallback)->R1","LPDU：MT→OT→M1（不在時M2）→R1"
"BossModReborn","","","","LPDU: MT->OT->M1 (M2 as fallback)->R2","LPDU：MT→OT→M1（不在時M2）→R2"
"BossModReborn","","","","Lucky Face [LuckyFace]",""
"BossModReborn","","","","Lugae [D022Lugae]",""
"BossModReborn","","","","Lugat [D011Lugat]",""
"BossModReborn","","","","Lugus [D093Lugus]",""
"BossModReborn","","","","Lunar Bahamut [D133LunarBahamut]",""
"BossModReborn","","","","Lunatender Queen [LunatenderQueen]",""
"BossModReborn","","","","Lunipyati [D093Lunipyati]",""
"BossModReborn","","","","Lyngbakr [D121Lyngbakr]",""
"BossModReborn","","","","Lyssa Chrysine [LyssaChrysine]",""
"BossModReborn","","","","Lyssa [D041Lyssa]",""
"BossModReborn","","","","M05SDancingGreen","M05SDancingGreen"
"BossModReborn","","","","M06SSugarRiot","M06SSugarRiot"
"BossModReborn","","","","M07SBruteAbombinator","M07SBruteAbombinator"
"BossModReborn","","","","M08SHowlingBlade","M08SHowlingBlade"
"BossModReborn","","","","M09SVampFatale","M09SVampFatale"
"BossModReborn","","","","M1","M1"
"BossModReborn","","","","M1###plummet4",""
"BossModReborn","","","","M10STheXtremes","M10STheXtremes"
"BossModReborn","","","","M12S2Lindwurm","M12S2Lindwurm"
"BossModReborn","","","","M2","M2"
"BossModReborn","","","","M2###plummet5",""
"BossModReborn","","","","Magical Ranged DPS Role Quests (Dawntrail)","遠隔魔法DPSロールクエスト (黄金のレガシー)"
"BossModReborn","","","","Magical Ranged DPS Role Quests (Shadowbringers)","遠隔魔法DPSロールクエスト (漆黒のヴィランズ)"
"BossModReborn","","","","Magitaur [FTB4Magitaur]",""
"BossModReborn","","","","Magitek Fortress [D132MagitekFortress]",""
"BossModReborn","","","","Magitek Gunship [D292MagitekGunship]",""
"BossModReborn","","","","Magitek Hexadrone [D042MagitekHexadrone]",""
"BossModReborn","","","","Magitek Rearguard [D041MagitekRearguard]",""
"BossModReborn","","","","Magitek Scorpion [D061MagitekScorpion]",""
"BossModReborn","","","","Magitek Vanguard F-1 [D132MagitekVanguardF1]",""
"BossModReborn","","","","Magna Roader [D051MagnaRoader]",""
"BossModReborn","","","","Make night mode status persistent","ナイトモード状態を保持"
"BossModReborn","Boss modules and radar","Hints","","Make separate hints window transparent","分離したヒントウィンドウを透明化"
"BossModReborn","","","","Make shutdown command activate night mode instead of shutting down the game","終了コマンドでゲームを終了せずナイトモードを有効化"
"BossModReborn","Full duty automation","","","Make zone module windows transparent","ゾーンモジュールウィンドウを透明化"
"BossModReborn","","","","Malacoda [DD90Malacoda]",""
"BossModReborn","","","","Malboro Terra [D090MalboroTerra]",""
"BossModReborn","","","","Malikah's Well",""
"BossModReborn","","","","Maliktender [Maliktender]",""
"BossModReborn","","","","Malphas [D133Malphas]",""
"BossModReborn","","","","Manikin Conjurer [D080ManikinConjurer]",""
"BossModReborn","","","","Manor Claviger [D061ManorClaviger]",""
"BossModReborn","","","","Manticore Piece [ManticorePiece]",""
"BossModReborn","","","","Manual targeting","手動ターゲット"
"BossModReborn","Action tweaks","","","Manually select position by extra click (normal game behaviour)","追加クリックで位置を手動指定（ゲーム標準動作）"
"BossModReborn","","","","Many Mouths to Feed [CE212ManyMouthstoFeed]",""
"BossModReborn","","","","Marble","無人島の大理石"
"BossModReborn","","","","Marble Dragon [FTB3MarbleDragon]",""
"BossModReborn","","","","Mark II Magitek Colossus [D141Colossus]",""
"BossModReborn","","","","Mark III-B Magitek Colossus [D151MarkIIIBMagitekColossus]",""
"BossModReborn","","","","Market Cooldown Overlay","マーケット出品クールダウン表示"
"BossModReborn","","","","Mascot Murder: Mica The Magical Mu [MicaTheMagicalMu]",""
"BossModReborn","","","","Mass addition/removal","一括追加／削除"
"BossModReborn","","","","Mass configuration change","設定の一括変更"
"BossModReborn","","","","Match waymark colors: circle=red, triangle=green, cross=blue, square=purple","マーカー色に合わせる：○=赤、△=緑、×=青、□=紫"
"BossModReborn","","","","Materials","素材"
"BossModReborn","","","","Materiel","軍用品"
"BossModReborn","","","","Mateus, The Corrupt [A11Mateus]",""
"BossModReborn","","","","Matoya's Relict",""
"BossModReborn","","","","Maturity of each rotation module is present in a tooltip.",""
"BossModReborn","","","","Maturity: ",""
"BossModReborn","","","","Maulskull [D033Maulskull]",""
"BossModReborn","","","","Max distance to slot","PTスロットまでの最大距離"
"BossModReborn","","","","Max distance to target","ターゲットまでの最大距離"
"BossModReborn","","","","Max number of mobs to pull at once (0 for no limit)",""
"BossModReborn","","","","Max number of mobs to pull before pausing navigation (0 = do not navigate while in combat)","ナビゲーションを停止するまでに釣る最大敵数（0＝戦闘中は移動しない）"
"BossModReborn","","","","Max range to look for new mobs to pull",""
"BossModReborn","","","","Max replays to keep before removal","保持するリプレイの最大数"
"BossModReborn","Boss modules and radar","Misc","","Maximum load distance","最大読み込み距離"
"BossModReborn","Boss modules and radar","Misc","","Maximum load distance in yalms","最大読み込み距離（ヤルム）です。"
"BossModReborn","","","","Maximum stack size to be discarded","破棄する最大スタック数"
"BossModReborn","","","","Maximum stack size to be sold","売却する最大スタック数"
"BossModReborn","","","","Maximum time to wait for sub return, minutes","潜水艦の帰還を待つ最大時間（分）"
"BossModReborn","","","","Maximum to open at once","一度に開封する最大数"
"BossModReborn","","","","Maximum Wait, minutes","最大待機時間（分）"
"BossModReborn","","","","May result other programs slowdown","他のプログラムが遅くなる場合があります"
"BossModReborn","","","","MCH",""
"BossModReborn","","","","Medusa Piece [MedusaPiece]",""
"BossModReborn","","","","MedusaPiece",""
"BossModReborn","","","","Melee","近接DPS"
"BossModReborn","","","","Melee DPS Role Quests (Dawntrail)","近接DPSロールクエスト (黄金のレガシー)"
"BossModReborn","","","","Melee together",""
"BossModReborn","","","","Menphina [A24Menphina]",""
"BossModReborn","","","","Messenger of the Winds: Garuda [Garuda]",""
"BossModReborn","","","","Metal Fox Chaos [CE31MetalFoxChaos]",""
"BossModReborn","","","","Midgardsormr [D293Midgardsormr]",""
"BossModReborn","BMR Settings","Tooltip","","Might be required to be enabled for some some content such as deep dungeons.","ディープダンジョンなど一部コンテンツでは有効化が必要になる場合があります。"
"BossModReborn","","","","Mind over Manor: Spriggan Clatterer [MindOverManor]",""
"BossModReborn","","","","Mindflayer Piece [MindflayerPiece]",""
"BossModReborn","","","","MindflayerPiece",""
"BossModReborn","","","","Minduruva [D011Minduruva]",""
"BossModReborn","","","","Minerva [Minerva]",""
"BossModReborn","Boss modules and radar","Boss modules","","Minimal maturity for the module to be loaded","読み込むモジュールの最低成熟度"
"BossModReborn","","","","Minimap scale","ミニマップ倍率"
"BossModReborn","","","","Minimum distance to hitbox","ヒットボックスまでの最小距離"
"BossModReborn","","","","Minimum inventory slots to continue operation","処理継続に必要な最低空き所持品枠"
"BossModReborn","","","","Minotaur [D082Minotaur]",""
"BossModReborn","","","","Mirror center left",""
"BossModReborn","","","","Mirror center right",""
"BossModReborn","","","","Mirror diagonal left",""
"BossModReborn","","","","Mirror diagonal right",""
"BossModReborn","","","","Mirror wall left",""
"BossModReborn","","","","Mirror wall right",""
"BossModReborn","","","","Miscellaneous","その他"
"BossModReborn","","","","Miser's Mistress [D123MisersMistress]",""
"BossModReborn","","","","Mist Dragon [D133MistDragon]",""
"BossModReborn","","","","Mistwake","遺忘行路 ミストウェイク"
"BossModReborn","","","","Mithridates [D072Mithridates]",""
"BossModReborn","","","","MNK",""
"BossModReborn","","","","Mobile Fortress [MobileFortress]",""
"BossModReborn","","","","Modified Xolo","Modified Xolo"
"BossModReborn","","","","Module that has been verified to work well with AI enabled.","AI有効時に正常動作することが確認済みのモジュール。"
"BossModReborn","","","","Mojabune [DD10Mojabune]",""
"BossModReborn","","","","Moko The Restless [C023NMoko]",""
"BossModReborn","","","","Moko The Restless [C023SMoko]",""
"BossModReborn","","","","Moko The Restless [V22MokoOtherPaths]",""
"BossModReborn","","","","Moko The Restless [V22MokoPath2]",""
"BossModReborn","","","","Monitoring Node [T02MonitoringNode]",""
"BossModReborn","","","","Monk Quests","ピクトマンサー ジョブクエスト"
"BossModReborn","","","","Morbol Marquis [D082MorbolMarquis]",""
"BossModReborn","","","","Morbol Piece [MorbolPiece]",""
"BossModReborn","","","","Mother Porxie [D123MotherPorxie]",""
"BossModReborn","","","","Mount Ordeals (Extreme)",""
"BossModReborn","","","","Mount Rokkon",""
"BossModReborn","","","","Mousse Princess [MoussePrincess]",""
"BossModReborn","","","","Move to the top","一番上へ移動"
"BossModReborn","","","","MT","MT"
"BossModReborn","","","","Mt. Gulg",""
"BossModReborn","","","","MT/R1 N, OT/R2 S, H1/M1 E, H2/M2 W",""
"BossModReborn","","","","MT/R1 N, OT/R2 S, H1/M1 W, H2/M2 E",""
"BossModReborn","","","","Mu P1","Mu P1"
"BossModReborn","","","","Mu P2","Mu P2"
"BossModReborn","","","","Mu P4","Mu P4"
"BossModReborn","","","","Mudman [D121Mudman]",""
"BossModReborn","","","","Multi Mode","Multi Mode"
"BossModReborn","","","","Multi Mode - Deployables","Multi Mode - 潜水艦／飛空艇"
"BossModReborn","","","","Multi Mode - Region Lock","Multi Mode - リージョン固定"
"BossModReborn","","","","Multi Mode - Retainers","Multi Mode - リテイナー"
"BossModReborn","","","","Multi Mode Expert Delivery","Multi Mode希少品調達"
"BossModReborn","","","","Mustadio [A31Mustadio]",""
"BossModReborn","","","","Myath [D022Myath]",""
"BossModReborn","","","","Myrmidon Princess [D091MyrmidonPrincess]",""
"BossModReborn","","","","N prio 1",""
"BossModReborn","","","","N prio 2",""
"BossModReborn","","","","N prio 3",""
"BossModReborn","","","","N prio 4",""
"BossModReborn","","","","N/S always","常に南北"
"BossModReborn","","","","N/S, unless both preys start at E & W","対象2名が東西開始の場合を除き南北"
"BossModReborn","","","","N1",""
"BossModReborn","","","","N2",""
"BossModReborn","","","","N3",""
"BossModReborn","","","","N4",""
"BossModReborn","","","","NA",""
"BossModReborn","","","","NA (HRMT conga)",""
"BossModReborn","","","","NA (snake prio): TMRH, group 2 north",""
"BossModReborn","","","","NA Kroxy-Rinon (341 Melee Flex)","NA Kroxy-Rinon式（341・近接調整）"
"BossModReborn","","","","NA standard",""
"BossModReborn","","","","Naadam:  [Ovoo]",""
"BossModReborn","","","","Nald'thal [A14Naldthal]",""
"BossModReborn","","","","Name",""
"BossModReborn","","","","Nariphon [Nariphon]",""
"BossModReborn","","","","Narkissos [Narkissos]",""
"BossModReborn","","","","Narrow-Rift [NarrowRift]",""
"BossModReborn","","","","NE",""
"BossModReborn","","","","NE Flex",""
"BossModReborn","","","","NE Stay",""
"BossModReborn","","","","NE/SW","NE/SW"
"BossModReborn","","","","Nechuciho [Nechuciho]",""
"BossModReborn","","","","Necron [Ex5Necron]",""
"BossModReborn","","","","Necron [T05Necron]",""
"BossModReborn","","","","Necrophobia [FTME3Necrophobia]",""
"BossModReborn","","","","Necrophobia [FTMN3Necrophobia]",""
"BossModReborn","","","","Nero Tol Scaeva [D142Nero]",""
"BossModReborn","","","","Never","なし"
"BossModReborn","","","","Never Cry Wolf [CE54NeverCryWolf]",""
"BossModReborn","","","","Never show again",""
"BossModReborn","","","","New",""
"BossModReborn","","","","Newfound Adventure","新たなる冒険"
"BossModReborn","","","","Neyoozoteel [Neyoozoteel]",""
"BossModReborn","","","","Nidhogg [D033Nidhogg]",""
"BossModReborn","","","","Night Mode","ナイトモード"
"BossModReborn","","","","Night mode:
- Wait on login screen option is forcefully enabled
- Built-in FPS limiter restrictions forcefully applied
- While unfocused and awaiting, game is limited to 0.2 FPS
- It may look like game hung up, but let it up to 5 seconds to wake up after you reactivate game window.
- By default, only Deployables are enabled in Night mode
- After disabling Night mode, Bailout manager will activate to relog you back to the game.","ナイトモード：
- 「ログイン画面で待機」が強制的に有効になります
- 内蔵FPS制限が強制適用されます
- 非アクティブで待機中は0.2 FPSに制限されます
- ゲームが停止したように見える場合がありますが、再度ウィンドウを有効にしてから復帰まで最大5秒ほど待ってください
- 初期設定ではナイトモード中は潜水艦／飛空艇のみ処理します
- ナイトモード解除後は復帰処理マネージャーが動作し、ゲームへ再ログインします。"
"BossModReborn","","","","Ningishzida [DD30Ningishzida]",""
"BossModReborn","","","","Nixie [D122Nixie]",""
"BossModReborn","","","","No crossing",""
"BossModReborn","","","","No preset is selected",""
"BossModReborn","","","","No support is provided if you enable this and run into ANY errors in Multi Mode","これを有効にした状態でMulti Modeに問題が発生してもサポート対象外です"
"BossModReborn","","","","No Venture","依頼なし"
"BossModReborn","","","","Noise Complaint [CE104NoiseComplaint]",""
"BossModReborn","Action tweaks","","","None","なし"
"BossModReborn","","","","Nophica [A21Nophica]",""
"BossModReborn","","","","Normal Graven Image 2","Graven Image 2 通常処理"
"BossModReborn","","","","North (LPDU)","北（LPDU）"
"BossModReborn","","","","North/South","南北"
"BossModReborn","","","","Northern Bateleur [D260NorthernBateleur]",""
"BossModReborn","","","","Northernmost pair (NA)","最も北側のペア（NA）"
"BossModReborn","","","","NOT","除外"
"BossModReborn","Boss modules and radar","Misc","","Not used very much, but can show you arrows in the game world to indicate where to move for certain mechanics","使用される場面は多くありませんが、一部ギミックで移動先を示す矢印をゲーム画面上に表示します。"
"BossModReborn","","","","Notifications","通知"
"BossModReborn","","","","Nuckelavee [Nuckelavee]",""
"BossModReborn","","","","Number of columns","列数"
"BossModReborn","","","","Nuzal Hueloc [D151NuzalHueloc]",""
"BossModReborn","","","","NW",""
"BossModReborn","","","","NW Flex",""
"BossModReborn","","","","NW Stay",""
"BossModReborn","","","","Nybeth Obdilord [DD100NybethObdilord]",""
"BossModReborn","","","","Nyelbert's Lament: Bovian [Bovian]",""
"BossModReborn","","","","O Poorest Pauldia [OPoorestPauldia]",""
"BossModReborn","","","","Obstacle maps: load from source","障害物マップ：ソースから読み込み"
"BossModReborn","","","","Obstacle maps: source path",""
"BossModReborn","","","","Octomammoth [D123Octomammoth]",""
"BossModReborn","","","","Ogbunabali [DD50Ogbunabali]",""
"BossModReborn","","","","Ogre Piece [OgrePiece]",""
"BossModReborn","","","","Okina [Okina]",""
"BossModReborn","","","","Old Bitter-Eye [OldBitterEye]",""
"BossModReborn","","","","Omicron Recall: Killing Order: Chi [Chi]",""
"BossModReborn","","","","On the Hunt [CE114OnTheHunt]",""
"BossModReborn","","","","One Life for One World: Warrior Of Darkness [WarriorOfDarkness]",""
"BossModReborn","Action tweaks","","","Only applicable in Deep Dungeons","ディープダンジョンでのみ適用されます。"
"BossModReborn","BMR Settings","Tooltip","","Only applied when auto-assigning roles (via the 'Auto-Assign Roles' button or on zone change when that option is enabled). Biases the player toward the chosen slot when their job matches the role; otherwise it falls back to the default logic.","ロール自動割り当て時（「ロールを自動割り当て」ボタン、またはゾーン移動時の自動割り当て）にのみ適用されます。ジョブが指定ロールに一致する場合は選択した枠を優先し、それ以外は標準ロジックを使用します。"
"BossModReborn","Action tweaks","","","Only applies if you have a cooldown plan active.","クールダウンプランが有効な場合のみ適用されます。"
"BossModReborn","","","","Only applies when you exit menu by yourself. Otherwise, settings above apply.","自分でメニューを閉じた場合のみ適用されます。それ以外は上の設定が適用されます。"
"BossModReborn","","","","Only buy when workstation is unlocked","カンパニークラフト設備のロック解除中のみ購入"
"BossModReborn","BMR Settings","Tooltip","","Only change this at your own risk and keep this value low! Too high and it won't move in time for some mechanics. Make sure to readjust the value for different content.","変更は自己責任で行い、値は低めにしてください。高すぎるとギミック回避が間に合わない場合があります。コンテンツごとに調整してください。"
"BossModReborn","","","","Only collect venture rewards from the retainer, and will not reassign them.
Hold CTRL when interacting with the Summoning Bell to apply this mode temporarily.","リテイナー依頼の報酬受取だけ行い、再依頼しません。
呼び鈴を操作する時にCTRLを押すと一時的にこのモードを適用します。"
"BossModReborn","","","","Only primary inventory is accounted for, not armory","所持品のみを対象とし、アーマリーチェストは含みません"
"BossModReborn","","","","Only reassign ventures that retainers are undertaking.","進行中のリテイナー依頼だけ再依頼します。"
"BossModReborn","","","","Only Selected","選択したもののみ"
"BossModReborn","BMR Settings","Tooltip","","Only used by AI","AI使用時のみ有効です。"
"BossModReborn","","","","Only when in Night Mode","ナイトモード中のみ"
"BossModReborn","","","","Only when Multi Mode is active","Multi Mode有効時のみ"
"BossModReborn","","","","Only when window is not active","ゲームウィンドウが非アクティブ時のみ"
"BossModReborn","","","","Only when workstation is not locked","カンパニークラフト設備がロックされていない時のみ"
"BossModReborn","","","","Onra [DD90Onra]",""
"BossModReborn","","","","Open AutoRetainer window on game start","ゲーム起動時にAutoRetainerウィンドウを開く"
"BossModReborn","","","","Open bronze coffers","銅の宝箱を開ける"
"BossModReborn","","","","Open gold coffers","金の宝箱を開ける"
"BossModReborn","","","","Open replay folder","リプレイフォルダを開く"
"BossModReborn","","","","Open silver coffers","銀の宝箱を開ける"
"BossModReborn","","","","Open this plugin's interface",""
"BossModReborn","","","","Open this plugin's settings",""
"BossModReborn","","","","Open Voyage Route Planner","航路プランナーを開く"
"BossModReborn","","","","Open Voyage Unlockable Planner","航路解放プランナーを開く"
"BossModReborn","","","","Operation","動作"
"BossModReborn","","","","Operation Archon: Rhitahtyn Sas Arvina [RhitahtynSasArvina]",""
"BossModReborn","","","","Ophioneus [Ophioneus]",""
"BossModReborn","","","","Order characters by retainer level and cap","リテイナーのレベルと上限でキャラクターを並べる"
"BossModReborn","","","","Order characters by venture completion time","依頼完了時刻でキャラクターを並べる"
"BossModReborn","","","","Order for Double/Reverse Alley-Oop (boss relative)",""
"BossModReborn","","","","Orghana [Orghana]",""
"BossModReborn","","","","Origenics","魂魄工廠 オリジェニクス"
"BossModReborn","","","","Origenics Aerostat [D050OrigenicsAerostat]",""
"BossModReborn","","","","Ornamental Leafman [DD10OrnamentalLeafman]",""
"BossModReborn","","","","Oschon [A33Oschon]",""
"BossModReborn","","","","OT","OT"
"BossModReborn","","","","Other commands:","その他のコマンド:"
"BossModReborn","","","","Our Unsung Heroes",""
"BossModReborn","","","","Outlines and shadows",""
"BossModReborn","","","","Output entrusted items into chat","預け入れアイテムをチャットへ出力"
"BossModReborn","","","","Overlay height, %","オーバーレイ高さ（%）"
"BossModReborn","","","","Overseer Kanilokka [D092OverseerKanilokka]",""
"BossModReborn","","","","Owain [BA1Owain]",""
"BossModReborn","","","","Ozma [A24Ozma]",""
"BossModReborn","","","","P1 Bound of Faith (light party tethers): group assignments & flex priority (lower number flexes)",""
"BossModReborn","","","","P1 Cyclonic Break (proteans): bait clock spots (supports should be near dd to resolve pairs)",""
"BossModReborn","","","","P1 Cyclonic Break (proteans): pairs dodge direction",""
"BossModReborn","","","","P1 Cyclonic Break (proteans): spread dodge direction for DD",""
"BossModReborn","","","","P1 Cyclonic Break (proteans): spread dodge direction for supports",""
"BossModReborn","","","","P1 Explosions: flex roles only fill 3/4 if their natural tower is 1 (instead of doing conga)","P1 Explosions：本来の担当塔が1のときだけ、調整役が3／4を埋める（コングライン方式を使わない）"
"BossModReborn","","","","P1 Explosions: have tanks stack on tankbuster (survivable with saves, simplifies uptime)","P1 Explosions：タンク強攻撃をタンク2名で頭割り（軽減で耐えられ、殴りを維持しやすい）"
"BossModReborn","","","","P1 Explosions: tower fill priority (lower number goes north)",""
"BossModReborn","","","","P1 Fall of Faith (cone tethers): conga priority (two people without tethers with lower priorities join odd group)",""
"BossModReborn","","","","P1 Fall of Faith (cone tethers): odd groups go W (rather than N)","P1 Fall of Faith（扇範囲の線）：奇数組は北ではなく西へ移動"
"BossModReborn","","","","P1 Fireball 1: add stack-avoid hints for tanks and healer",""
"BossModReborn","","","","P1 Graven Image 2 strategy","P1 Graven Image 2の処理法"
"BossModReborn","","","","P1 Graven Image 3 Static Spots","P1 Graven Image 3：固定配置"
"BossModReborn","","","","P1 Pantokrator: assignments (G1 N, G2 S, adjust CW by default, in case of conflict 'lower' number flexes)",""
"BossModReborn","","","","P1 Pantokrator: group positions",""
"BossModReborn","","","","P1 Pantokrator: use global priority instead - consider G1 lower-numbered than G2 (so G1 more likely to flex)","P1 Pantokrator：個別設定ではなく全体優先度を使用。G1をG2より低い番号として扱い、G1側を調整役にしやすくする"
"BossModReborn","","","","P1 Program Loop: assignments (G1 CW from NW, G2 CCW by default, in case of conflict 'lower' number flexes)",""
"BossModReborn","","","","P1 Program Loop: use global priority instead - consider G1 lower-numbered than G2 (so G1 more likely to flex)","P1 Program Loop：個別設定ではなく全体優先度を使用。G1をG2より低い番号として扱い、G1側を調整役にしやすくする"
"BossModReborn","","","","P1 TeleTrouncing strategy","P1 TeleTrouncingの処理法"
"BossModReborn","","","","P1 Utopian Sky: initial clock spots (MT should be near OT to resolve tankbuster)",""
"BossModReborn","","","","P1 Utopian Sky: spread spots (G1 CCW from N, G2 CW from NE)",""
"BossModReborn","","","","P12S1Athena","P12S1Athena"
"BossModReborn","","","","P12S2PallasAthena","P12S2PallasAthena"
"BossModReborn","","","","P1: Doll assignments (middle tornado = relative south)",""
"BossModReborn","","","","P1: Mark other players' dolls as forbidden","P1：他プレイヤー担当のドールを攻撃禁止対象にする"
"BossModReborn","","","","P1: players assigned to soak Plummet (for LB)",""
"BossModReborn","","","","P1S","P1S"
"BossModReborn","","","","P2 Banish after Light Rampant: direction to move to resolve pairs",""
"BossModReborn","","","","P2 Banish after Light Rampant: role that moves from their default spread spot to resolve pairs",""
"BossModReborn","","","","P2 Banish after Light Rampant: spread clock spots (supports should be near dd to resolve pairs)",""
"BossModReborn","","","","P2 Diamond Dust: cardinal assignments",""
"BossModReborn","","","","P2 Diamond Dust: DD go to CCW intercardinal","P2 Diamond Dust：DPSは反時計回り側の斜め方向へ移動"
"BossModReborn","","","","P2 Diamond Dust: knockback groups",""
"BossModReborn","","","","P2 Diamond Dust: supports go to CCW intercardinal","P2 Diamond Dust：サポートは反時計回り側の斜め方向へ移動"
"BossModReborn","","","","P2 Forsaken strategy","P2 Forsakenの処理法"
"BossModReborn","","","","P2 Intermission: clock spots (cardinals prioritize their crystals, intercardinals bait)",""
"BossModReborn","","","","P2 Light Rampant: conga spots (lower numbers to the west, assume CW rotation)",""
"BossModReborn","","","","P2 Mirror Mirror: spread spots for first proteans (looking from boss toward blue mirror)",""
"BossModReborn","","","","P2 Mirror Mirror: spread spots for second proteans (looking toward red mirror, if both red mirrors are symmetrical assume CW rotation)",""
"BossModReborn","","","","P2 Party Synergy: assignments (G1 left, G2 right if looking at eye, in case of conflict 'lower' number flexes)",""
"BossModReborn","","","","P2 Party Synergy: G2 order for Remote Glitch (far tether)",""
"BossModReborn","","","","P2 Party Synergy: Swap priority if both stacks are in the same group",""
"BossModReborn","","","","P2 Party Synergy: use global priority instead - consider G1 lower-numbered than G2 (so G1 more likely to flex)","P2 Party Synergy：個別設定ではなく全体優先度を使用。G1をG2より低い番号として扱い、G1側を調整役にしやすくする"
"BossModReborn","","","","P2 Sanctity of the Ward (charges): group assignments",""
"BossModReborn","","","","P2 Sanctity of the Ward (charges): groups relative to DRK (across/behind) rather than absolute (west/east)","P2 Sanctity of the Ward（突進）：東西固定ではなく、暗黒騎士基準（反対側／後方）で組を配置"
"BossModReborn","","","","P2 Sanctity of the Ward (charges): role responsible for balancing groups (if not set, swap with role partner instead)","P2 Sanctity of the Ward（突進）：人数調整を担当するロール（未指定なら同ロールの相方と入れ替え）"
"BossModReborn","","","","P2 Sanctity of the Ward (meteors): automatically use knockback immunity if needed","P2 Sanctity of the Ward（メテオ）：必要に応じてノックバック無効を自動使用"
"BossModReborn","","","","P2 Sanctity of the Ward (meteors): force preferred cardinals even for 120-degree pattern (simpler swaps, but trickier movement)","P2 Sanctity of the Ward（メテオ）：120度配置でも優先方角を固定（入れ替えは簡単になるが移動は難しくなる）"
"BossModReborn","","","","P2 Sanctity of the Ward (meteors): inner tower assignment strategy","P2 Sanctity of the Ward（メテオ）：内側の塔の割り当て方式"
"BossModReborn","","","","P2 Sanctity of the Ward (meteors): intercardinal for non-prey role for second towers",""
"BossModReborn","","","","P2 Sanctity of the Ward (meteors): outer tower assignment strategy","P2 Sanctity of the Ward（メテオ）：外側の塔の割り当て方式"
"BossModReborn","","","","P2 Sanctity of the Ward (meteors): pair assignments",""
"BossModReborn","","","","P2 Sanctity of the Ward (meteors): preferred cardinals for prey targets","P2 Sanctity of the Ward（メテオ）：対象者の優先方角"
"BossModReborn","","","","P2 Sanctity of the Ward (meteors): preferred outer tower for prey role",""
"BossModReborn","","","","P2 Sanctity of the Ward (meteors): swap direction if both prey targets are on wrong cardinals","P2 Sanctity of the Ward（メテオ）：対象2名とも希望と違う方角なら入れ替える方向"
"BossModReborn","","","","P2: nisi pair assignments",""
"BossModReborn","","","","P3 Apocalypse: assignments (G1 CCW from N, G2 CW from NE, in case of conflict 'lower' number flexes)",""
"BossModReborn","","","","P3 Apocalypse: dark water 1 direction for group 1 (group 2 is opposite)",""
"BossModReborn","","","","P3 Apocalypse: ignore swaps and use initial static positions for spreads","P3 Apocalypse：入れ替えを無視し、最初の固定位置で散開"
"BossModReborn","","","","P3 Apocalypse: uptime swaps (only consider swaps within prio 1/2 and 3/4, assuming these are melee and ranged)","P3 Apocalypse：殴り優先の入れ替え（優先度1／2間と3／4間のみ。近接／遠隔として扱う）"
"BossModReborn","","","","P3 Darkest Dance: baiter",""
"BossModReborn","","","","P3 Dive from Grace: look west for arrows rather than east (so forward arrow takes E spot, backward arrow takes W spot)","P3 Dive from Grace：矢印判定は東ではなく西を見る（前矢印は東、後ろ矢印は西を担当）"
"BossModReborn","","","","P3 enumeration towers: assignments",""
"BossModReborn","","","","P3 enumeration towers: prefer flexing to CCW tower (rather than to CW)","P3 人数塔：時計回り側ではなく反時計回り側の塔への調整を優先"
"BossModReborn","","","","P3 Heavensfall Trio: tower priority, CW starting from nael",""
"BossModReborn","","","","P3 Intermission: spread/stack position",""
"BossModReborn","","","","P3 Intermission: spread/stack spot assignments, from West to East",""
"BossModReborn","","","","P3 Monitors: automatically face correct direction before mechanic resolves","P3 Monitors：ギミック発動前に正しい方向へ自動で向く"
"BossModReborn","","","","P3 Monitors: position for safe side monitor",""
"BossModReborn","","","","P3 Monitors: priority, from North to South",""
"BossModReborn","","","","P3 Quickmarch/Heavensfall Trio: safespot assignments (assuming bahamut is relative north/up, group L goes left; L1/R1 closest to bosses)",""
"BossModReborn","","","","P3 Ultimate Relativity: spot assignments (lower number goes NW/SW)",""
"BossModReborn","","","","P4 Crystallize Time: assignments for claws (lower prio goes west)",""
"BossModReborn","","","","P4 Darklit Dragonsong: assignments (lower prio stays more clockwise, lowest prio support takes N tower)",""
"BossModReborn","","","","P4 Somber Dance: baiter",""
"BossModReborn","","","","P4 Wave Cannon: priority, from North to South (assuming south flex)",""
"BossModReborn","","","","P4S2","P4S2"
"BossModReborn","","","","P5 Akh Morn: side assignments",""
"BossModReborn","","","","P5 Polarizing Strikes: bait order",""
"BossModReborn","","","","P6 Mortal Vow pass order","P6 Mortal Vowの受け渡し順"
"BossModReborn","","","","P8S1","P8S1"
"BossModReborn","","","","P8S2","P8S2"
"BossModReborn","","","","Paeonia [Paeonia]",""
"BossModReborn","","","","Paglth'an",""
"BossModReborn","BMR Settings","","","Pagos","パゴス"
"BossModReborn","","","","Pair 1",""
"BossModReborn","","","","Pair 2",""
"BossModReborn","","","","Pair 3",""
"BossModReborn","","","","Pair 4",""
"BossModReborn","","","","Pairwise: N <-> E, S <-> W","ペア交換：北↔東、南↔西"
"BossModReborn","","","","Pairwise: N <-> W, S <-> E","ペア交換：北↔西、南↔東"
"BossModReborn","","","","Palace Deathgaze [DD10PalaceDeathgaze]",""
"BossModReborn","","","","Pale Headsman [D112FourHeadsmen]",""
"BossModReborn","","","","Pallas Athena [P12S2PallasAthena]",""
"BossModReborn","","","","Palm Leaf","無人島のパームリーフ"
"BossModReborn","","","","Palm Log","無人島のパーム原木"
"BossModReborn","","","","Pandæmonium [P10SPandaemonium]",""
"BossModReborn","","","","Pangenesis: tower assignment strategy",""
"BossModReborn","","","","Papa Humbaba [Stage26Act2]",""
"BossModReborn","","","","Pari Of Plenty [C013PariOfPlenty]",""
"BossModReborn","","","","Pari Of Plenty [PariOfPlenty]",""
"BossModReborn","","","","Pari Of Plenty [V12PariOfPlenty]",""
"BossModReborn","","","","Party roles assignment","PTロール割り当て"
"BossModReborn","","","","Pas De Seul [PasDeSeul]",""
"BossModReborn","Action tweaks","","","Passage of Arms direction","パッセージ・オブ・アームズの方向"
"BossModReborn","","","","Pathfinding debug colors 0",""
"BossModReborn","","","","Pathfinding debug colors 1",""
"BossModReborn","","","","Pathfinding debug colors 2",""
"BossModReborn","","","","Pathfinding debug colors 3",""
"BossModReborn","","","","Pathfinding debug colors 5",""
"BossModReborn","","","","Pathfinding debug colors 6",""
"BossModReborn","","","","Pathfinding debug colors 7",""
"BossModReborn","","","","Pathfinding debug colors 8",""
"BossModReborn","","","","Patriot Games [CE24PatriotGames]",""
"BossModReborn","","","","Pause AutoRetainer","AutoRetainerを一時停止"
"BossModReborn","Action tweaks","","","Pause autorotation while channeling Flamethrower","火炎放射のチャネリング中は自動回しを一時停止"
"BossModReborn","","","","PCT",""
"BossModReborn","","","","Peacekeeper [D062Peacekeeper]",""
"BossModReborn","","","","Perfect Alexander [TEA]",""
"BossModReborn","","","","Periodically check FC chest for gil upon entering workshop","カンパニークラフト設備入室時にFCチェストのギルを定期確認"
"BossModReborn","","","","Periodically checks the Free Company chest when entering the Workshop to keep the gil counter up to date.","カンパニークラフト設備へ入る時にFCチェストを定期確認し、ギル表示を最新に保ちます。"
"BossModReborn","","","","Petalodus [Petalodus]",""
"BossModReborn","","","","PF",""
"BossModReborn","","","","PF/Hector",""
"BossModReborn","","","","Phantom Ray [D081PhantomRay]",""
"BossModReborn","","","","Pharos Sirius","怪鳥巨塔 シリウス大灯台"
"BossModReborn","","","","Philia [D013Philia]",""
"BossModReborn","","","","Phlegethon [A14Phlegethon]",""
"BossModReborn","","","","Phoinix [P3S]",""
"BossModReborn","","","","Physical DPS Role Quests (Shadowbringers)","遠隔物理DPSロールクエスト (漆黒のヴィランズ)"
"BossModReborn","","","","Physical Ranged DPS Role Quests (Dawntrail)","遠隔物理DPSロールクエスト (黄金のレガシー)"
"BossModReborn","","","","Pick max amount of destinations","選択可能な最大数まで航路先を選ぶ"
"BossModReborn","","","","Pictomancer Quests","ピクトマンサー ジョブクエスト"
"BossModReborn","","","","Pilgrim's Traverse (Stones 1-10)","ピルグリム・トラバース 第1～10巡礼路"
"BossModReborn","","","","Pilgrim's Traverse (Stones 11-20)","ピルグリム・トラバース 第11～20巡礼路"
"BossModReborn","","","","Pilgrim's Traverse (Stones 21-30)","ピルグリム・トラバース 第21～30巡礼路"
"BossModReborn","","","","Pilgrim's Traverse (Stones 31-40)","ピルグリム・トラバース 第31～40巡礼路"
"BossModReborn","","","","Pilgrim's Traverse (Stones 41-50)","ピルグリム・トラバース 第41～50巡礼路"
"BossModReborn","","","","Pilgrim's Traverse (Stones 51-60)","ピルグリム・トラバース 第51～60巡礼路"
"BossModReborn","","","","Pilgrim's Traverse (Stones 61-70)","ピルグリム・トラバース 第61～70巡礼路"
"BossModReborn","","","","Pilgrim's Traverse (Stones 71-80)","ピルグリム・トラバース 第71～80巡礼路"
"BossModReborn","","","","Pilgrim's Traverse (Stones 81-90)","ピルグリム・トラバース 第81～90巡礼路"
"BossModReborn","","","","Pilgrim's Traverse (Stones 91-100)","ピルグリム・トラバース 第91～100巡礼路"
"BossModReborn","","","","Pining Abazohn [A31AlZahbi]",""
"BossModReborn","","","","Piscodemon Piece [PiscodemonPiece]",""
"BossModReborn","","","","Pkuucha [Pkuucha]",""
"BossModReborn","","","","Planner: background",""
"BossModReborn","","","","Planner: background highlight",""
"BossModReborn","","","","Planner: cooldown",""
"BossModReborn","","","","Planner: effect",""
"BossModReborn","","","","Planner: fallback color for options",""
"BossModReborn","","","","Planner: window 0",""
"BossModReborn","","","","Planner: window 1",""
"BossModReborn","","","","Planner: window 2",""
"BossModReborn","","","","Planner: window 3",""
"BossModReborn","","","","Planner: window 4",""
"BossModReborn","","","","Planner: window 5",""
"BossModReborn","","","","Planner: window 6",""
"BossModReborn","","","","Planner: window 7",""
"BossModReborn","","","","Plans","プラン"
"BossModReborn","","","","Platform number colors: 0",""
"BossModReborn","","","","Platform number colors: 1",""
"BossModReborn","","","","Platform number colors: 2",""
"BossModReborn","","","","Platform number colors: 3",""
"BossModReborn","","","","Platform number colors: 4",""
"BossModReborn","","","","Platform number font size",""
"BossModReborn","","","","PLD","PLD"
"BossModReborn","","","","Please also make sure to not load VBM and this fork at the same time. The consequences of doing that are unexplored and unsupported.","VBMとこのフォークを同時にロードしないようにしてください。同時ロードによる影響は未調査であり、サポート対象外です。"
"BossModReborn","","","","Pomander of Affluence",""
"BossModReborn","","","","Pomander of Alteration",""
"BossModReborn","","","","Pomander of Concealment",""
"BossModReborn","","","","Pomander of Devotion",""
"BossModReborn","","","","Pomander of Flight",""
"BossModReborn","","","","Pomander of Fortune",""
"BossModReborn","","","","Pomander of Frailty",""
"BossModReborn","","","","Pomander of Haste",""
"BossModReborn","","","","Pomander of Intuition",""
"BossModReborn","","","","Pomander of Lust",""
"BossModReborn","","","","Pomander of Petrification",""
"BossModReborn","","","","Pomander of Purification",""
"BossModReborn","","","","Pomander of Purity",""
"BossModReborn","","","","Pomander of Rage",""
"BossModReborn","","","","Pomander of Raising",""
"BossModReborn","","","","Pomander of Resolution",""
"BossModReborn","","","","Pomander of Safety",""
"BossModReborn","","","","Pomander of Serenity",""
"BossModReborn","","","","Pomander of Sight",""
"BossModReborn","","","","Pomander of Steel",""
"BossModReborn","","","","Pomander of Strength",""
"BossModReborn","","","","Pomander of Witching",""
"BossModReborn","","","","Poqhiraj [D132Poqhiraj]",""
"BossModReborn","","","","Positional colors 0",""
"BossModReborn","","","","Positional colors 1",""
"BossModReborn","","","","Positional colors 2",""
"BossModReborn","","","","Positional colors 3",""
"BossModReborn","","","","Post-Ala Mhigan Liberation",""
"BossModReborn","","","","Post-Dragonsong War",""
"BossModReborn","Action tweaks","","","Prefer self-targeted holmgang; requires smart targeting to be enabled (and allows overriding target by mouseover)","ホルムギャングは自分対象を優先（スマートターゲット有効必須。マウスオーバーで対象変更可）"
"BossModReborn","","","","Preferred auto-assigned role","自動割り当てで優先するロール"
"BossModReborn","","","","Preferred distance to forbidden zones","禁止エリアから保つ距離"
"BossModReborn","","","","Preserve Multi Mode state between plugin reloads","プラグイン再読み込み後もMulti Mode状態を保持"
"BossModReborn","","","","Preset",""
"BossModReborn","Action tweaks","","","Prevent automatic use of targeted dashes (like WAR Onslaught) if they would move you into a dangerous area. May not work as expected in instances that do not have modules.

This option will also apply to manually pressed dashes if you have ""Use custom queueing for manually pressed actions"" enabled.","危険範囲へ移動してしまう対象指定ダッシュ（戦士のオンスロート等）の自動使用を防ぎます。対応モジュールがないコンテンツでは期待通り動作しない場合があります。

「手動入力アクションに独自の先行入力を使用」が有効な場合は、手動で押したダッシュにも適用されます。"
"BossModReborn","Action tweaks","","","Prevent movement and action execution when pyretic-like mechanics are imminent (set to 0 to disable, otherwise increase threshold depending on your ping).","動くと危険なギミック発動直前は移動とアクション実行を防止（0で無効。Pingに応じて閾値を調整）"
"BossModReborn","Action tweaks","","","Prevent movement while casting","詠唱中の移動を防止"
"BossModReborn","Action tweaks","","","Prevent use of 'Broil' too early when in pre-pull","戦闘開始前に気炎法を早く使いすぎない"
"BossModReborn","Action tweaks","","","Prevent use of 'Holy Spirit' too early when in pre-pull","戦闘開始前にホーリースピリットを早く使いすぎない"
"BossModReborn","Action tweaks","","","Prevent use of 'Lightning Shot' too early when in pre-pull","戦闘開始前にライトニングショットを早く使いすぎない"
"BossModReborn","Action tweaks","","","Prevent use of 'Shield Lob' too early when in pre-pull (if Holy Spirit is not unlocked)","ホーリースピリット未修得時、戦闘開始前にシールドロブを早く使いすぎない"
"BossModReborn","","","","Prey targets both use common opposite direction, if it gives better angle; players in all quadrants use same direction","角度が良くなる場合、対象2名は共通の反対方向を使用。全ての象限で同じ方向を使用"
"BossModReborn","","","","Prey targets both use common opposite direction, if it gives better angle; players in quadrants without prey targets still use preferred direction","角度が良くなる場合、対象2名は共通の反対方向を使用。対象者がいない象限は優先方向を使用"
"BossModReborn","","","","Prey targets use whatever direction gives the best angle; players in quadrants without prey targets still use preferred direction","対象者は最も角度が良い方向を使用。対象者がいない象限は優先方向を使用"
"BossModReborn","","","","Prime Punutiy [D011PrimePunutiy]",""
"BossModReborn","","","","Prio 1",""
"BossModReborn","","","","Prio 1 (always CW from N)",""
"BossModReborn","","","","Prio 2",""
"BossModReborn","","","","Prio 2 (flex CW from N)",""
"BossModReborn","","","","Prio 3",""
"BossModReborn","","","","Prio 3 (flex CCW from NW)",""
"BossModReborn","","","","Prio 4",""
"BossModReborn","","","","Prio 4 (always CCW from NW)",""
"BossModReborn","","","","Prio 5",""
"BossModReborn","","","","Prio 6",""
"BossModReborn","","","","Prio 7",""
"BossModReborn","","","","Prio 8",""
"BossModReborn","","","","Prioritize opening coffers over Cairn of Passage","転移の石塔より宝箱を開けることを優先"
"BossModReborn","BMR Settings","Tooltip","","Prioritizes Deadly Doornail; melee move to flails once puddle is too big","Deadly Doornailを優先します。水たまりが大きくなったら近接はフレイル側へ移動します。"
"BossModReborn","","","","Prishe Of The Distant Chains [A11Prishe]",""
"BossModReborn","","","","Progenitrix Piece [ProgenitrixPiece]",""
"BossModReborn","","","","ProgenitrixPiece",""
"BossModReborn","","","","Promathia [A34Promathia]",""
"BossModReborn","","","","Prometheus [D152Prometheus]",""
"BossModReborn","","","","Protection List","保護リスト"
"BossModReborn","","","","Protector [D042Protector]",""
"BossModReborn","","","","Proto Ozma [BA4ProtoOzma]",""
"BossModReborn","","","","Proto Ultima [A33ProtoUltima]",""
"BossModReborn","","","","Proto-Carbuncle [P5S]",""
"BossModReborn","","","","Proto-Kaliya [DD80ProtoKaliya]",""
"BossModReborn","","","","Proto-Omega [D081ProtoOmega]",""
"BossModReborn","","","","Protomander of Affluence",""
"BossModReborn","","","","Protomander of Alteration",""
"BossModReborn","","","","Protomander of Dread",""
"BossModReborn","","","","Protomander of Flight",""
"BossModReborn","","","","Protomander of Fortune",""
"BossModReborn","","","","Protomander of Intuition",""
"BossModReborn","","","","Protomander of Lethargy",""
"BossModReborn","","","","Protomander of Purity",""
"BossModReborn","","","","Protomander of Raising",""
"BossModReborn","","","","Protomander of Safety","Protomander of Safety"
"BossModReborn","","","","Protomander of Serenity","Protomander of Serenity"
"BossModReborn","","","","Protomander of Sight",""
"BossModReborn","","","","Protomander of Steel",""
"BossModReborn","","","","Protomander of Storms",""
"BossModReborn","","","","Protomander of Strength",""
"BossModReborn","","","","Protomander of Witching",""
"BossModReborn","","","","Provides an on-screen window that contains an area mini-map showing player positions, boss position(s), various imminent AOEs, and other mechanics.","画面上にエリアミニマップを含むウィンドウを表示し、プレイヤーの位置、ボスの位置、迫りくる範囲攻撃、その他のゲームメカニクスを表示します。"
"BossModReborn","","","","Prune deleted characters in a single click.","削除済みキャラクター情報をワンクリックで整理します。"
"BossModReborn","","","","Psycheflayer [D161Psycheflayer]",""
"BossModReborn","","","","Pulse screen edges when player is at risk",""
"BossModReborn","","","","Put up For Sale:","出品する："
"BossModReborn","","","","PvP",""
"BossModReborn","","","","Pyromancer Supreme [PyromancerSupreme]",""
"BossModReborn","BMR Settings","","","Pyros","ピューロス"
"BossModReborn","","","","Quantum","詩想エミネントグリーフ討滅戦"
"BossModReborn","","","","Quarantine Node [T02QuarantineNode]",""
"BossModReborn","","","","Quarried Away [CE213QuarriedAway]",""
"BossModReborn","","","","Quartz","無人島のクォーツ"
"BossModReborn","","","","Queen Eternal [Ex3QueenEternal]",""
"BossModReborn","","","","Queen Eternal [T03QueenEternal]",""
"BossModReborn","","","","Queen Hawk [D092QueenHawk]",""
"BossModReborn","","","","Queen Hawk [QueenHawk]",""
"BossModReborn","","","","Queen's Knight [DRN3QueensGuard]",""
"BossModReborn","","","","Queen's Knight [DRS4QueensGuard]",""
"BossModReborn","","","","Quest Battles","クエストバトル"
"BossModReborn","","","","Questionable - Quest Battles",""
"BossModReborn","","","","Quetzalcoatl [D083Quetzalcoatl]",""
"BossModReborn","","","","Quick Retainer Action","リテイナークイック操作"
"BossModReborn","","","","Quick Venture Sell List","ほりだしもの依頼売却リスト"
"BossModReborn","","","","R1","R1"
"BossModReborn","","","","R1###plummet6",""
"BossModReborn","","","","R2","R2"
"BossModReborn","","","","R2###plummet7",""
"BossModReborn","","","","R3",""
"BossModReborn","","","","R4",""
"BossModReborn","","","","Ra-La [D063Rala]",""
"BossModReborn","","","","Radar",""
"BossModReborn","Boss modules and radar","Radar","","Radar arena scale factor","レーダー内アリーナの拡大率"
"BossModReborn","Boss modules and radar","Radar","","Radar element thickness scale factor","レーダー要素の線幅倍率"
"BossModReborn","","","","Raging Thrall [RagingThrall]",""
"BossModReborn","","","","Raiden [BA2Raiden]",""
"BossModReborn","","","","Raids","レイド"
"BossModReborn","","","","Raise FFXIV process priority while plugin is operating","プラグイン動作中はFFXIVプロセス優先度を上げる"
"BossModReborn","","","","Raising The Sword",""
"BossModReborn","","","","Ramuh [Ramuh]",""
"BossModReborn","","","","Rangda [D031Rangda]",""
"BossModReborn","","","","Ranged","遠隔DPS"
"BossModReborn","","","","Ranges:","範囲："
"BossModReborn","","","","Raskovnik [D021Raskovnik]",""
"BossModReborn","","","","Raw binary",""
"BossModReborn","","","","React To Attack Markers","ギミックの訓練 その1 マーカーが出る攻撃に対処しよう！"
"BossModReborn","","","","RealmReborn","新生エオルゼア"
"BossModReborn","","","","Reaper Quests","リーパー ジョブクエスト"
"BossModReborn","","","","Rear","背面"
"BossModReborn","","","","Reassign","再依頼"
"BossModReborn","Boss modules and radar","Boss modules","","Recenter Window","ウィンドウを中央へ戻す"
"BossModReborn","","","","Recollection","ゼレニア討滅戦"
"BossModReborn","","","","Recollection (Extreme)","極ゼレニア討滅戦"
"BossModReborn","","","","Recommended for users with > 15 characters, forces multi mode to make sure ventures are processed on all characters in order before returning to the beginning of the cycle.","15キャラクターを超える環境向けです。Multi Modeが先頭へ戻る前に、すべてのキャラクターのリテイナー依頼を順番に処理するよう強制します。"
"BossModReborn","","","","Record and store server packets in the replay","サーバーパケットをリプレイへ記録・保存"
"BossModReborn","","","","Record Venture Statistics","リテイナー依頼統計を記録"
"BossModReborn","","","","Red Girl [A33RedGirl]",""
"BossModReborn","","","","Red Hot [M10NDaringDevils]",""
"BossModReborn","","","","Red Hot [M10STheXtremes]",""
"BossModReborn","","","","Redeploy","再出航"
"BossModReborn","","","","Reflective Rebekkah [Stage19Act1]",""
"BossModReborn","","","","Reflective Rebekkah [Stage19Act2]",""
"BossModReborn","","","","Region EU","リージョン EU"
"BossModReborn","","","","Region JP","リージョン JP"
"BossModReborn","","","","Region Lock","リージョン固定"
"BossModReborn","","","","Region NA","リージョン NA"
"BossModReborn","","","","Region OC","リージョン OC"
"BossModReborn","","","","Registration, component and plan automation","登録・パーツ・プランの自動化"
"BossModReborn","","","","Regula Van Hydrus [D061Regula]",""
"BossModReborn","","","","Regula Van Hydrus [RegulaVanHydrus]",""
"BossModReborn","","","","Release FPS lock when game is active","ゲームがアクティブ時はFPS制限を解除"
"BossModReborn","","","","Reload","再読み込み"
"BossModReborn","Action tweaks","","","Remove extra framerate-induced cooldown delay","フレームレート由来の余分なリキャスト遅延を軽減"
"BossModReborn","Action tweaks","","","Remove extra lag-induced animation lock delay from instant casts (read tooltip!)","通信遅延由来の余分なアニメーションロックを軽減（ツールチップ要確認）"
"BossModReborn","","","","Remove minimized FPS restrictions while plugin is operating","プラグイン動作中は最小化時FPS制限を解除"
"BossModReborn","","","","Removed Content","削除されたコンテンツ"
"BossModReborn","Boss modules and radar","Radar","","Removes the black window around the radar; this will not work if you move the radar to a different monitor","レーダー周囲の黒いウィンドウ背景を除去します。レーダーを別モニターへ移動した場合は正しく動作しません。"
"BossModReborn","Full duty automation","","","Removes the black window around zone module windows; this will not work if you move the radar to a different monitor","ゾーンモジュールウィンドウ周囲の黒い背景を除去します。別モニターへ移動した場合は正しく動作しません。"
"BossModReborn","","","","Repair Kits","修理材"
"BossModReborn","","","","Repeat Loop","ループを繰り返す"
"BossModReborn","Action tweaks","Smart character orientation","","Replace in-game 'auto face target' option with a smarter alternative.
When using an action, changes direction only if target is not in frontal cone.
During cast, keep character facing the target.","ゲーム内の「ターゲット方向を自動で向く」をより賢い方式に置き換えます。
アクション使用時、対象が正面範囲外にいる場合のみ向きを変更します。
詠唱中は対象の方向を向き続けます。"
"BossModReborn","","","","Replaces autorotations in specific fights.",""
"BossModReborn","","","","Replays","リプレイ"
"BossModReborn","","","","Replication 1 strategy","Replication 1の処理法"
"BossModReborn","","","","Replication 2 strategy","Replication 2の処理法"
"BossModReborn","BMR Settings","Tooltip","","Required for AI to not step on occupied tiles.","AIが使用済みタイルを踏まないようにするために必要です。"
"BossModReborn","Full duty automation","","","Required maturity for zone modules to be loaded","ゾーンモジュールを読み込む最低成熟度"
"BossModReborn","BMR Settings","Tooltip","","Requires a valid configuration for 'Doll assignments' (the text must not be yellow).

VBM autorot will not use actions on forbidden targets, and will also prevent you from doing so manually if you have 'Use custom queueing' enabled in the Action Tweaks settings.

If necessary, you can use actions on forbidden targets by pressing the action twice quickly.","「Doll assignments」が正しく設定されている必要があります（文字が黄色ではない状態）。

VBM自動回しは攻撃禁止対象にアクションを使用しません。また、「アクション調整」で「手動入力アクションに独自の先行入力を使用」が有効なら、手動使用も防止します。

必要な場合は、アクションを素早く2回押すことで攻撃禁止対象にも使用できます。"
"BossModReborn","Action tweaks","","","Requires the above setting checked as well","この機能を使うには、上の設定も有効にする必要があります。"
"BossModReborn","","","","Resend vessels when accessing the Voyage Control Panel","カンパニークラフト設備へアクセス時に船を再出航"
"BossModReborn","","","","Reset cooldowns","クールダウンをリセット"
"BossModReborn","","","","Resin","無人島の天然樹脂"
"BossModReborn","Action tweaks","","","Restore character orientation after action use","アクション使用後にキャラクターの向きを元へ戻す"
"BossModReborn","","","","Retainer list: remaining inventory slots warning","リテイナー一覧：残り所持品枠警告"
"BossModReborn","","","","Retainer list: remaining ventures warning","リテイナー一覧：ベンチャースクリップ残量警告"
"BossModReborn","","","","Retainer menu delay, seconds","リテイナーメニュー遅延（秒）"
"BossModReborn","","","","Retainer names will be redacted from general UI elements. They will not be hidden in debug menus and plugin logs however. While this option is on, character and retainer numbers are not guaranteed to be equal in different sections of a plugin (for example, retainer 1 in retainers view is not guaranteed to be the same retainer as in statistics view).","通常UIではリテイナー名を伏せ字にします。ただし、デバッグメニューやプラグインログでは非表示になりません。また、この設定中は各画面でキャラクター番号・リテイナー番号が一致するとは限りません（例：リテイナー一覧の「リテイナー1」と統計画面の「リテイナー1」が同一とは限りません）。"
"BossModReborn","","","","Retainer venture processing cutoff, minutes","リテイナー依頼処理の打ち切り時間（分）"
"BossModReborn","","","","Retrieve Item:","取り出すアイテム："
"BossModReborn","","","","Return of the Bull: Lakshmi [Lakshmi]",""
"BossModReborn","","","","Reveal all rooms before proceeding to next floor","次の階層へ進む前に全ての部屋を探索"
"BossModReborn","","","","Revert",""
"BossModReborn","","","","Revolutionary/Eminent Reign positioning hints","Revolutionary／Eminent Reignの立ち位置ヒント"
"BossModReborn","","","","Rhalgr [A12Rhalgr]",""
"BossModReborn","","","","Rhalgr's Beacon: Fordola Rem Lupis [FordolaRemLupis]",""
"BossModReborn","","","","Rhalgr's Emissary [A10RhalgrEmissary]",""
"BossModReborn","","","","Rhitahtyn The Unshakable [D052Rhitahtyn]",""
"BossModReborn","","","","Right (looking at boss)",""
"BossModReborn","","","","Rise of the Robots [CE32RiseOfTheRobots]",""
"BossModReborn","","","","Ronkan Dreamer [D030RonkanDreamer]",""
"BossModReborn","","","","Rose Garden [D091RoseGarden]",""
"BossModReborn","Boss modules and radar","Radar","","Rotate map by 180° if rotating map is off","レーダー回転OFF時はマップを180°回転"
"BossModReborn","Boss modules and radar","Radar","","Rotate radar to match camera orientation","カメラ方向に合わせてレーダーを回転"
"BossModReborn","","","","Rotten Researcher [D90RottenResearcher]",""
"BossModReborn","","","","Rough Waters [RoughWaters]",""
"BossModReborn","","","","RPR",""
"BossModReborn","","","","Rrax Yity'a [RraxYitya]",""
"BossModReborn","","","","Rubicante Mirage [Ex5Rubicante]",""
"BossModReborn","","","","Ruby Princess [D022RubyPrincess]",""
"BossModReborn","","","","Rukhkh [V10Rukhkh]",""
"BossModReborn","","","","Rukshs Dheem [D103RukshsDheem]",""
"BossModReborn","","","","Ruminator [Ruminator]",""
"BossModReborn","","","","Run Maximum Loops","最大回数までループ"
"BossModReborn","","","","Rusalka [Rusalka]",""
"BossModReborn","","","","Ryoqor Terteh [D021RyoqorTerteh]",""
"BossModReborn","","","","S prio 1",""
"BossModReborn","","","","S prio 2",""
"BossModReborn","","","","S prio 3",""
"BossModReborn","","","","S prio 4",""
"BossModReborn","","","","S1",""
"BossModReborn","","","","S2",""
"BossModReborn","","","","S3",""
"BossModReborn","","","","S4",""
"BossModReborn","","","","Sage Quests","賢者 ジョブクエスト"
"BossModReborn","","","","Sage's Focus: Ancel Rockfist [AncelRockfist]",""
"BossModReborn","","","","Saint Mocianne's Arboretum",""
"BossModReborn","","","","Sally The Sweeper [SallyTheSweeper]",""
"BossModReborn","","","","Samurai Quests","侍 ジョブクエスト"
"BossModReborn","","","","San D'oria: The Second Walk","サンドリア：ザ・セカンドウォーク"
"BossModReborn","","","","Sand","無人島の砂"
"BossModReborn","","","","Sanduruva [D012Sanduruva]",""
"BossModReborn","","","","Sanguine Recluse [FTB0SanguineRecluse]",""
"BossModReborn","","","","Sanitary Node [T02SanitaryNode]",""
"BossModReborn","","","","Sansheya [Sansheya]",""
"BossModReborn","","","","Sartauvoir The Inferno [DAL1Sartauvoir]",""
"BossModReborn","","","","Sastasha","天然要害 サスタシャ浸食洞"
"BossModReborn","","","","Sastasha (Hard)","逆襲要害 サスタシャ浸食洞 (Hard)"
"BossModReborn","","","","Saunion [DAL3SaunionDawon]",""
"BossModReborn","","","","Savage","レイド：零式"
"BossModReborn","","","","Save",""
"BossModReborn","","","","Save as copy",""
"BossModReborn","","","","Save the Last Dance for Me: Aetheric Shadow [AethericShadow]",""
"BossModReborn","","","","SB Hunt A","紅蓮のリベレーターAモブ"
"BossModReborn","","","","SB Hunt S","漆黒のヴィランズSモブ"
"BossModReborn","","","","Scale Model [DemiMedusa]",""
"BossModReborn","Boss modules and radar","Radar","","Scale of the arena inside of the radar window","レーダーウィンドウ内に表示されるアリーナの大きさを調整します。"
"BossModReborn","","","","Scarmiglione [D103Scarmiglione]",""
"BossModReborn","","","","Scathach [A34Scathach]",""
"BossModReborn","","","","SCH","SCH"
"BossModReborn","","","","Schola Colossus [D0150ScholaColossus]",""
"BossModReborn","","","","Schola Mark II Colossus [D0150ScholaMarkIIColossus]",""
"BossModReborn","","","","Scourge of the Mind [CE113ScourgeOfMind]",""
"BossModReborn","","","","Scrambled Iron Giant [D060ScrambledIronGiant]",""
"BossModReborn","","","","Screen danger pulse intensity",""
"BossModReborn","","","","Scylla [A21Scylla]",""
"BossModReborn","","","","SE",""
"BossModReborn","","","","SE Flex",""
"BossModReborn","","","","SE Stay",""
"BossModReborn","","","","Seals to keep","残しておく軍票"
"BossModReborn","BMR Settings","","","Search for a setting...","設定を検索..."
"BossModReborn","","","","Search:",""
"BossModReborn","","","","Secret Basket [SecretBasket]",""
"BossModReborn","","","","Secret Cladoselache [SecretCladoselache]",""
"BossModReborn","","","","Secret Djinn [SecretDjinn]",""
"BossModReborn","","","","Secret Keeper [SecretKeeper]",""
"BossModReborn","","","","Secret Korrigan [SecretKorrigan]",""
"BossModReborn","","","","Secret Pegasus [SecretPegasus]",""
"BossModReborn","","","","Secret Porxie [SecretPorxie]",""
"BossModReborn","","","","Secret Serpent [SecretSerpent]",""
"BossModReborn","","","","Secret Swallow [SecretSwallow]",""
"BossModReborn","","","","Secret Undine [SecretUndine]",""
"BossModReborn","","","","Secret Worm [SecretWorm]",""
"BossModReborn","","","","See exactly whether you're getting clipped by incoming AOEs or not.","飛来する範囲攻撃に巻き込まれているかどうかを正確に確認できます。"
"BossModReborn","","","","Seeker Of Solitude [D091SeekerOfSolitude]",""
"BossModReborn","","","","Seiryu [Ex8Seiryu]",""
"BossModReborn","","","","Seiryu [T09Seiryu]",""
"BossModReborn","","","","Select a preset",""
"BossModReborn","","","","Select amount of items to keep in your inventory","所持品に残すアイテム数を選択"
"BossModReborn","","","","Select Categories","カテゴリを選択"
"BossModReborn","","","","Select key manually:","キーを手動選択："
"BossModReborn","","","","Select preset to edit or create a new one.",""
"BossModReborn","","","","Select retainers:","リテイナーを選択："
"BossModReborn","","","","Select Route","ルートを選択"
"BossModReborn","","","","Select submersibles:","潜水艦を選択："
"BossModReborn","","","","Select which strat to use for hints","ヒントに使用する処理法を選択"
"BossModReborn","","","","Sell Item:","売却するアイテム："
"BossModReborn","","","","Sell items from Unconditional sell list right after deployment (requires retainers)","出航処理直後に無条件売却リストのアイテムを売却（リテイナーが必要）"
"BossModReborn","","","","Sell now","今すぐ売却"
"BossModReborn","","","","Send desktop notification on retainers available","リテイナー利用可能時にデスクトップ通知"
"BossModReborn","Boss modules and radar","Hints","","Separates the radar window from the hints window, allowing you to reposition the hints window","レーダーとヒントを別ウィンドウに分離し、ヒントウィンドウだけを好きな位置へ移動できるようにします。"
"BossModReborn","","","","Sephirot [Un2Sephirot]",""
"BossModReborn","","","","Ser Adelphel [D041SerAdelphel]",""
"BossModReborn","","","","Ser Charibert [D043SerCharibert]",""
"BossModReborn","","","","Ser Grinnaux [D042SerGrinnaux]",""
"BossModReborn","","","","Serpent Of Thaleia [A30Trash1]",""
"BossModReborn","","","","Server Time","サーバー時刻"
"BossModReborn","","","","Serving Darkness [ServingDarkness]",""
"BossModReborn","","","","Servomechanical Chimera 14X [DD50ServomechanicalChimera14X]",""
"BossModReborn","","","","Servomechanical Minotaur 16 [DD60ServomechanicalMinotaur16]",""
"BossModReborn","","","","Set appropriate delay to let plugins fully load before logging in and to allow yourself some time to cancel login if needed","ログイン前にプラグインが十分読み込まれる時間と、必要ならログインをキャンセルできる時間を確保するため、適切な遅延を設定してください。"
"BossModReborn","","","","Settings","設定"
"BossModReborn","","","","Seventh Astral Era",""
"BossModReborn","","","","Seventh Umbral Era",""
"BossModReborn","","","","Shadow Lord [A14ShadowLord]",""
"BossModReborn","","","","Shadowbringers","漆黒のヴィランズ"
"BossModReborn","","","","Shadowcaster Zeless Gah [C013NShadowcaster]",""
"BossModReborn","","","","Shadowcaster Zeless Gah [C013SShadowcaster]",""
"BossModReborn","","","","Shadowcaster Zeless Gah [V14ZelessGah]",""
"BossModReborn","","","","Shantotto The Demon [A30Shantoto]",""
"BossModReborn","","","","Shark Attack [CE111SharkAttack]",""
"BossModReborn","","","","ShB FATE","漆黒のヴィランズ FATE"
"BossModReborn","","","","ShB Hunt A","漆黒のヴィランズAモブ"
"BossModReborn","","","","ShB Hunt S","漆黒のヴィランズSモブ"
"BossModReborn","","","","ShB Hunt SS","漆黒のヴィランズSSモブ"
"BossModReborn","Action tweaks","","","Shift","Shift"
"BossModReborn","","","","Shift - add to Quick Venture Sell List","Shift - ほりだしもの依頼売却リストへ追加"
"BossModReborn","","","","Shikigami Of The Pyre [Stage29Act1]",""
"BossModReborn","","","","Shikigami Of The Undertow [Stage29Act2]",""
"BossModReborn","","","","Shinryu Paradox [A35ShinryuParadox]",""
"BossModReborn","","","","Shinryu [T03Shinryu]",""
"BossModReborn","","","","Shishio [C021NShishio]",""
"BossModReborn","","","","Shishio [C021SShishio]",""
"BossModReborn","","","","Shishio [V24Shishio]",""
"BossModReborn","","","","Shishu Chochin [V20ShishuChochin]",""
"BossModReborn","","","","Shishu Onmitsugashira [C020NTrash2]",""
"BossModReborn","","","","Shishu Onmitsugashira [C020STrash2]",""
"BossModReborn","","","","Shishu Yuki [C020NTrash1]",""
"BossModReborn","","","","Shishu Yuki [C020STrash1]",""
"BossModReborn","","","","Shisui Of The Violet Tides",""
"BossModReborn","","","","Shisui Yohi [D023ShisuiYohi]",""
"BossModReborn","","","","Shoreline Showdown [RegnantChimera]",""
"BossModReborn","BMR Settings","Tooltip","","Should be <repo root>/BossModReborn/Pathfinding/ObstacleMaps/maplist.json","<repo root>/BossModReborn/Pathfinding/ObstacleMaps/maplist.json を指定してください。"
"BossModReborn","","","","Should not be used in when playing with unknown players.","見知らぬプレイヤーとプレイする際には使用しないでください。"
"BossModReborn","","","","Show active presets in server bar",""
"BossModReborn","","","","Show actor triangles in the 3D world",""
"BossModReborn","","","","Show AI interface","AIインターフェースを表示"
"BossModReborn","","","","Show All Items","すべてのアイテムを表示"
"BossModReborn","","","","Show all spotlight positions of different order","自分と異なる順番のスポットライト位置を全て表示"
"BossModReborn","","","","Show all spotlight positions of same order","自分と同じ順番のスポットライト位置を全て表示"
"BossModReborn","Boss modules and radar","Radar","","Show arena border in radar","レーダーにアリーナ境界を表示"
"BossModReborn","","","","Show auto farm window","自動周回ウィンドウを表示"
"BossModReborn","Autorotation","","","Show autorotation preset in the server info bar","サーバー情報バーに自動回しプリセットを表示"
"BossModReborn","","","","Show both safespots for current role","現在のロール用の安置を2か所とも表示"
"BossModReborn","Boss modules and radar","Radar","","Show cardinal direction names on radar","レーダーに方角名を表示"
"BossModReborn","","","","Show chat alert when a duty with no module is entered or recorded","対応モジュールのないコンテンツへ入った時／記録した時にチャットで通知"
"BossModReborn","","","","Show Deep Varial cleave early","Deep Varialの扇範囲を早めに表示"
"BossModReborn","","","","Show fixed location for Mistral Song 2","Mistral Song 2の固定位置を表示"
"BossModReborn","","","","Show Hell In A Cell tower order (North CW / Hector)","Hell In A Cellの塔順（北から時計回り／Hector）を表示"
"BossModReborn","","","","Show HQ and non-HQ together","HQ／NQをまとめて表示"
"BossModReborn","Action tweaks","","","Show in-game UI","ゲーム内UIを表示"
"BossModReborn","","","","Show Lindwurm's Portent positional hints based on towers taken","担当した塔に基づいてLindwurm's Portentの方向指定ヒントを表示"
"BossModReborn","Boss modules and radar","Hints","","Show mechanic sequence and timer hints","ギミック順序とタイマーのヒントを表示"
"BossModReborn","Boss modules and radar","Misc","","Show melee range indicator","近接攻撃範囲を表示"
"BossModReborn","Boss modules and radar","Misc","","Show movement hints in world","ゲーム画面上に移動ヒントを表示"
"BossModReborn","","","","Show MultiMode checkbox on plugin UI bar","プラグインUIバーにMulti Modeチェックを表示"
"BossModReborn","","","","Show Night mode checkbox","ナイトモードチェックを表示"
"BossModReborn","","","","Show occupied tiles on radar","使用中のマスをレーダーに表示"
"BossModReborn","Boss modules and radar","Radar","","Show outlines and shadows on various radar markings","各種レーダー表示に輪郭線と影を表示"
"BossModReborn","","","","Show platform numbers","足場番号を表示"
"BossModReborn","Boss modules and radar","Hints","","Show player hints and warnings","プレイヤー向けヒント／警告を表示"
"BossModReborn","Autorotation","","","Show positional hints in world","ゲーム画面上に方向指定ヒントを表示"
"BossModReborn","","","","Show pre-fight encounter hint popup",""
"BossModReborn","","","","Show pre-fight hint popup for this encounter##PrePullHints0000242D",""
"BossModReborn","","","","Show pre-fight hint popup for this encounter##PrePullHints000025BE",""
"BossModReborn","","","","Show pre-fight hint popup for this encounter##PrePullHints000025C0",""
"BossModReborn","","","","Show pre-fight hint popup for this encounter##PrePullHints000025C1",""
"BossModReborn","","","","Show pre-fight hint popup for this encounter##PrePullHints000025C8",""
"BossModReborn","","","","Show pre-fight hint popup for this encounter##PrePullHints000025CC",""
"BossModReborn","","","","Show pre-fight hint popup for this encounter##PrePullHints000025CD",""
"BossModReborn","","","","Show pre-fight hint popup for this encounter##PrePullHints000025D4",""
"BossModReborn","","","","Show pre-fight hint popup for this encounter##PrePullHints000025D5",""
"BossModReborn","","","","Show pre-fight hint popup for this encounter##PrePullHints00002678",""
"BossModReborn","","","","Show pre-fight hint popup for this encounter##PrePullHints0000267F",""
"BossModReborn","","","","Show pre-fight hint popup for this encounter##PrePullHints00002680",""
"BossModReborn","","","","Show pre-fight hint popup for this encounter##PrePullHints000026F2",""
"BossModReborn","","","","Show pre-fight hint popup for this encounter##PrePullHints000026F4",""
"BossModReborn","","","","Show pre-fight hint popup for this encounter##PrePullHints000026F5",""
"BossModReborn","","","","Show pre-fight hint popup for this encounter##PrePullHints000026F8",""
"BossModReborn","","","","Show pre-fight hint popup for this encounter##PrePullHints000026F9",""
"BossModReborn","","","","Show pre-fight hint popup for this encounter##PrePullHints000026FC",""
"BossModReborn","","","","Show pre-fight hint popup for this encounter##PrePullHints000026FE",""
"BossModReborn","","","","Show pre-fight hint popup for this encounter##PrePullHints000026FF",""
"BossModReborn","","","","Show pre-fight hint popup for this encounter##PrePullHints00002703",""
"BossModReborn","","","","Show pre-fight hint popup for this encounter##PrePullHints00002705",""
"BossModReborn","","","","Show pre-fight hint popup for this encounter##PrePullHints00002706",""
"BossModReborn","","","","Show pre-fight hint popup for this encounter##PrePullHints00002708",""
"BossModReborn","","","","Show pre-fight hint popup for this encounter##PrePullHints0000270B",""
"BossModReborn","","","","Show pre-fight hint popup for this encounter##PrePullHints00002717",""
"BossModReborn","","","","Show pre-fight hint popup for this encounter##PrePullHints00002718",""
"BossModReborn","","","","Show pre-fight hint popup for this encounter##PrePullHints00002719",""
"BossModReborn","","","","Show pre-fight hint popup for this encounter##PrePullHints0000271A",""
"BossModReborn","","","","Show pre-fight hint popup for this encounter##PrePullHints0000271B",""
"BossModReborn","","","","Show pre-fight hint popup for this encounter##PrePullHints0000271D",""
"BossModReborn","","","","Show pre-fight hint popup for this encounter##PrePullHints0000271E",""
"BossModReborn","","","","Show pre-fight hint popup for this encounter##PrePullHints00002720",""
"BossModReborn","","","","Show pre-fight hint popup for this encounter##PrePullHints00002721",""
"BossModReborn","","","","Show pre-fight hint popup for this encounter##PrePullHints00002724",""
"BossModReborn","","","","Show pre-fight hint popup for this encounter##PrePullHints00002725",""
"BossModReborn","","","","Show pre-fight hint popup for this encounter##PrePullHints00002727",""
"BossModReborn","","","","Show pre-fight hint popup for this encounter##PrePullHints00002728",""
"BossModReborn","","","","Show pre-fight hint popup for this encounter##PrePullHints0000272A",""
"BossModReborn","","","","Show pre-fight hint popup for this encounter##PrePullHints0000272B",""
"BossModReborn","","","","Show pre-fight hint popup for this encounter##PrePullHints0000272C",""
"BossModReborn","","","","Show pre-fight hint popup for this encounter##PrePullHints0000272F",""
"BossModReborn","","","","Show pre-fight hint popup for this encounter##PrePullHints00002730",""
"BossModReborn","","","","Show pre-fight hint popup for this encounter##PrePullHints00002732",""
"BossModReborn","","","","Show pre-fight hint popup for this encounter##PrePullHints00002735",""
"BossModReborn","","","","Show pre-fight hint popup for this encounter##PrePullHints00002736",""
"BossModReborn","","","","Show pre-fight hint popup for this encounter##PrePullHints00002739",""
"BossModReborn","","","","Show pre-fight hint popup for this encounter##PrePullHints00002C58",""
"BossModReborn","","","","Show pre-fight hint popup for this encounter##PrePullHints00002C5B",""
"BossModReborn","","","","Show pre-fight hint popup for this encounter##PrePullHints00002C5D",""
"BossModReborn","","","","Show pre-fight hint popup for this encounter##PrePullHints00002C67",""
"BossModReborn","","","","Show pre-fight hint popup for this encounter##PrePullHints00002C84",""
"BossModReborn","","","","Show pre-fight hint popup for this encounter##PrePullHints00002CD2",""
"BossModReborn","","","","Show pre-fight hint popup for this encounter##PrePullHints00002CF8",""
"BossModReborn","","","","Show pre-fight hint popup for this encounter##PrePullHints000030F5",""
"BossModReborn","","","","Show pre-fight hint popup for this encounter##PrePullHints00003FA5",""
"BossModReborn","","","","Show pre-fight hint popup for this encounter##PrePullHints00004C60",""
"BossModReborn","","","","Show pre-fight hint popup for this encounter##PrePullHints00004C8E",""
"BossModReborn","","","","Show pre-fight hint popup for this encounter##PrePullHints00004C93",""
"BossModReborn","","","","Show pre-fight hint popup for this encounter##PrePullHints00004C96",""
"BossModReborn","","","","Show pre-fight hint popup for this encounter##PrePullHints00004CA5",""
"BossModReborn","","","","Show pre-fight hint popup for this encounter##PrePullHints00004CBD",""
"BossModReborn","","","","Show pre-fight hint popup for this encounter##PrePullHints00004CC0",""
"BossModReborn","","","","Show pre-fight hint popup for this encounter##PrePullHints00004CC2",""
"BossModReborn","","","","Show pre-fight hint popup for this encounter##PrePullHints00004CC4",""
"BossModReborn","","","","Show pre-fight hint popup for this encounter##PrePullHints00004CCB",""
"BossModReborn","","","","Show pre-fight hint popup for this encounter##PrePullHints00004CCD",""
"BossModReborn","","","","Show pre-fight hint popup for this encounter##PrePullHints00004CD2",""
"BossModReborn","","","","Show pre-fight hint popup for this encounter##PrePullHints00004CDD",""
"BossModReborn","","","","Show pre-fight hint popup for this encounter##PrePullHints00004CE2",""
"BossModReborn","","","","Show pre-fight hint popup for this encounter##PrePullHints00004CE6",""
"BossModReborn","","","","Show pre-fight hint popup for this encounter##PrePullHints00004CF0",""
"BossModReborn","","","","Show pre-fight hint popup for this encounter##PrePullHints00004CF6",""
"BossModReborn","","","","Show pre-fight hint popup for this encounter##PrePullHints00004CF9",""
"BossModReborn","","","","Show pre-fight hint popup for this encounter##PrePullHints00004CFC",""
"BossModReborn","","","","Show pre-fight hint popup for this encounter##PrePullHints00004D03",""
"BossModReborn","Boss modules and radar","Hints","","Show raidwide hints","全体攻撃のヒントを表示"
"BossModReborn","","","","Show replay management UI","リプレイ管理画面を表示"
"BossModReborn","","","","Show Rinon/Toxic Friends tower spots for Lone Wolf's Lament","Lone Wolf's LamentでRinon／Toxic Friends式の塔位置を表示"
"BossModReborn","Boss modules and radar","Radar","","Show role-based colors on otherwise uncolored players in the radar","色指定のないプレイヤーをロール別の色で表示"
"BossModReborn","Boss modules and radar","Radar","","Show signs on radar ('attack', 'bind', 'ignore', and shape markers)","レーダーにマーカー（攻撃・バインド・禁止・図形）を表示"
"BossModReborn","","","","Show spots for Double/Reverse Alley-Oop","Double／Reverse Alley-Oopの立ち位置を表示"
"BossModReborn","","","","Show spots for Flame Alley-Oop","Flame Alley-Oopの立ち位置を表示"
"BossModReborn","","","","Show spots for Flame Floater","Flame Floaterの立ち位置を表示"
"BossModReborn","","","","Show static Aetherletting positions (NA / Hector)","Aetherlettingの固定位置（NA／Hector）を表示"
"BossModReborn","","","","Show status in DTR bar","DTRバーに状態を表示"
"BossModReborn","Boss modules and radar","Boss modules","","Show testing radar and hint window","テスト用レーダー／ヒントウィンドウを表示"
"BossModReborn","Boss modules and radar","Hints","","Show text hints in separate window","テキストヒントを別ウィンドウに表示"
"BossModReborn","Action tweaks","","","Show tips for positional abilities, indicating to move to the flank or rear of your target","方向指定アクションについて、対象の側面または背面へ移動するヒントを表示します。"
"BossModReborn","Boss modules and radar","Radar","","Show waymarks on radar","レーダーにフィールドマーカーを表示"
"BossModReborn","","","","Shutdown the game after all deployables have been processed","すべての潜水艦／飛空艇処理後にゲーム終了"
"BossModReborn","","","","Siege Goobbue [D150SiegeGobbue]",""
"BossModReborn","","","","Siegfried [Stage30Act1]",""
"BossModReborn","","","","Siegfried [Stage30Act2]",""
"BossModReborn","","","","Siegfried [Stage30Act3]",""
"BossModReborn","","","","Sigmascape V4.0",""
"BossModReborn","","","","Sil'dihn Dullahan [C010NTrash2]",""
"BossModReborn","","","","Sil'dihn Dullahan [C010STrash2]",""
"BossModReborn","","","","Silkie [C011NSilkie]",""
"BossModReborn","","","","Silkie [C011SSilkie]",""
"BossModReborn","","","","Silkie [V12Silkie]",""
"BossModReborn","","","","Siren Piece [SirenPiece]",""
"BossModReborn","","","","Siren [D174Siren]",""
"BossModReborn","","","","Skip","スキップ"
"BossModReborn","","","","Skip Inn Login Cutscene","宿屋ログイン時のカットシーンをスキップ"
"BossModReborn","","","","Skip Selling Items","アイテムの売却をスキップ"
"BossModReborn","","","","Slash commands","スラッシュコマンド"
"BossModReborn","","","","Sleep Now in Sapphire: Guidance System [GuidanceSystem]",""
"BossModReborn","","","","Sleep Now in Sapphire: The Sapphire Weapon [TheSapphireWeapon]",""
"BossModReborn","BMR Settings","Tooltip","","slidecast","滑り撃ち"
"BossModReborn","Action tweaks","","","Smart ability targeting (Do not use with RSR)","スマートアビリティターゲット（RSRとは併用しない）"
"BossModReborn","Action tweaks","","","Smart character orientation","スマートキャラクター方向制御"
"BossModReborn","","","","Smileton",""
"BossModReborn","","","","Snake 1: assignments",""
"BossModReborn","","","","Snake 2: assignments",""
"BossModReborn","","","","Snake 2: use cardinal priorities (G1 N/W, PF strat) instead of ordering (G1 first safe CCW from NW, Hector strat)","Snake 2：順番方式（G1は北西から反時計回りで最初の安置／Hector式）ではなく、方角優先（G1北／西・PT募集式）を使用"
"BossModReborn","","","","Snowcloak","氷結潜窟 スノークローク大氷壁"
"BossModReborn","","","","Sohm Al",""
"BossModReborn","","","","Sohr Khai",""
"BossModReborn","","","","Soldier S0 [D102SoldierS0]",""
"BossModReborn","Action tweaks","","","Some modules want to prevent attacking certain targets, for example to prevent an early enrage. This setting gets ignored while AI is on.","一部モジュールでは早期ワイプなどを防ぐため、特定対象への攻撃を禁止します。AI有効中はこの設定は無視されます。"
"BossModReborn","Boss modules and radar","Boss modules","","Some modules will have the ""WIP"" status and will not automatically load unless you change this","一部のモジュールは「WIP」状態で、この設定を変更しない限り自動では読み込まれません。"
"BossModReborn","","","","Somewhere Only She Knows: Flight Of The Griffin [FlightOfTheGriffin]",""
"BossModReborn","","","","Somewhere Only She Knows: Janquetilaque's Portrait [JanquetilaquesPortrait]",""
"BossModReborn","","","","Somewhere Only She Knows: The Winged Steed [TheWingedSteed]",""
"BossModReborn","","","","Sophia [Un3Sophia]",""
"BossModReborn","","","","Soranus Duo [D153SoranusDuo]",""
"BossModReborn","","","","South (Aether)","南（Aether）"
"BossModReborn","","","","Southernmost pair (LPDU)","最も南側のペア（LPDU）"
"BossModReborn","","","","Spam one destination","同じ航路先を繰り返す"
"BossModReborn","","","","Spectral Berserker [D113SpectralBerserker]",""
"BossModReborn","","","","Spectral Necromancer [D112SpectralNecromancer]",""
"BossModReborn","","","","Spectral Thief [D111SpectralThief]",""
"BossModReborn","","","","Sphatika [Sphatika]",""
"BossModReborn","","","","Sphinx Piece [SphinxPiece]",""
"BossModReborn","","","","Spirit Of Thunder [SpiritOfThunder]",""
"BossModReborn","","","","Sprightly Clay Golem [D90SprightlyClayGolem]",""
"BossModReborn","","","","Sprightly Phoebad [D90SprightlyPhoebad]",""
"BossModReborn","","","","Spurge [DD20Spurge]",""
"BossModReborn","","","","Stack!","頭割り！"
"BossModReborn","","","","Stacks N, spreads S","頭割りは北、散開は南"
"BossModReborn","","","","Stacks S, spreads N","頭割りは南、散開は北"
"BossModReborn","","","","Stage 10: A Little Knight Music","ステージ 10: 偶像の王者「クロムドゥーブ」"
"BossModReborn","","","","Stage 11: Some Like It Excruciatingly Hot","ステージ 11: 爆ボム・ファーストアタック"
"BossModReborn","","","","Stage 12: The Plant-Om Of The Opera","ステージ 12: 寄生植物「ヒドノラ」"
"BossModReborn","","","","Stage 13: Beauty And A Beast","ステージ 13: 紅の死妖姫「カーミラ」"
"BossModReborn","","","","Stage 14: Blobs In The Woods","ステージ 14: 死なばもろともーッ！"
"BossModReborn","","","","Stage 15: The Me Nobody Nodes","ステージ 15: アラグの脅威「闘獣システム」"
"BossModReborn","","","","Stage 16: Sunset Bull-Evard","ステージ 16: 豪腕の獣王「ティクバラン」"
"BossModReborn","","","","Stage 17: The Sword Of Music","ステージ 17: 剛柔の鉄巨人「クレイオス改」"
"BossModReborn","","","","Stage 18: Midsummer Night's Explosion","ステージ 18: 爆破デスマッチ"
"BossModReborn","","","","Stage 19: On A Clear Day You Can Smell Forever","ステージ 19: 魅惑の芳香「リフレクティブ・レベッカ」"
"BossModReborn","","","","Stage 1: All's Well That Starts Well","ステージ 1: デビューマッチ"
"BossModReborn","","","","Stage 20: Miss Typhon","ステージ 20: 名コンビ「オルトロス＆テュポーン」"
"BossModReborn","","","","Stage 21: Chimera On A Hot Tin Roof","ステージ 21: 憤怒の合成獣「アペデマク」"
"BossModReborn","","","","Stage 22: Here Comes The Boom","ステージ 22: 爆発の対消滅「グランパボム」"
"BossModReborn","","","","Stage 23: Behemoths And Broomsticks","ステージ 23: 魔獣の皇太子「クロンプリンツ・ベヒーモス」"
"BossModReborn","","","","Stage 24: Amazing Technicolor Pit Fiends","ステージ 24: 異形の人形師「エペロギ」"
"BossModReborn","","","","Stage 25: Dirty Rotten Azulmagia","ステージ 25: 悪の青魔道士「アポカリョープス」"
"BossModReborn","","","","Stage 26: Papa Mia","ステージ 26: 豪腕の父親「フンババ・パパ」"
"BossModReborn","","","","Stage 27: Lock Up Your Snorters","ステージ 27: はないき爆破デスマッチ"
"BossModReborn","","","","Stage 28: Dangerous When Dead","ステージ 28: 至妙の傀儡子「ドゥリン」"
"BossModReborn","","","","Stage 29: Red, Fraught, And Blue","ステージ 29: 水と炎の歌"
"BossModReborn","","","","Stage 2: Much Ado About Pudding","ステージ 2: プリン・アラモード"
"BossModReborn","","","","Stage 30: The Catch Of The Siegfried","ステージ 30: 世界一の剣士「ジークフリード」"
"BossModReborn","","","","Stage 31: Anything Gogo's","ステージ 31: 黄金頭巾「ものまね士ゴゴ」"
"BossModReborn","","","","Stage 32: A Golden Opportunity","ステージ 32: 黄金闘士「ゴールドル」"
"BossModReborn","","","","Stage 3: Waiting For Golem","ステージ 3: 最初の岩壁「シパクナー」"
"BossModReborn","","","","Stage 4: Gentlemen Prefer Swords","ステージ 4: 怪力の鉄巨人「クレイオス」"
"BossModReborn","","","","Stage 5: The Threepenny Turtles","ステージ 5: ギルガメブラザーズ"
"BossModReborn","","","","Stage 6: Eye Society","ステージ 6: ブラインド・フューリー"
"BossModReborn","","","","Stage 7: A Chorus Slime","ステージ 7: シアーハートアタック"
"BossModReborn","","","","Stage 8: Bomb-Edy Of Errors","ステージ 8: 青い牙、赤い牙"
"BossModReborn","","","","Stage 9: To Kill A Mockingslime","ステージ 9: 七色の甘味「ギモーヴ」"
"BossModReborn","","","","Stage01",""
"BossModReborn","","","","Stage02Act1",""
"BossModReborn","","","","Stage02Act2",""
"BossModReborn","","","","Stage03",""
"BossModReborn","","","","Stage04Act1",""
"BossModReborn","","","","Stage04Act2",""
"BossModReborn","","","","Stage05",""
"BossModReborn","","","","Stage06Act1",""
"BossModReborn","","","","Stage06Act2",""
"BossModReborn","","","","Stage07Act1",""
"BossModReborn","","","","Stage07Act2",""
"BossModReborn","","","","Stage07Act3",""
"BossModReborn","","","","Stage08Act1",""
"BossModReborn","","","","Stage08Act2",""
"BossModReborn","","","","Stage09",""
"BossModReborn","","","","Stage10",""
"BossModReborn","","","","Stage11Act1",""
"BossModReborn","","","","Stage11Act2",""
"BossModReborn","","","","Stage12Act1",""
"BossModReborn","","","","Stage12Act2",""
"BossModReborn","","","","Stage13Act1",""
"BossModReborn","","","","Stage13Act2",""
"BossModReborn","","","","Stage14Act1",""
"BossModReborn","","","","Stage14Act2",""
"BossModReborn","","","","Stage15",""
"BossModReborn","","","","Stage16Act1",""
"BossModReborn","","","","Stage16Act2",""
"BossModReborn","","","","Stage17Act1",""
"BossModReborn","","","","Stage17Act2",""
"BossModReborn","","","","Stage18Act1",""
"BossModReborn","","","","Stage18Act2",""
"BossModReborn","","","","Stage19Act1",""
"BossModReborn","","","","Stage19Act2",""
"BossModReborn","","","","Stage20Act1",""
"BossModReborn","","","","Stage20Act2",""
"BossModReborn","","","","Stage20Act3",""
"BossModReborn","","","","Stage21Act1",""
"BossModReborn","","","","Stage21Act2",""
"BossModReborn","","","","Stage22Act1",""
"BossModReborn","","","","Stage22Act2",""
"BossModReborn","","","","Stage23",""
"BossModReborn","","","","Stage24Act1",""
"BossModReborn","","","","Stage24Act2",""
"BossModReborn","","","","Stage24Act3",""
"BossModReborn","","","","Stage25Act1",""
"BossModReborn","","","","Stage25Act2",""
"BossModReborn","","","","Stage25Act3",""
"BossModReborn","","","","Stage26Act1",""
"BossModReborn","","","","Stage26Act2",""
"BossModReborn","","","","Stage27",""
"BossModReborn","","","","Stage28",""
"BossModReborn","","","","Stage29Act1",""
"BossModReborn","","","","Stage29Act2",""
"BossModReborn","","","","Stage30Act1",""
"BossModReborn","","","","Stage31Act1",""
"BossModReborn","","","","Stage32Act1",""
"BossModReborn","","","","Starcrier [Starcrier]",""
"BossModReborn","","","","Static","固定"
"BossModReborn","","","","Statice [C033NStatice]",""
"BossModReborn","","","","Statice [C033SStatice]",""
"BossModReborn","","","","Station Specter [D90StationSpecter]",""
"BossModReborn","","","","Statistics","統計"
"BossModReborn","","","","Status bar icon size","ステータスバーアイコンサイズ"
"BossModReborn","","","","Stay in retainer list and disable plugin","リテイナー一覧に残りプラグインを無効化"
"BossModReborn","","","","Stay in retainer list and keep plugin enabled","リテイナー一覧に残りプラグインを有効のままにする"
"BossModReborn","","","","Stay in retainer menu if there are retainers to finish ventures within 5 minutes or less","5分以内に依頼完了するリテイナーがいる場合はリテイナーメニューに留まる"
"BossModReborn","","","","Steel against Steel: Vitus Quo Messalla [VitusQuoMessalla]",""
"BossModReborn","","","","Stigma-4 [D083Stigma4]",""
"BossModReborn","","","","Stone","無人島の石材"
"BossModReborn","","","","Stone Puppet [V07StonePuppet]",""
"BossModReborn","","","","Stone-cold Killer [Ceto]",""
"BossModReborn","","","","Stop when passage opens",""
"BossModReborn","","","","Storge [D043Storge]",""
"BossModReborn","","","","Storm's Crown (Extreme)",""
"BossModReborn","","","","Stormblood","紅蓮のリベレーター"
"BossModReborn","","","","Storsie [Storsie]",""
"BossModReborn","","","","Striking Dummy [NoviceTank04]",""
"BossModReborn","","","","Strix Piece [StrixPiece]",""
"BossModReborn","","","","Stygimoloch Lord [DRS7StygimolochLord]",""
"BossModReborn","","","","Stygimoloch Warrior [DRS2StygimolochWarrior]",""
"BossModReborn","","","","Subject Number XXIV [D052SubjectNumberXXIV]",""
"BossModReborn","","","","Sugaar [Sugaar]",""
"BossModReborn","","","","Sugar Riot","Sugar Riot"
"BossModReborn","","","","Sugar Riot [M06NSugarRiot]",""
"BossModReborn","","","","Sugar Riot [M06SSugarRiot]",""
"BossModReborn","","","","Sugarcane","無人島のサトウキビ"
"BossModReborn","","","","Sugriva [Sugriva]",""
"BossModReborn","","","","Suikazura [DD60Suikazura]",""
"BossModReborn","","","","Summoner Quests","召喚士 ジョブクエスト"
"BossModReborn","","","","Supay [Supay]",""
"BossModReborn","","","","Support E",""
"BossModReborn","","","","Support N",""
"BossModReborn","","","","Support prio1",""
"BossModReborn","","","","Support prio2",""
"BossModReborn","","","","Support prio3",""
"BossModReborn","","","","Support prio4",""
"BossModReborn","","","","Support S",""
"BossModReborn","","","","Support W",""
"BossModReborn","","","","Supported fights","対応コンテンツ"
"BossModReborn","","","","Supports","サポート（タンク／ヒーラー）"
"BossModReborn","","","","Supports CCW, DD CW","サポートは反時計回り、DPSは時計回り"
"BossModReborn","","","","Supports CW from N, look for first matching person in final spot","サポートは北から時計回りに確認し、最終位置が一致する最初の相手と組む"
"BossModReborn","","","","Supports CW, DD CCW","サポートは時計回り、DPSは反時計回り"
"BossModReborn","","","","Supports N, DD S",""
"BossModReborn","","","","Susano [Susano]",""
"BossModReborn","","","","Susano [T07Byakko]",""
"BossModReborn","","","","Susano [T08Suzaku]",""
"BossModReborn","","","","Suzaku [Ex7Suzaku]",""
"BossModReborn","","","","Svarbhanu [D033Svarbhanu]",""
"BossModReborn","","","","SW",""
"BossModReborn","","","","SW Flex",""
"BossModReborn","","","","SW Stay",""
"BossModReborn","","","","Sword Dancer [FTME2SwordDancer]",""
"BossModReborn","","","","Sword Dancer [FTMN2SwordDancer]",""
"BossModReborn","","","","Sworn to Soil [MadMudarch]",""
"BossModReborn","","","","Symond The Unsinkable [D171SymondTheUnsinkable]",""
"BossModReborn","","","","Symond The Unsinkable [D172Zu]",""
"BossModReborn","","","","Synchronise Retainers (one time)","リテイナーを同期（1回のみ）"
"BossModReborn","","","","Syrcus Tower",""
"BossModReborn","","","","Tab - add to Discard List","Tab - 破棄リストへ追加"
"BossModReborn","","","","Take turns at cardinals (1 W/E)","十字方向を交互に担当（1は西／東）"
"BossModReborn","","","","Taking a Stand: Bakool Ja Ja [TakingAStand]",""
"BossModReborn","","","","Taking the Lyon's Share [Duel6Lyon]",""
"BossModReborn","","","","Tamed Jackal [NoviceBasicFinal]",""
"BossModReborn","","","","Tangled Narbrooi [D090TangledNarbrooi]",""
"BossModReborn","","","","Tank","タンク"
"BossModReborn","","","","Tank auto-assign priority (drag to reorder, highest to lowest)","タンク自動割り当て優先度（ドラッグで高→低の順に並べ替え）"
"BossModReborn","","","","Tank N",""
"BossModReborn","","","","Tank Role Quests (Dawntrail)","タンクロールクエスト (黄金のレガシー)"
"BossModReborn","","","","Tank Role Quests (Shadowbringers)","タンクロールクエスト (漆黒のヴィランズ)"
"BossModReborn","","","","Tank S",""
"BossModReborn","","","","Tankbuster cleave","タンク強攻撃の扇範囲"
"BossModReborn","","","","Tanks remaining to trigger purchase","購入開始までの青燐水バレル残数"
"BossModReborn","","","","Tarchia [Tarchia]",""
"BossModReborn","","","","Target everything",""
"BossModReborn","","","","Target everything if not at level cap, otherwise stop when passage opens","レベル上限未満なら全ての敵を対象。上限到達後は転移の石塔が開いた時点で戦闘停止"
"BossModReborn","","","","Target frame rate when idling","待機中の目標FPS"
"BossModReborn","","","","Target frame rate when operating","動作中の目標FPS"
"BossModReborn","","","","Task completion behavior after accessing bell:","呼び鈴アクセス後の処理完了時動作："
"BossModReborn","","","","Task completion behavior after manual enabling:","手動有効化後の処理完了時動作："
"BossModReborn","","","","Task completion behavior during plugin operation:","プラグイン動作中の処理完了時動作："
"BossModReborn","","","","Taulurd [D112Taulurd]",""
"BossModReborn","","","","Taurus Piece [TaurusPiece]",""
"BossModReborn","","","","TEA","TEA"
"BossModReborn","","","","Teleport back to house/inn after delivery","納品後にハウス／宿屋へ戻る"
"BossModReborn","","","","Teleport for retainers...","リテイナー処理のためにテレポ…"
"BossModReborn","","","","Teleport to free company house for deployables","潜水艦／飛空艇処理のためFCハウスへテレポ"
"BossModReborn","","","","Teleportation","テレポ"
"BossModReborn","","","","Temple Guardian [D082TempleGuardian]",""
"BossModReborn","","","","Temporarily prevents AutoRetainer from being automatically enabled when using a Summoning Bell/Workshop Panel:","呼び鈴／カンパニークラフト設備を操作した時にAutoRetainerが自動有効化されるのを一時的に防止："
"BossModReborn","","","","Temporarily set the Collect Operation mode, preventing ventures from being assigned for the current cycle/Temporarily set Deployables mode to Finalize only:","一時的に「受取のみ」へ切り替えて、この周回ではリテイナー依頼を設定しない／潜水艦・飛空艇を一時的に「帰還完了のみ」へ切り替える："
"BossModReborn","","","","Tender Valley","荒野秘境 サボテンダーバレー"
"BossModReborn","","","","Teratotaur [D081Teratotaur]",""
"BossModReborn","","","","Terminus Bellwether [D062Bellwether]",""
"BossModReborn","","","","Terminus Idolizer [TerminusIdolizer]",""
"BossModReborn","","","","Terminus Lacerator [TerminusLacerator]",""
"BossModReborn","","","","Terminus Snatcher [D031Snatcher]",""
"BossModReborn","","","","Terminus Vanquisher [TerminusVanquisher]",""
"BossModReborn","","","","Terminus Wrecker [D032Wrecker]",""
"BossModReborn","","","","Territorial Dispute [TerritorialDispute]",""
"BossModReborn","","","","Tesleen, The Forgiven [D012TesleentheForgiven]",""
"BossModReborn","","","","Text billboard font size","テキストビルボードのフォントサイズ"
"BossModReborn","","","","Text colors 0",""
"BossModReborn","","","","Text colors 1",""
"BossModReborn","","","","Text colors 10",""
"BossModReborn","","","","Text colors 11",""
"BossModReborn","","","","Text colors 12",""
"BossModReborn","","","","Text colors 13",""
"BossModReborn","","","","Text colors 14",""
"BossModReborn","","","","Text colors 15",""
"BossModReborn","","","","Text colors 16",""
"BossModReborn","","","","Text colors 17",""
"BossModReborn","","","","Text colors 2",""
"BossModReborn","","","","Text colors 3",""
"BossModReborn","","","","Text colors 4",""
"BossModReborn","","","","Text colors 5",""
"BossModReborn","","","","Text colors 6",""
"BossModReborn","","","","Text colors 7",""
"BossModReborn","","","","Text colors 8",""
"BossModReborn","","","","Text colors 9",""
"BossModReborn","Action tweaks","","","Text only","文字のみ"
"BossModReborn","","","","Thaleia",""
"BossModReborn","","","","Thaliak [A31Thaliak]",""
"BossModReborn","","","","Thanatos [A12Thanatos]",""
"BossModReborn","","","","The Abyssal Fracture (Extreme)",""
"BossModReborn","","","","The Aery",""
"BossModReborn","","","","The Aetherfont",""
"BossModReborn","","","","The Aetherochemical Research Facility",""
"BossModReborn","","","","The Ageless Necropolis","永遠の闇討滅戦"
"BossModReborn","","","","The Aitiascope",""
"BossModReborn","","","","The Antitower",""
"BossModReborn","","","","The Aurum Vale","霧中行軍 オーラムヴェイル"
"BossModReborn","","","","The Baldesion Arsenal: Expedition Support [Phuabo]",""
"BossModReborn","","","","The Baldesion Arsenal: Expedition Support [Tristitia]",""
"BossModReborn","","","","The Battle on Bekko: Ugetsu, Slayer Of A Thousand Souls [UgetsuSlayerOfAThousandSouls]",""
"BossModReborn","","","","The Baying of the Hound(s) [CE12BayingOfHounds]",""
"BossModReborn","","","","The Big Cheese [D073BigCheese]",""
"BossModReborn","","","","The Binding Coil Of Bahamut - Turn 1",""
"BossModReborn","","","","The Binding Coil Of Bahamut - Turn 2",""
"BossModReborn","","","","The Binding Coil Of Bahamut - Turn 4",""
"BossModReborn","","","","The Binding Coil Of Bahamut - Turn 5",""
"BossModReborn","","","","The Black Eft [D131BlackEft]",""
"BossModReborn","","","","The Black Regiment [CE101BlackRegiment]",""
"BossModReborn","","","","The Black Rider [DD60TheBlackRider]",""
"BossModReborn","","","","The Bowl Of Embers",""
"BossModReborn","","","","The Bowl Of Embers (Extreme)",""
"BossModReborn","","","","The Bowl Of Embers (Hard)",""
"BossModReborn","","","","The Bozjan Southern Front CE",""
"BossModReborn","","","","The Bozjan Southern Front Duel",""
"BossModReborn","","","","The Bozjan Southern Front FATE",""
"BossModReborn","","","","The Broken Blade [Duel4Dabog]",""
"BossModReborn","","","","The Burn",""
"BossModReborn","","","","The Cloud Of Darkness (Chaotic)","滅暗闇の雲激闘戦"
"BossModReborn","","","","The Clyteum","妖異侵攻 クルティウス魔導工廠"
"BossModReborn","","","","The Compound [A24TheCompound2P]",""
"BossModReborn","","","","The Copied Factory",""
"BossModReborn","","","","The Crown Of The Immaculate",""
"BossModReborn","","","","The Curator [D083TheCurator]",""
"BossModReborn","","","","The Dalriada",""
"BossModReborn","","","","The Dancing Plague",""
"BossModReborn","","","","The Dead Ends",""
"BossModReborn","","","","The Diablo Armament [DAL4DiabloArmament]",""
"BossModReborn","","","","The Drowned City Of Skalla",""
"BossModReborn","","","","The Dungeons Of Lyhe Ghiah",""
"BossModReborn","","","","The Dying Gasp",""
"BossModReborn","","","","The Endsinger [Ex3Endsinger]",""
"BossModReborn","","","","The Epic Of Alexander (Ultimate)",""
"BossModReborn","","","","The Everliving Bibliotaph [D053EverlivingBibliotaph]",""
"BossModReborn","","","","The Excitatron 6000","宝物庫 エキサイトロン"
"BossModReborn","","","","The Face of True Evil: Musosai [Musosai]",""
"BossModReborn","","","","The Feat of the Brotherhood: Gulool Ja Ja's Glory [TheFeatOfBrotherhood]",""
"BossModReborn","","","","The Fell Court Of Troia",""
"BossModReborn","","","","The Final Furlong [CE21FinalFurlong]",""
"BossModReborn","","","","The Final Verse (Quantum)","詩想エミネントグリーフ討滅戦"
"BossModReborn","","","","The Fires of War [CE23FiresOfWar]",""
"BossModReborn","","","","The First Beast [D061FirstBeast]",""
"BossModReborn","","","","The following plugins are required to be installed and enabled:","次のプラグインをインストールして有効にする必要があります："
"BossModReborn","","","","The Forbidden Land, Eureka Hydatos",""
"BossModReborn","","","","The Forecaster [TheForecaster]",""
"BossModReborn","","","","The Forefather [Stage22Act2]",""
"BossModReborn","","","","The Forked Tower: Blood","フォークタワー力の塔"
"BossModReborn","","","","The Forked Tower: Magic (Extreme)","フォークタワー極魔の塔"
"BossModReborn","","","","The Forked Tower: Magic (Normal)","フォークタワー魔の塔"
"BossModReborn","","","","The Four Lords",""
"BossModReborn","","","","The Fractal Continuum",""
"BossModReborn","","","","The Game Is Afoot: Giant Colibri [GiantColibri]",""
"BossModReborn","","","","The Ghimlyt Dark",""
"BossModReborn","","","","The Gilded Araya",""
"BossModReborn","","","","The Godfather [DD190TheGodfather]",""
"BossModReborn","","","","The Godmother [DD90TheGodmother]",""
"BossModReborn","","","","The Golden Guardian [GoldenGuardian]",""
"BossModReborn","","","","The Governor [DO12TheGovernor]",""
"BossModReborn","","","","The Grand Cosmos",""
"BossModReborn","","","","The Great Gold Whisker [TheGreatGoldWhisker]",""
"BossModReborn","","","","The Great Gubal Library",""
"BossModReborn","","","","The Great Ship Vylbrand:  [SecondOrderRocksplitter]",""
"BossModReborn","","","","The Griffin [D171MagitekPredator]",""
"BossModReborn","","","","The Griffin [D172ArmoredWeapon]",""
"BossModReborn","","","","The Griffin [D173TheGriffin]",""
"BossModReborn","","","","The Hardened Heart: Tadric The Vainglorious [TadricTheVainglorious]",""
"BossModReborn","","","","The Head, the Tail, the Whole Damned Thing: Archaeotania [Archaeotania]",""
"BossModReborn","","","","The Heroes' Gauntlet",""
"BossModReborn","","","","The Hidden Canals Of Uznair",""
"BossModReborn","","","","The Howling Eye",""
"BossModReborn","","","","The Howling Eye (Extreme)",""
"BossModReborn","","","","The Howling Eye (Hard)",""
"BossModReborn","","","","The Hunt","モブハント"
"BossModReborn","","","","The Hunt for Red Choctober [CE22TheHuntForRedChoctober]",""
"BossModReborn","","","","The Hunter's Legacy: Balam-Quitz [BalamQuitz]",""
"BossModReborn","","","","The Interphos","エターナルクイーン討滅戦"
"BossModReborn","","","","The Jade Stoa",""
"BossModReborn","","","","The Jade Stoa (Extreme)",""
"BossModReborn","","","","The Keeper Of The Lake","幻龍残骸 黙約の塔"
"BossModReborn","","","","The Killing Art: Orcus [Orcus]",""
"BossModReborn","","","","The Labyrinth Of The Ancients",""
"BossModReborn","","","","The Lost and the Found: Sophrosyne [Sophrosyne]",""
"BossModReborn","","","","The Lost and the Found: Yxtlilton [Yxtlilton]",""
"BossModReborn","","","","The Lost Canals Of Uznair",""
"BossModReborn","","","","The lower this value is the faster plugin will use actions. When dealing with low FPS or high latency you may want to increase this value. If you want the plugin to operate faster you may decrease it.","値を小さくするとアクション実行が速くなります。低FPSや高遅延環境では値を大きくしてください。処理速度を上げたい場合は小さくできます。"
"BossModReborn","","","","The Lunar Subterrane",""
"BossModReborn","","","","The Magus Sisters [D013MagusSisters]",""
"BossModReborn","","","","The Man in Black: MA-X [MAx]",""
"BossModReborn","","","","The Measure of His Reach: Hakuro Whitefang [HakuroWhitefang]",""
"BossModReborn","","","","The Merchant's Tale","ヴァリアントダンジョン 商客物語"
"BossModReborn","","","","The Merchant's Tale (Advanced)","アドバンスド・ヴァリアントダンジョン 商客物語"
"BossModReborn","","","","The Meso Terminal","永久幽界 メインターミナル"
"BossModReborn","","","","The Mightiest Shield: Chalteaufite Cravenscreed [TheMightiestShield]",""
"BossModReborn","","","","The Minstrel's Ballad: Endsinger's Aria","終極の戦い"
"BossModReborn","","","","The Minstrel's Ballad: Hydaelyn's Call","極ハイデリン討滅戦"
"BossModReborn","","","","The Minstrel's Ballad: Necron's Embrace","極永遠の闇討滅戦"
"BossModReborn","","","","The Minstrel's Ballad: Sphene's Burden","極エターナルクイーン討滅戦"
"BossModReborn","","","","The Minstrel's Ballad: Thordan's Reign","蒼天幻想 ナイツ・オブ・ラウンド討滅戦"
"BossModReborn","","","","The Minstrel's Ballad: Ultima's Bane","究極幻想 アルテマウェポン破壊作戦"
"BossModReborn","","","","The Minstrel's Ballad: Zodiark's Fall","極ゾディアーク討滅戦"
"BossModReborn","","","","The Mothercrystal",""
"BossModReborn","","","","The Mudman [TheMudman]",""
"BossModReborn","","","","The Navel",""
"BossModReborn","","","","The Navel (Extreme)",""
"BossModReborn","","","","The Navel (Hard)",""
"BossModReborn","","","","The New Dawn",""
"BossModReborn","","","","The number of seconds AutoRetainer should log in early before submarines on this character are ready to be resent.","このキャラクターの潜水艦が再出航可能になる時刻より何秒早くログインするかを設定します。"
"BossModReborn","","","","The Occult Crescent: North Horn CE","三日月島北部: CE"
"BossModReborn","","","","The Occult Crescent: North Horn FATE","三日月島北部: FATE"
"BossModReborn","","","","The Occult Crescent: South Horn CE","三日月島南部: CE"
"BossModReborn","","","","The Occult Crescent: South Horn FATE","三日月島南部: FATE"
"BossModReborn","","","","The Old One [D092TheOldOne]",""
"BossModReborn","","","","The Older One [TheOlderOne]",""
"BossModReborn","","","","The Omega Protocol (Ultimate)",""
"BossModReborn","","","","The Oracle of Light: Ran'jit [Ranjit]",""
"BossModReborn","","","","The Orbonne Monastery",""
"BossModReborn","","","","The Orphans and the Broken Blade: Ompagne Deepblack [OmpagneDeepblack]",""
"BossModReborn","","","","The Palace Of The Dead (Floors 1-10)",""
"BossModReborn","","","","The Palace Of The Dead (Floors 101-110)",""
"BossModReborn","","","","The Palace Of The Dead (Floors 11-20)",""
"BossModReborn","","","","The Palace Of The Dead (Floors 111-120)",""
"BossModReborn","","","","The Palace Of The Dead (Floors 121-130)",""
"BossModReborn","","","","The Palace Of The Dead (Floors 131-140)",""
"BossModReborn","","","","The Palace Of The Dead (Floors 141-150)",""
"BossModReborn","","","","The Palace Of The Dead (Floors 151-160)",""
"BossModReborn","","","","The Palace Of The Dead (Floors 161-170)",""
"BossModReborn","","","","The Palace Of The Dead (Floors 171-180)",""
"BossModReborn","","","","The Palace Of The Dead (Floors 181-190)",""
"BossModReborn","","","","The Palace Of The Dead (Floors 21-30)",""
"BossModReborn","","","","The Palace Of The Dead (Floors 31-40)",""
"BossModReborn","","","","The Palace Of The Dead (Floors 41-50)",""
"BossModReborn","","","","The Palace Of The Dead (Floors 51-60)",""
"BossModReborn","","","","The Palace Of The Dead (Floors 61-70)",""
"BossModReborn","","","","The Palace Of The Dead (Floors 71-80)",""
"BossModReborn","","","","The Palace Of The Dead (Floors 81-90)",""
"BossModReborn","","","","The Palace Of The Dead (Floors 91-100)",""
"BossModReborn","","","","The Path Infernal: Infernal Shadow [InfernalShadow]",""
"BossModReborn","","","","The Pool Of Tribute",""
"BossModReborn","","","","The Porta Decumana",""
"BossModReborn","","","","The Power to Protect: Io [Io]",""
"BossModReborn","","","","The Praetorium","最終決戦 魔導城プラエトリウム"
"BossModReborn","","","","The Protector and the Destroyer: Gwyddrud [Gwyddrud]",""
"BossModReborn","","","","The Protector and the Destroyer: Otis Oathbroken [OtisOathbroken]",""
"BossModReborn","","","","The Puppets' Bunker",""
"BossModReborn","","","","The Qitana Ravel",""
"BossModReborn","","","","The Queen [DRN6Queen]",""
"BossModReborn","","","","The Queen [DRS8Queen]",""
"BossModReborn","","","","The Raintriller [TheRaintriller]",""
"BossModReborn","","","","The Resonant: Fordola Rem Lupis [FordolaRemLupis]",""
"BossModReborn","","","","The Ridorana Lighthouse",""
"BossModReborn","","","","The Royal City Of Rabanastre",""
"BossModReborn","","","","The Royal Menagerie",""
"BossModReborn","","","","The Seat Of Sacrifice",""
"BossModReborn","","","","The Serpentlord Seethes: Ttokrrone [Ttokrrone]",""
"BossModReborn","","","","The Shadow of Death's Hand [CE11ShadowOfDeathHand]",""
"BossModReborn","","","","The Shifting Altars Of Uznair","宝物庫 ウズネアカナル祭殿"
"BossModReborn","","","","The Shifting Gymnasion Agonon","宝物庫 エルピス・ギュムナシオン祭殿"
"BossModReborn","","","","The Shifting Oubliettes Of Lyhe Ghiah",""
"BossModReborn","","","","The Sil'dihn Subterrane",""
"BossModReborn","","","","The Sirensong Sea",""
"BossModReborn","","","","The Skydeep Cenote","遺産踏査 天深きセノーテ"
"BossModReborn","","","","The Slice Is Right: Yojimbo [TheSliceIsRight]",""
"BossModReborn","","","","The Soul of Temperance: Sophrosyne [Sophrosyne]",""
"BossModReborn","","","","The Steps of Faith: Vishap [Vishap]",""
"BossModReborn","","","","The Stigma Dreamscape",""
"BossModReborn","","","","The Stone Vigil","城塞攻略 ストーンヴィジル"
"BossModReborn","","","","The Strayborough Deadwalk","悪夢遊園 ストレイバロー"
"BossModReborn","","","","The Sunken Temple Of Qarn","遺跡探索 カルン埋没寺院"
"BossModReborn","","","","The Tam-Tara Deepcroft","地下霊殿 タムタラの墓所"
"BossModReborn","","","","The Thousand Maws Of Toto-Rak","監獄廃墟 トトラクの千獄"
"BossModReborn","","","","The Thunder God [A33ThunderGod]",""
"BossModReborn","","","","The Time between the Seconds: Zenos Yae Galvus [ZenosYaeGalvus]",""
"BossModReborn","","","","The Tower At Paradigm's Breach",""
"BossModReborn","","","","The Tower Of Babil",""
"BossModReborn","","","","The Tower Of Zot",""
"BossModReborn","","","","The Twinning",""
"BossModReborn","","","","The Tycoon [D073TheTycoon]",""
"BossModReborn","","","","The Tyrant [M11NTheTyrant]",""
"BossModReborn","","","","The Tyrant [M11STheTyrant]",""
"BossModReborn","","","","The Ultima Weapon [Ex1Ultima]",""
"BossModReborn","","","","The Ultima Weapon [T04PortaDecumana1]",""
"BossModReborn","","","","The Ultima Weapon [T04PortaDecumana2]",""
"BossModReborn","","","","The Ultima Weapon [Un1Ultima]",""
"BossModReborn","","","","The Ultima Weapon [UWU]",""
"BossModReborn","","","","The Ultimate Weapon: Lahabrea [Lahabrea]",""
"BossModReborn","","","","The Unbridled [CE107Unbridled]",""
"BossModReborn","","","","The Underkeep","王城旧跡 アンダーキープ"
"BossModReborn","","","","The Unending Coil Of Bahamut (Ultimate)",""
"BossModReborn","","","","The Unmaking","エヌオー討滅戦"
"BossModReborn","","","","The Unmaking (Extreme)","極エヌオー討滅戦"
"BossModReborn","","","","The Vault",""
"BossModReborn","","","","The Void Ark",""
"BossModReborn","","","","The Voidcast Dais (Extreme)",""
"BossModReborn","","","","The Voyage Home",""
"BossModReborn","","","","The Wanderer's Palace","旅神聖域 ワンダラーパレス"
"BossModReborn","","","","The Warmth of Family: Alpha Alligator [AlphaAlligator]",""
"BossModReborn","","","","The Warmth of Family: Alpha Alligator [Tturuhhetso]",""
"BossModReborn","","","","The Weapon's Refrain (Ultimate)",""
"BossModReborn","","","","The Weeping City Of Mhach",""
"BossModReborn","","","","The Whorleater (Hard)",""
"BossModReborn","","","","The Will of the Moon: Sadu Heavensflame [SaduHeavensflame]",""
"BossModReborn","","","","The Windward Wilds","護竜アルシュベルド狩猟戦"
"BossModReborn","","","","The Windward Wilds (Extreme)","極護竜アルシュベルド狩猟戦"
"BossModReborn","","","","The Winged Terror [TheWingedTerror]",""
"BossModReborn","","","","The Winged [TheWinged]",""
"BossModReborn","","","","The World Of Darkness",""
"BossModReborn","","","","The Wreath Of Snakes",""
"BossModReborn","","","","The Wreath Of Snakes (Extreme)",""
"BossModReborn","","","","Themis [P11SThemis]",""
"BossModReborn","","","","There Would Be Blood [CE51ThereWouldBeBlood]",""
"BossModReborn","","","","Therion [D063Therion]",""
"BossModReborn","","","","These items will always be discarded, regardless of their source, as long as their stack count does not exceeds specified amount that you can specify below. Discards occur very frequently, before and after each action that may alter inventory. Discard is always prioritized, even if same item is present in sell or desynthesis list, it will be discarded. Protected items won't be discarded. ","これらのアイテムは入手元に関係なく、スタック数が下で指定した上限を超えていなければ常に破棄されます。破棄処理は所持品が変化する各操作の前後など頻繁に行われます。同じアイテムが売却・分解リストにもある場合でも破棄が最優先されます。保護リストのアイテムは破棄されません。"
"BossModReborn","","","","These items will always be sold, regardless of their source, as long as their stack count does not exceeds specified amount that you can specify below. Additionally, only these items will ever be sold to an NPC.","これらのアイテムは入手元に関係なく、スタック数が下で指定した上限を超えていなければ常に売却されます。また、NPCへ売却されるのはこのリストのアイテムだけです。"
"BossModReborn","","","","These items, when obtained from Quick Venture will be sold unless they have stacked with the same item.","これらのアイテムは「ほりだしもの依頼」で入手した場合、同一アイテムとスタックされていなければ売却されます。"
"BossModReborn","","","","Third-party contributed module that wasn't verified by the plugin author; might be working fine, might have any sorts of inconsistencies with other modules - YMMV.","作者が動作確認していない外部提供モジュール。正常に動く場合もありますが、他モジュールと挙動が異なる可能性があります。利用は自己責任です。"
"BossModReborn","","","","This feature is disabled in parties.","この機能はPT中は無効です。"
"BossModReborn","BMR Settings","Tooltip","","This feature requires Settings -> Action Tweaks -> Smart Character Orientation to be enabled.","この機能を使うには「設定 → アクション調整 → スマートキャラクター方向制御」を有効にする必要があります。"
"BossModReborn","","","","This fight is easy if you kill every pack wave together and before the 4th pack spawn otherwise it starts getting complicated.",""
"BossModReborn","","","","This is a FORK of the original BossMod (VBM). Only ask for support on the Combat Reborn Discord.","これはオリジナルのBossMod（VBM）のフォークです。サポートが必要な場合は、Combat RebornのDiscordサーバーでのみお問い合わせください。"
"BossModReborn","","","","This is purely visual order and does not affects character processing in any way.","これは表示上の並び順だけで、キャラクターの処理順には影響しません。"
"BossModReborn","","","","This may cause situation where you will just go to GC exchange every login. Make sure you have a purchase plan to buy enough ventures set. ","ログインするたびにGC交換へ向かう状態になる場合があります。十分なベンチャースクリップを購入する交換プランを設定してください。"
"BossModReborn","","","","This option enables excessive logging for debugging purposes. It will spam your log and cause performance issues while enabled. This option will disable itself upon plugin reload or game restart.","デバッグ用の詳細ログを大量に出力します。有効中はログが増え、パフォーマンス低下の原因になります。プラグイン再読み込みまたはゲーム再起動で自動的に無効になります。"
"BossModReborn","Action tweaks","","","This setting allows better integration with autorotations and will prevent you from triple-weaving or drifting GCDs if you press a healing ability while autorotation is going on","自動回しとの連携を改善し、自動回し中に回復アビリティを手動入力した際の3アビ挟みやGCDずれを防ぎます。"
"BossModReborn","Action tweaks","","","This setting prevents starting autos early during countdown, starts them automatically at pull, when switching targets and when using any actions that don't explicitly cancel autos.","カウントダウン中の早すぎるオートアタック開始を防ぎ、戦闘開始時・ターゲット変更時・オートアタックを明示的に止めないアクション使用時に自動開始します。"
"BossModReborn","","","","This will automatically skip AutoRetainer's loading on second instance of the game and you will have no way of loading it until you disable this option in primary instance","2つ目のゲームではAutoRetainerの読み込みを自動的にスキップします。メイン側でこの設定を無効にするまで、2つ目ではAutoRetainerを読み込めません。"
"BossModReborn","","","","Thorne Knight [V15ThorneKnight]",""
"BossModReborn","","","","Thornmarch (Hard)",""
"BossModReborn","","","","Thunderclap Guivre [D042ThunderclapGuivre]",""
"BossModReborn","","","","Thundergust Griffin [D123ThundergustGriffin]",""
"BossModReborn","","","","Thunderregnum [Thunderregnum]",""
"BossModReborn","","","","Tiamat's Clone [DD30TiamatsClone]",""
"BossModReborn","","","","Tikbalang [Stage16Act2]",""
"BossModReborn","Action tweaks","Smart character orientation","","Time before gaze activation to start avoiding","視線攻撃発動の何秒前から回避を開始するか"
"BossModReborn","","","","Time Desynchronization Compensation","時刻ずれ補正"
"BossModReborn","BMR Settings","Tooltip","","Time in seconds out of combat until AFK mode enables. Any movement will reset timer or disable AFK mode if already active.","非戦闘状態からAFKモードになるまでの秒数です。移動するとタイマーがリセットされ、AFK中なら解除されます。"
"BossModReborn","","","","Time left before spotlights get drawn",""
"BossModReborn","","","","Time to Burn [CE52TimeToBurn]",""
"BossModReborn","","","","Timeout before AutoRetainer will attempt to unstuck, seconds","AutoRetainerがスタック解除を試みるまでの時間（秒）"
"BossModReborn","","","","Tinsand","無人島の砂錫"
"BossModReborn","","","","Tiny Terror [CE214TinyTerror]",""
"BossModReborn","","","","Tioman [D023Tioman]",""
"BossModReborn","","","","Tisiphone [DD150Tisiphone]",""
"BossModReborn","","","","Titan gaols priorities (close < far)",""
"BossModReborn","","","","Titan [Ex3Titan]",""
"BossModReborn","","","","Titan [T02TitanN]",""
"BossModReborn","","","","Titan [T07TitanH]",""
"BossModReborn","","","","Titania [Titania]",""
"BossModReborn","","","","TMRH",""
"BossModReborn","","","","TMRH/TMRH",""
"BossModReborn","","","","To continue, you need to install JustBackup plugin.","続行するにはJustBackupプラグインをインストールしてください。"
"BossModReborn","","","","To Have Loved and Lost: Dikaiosyne [Dikaiosyne]",""
"BossModReborn","","","","Todesritter [DD160Todesritter]",""
"BossModReborn","","","","Tonberry King [D153TonberryKing]",""
"BossModReborn","","","","TOP","TOP"
"BossModReborn","","","","Tortoise in Time: Soroban [Soroban]",""
"BossModReborn","","","","Tozol Huatotl [D153TozolHuatotl]",""
"BossModReborn","","","","Trampled under Hoof [CE34TrampledUnderHoof]",""
"BossModReborn","Boss modules and radar","Radar","","Transparent radar window background","レーダーウィンドウ背景を透明化"
"BossModReborn","","","","Tray notification upon handin completion (requires NotificationMaster)","納品完了時にトレイ通知（NotificationMasterが必要）"
"BossModReborn","","","","Treant Piece [TreantPiece]",""
"BossModReborn","","","","TreantPiece",""
"BossModReborn","","","","Treasure Coffer [Room1]",""
"BossModReborn","","","","Treasure Coffer [Room2]",""
"BossModReborn","","","","Treasure Coffer [Room3]",""
"BossModReborn","","","","Treasure Coffer [Room4]",""
"BossModReborn","","","","Treasure Hunt","トレジャーハント"
"BossModReborn","","","","Treno Catoblepas [D121TrenoCatoblepas]",""
"BossModReborn","","","","Trial by Claw [CE106TrialByClaw]",""
"BossModReborn","","","","Trials","討伐・討滅戦"
"BossModReborn","","","","Trigger on venture exhaustion","ベンチャースクリップ不足時に実行"
"BossModReborn","","","","Trinity Avowed [DRN5TrinityAvowed]",""
"BossModReborn","","","","Trinity Avowed [DRS6TrinityAvowed]",""
"BossModReborn","","","","Trinity Seeker [DRN1TrinitySeeker]",""
"BossModReborn","","","","Trinity Seeker [DRS1TrinitySeeker]",""
"BossModReborn","","","","Troian Bishop [D100TroianBishop]",""
"BossModReborn","","","","Troian Butler [D100TroianButler]",""
"BossModReborn","","","","Troian Footman [D100TroianFootman]",""
"BossModReborn","","","","Troian Scavenger [D100TroianScavanger]",""
"BossModReborn","","","","Try to avoid traps","罠をできるだけ回避"
"BossModReborn","Action tweaks","","","Try to prevent dashing into AOEs","AOE内へのダッシュをできるだけ防止"
"BossModReborn","","","","Try to use terrain to LOS attacks","地形で敵の視線を切って攻撃を回避"
"BossModReborn","","","","Träumerei [D083Träumerei]",""
"BossModReborn","","","","Tsukuyomi [Tsukuyomi]",""
"BossModReborn","","","","TTHH/MMRR",""
"BossModReborn","","","","Twintania [T05Twintania]",""
"BossModReborn","","","","Twintania's Clone [DD40TwintaniasClone]",""
"BossModReborn","","","","Two-Headed Aevis [FTMN1TwoHeadedAevis]",""
"BossModReborn","","","","TwoHeadedAevis","TwoHeadedAevis"
"BossModReborn","","","","Tyger [Tyger]",""
"BossModReborn","","","","Type here to search for any specific instance by its respective title.",""
"BossModReborn","","","","Typhon [Stage20Act1]",""
"BossModReborn","","","","Typhon [Stage20Act3]",""
"BossModReborn","","","","Typhon [Stage27]",""
"BossModReborn","","","","Tyrant [D173Tyrant]",""
"BossModReborn","","","","UCOB",""
"BossModReborn","","","","Ultima, The Feared [A22UltimaOmega]",""
"BossModReborn","","","","Ultima, The High Seraph [A34UltimaP1]",""
"BossModReborn","","","","Ultima, The High Seraph [A35UltimaP2]",""
"BossModReborn","","","","Ultimate Raids","絶レイド"
"BossModReborn","","","","Ultros [Stage20Act2]",""
"BossModReborn","","","","Unassigned",""
"BossModReborn","","","","Uncanny Huallepen [Trash2]",""
"BossModReborn","","","","Uncanny Yeheheceyaa [Trash1]",""
"BossModReborn","","","","Uncategorized","未分類"
"BossModReborn","","","","Unconditional Sell List","無条件売却リスト"
"BossModReborn","","","","Unknown [D101Unknown]",""
"BossModReborn","","","","Unlock","開放"
"BossModReborn","","","","Unreal","幻討滅戦"
"BossModReborn","","","","Upon disconnecting, AutoRetainer will attempt to log back in. If the session has expired, no login attempt will be made.","切断された場合、AutoRetainerが再ログインを試みます。セッションが期限切れの場合はログインを試行しません。"
"BossModReborn","","","","Upon relogging via AutoRetainer's UI or command, disable Multi Mode.","AutoRetainerのUIまたはコマンドから再ログインした時にMulti Modeを無効化します。"
"BossModReborn","","","","Upon relogging via AutoRetainer's UI or command, do not reset preferred character.","AutoRetainerのUIまたはコマンドから再ログインした時に優先キャラクターをリセットしません。"
"BossModReborn","","","","Uptime Graven Image 2","Graven Image 2 殴り優先処理"
"BossModReborn","","","","Urna Variabilis [UrnaVariabilis]",""
"BossModReborn","Action tweaks","","","Use actions on mouseover target","マウスオーバー対象にアクションを使用"
"BossModReborn","","","","Use advanced entrust manager to entrust specific items to specific retainers. In this window you can configure specific plans; then, you can assign entrust plans to your retainers in retainer configuration window.","高度な預け入れ管理を使い、特定のアイテムを特定のリテイナーへ預けられます。この画面でプランを作成し、リテイナー設定画面から各リテイナーへ預け入れプランを割り当てます。"
"BossModReborn","Action tweaks","","","Use custom queueing for manually pressed actions","手動入力アクションに独自の先行入力を使用"
"BossModReborn","Full duty automation","","","Use dash abilities for navigation (Smudge, Elusive Jump, etc)","移動にダッシュ系アクションを使用（Smudge、Elusive Jumpなど）"
"BossModReborn","","","","Use Free Company seal buff, if possible","可能ならFC軍票獲得量アップを使用"
"BossModReborn","","","","Use plan","プランを使用"
"BossModReborn","","","","Use Priority seal allowance, if possible","可能なら軍票優先支給票を使用"
"BossModReborn","","","","Use server time instead of PC time","PC時刻ではなくサーバー時刻を使用"
"BossModReborn","","","","Useful because you don't have to remember what ability names mean.",""
"BossModReborn","Boss modules and radar","Boss modules","","Useful for configuring your radar and hint windows without being inside of a boss encounter","ボス戦中でなくても、レーダーやヒントウィンドウの設定確認に利用できます。"
"BossModReborn","","","","Useful for creating boss modules, analyzing problems with them, and making CD plans.",""
"BossModReborn","","","","User Interface","ユーザーインターフェース"
"BossModReborn","","","","Utility","ユーティリティ"
"BossModReborn","","","","UWU",""
"BossModReborn","","","","V&C Dungeon Finder","V&Cダンジョンファインダー"
"BossModReborn","","","","V20ShishuChochin","V20ShishuChochin"
"BossModReborn","","","","Valia Pira [D103ValiaPira]",""
"BossModReborn","","","","Valigarmanda [Ex1Valigarmanda]",""
"BossModReborn","","","","Valigarmanda [T01Valigarmanda]",""
"BossModReborn","","","","Vamp Fatale [M09NVampFatale]",""
"BossModReborn","","","","Vamp Fatale [M09SVampFatale]",""
"BossModReborn","","","","Vanaspati",""
"BossModReborn","","","","Vanguard","外征前哨 ヴァンガード"
"BossModReborn","","","","Vanguard Aerostat [D040VanguardAerostat1]",""
"BossModReborn","","","","Vanguard Aerostat [D040VanguardAerostat2]",""
"BossModReborn","","","","Vanguard Commander R8 [D041CommanderR8]",""
"BossModReborn","","","","Vanguard Pathfinder [A10VanguardPathfinder]",""
"BossModReborn","","","","Vanguard Sentry R7 [D040VanguardLeptocyon]",""
"BossModReborn","","","","Vanguard Sentry R7 [D040VanguardSentryR7]",""
"BossModReborn","","","","Vault Bat [VaultBat]",""
"BossModReborn","","","","Vault Fluid Soul [VaultFluidSoul]",""
"BossModReborn","","","","Vault Gargantua [VaultGargantuan]",""
"BossModReborn","","","","Vault Oneiron","宝物庫 ボルト・オネイロン"
"BossModReborn","","","","Vault Roadripper [VaultRoadripper]",""
"BossModReborn","","","","Vault Wind Spirit [VaultWindSpirit]",""
"BossModReborn","","","","Vault Yan [VaultYan]",""
"BossModReborn","","","","Velveteen Ant [D090VelveteenAnt]",""
"BossModReborn","","","","Vengeance of the Viper: Iq Soq Xmajun [VengeanceOfTheViper]",""
"BossModReborn","","","","Ventures","ベンチャースクリップ"
"BossModReborn","","","","Ventures remaining to trigger delivery, less or equal","GC納品を開始するベンチャースクリップ残数（以下）"
"BossModReborn","","","","Verbose text",""
"BossModReborn","","","","Vigil for the Lost [CE14VigilForLost]",""
"BossModReborn","","","","Vine","無人島のつる"
"BossModReborn","","","","Viper Quests","ヴァイパー ジョブクエスト"
"BossModReborn","","","","Void Soulcounter [D021VoidSoulcounter]",""
"BossModReborn","","","","Voidmancer Piece [VoidmancerPiece]",""
"BossModReborn","","","","Vows of Virtue, Deeds of Cruelty: Arch Ultima [ArchUltima]",""
"BossModReborn","","","","W->NE for 1/2/5/6, E->SW for 3/4/7/8",""
"BossModReborn","","","","Wait even when already logged in","ログイン済みでも待機"
"BossModReborn","","","","Wait For Venture Completion","リテイナー依頼完了まで待機"
"BossModReborn","","","","Wait For Voyage Completion","探索完了まで待機"
"BossModReborn","","","","Wait on login screen","ログイン画面で待機"
"BossModReborn","","","","Wandil [D261Wandil]",""
"BossModReborn","","","","WAR","WAR"
"BossModReborn","","","","WARNING: This feature is very experimental and most likely will contain bugs or unintended behavior.","警告：この機能は非常に実験的で、不具合や意図しない動作が発生する可能性が高いです。"
"BossModReborn","BMR Settings","Tooltip","","WARNING: This feature is very experimental and most likely will contain bugs or unintended behavior.
To enable this feature in its current state, you must activate 'Work-in-Progress' maturity modules in the `Full Duty Automation` tab.","警告：この機能は非常に実験的で、不具合や意図しない動作が発生する可能性が高いです。
現在この機能を有効にするには、「コンテンツ完全自動化」タブで成熟度「開発中」のモジュールを有効にする必要があります。"
"BossModReborn","","","","Warrior Of Light [T04WarriorOfLightP1]",""
"BossModReborn","","","","Warrior Of Light [T04WarriorOfLightP2]",""
"BossModReborn","","","","Waved Away [WavedAway]",""
"BossModReborn","Boss modules and radar","Radar","","Waymark font size","フィールドマーカーの文字サイズ"
"BossModReborn","","","","Waymark: 1",""
"BossModReborn","","","","Waymark: 2",""
"BossModReborn","","","","Waymark: 3",""
"BossModReborn","","","","Waymark: 4",""
"BossModReborn","","","","Waymark: A",""
"BossModReborn","","","","Waymark: B",""
"BossModReborn","","","","Waymark: C",""
"BossModReborn","","","","Waymark: D",""
"BossModReborn","","","","Weapons","武器"
"BossModReborn","","","","Web of Terror [CE215WebofTerror]",""
"BossModReborn","BMR Settings","Tooltip","","West/East stretch tethers without crossing is typically used on EU/NA partyfinder, the other option is usually used by JP","西／東へ線を伸ばして交差させない方式は主にEU/NAのPT募集で使われ、もう一方の方式は主に日本で使われます。"
"BossModReborn","","","","When asking for help, make sure to provide a replay! Please note that replays will contain your player name!",""
"BossModReborn","","","","When enabled, Automovement will use the positional currently requested by RotationSolverReborn over IPC","有効にすると、自動移動はIPC経由でRotationSolverRebornが現在要求している方向指定位置を使用します。"
"BossModReborn","","","","When enabled, AutoRetainer will wait for all deployables to return before logging into the character. If you're already logged in for another reason, it will still resend completed submarines—unless the global setting ""Wait even when already logged in"" is also turned on.","有効にすると、そのキャラクターへログインする前にすべての潜水艦／飛空艇が帰還するまで待機します。別の理由ですでにログイン中の場合は、全体設定の「ログイン済みでも待機」も有効でない限り、帰還済みの潜水艦は再出航します。"
"BossModReborn","Action tweaks","","","When enabled, the 'Misc AI: Goes to specified positional' rotation module will override its Positional track setting and instead use the positional currently requested by RotationSolverReborn over IPC (Does not apply to Target Dummies)","有効にすると、「Misc AI: Goes to specified positional」モジュールの方向指定設定を上書きし、IPC経由でRotationSolverRebornが要求している側面／背面を使用します（木人には適用されません）。"
"BossModReborn","","","","When enabled:
- Characters with teleportation enabled will automatically deliver items for expert delivery and buy items according to exchange plan, if their rank is sufficient, during multi mode.","有効時：
- Multi Mode中、テレポが有効なキャラクターは階級条件を満たしていれば希少品調達を自動納品し、交換プランに従ってアイテムを購入します。"
"BossModReborn","","","","When Multi Mode is on","Multi Mode有効時"
"BossModReborn","","","","Where Everything Begins: Scarmiglione [ScarmiglioneP1]",""
"BossModReborn","","","","Where Everything Begins: Scarmiglione [ScarmiglioneP2]",""
"BossModReborn","","","","Where Strode the Behemoth [CE33WhereStrodeTheBehemoth]",""
"BossModReborn","","","","While this text is visible, hover over items while holding:","この表示中に、次のキーを押しながらアイテムへマウスを合わせます："
"BossModReborn","","","","WHM","WHM"
"BossModReborn","","","","Wicked Thunder [M04NWickedThunder]",""
"BossModReborn","","","","Wicked Thunder [M04SWickedThunder]",""
"BossModReborn","BMR Settings","Tooltip","","Will not work unless party roles are configured","PTロールが設定されていないと動作しません。"
"BossModReborn","","","","Windurst: The Third Walk","ウィンダス：ザ・サードウォーク"
"BossModReborn","","","","With Diremite and Main [CE41WithDiremiteAndMain]",""
"BossModReborn","","","","With Extreme Prejudice [CE103WithExtremePrejudice]",""
"BossModReborn","Action tweaks","","","With icon","アイコン付き"
"BossModReborn","","","","Work in progress; might be incomplete or have severe bugs.","開発中。未完成または重大な不具合がある可能性があります。"
"BossModReborn","","","","World","ワールド"
"BossModReborn","","","","Worn to a Shadow [CE63WornToShadow]",""
"BossModReborn","","","","Worqor Lar Dor","ヴァリガルマンダ討滅戦"
"BossModReborn","","","","Worqor Lar Dor (Extreme)","極ヴァリガルマンダ討滅戦"
"BossModReborn","","","","Worqor Zormor","山嶺登頂 ウォーコー・ゾーモー"
"BossModReborn","","","","Worthy of His Back: Venat [WorthyOfHisBack]",""
"BossModReborn","","","","Wyvern Piece [WyvernPiece]",""
"BossModReborn","","","","Xande [A24Xande]",""
"BossModReborn","","","","Xelphatol",""
"BossModReborn","","","","Xelphatol Skycaller [D150XelphatolSkycaller]",""
"BossModReborn","","","","Xelphatol Swiftbeak [D150XelphatolSwiftbeak]",""
"BossModReborn","","","","Xun-Zi [A34XunZiMengZi]",""
"BossModReborn","","","","Yan P1","Yan P1"
"BossModReborn","","","","Yan P3","Yan P3"
"BossModReborn","","","","Yan P4","Yan P4"
"BossModReborn","","","","Yaquaru [DD70Yaquaru]",""
"BossModReborn","","","","Yawning Maw [V08YawningMaw]",""
"BossModReborn","","","","Yehehetoaua'pyo [Yehehetoauapyo]",""
"BossModReborn","","","","Yeti [D262Yeti]",""
"BossModReborn","","","","Yiazmat [A24Yiazmat]",""
"BossModReborn","","","","Yilan [Yilan]",""
"BossModReborn","","","","Ymir Piece [YmirPiece]",""
"BossModReborn","","","","YmirPiece",""
"BossModReborn","","","","Yojimbo [T05Yojimbo]",""
"BossModReborn","","","","Yok Huy Attestant [D073YokHuyAttestant]",""
"BossModReborn","","","","Yol [D033Yol]",""
"BossModReborn","","","","You can customize these settings per character in character configuration menu.","これらの設定はキャラクター設定でキャラクターごとに変更できます。"
"BossModReborn","","","","You must register houses in Lifestream plugin for every character you want this option to work or enable Simple Teleport.","この機能を使う各キャラクターでLifestreamにハウスを登録するか、「簡易テレポ」を有効にしてください。"
"BossModReborn","","","","Younger Tablitaur Piece [YoungerTablitaurPiece]",""
"BossModReborn","","","","YoungerTablitaurPiece",""
"BossModReborn","","","","Yozakura The Fleeting [V21Yozakura]",""
"BossModReborn","","","","Yulunggu [DD170Yulunggu]",""
"BossModReborn","","","","Yuweyawata Field Station","廃地討究 ユウェヤーワータ"
"BossModReborn","BMR Settings","","","Zadnor","ザトゥノル"
"BossModReborn","","","","Zadnor CE",""
"BossModReborn","","","","Zadnor Duel",""
"BossModReborn","","","","Zander The Snakeskinner [D043Zander]",""
"BossModReborn","","","","Zelenia [Ex4Zelenia]",""
"BossModReborn","","","","Zelenia [T04Zelenia]",""
"BossModReborn","","","","Zenos Yae Galvus [D063ZenosYaeGalvus]",""
"BossModReborn","","","","Zeromus [Ex7Zeromus]",""
"BossModReborn","","","","Ziggy [D112Ziggy]",""
"BossModReborn","","","","Zipacna [Stage03]",""
"BossModReborn","","","","Zodiark [Ex1Zodiark]",""
"BossModReborn","","","","Zoraal Ja [Ex2ZoraalJa]",""
"BossModReborn","","","","Zoraal Ja [T02ZoraalJaP2]",""
"BossModReborn","","","","Zoraal Ja [T02ZoraalJa]",""
"BossModReborn","","","","Zu Piece [ZuPiece]",""
"BossModReborn","","","","ZuPiece",""
"BossModReborn","","","","Zuro Roggo [D111ZuroRoggo]",""
"BossModReborn","","","","Zurvan [Un4Zurvan]",""
"BossModReborn","","","","アニメーションロック解除使用時の最大疑似遅延をミリ秒で設定します。0にはできません。20msでは自動回し中に3アビ挟みが可能になります。3アビ挟みを防ぐ最小値は26msです。20msはFFLogsで許容されており、ログ上の問題は通常ありません。",""
"BossModReborn","","","","アビリティ名の意味を覚えておく必要がなくなるため便利です。",""
"BossModReborn","","","","デフォルト###Default",""
"BossModReborn","","","","フレームレートの影響を受けず予約アクションが即時処理されるよう、クールダウンとアニメーションロックを動的調整",""
"BossModReborn","","","","フレームレート由来の余分なクールダウン遅延を除去###Remove extra framerate-induced cooldown delay",""
"BossModReborn","","","","プラグインのURLを開く",""
"BossModReborn","","","","プリセット###Preset",""
"BossModReborn","","","","ボス戦中の移動を自動化します。",""
"BossModReborn","","","","全体",""
"BossModReborn","","","","即時発動アクションの通信遅延由来アニメーションロックを軽減（ツールチップ要確認）###Remove extra lag-induced animation lock delay from instant casts (read tooltip!)",""
"BossModReborn","","","","可能な範囲で最適なローテーションを実行します。",""
"BossModReborn","","","","各ローテーションモジュールの成熟度はツールチップで確認できます。",""
"BossModReborn","","","","対応ボス向けのクールダウン計画を作成します。",""
"BossModReborn","","","","有効###Enabled",""
"BossModReborn","","","","未分類",""
"BossModReborn","","","","検索:",""
"BossModReborn","","","","特定のアビリティを指定したタイミングで使用するよう設定できます。",""
"BossModReborn","","","","特定の戦闘で自動ローテーションを置き換えます。",""
"BossModReborn","","","","編集するプリセットを選択するか、新しいプリセットを作成してください。",""
"BossModReborn","","","","自動ローテーション",""
"BossModReborn","","","","零式",""
"BossModReborn","","","","##BossMod.Dawntrail.Advanced.Ad01MerchantsTale.Ad013LoneSwordmaster.Ad013LoneSwordmaster_cfg",""
"BossModReborn","","","","##BossMod.Dawntrail.Advanced.Ad01TheMerchantsTale.Ad011PariofPlenty.PariOfPlenty_cfg",""
"BossModReborn","","","","##BossMod.Dawntrail.Advanced.Ad01TheMerchantsTale.Ad012DaryaTheSeamaid.Ad012DaryaTheSeamaid_cfg",""
"BossModReborn","","","","##BossMod.Dawntrail.Alliance.A10Aquarius.A10Aquarius_cfg",""
"BossModReborn","","","","##BossMod.Dawntrail.Alliance.A10Despot.A10Despot_cfg",""
"BossModReborn","","","","##BossMod.Dawntrail.Alliance.A10Groundskeeper.A10Groundskeeper_cfg",""
"BossModReborn","","","","##BossMod.Dawntrail.Alliance.A10Trash.VanguardPathfinder.A10VanguardPathfinder_cfg",""
"BossModReborn","","","","##BossMod.Dawntrail.Alliance.A11Prishe.A11Prishe_cfg",""
"BossModReborn","","","","##BossMod.Dawntrail.Alliance.A12Fafnir.A12Fafnir_cfg",""
"BossModReborn","","","","##BossMod.Dawntrail.Alliance.A13ArkAngels.A13ArkAngels_cfg",""
"BossModReborn","","","","##BossMod.Dawntrail.Alliance.A14ShadowLord.A14ShadowLord_cfg",""
"BossModReborn","","","","##BossMod.Dawntrail.Alliance.A20Detector.A20Detector_cfg",""
"BossModReborn","","","","##BossMod.Dawntrail.Alliance.A20JaggedyEaredJack.A20JaggedyEaredJack_cfg",""
"BossModReborn","","","","##BossMod.Dawntrail.Alliance.A20Kraken.A20Kraken_cfg",""
"BossModReborn","","","","##BossMod.Dawntrail.Alliance.A21FaithboundKirin.A21FaithboundKirin_cfg",""
"BossModReborn","","","","##BossMod.Dawntrail.Alliance.A22UltimaOmega.A22UltimaOmega_cfg",""
"BossModReborn","","","","##BossMod.Dawntrail.Alliance.A23Kamlanaut.A23Kamlanaut_cfg",""
"BossModReborn","","","","##BossMod.Dawntrail.Alliance.A24Ealdnarche.A24Ealdnarche_cfg",""
"BossModReborn","","","","##BossMod.Dawntrail.Alliance.A30Shantoto.A30Shantoto_cfg",""
"BossModReborn","","","","##BossMod.Dawntrail.Alliance.A31AlZahbi.A31AlZahbi_cfg",""
"BossModReborn","","","","##BossMod.Dawntrail.Alliance.A32Alexander.A32Alexander_cfg",""
"BossModReborn","","","","##BossMod.Dawntrail.Alliance.A33Awaern.A33Awaern_cfg",""
"BossModReborn","","","","##BossMod.Dawntrail.Alliance.A34Promathia.A34Promathia_cfg",""
"BossModReborn","","","","##BossMod.Dawntrail.Alliance.A35ShinryuParadox.A35ShinryuParadox_cfg",""
"BossModReborn","","","","##BossMod.Dawntrail.Chaotic.Ch01CloudOfDarkness.Ch01CloudOfDarkness_cfg",""
"BossModReborn","","","","##BossMod.Dawntrail.Criterion.C01AMT.C011DaryaTheSeaMaid.C011DaryaTheSeaMaid_cfg",""
"BossModReborn","","","","##BossMod.Dawntrail.Criterion.C01AMT.C013PariOfPlenty.C013PariOfPlenty_cfg",""
"BossModReborn","","","","##BossMod.Dawntrail.DeepDungeon.PilgrimsTraverse.DD10OrnamentalLeafman.DD10OrnamentalLeafman_cfg",""
"BossModReborn","","","","##BossMod.Dawntrail.DeepDungeon.PilgrimsTraverse.DD20ForgivenEmulation.DD20ForgivenEmulation_cfg",""
"BossModReborn","","","","##BossMod.Dawntrail.DeepDungeon.PilgrimsTraverse.DD30ForgivenTreachery.DD30ForgivenTreachery_cfg",""
"BossModReborn","","","","##BossMod.Dawntrail.DeepDungeon.PilgrimsTraverse.DD40ForgivenNaivety.DD40ForgivenNaivety_cfg",""
"BossModReborn","","","","##BossMod.Dawntrail.DeepDungeon.PilgrimsTraverse.DD50Ogbunabali.DD50Ogbunabali_cfg",""
"BossModReborn","","","","##BossMod.Dawntrail.DeepDungeon.PilgrimsTraverse.DD60AncestralMaliktender.DD60AncestralMaliktender_cfg",""
"BossModReborn","","","","##BossMod.Dawntrail.DeepDungeon.PilgrimsTraverse.DD70ForgivenZeal.DD70ForgivenZeal_cfg",""
"BossModReborn","","","","##BossMod.Dawntrail.DeepDungeon.PilgrimsTraverse.DD80ForgivenProfanity.DD80ForgivenProfanity_cfg",""
"BossModReborn","","","","##BossMod.Dawntrail.DeepDungeon.PilgrimsTraverse.DD90Malacoda.DD90Malacoda_cfg",""
"BossModReborn","","","","##BossMod.Dawntrail.DeepDungeon.PilgrimsTraverse.DD99EminentGrief.DD99EminentGrief_cfg",""
"BossModReborn","","","","##BossMod.Dawntrail.Dungeon.D01Ihuykatumu.D011PrimePunutiy.D011PrimePunutiy_cfg",""
"BossModReborn","","","","##BossMod.Dawntrail.Dungeon.D01Ihuykatumu.D012Drowsie.D012Drowsie_cfg",""
"BossModReborn","","","","##BossMod.Dawntrail.Dungeon.D01Ihuykatumu.D013Apollyon.D013Apollyon_cfg",""
"BossModReborn","","","","##BossMod.Dawntrail.Dungeon.D02WorqorZormor.D021RyoqorTerteh.D021RyoqorTerteh_cfg",""
"BossModReborn","","","","##BossMod.Dawntrail.Dungeon.D02WorqorZormor.D022Kahderyor.D022Kahderyor_cfg",""
"BossModReborn","","","","##BossMod.Dawntrail.Dungeon.D02WorqorZormor.D023Gurfurlur.D023Gurfurlur_cfg",""
"BossModReborn","","","","##BossMod.Dawntrail.Dungeon.D03SkydeepCenote.D031FeatherRay.D031FeatherRay_cfg",""
"BossModReborn","","","","##BossMod.Dawntrail.Dungeon.D03SkydeepCenote.D032Firearms.D032Firearms_cfg",""
"BossModReborn","","","","##BossMod.Dawntrail.Dungeon.D03SkydeepCenote.D033Maulskull.D033Maulskull_cfg",""
"BossModReborn","","","","##BossMod.Dawntrail.Dungeon.D04Vanguard.D040VanguardAerostat1.D040VanguardAerostat1_cfg",""
"BossModReborn","","","","##BossMod.Dawntrail.Dungeon.D04Vanguard.D040VanguardAerostat2.D040VanguardAerostat2_cfg",""
"BossModReborn","","","","##BossMod.Dawntrail.Dungeon.D04Vanguard.D040VanguardLeptocyon.D040VanguardLeptocyon_cfg",""
"BossModReborn","","","","##BossMod.Dawntrail.Dungeon.D04Vanguard.D040VanguardSentryR7.D040VanguardSentryR7_cfg",""
"BossModReborn","","","","##BossMod.Dawntrail.Dungeon.D04Vanguard.D041CommanderR8.D041CommanderR8_cfg",""
"BossModReborn","","","","##BossMod.Dawntrail.Dungeon.D04Vanguard.D042Protector.D042Protector_cfg",""
"BossModReborn","","","","##BossMod.Dawntrail.Dungeon.D04Vanguard.D043Zander.D043Zander_cfg",""
"BossModReborn","","","","##BossMod.Dawntrail.Dungeon.D05Origenics.D050OrigenicsAerostat.D050OrigenicsAerostat_cfg",""
"BossModReborn","","","","##BossMod.Dawntrail.Dungeon.D05Origenics.D051Herpekaris.D051Herpekaris_cfg",""
"BossModReborn","","","","##BossMod.Dawntrail.Dungeon.D05Origenics.D052Deceiver.D052Deceiver_cfg",""
"BossModReborn","","","","##BossMod.Dawntrail.Dungeon.D05Origenics.D053Ambrose.D053Ambrose_cfg",""
"BossModReborn","","","","##BossMod.Dawntrail.Dungeon.D06Alexandria.D061AntivirusX.D061AntivirusX_cfg",""
"BossModReborn","","","","##BossMod.Dawntrail.Dungeon.D06Alexandria.D062Amalgam.D062Amalgam_cfg",""
"BossModReborn","","","","##BossMod.Dawntrail.Dungeon.D06Alexandria.D063Eliminator.D063Eliminator_cfg",""
"BossModReborn","","","","##BossMod.Dawntrail.Dungeon.D07TenderValley.D071Barreltender.D071Barreltender_cfg",""
"BossModReborn","","","","##BossMod.Dawntrail.Dungeon.D07TenderValley.D072Anthracite.D072Anthracite_cfg",""
"BossModReborn","","","","##BossMod.Dawntrail.Dungeon.D07TenderValley.D073YokHuyAttestant.D073YokHuyAttestant_cfg",""
"BossModReborn","","","","##BossMod.Dawntrail.Dungeon.D07TenderValley.D074GreatestSerpentOfTural.D074GreatestSerpentOfTural_cfg",""
"BossModReborn","","","","##BossMod.Dawntrail.Dungeon.D08StrayboroughDeadwalk.D081HisRoyalHeadnessLeonoggI.D081HisRoyalHeadnessLeonoggI_cfg",""
"BossModReborn","","","","##BossMod.Dawntrail.Dungeon.D08StrayboroughDeadwalk.D082JackInThePot.D082JackInThePot_cfg",""
"BossModReborn","","","","##BossMod.Dawntrail.Dungeon.D08StrayboroughDeadwalk.D083Träumerei.D083Träumerei_cfg",""
"BossModReborn","","","","##BossMod.Dawntrail.Dungeon.D09YuweyawataFieldStation.D091LindblumZaghnal.D091LindblumZaghnal_cfg",""
"BossModReborn","","","","##BossMod.Dawntrail.Dungeon.D09YuweyawataFieldStation.D092OverseerKanilokka.D092OverseerKanilokka_cfg",""
"BossModReborn","","","","##BossMod.Dawntrail.Dungeon.D09YuweyawataFieldStation.D093Lunipyati.cs.D093Lunipyati_cfg",""
"BossModReborn","","","","##BossMod.Dawntrail.Dungeon.D09YuweyawataFieldStation.D90ForestBat.D90ForestBat_cfg",""
"BossModReborn","","","","##BossMod.Dawntrail.Dungeon.D09YuweyawataFieldStation.D90ForestWoolback.D90ForestWoolback_cfg",""
"BossModReborn","","","","##BossMod.Dawntrail.Dungeon.D09YuweyawataFieldStation.D90RottenResearcher.D90RottenResearcher_cfg",""
"BossModReborn","","","","##BossMod.Dawntrail.Dungeon.D09YuweyawataFieldStation.D90SprightlyClayGolem.D90SprightlyClayGolem_cfg",""
"BossModReborn","","","","##BossMod.Dawntrail.Dungeon.D09YuweyawataFieldStation.D90SprightlyPhoebad.D90SprightlyPhoebad_cfg",""
"BossModReborn","","","","##BossMod.Dawntrail.Dungeon.D09YuweyawataFieldStation.D90StationSpecter.D90StationSpecter_cfg",""
"BossModReborn","","","","##BossMod.Dawntrail.Dungeon.D10Underkeep.D101Gargant.D101Gargant_cfg",""
"BossModReborn","","","","##BossMod.Dawntrail.Dungeon.D10Underkeep.D102SoldierS0.D102SoldierS0_cfg",""
"BossModReborn","","","","##BossMod.Dawntrail.Dungeon.D10Underkeep.D103ValiaPira.D103ValiaPira_cfg",""
"BossModReborn","","","","##BossMod.Dawntrail.Dungeon.D11MesoTerminal.D111ChirurgeonGeneral.D111ChirurgeonGeneral_cfg",""
"BossModReborn","","","","##BossMod.Dawntrail.Dungeon.D11MesoTerminal.D112FourHeadsmen.D112FourHeadsmen_cfg",""
"BossModReborn","","","","##BossMod.Dawntrail.Dungeon.D11MesoTerminal.D113ImmortalRemains.D113ImmortalRemains_cfg",""
"BossModReborn","","","","##BossMod.Dawntrail.Dungeon.D12Mistwake.D121TrenoCatoblepas.D121TrenoCatoblepas_cfg",""
"BossModReborn","","","","##BossMod.Dawntrail.Dungeon.D12Mistwake.D122Amdusias.D122Amdusias_cfg",""
"BossModReborn","","","","##BossMod.Dawntrail.Dungeon.D12Mistwake.D123ThundergustGriffin.D123ThundergustGriffin_cfg",""
"BossModReborn","","","","##BossMod.Dawntrail.Dungeon.D13TheClyteum.D131EyeOfTheScorpion.D131EyeOfTheScorpion_cfg",""
"BossModReborn","","","","##BossMod.Dawntrail.Dungeon.D13TheClyteum.D132Chort.D132Chort_cfg",""
"BossModReborn","","","","##BossMod.Dawntrail.Dungeon.D13TheClyteum.D133Malphas.D133Malphas_cfg",""
"BossModReborn","","","","##BossMod.Dawntrail.Extreme.Ex1Valigarmanda.Ex1Valigarmanda_cfg",""
"BossModReborn","","","","##BossMod.Dawntrail.Extreme.Ex2ZoraalJa.Ex2ZoraalJa_cfg",""
"BossModReborn","","","","##BossMod.Dawntrail.Extreme.Ex3QueenEternal.Ex3QueenEternal_cfg",""
"BossModReborn","","","","##BossMod.Dawntrail.Extreme.Ex4Zelenia.Ex4Zelenia_cfg",""
"BossModReborn","","","","##BossMod.Dawntrail.Extreme.Ex5Necron.Ex5Necron_cfg",""
"BossModReborn","","","","##BossMod.Dawntrail.Extreme.Ex6GuardianArkveld.Ex6GuardianArkveld_cfg",""
"BossModReborn","","","","##BossMod.Dawntrail.Extreme.Ex7Doomtrain.Ex7Doomtrain_cfg",""
"BossModReborn","","","","##BossMod.Dawntrail.Extreme.Ex8Enuo.Ex8Enuo_cfg",""
"BossModReborn","","","","##BossMod.Dawntrail.FATE.MicaTheMagicalMu.MicaTheMagicalMu_cfg",""
"BossModReborn","","","","##BossMod.Dawntrail.FATE.Ttokrrone.Ttokrrone_cfg",""
"BossModReborn","","","","##BossMod.Dawntrail.Foray.CriticalEngagement.CE101BlackRegiment.CE101BlackRegiment_cfg",""
"BossModReborn","","","","##BossMod.Dawntrail.Foray.CriticalEngagement.CE102FromTimesBygone.CE102FromTimesBygone_cfg",""
"BossModReborn","","","","##BossMod.Dawntrail.Foray.CriticalEngagement.CE103WithExtremePrejudice.CE103WithExtremePrejudice_cfg",""
"BossModReborn","","","","##BossMod.Dawntrail.Foray.CriticalEngagement.CE104NoiseComplaint.CE104NoiseComplaint_cfg",""
"BossModReborn","","","","##BossMod.Dawntrail.Foray.CriticalEngagement.CE105CrawlingDeath.CE105CrawlingDeath_cfg",""
"BossModReborn","","","","##BossMod.Dawntrail.Foray.CriticalEngagement.CE106TrialByClaw.CE106TrialByClaw_cfg",""
"BossModReborn","","","","##BossMod.Dawntrail.Foray.CriticalEngagement.CE107Unbridled.CE107Unbridled_cfg",""
"BossModReborn","","","","##BossMod.Dawntrail.Foray.CriticalEngagement.CE108CalamityBound.CE108CalamityBound_cfg",""
"BossModReborn","","","","##BossMod.Dawntrail.Foray.CriticalEngagement.CE109CompanyOfStone.CE109CompanyOfStone_cfg",""
"BossModReborn","","","","##BossMod.Dawntrail.Foray.CriticalEngagement.CE110FlameOfDusk.CE110FlameOfDusk_cfg",""
"BossModReborn","","","","##BossMod.Dawntrail.Foray.CriticalEngagement.CE111SharkAttack.CE111SharkAttack_cfg",""
"BossModReborn","","","","##BossMod.Dawntrail.Foray.CriticalEngagement.CE112EternalWatch.CE112EternalWatch_cfg",""
"BossModReborn","","","","##BossMod.Dawntrail.Foray.CriticalEngagement.CE113ScourgeOfMind.CE113ScourgeOfMind_cfg",""
"BossModReborn","","","","##BossMod.Dawntrail.Foray.CriticalEngagement.CE114OnTheHunt.CE114OnTheHunt_cfg",""
"BossModReborn","","","","##BossMod.Dawntrail.Foray.CriticalEngagement.CE115CursedConcern.CE115CursedConcern_cfg",""
"BossModReborn","","","","##BossMod.Dawntrail.Foray.CriticalEngagement.CE201ABeastUnleashed.CE201ABeastUnleashed_cfg",""
"BossModReborn","","","","##BossMod.Dawntrail.Foray.CriticalEngagement.CE202AcceptNoImitators.CE202AcceptNoImitators_cfg",""
"BossModReborn","","","","##BossMod.Dawntrail.Foray.CriticalEngagement.CE203AheadoftheCompetition.CE203AheadoftheCompetition_cfg",""
"BossModReborn","","","","##BossMod.Dawntrail.Foray.CriticalEngagement.CE204AppallingBehavior.CE204AppallingBehavior_cfg",""
"BossModReborn","","","","##BossMod.Dawntrail.Foray.CriticalEngagement.CE205CursedResurgence.CE205CursedResurgence_cfg",""
"BossModReborn","","","","##BossMod.Dawntrail.Foray.CriticalEngagement.CE206DarkArtistry.CE206DarkArtistry_cfg",""
"BossModReborn","","","","##BossMod.Dawntrail.Foray.CriticalEngagement.CE207DoubleTrouble.CE207DoubleTrouble_cfg",""
"BossModReborn","","","","##BossMod.Dawntrail.Foray.CriticalEngagement.CE208FamiliarTactics.CE208FamiliarTactics_cfg",""
"BossModReborn","","","","##BossMod.Dawntrail.Foray.CriticalEngagement.CE209ForbiddenFolios.CE209ForbiddenFolios_cfg",""
"BossModReborn","","","","##BossMod.Dawntrail.Foray.CriticalEngagement.CE210ImbalancedDiet.CE210ImbalancedDiet_cfg",""
"BossModReborn","","","","##BossMod.Dawntrail.Foray.CriticalEngagement.CE211LostontheWind.CE211LostontheWind_cfg",""
"BossModReborn","","","","##BossMod.Dawntrail.Foray.CriticalEngagement.CE212ManyMouthstoFeed.CE212ManyMouthstoFeed_cfg",""
"BossModReborn","","","","##BossMod.Dawntrail.Foray.CriticalEngagement.CE213QuarriedAway.CE213QuarriedAway_cfg",""
"BossModReborn","","","","##BossMod.Dawntrail.Foray.CriticalEngagement.CE214TinyTerror.CE214TinyTerror_cfg",""
"BossModReborn","","","","##BossMod.Dawntrail.Foray.CriticalEngagement.CE215WebofTerror.CE215WebofTerror_cfg",""
"BossModReborn","","","","##BossMod.Dawntrail.Foray.FATE.ADelicateBalance.ADelicateBalance_cfg",""
"BossModReborn","","","","##BossMod.Dawntrail.Foray.FATE.AllureOfTheOccult.AllureOfTheOccult_cfg",""
"BossModReborn","","","","##BossMod.Dawntrail.Foray.FATE.AnUnendingDuty.AnUnendingDuty_cfg",""
"BossModReborn","","","","##BossMod.Dawntrail.Foray.FATE.APryingEye.APryingEye_cfg",""
"BossModReborn","","","","##BossMod.Dawntrail.Foray.FATE.ARottenAffair.ARottenAffair_cfg",""
"BossModReborn","","","","##BossMod.Dawntrail.Foray.FATE.BrainDrain.BrainDrain_cfg",""
"BossModReborn","","","","##BossMod.Dawntrail.Foray.FATE.EyeToEye.EyeToEye_cfg",""
"BossModReborn","","","","##BossMod.Dawntrail.Foray.FATE.FatalAllure.FatalAllure_cfg",""
"BossModReborn","","","","##BossMod.Dawntrail.Foray.FATE.GaleForceEncounter.GaleForceEncounter_cfg",""
"BossModReborn","","","","##BossMod.Dawntrail.Foray.FATE.GoldenGuardian.GoldenGuardian_cfg",""
"BossModReborn","","","","##BossMod.Dawntrail.Foray.FATE.InAPotOfBother.InAPotOfBother_cfg",""
"BossModReborn","","","","##BossMod.Dawntrail.Foray.FATE.InconstantGardener.InconstantGardener_cfg",""
"BossModReborn","","","","##BossMod.Dawntrail.Foray.FATE.KingOfTheCrescent.KingOfTheCrescent_cfg",""
"BossModReborn","","","","##BossMod.Dawntrail.Foray.FATE.RagingThrall.RagingThrall_cfg",""
"BossModReborn","","","","##BossMod.Dawntrail.Foray.FATE.RoughWaters.RoughWaters_cfg",""
"BossModReborn","","","","##BossMod.Dawntrail.Foray.FATE.ScaleModel.DemiMedusa_cfg",""
"BossModReborn","","","","##BossMod.Dawntrail.Foray.FATE.ServingDarkness.ServingDarkness_cfg",""
"BossModReborn","","","","##BossMod.Dawntrail.Foray.FATE.ShorelineShowdown.RegnantChimera_cfg",""
"BossModReborn","","","","##BossMod.Dawntrail.Foray.FATE.SwornToSoil.MadMudarch_cfg",""
"BossModReborn","","","","##BossMod.Dawntrail.Foray.FATE.TerritorialDispute.TerritorialDispute_cfg",""
"BossModReborn","","","","##BossMod.Dawntrail.Foray.FATE.TheWingedTerror.TheWingedTerror_cfg",""
"BossModReborn","","","","##BossMod.Dawntrail.Foray.FATE.Thunderregnum.Thunderregnum_cfg",""
"BossModReborn","","","","##BossMod.Dawntrail.Foray.FATE.WavedAway.WavedAway_cfg",""
"BossModReborn","","","","##BossMod.Dawntrail.Foray.ForkedTowerBlood.FTB0SanguineRecluse.FTB0SanguineRecluse_cfg",""
"BossModReborn","","","","##BossMod.Dawntrail.Foray.ForkedTowerBlood.FTB1DemonTablet.FTB1DemonTablet_cfg",""
"BossModReborn","","","","##BossMod.Dawntrail.Foray.ForkedTowerBlood.FTB2DeadStars.FTB2DeadStars_cfg",""
"BossModReborn","","","","##BossMod.Dawntrail.Foray.ForkedTowerBlood.FTB3MarbleDragon.FTB3MarbleDragon_cfg",""
"BossModReborn","","","","##BossMod.Dawntrail.Foray.ForkedTowerBlood.FTB4Magitaur.FTB4Magitaur_cfg",""
"BossModReborn","","","","##BossMod.Dawntrail.Foray.ForkedTowerMagic.Extreme.FTME1TwoHeadedAevis.FTME1TwoHeadedAevis_cfg",""
"BossModReborn","","","","##BossMod.Dawntrail.Foray.ForkedTowerMagic.Extreme.FTME2SwordDancer.FTME2SwordDancer_cfg",""
"BossModReborn","","","","##BossMod.Dawntrail.Foray.ForkedTowerMagic.Extreme.FTME3Necrophobia.FTME3Necrophobia_cfg",""
"BossModReborn","","","","##BossMod.Dawntrail.Foray.ForkedTowerMagic.Extreme.FTME4Index.FTME4Index_cfg",""
"BossModReborn","","","","##BossMod.Dawntrail.Foray.ForkedTowerMagic.Normal.FTMN1TwoHeadedAevis.FTMN1TwoHeadedAevis_cfg",""
"BossModReborn","","","","##BossMod.Dawntrail.Foray.ForkedTowerMagic.Normal.FTMN2SwordDancer.FTMN2SwordDancer_cfg",""
"BossModReborn","","","","##BossMod.Dawntrail.Foray.ForkedTowerMagic.Normal.FTMN3Necrophobia.FTMN3Necrophobia_cfg",""
"BossModReborn","","","","##BossMod.Dawntrail.Foray.ForkedTowerMagic.Normal.FTMN4Index.FTMN4Index_cfg",""
"BossModReborn","","","","##BossMod.Dawntrail.Hunt.RankA.CatsEye.CatsEye_cfg",""
"BossModReborn","","","","##BossMod.Dawntrail.Hunt.RankA.Heshuala.Heshuala_cfg",""
"BossModReborn","","","","##BossMod.Dawntrail.Hunt.RankA.Keheniheyamewi.Keheniheyamewi_cfg",""
"BossModReborn","","","","##BossMod.Dawntrail.Hunt.RankA.Nechuciho.Nechuciho_cfg",""
"BossModReborn","","","","##BossMod.Dawntrail.Hunt.RankA.Pkuucha.Pkuucha_cfg",""
"BossModReborn","","","","##BossMod.Dawntrail.Hunt.RankA.QueenHawk.QueenHawk_cfg",""
"BossModReborn","","","","##BossMod.Dawntrail.Hunt.RankA.RraxYitya.RraxYitya_cfg",""
"BossModReborn","","","","##BossMod.Dawntrail.Hunt.RankA.SallyTheSweeper.SallyTheSweeper_cfg",""
"BossModReborn","","","","##BossMod.Dawntrail.Hunt.RankA.Starcrier.Starcrier_cfg",""
"BossModReborn","","","","##BossMod.Dawntrail.Hunt.RankA.TheRaintriller.TheRaintriller_cfg",""
"BossModReborn","","","","##BossMod.Dawntrail.Hunt.RankA.UrnaVariabilis.UrnaVariabilis_cfg",""
"BossModReborn","","","","##BossMod.Dawntrail.Hunt.RankA.Yehehetoauapyo.Yehehetoauapyo_cfg",""
"BossModReborn","","","","##BossMod.Dawntrail.Hunt.RankS.ArchAethereater.ArchAethereater_cfg",""
"BossModReborn","","","","##BossMod.Dawntrail.Hunt.RankS.AtticusThePrimogenitor.AtticusThePrimogenitor_cfg",""
"BossModReborn","","","","##BossMod.Dawntrail.Hunt.RankS.CrystalIncarnation.CrystalIncarnation_cfg",""
"BossModReborn","","","","##BossMod.Dawntrail.Hunt.RankS.Ihnuxokiy.Ihnuxokiy_cfg",""
"BossModReborn","","","","##BossMod.Dawntrail.Hunt.RankS.KirlirgerTheAbhorrent.KirlirgerTheAbhorrent_cfg",""
"BossModReborn","","","","##BossMod.Dawntrail.Hunt.RankS.Neyoozoteel.Neyoozoteel_cfg",""
"BossModReborn","","","","##BossMod.Dawntrail.Hunt.RankS.Sansheya.Sansheya_cfg",""
"BossModReborn","","","","##BossMod.Dawntrail.Hunt.RankS.TheForecaster.TheForecaster_cfg",""
"BossModReborn","","","","##BossMod.Dawntrail.Quantum.Q1FinalVerse.Q1FinalVerse_cfg",""
"BossModReborn","","","","##BossMod.Dawntrail.Quest.Job.Pictomancer.MindOverManor.MindOverManor_cfg",""
"BossModReborn","","","","##BossMod.Dawntrail.Quest.Job.Pictomancer.SomewhereOnlySheKnows.FlightOfTheGriffin.FlightOfTheGriffin_cfg",""
"BossModReborn","","","","##BossMod.Dawntrail.Quest.Job.Pictomancer.SomewhereOnlySheKnows.JanquetilaquesPortrait.JanquetilaquesPortrait_cfg",""
"BossModReborn","","","","##BossMod.Dawntrail.Quest.Job.Pictomancer.SomewhereOnlySheKnows.TheWingedSteed.TheWingedSteed_cfg",""
"BossModReborn","","","","##BossMod.Dawntrail.Quest.Job.Viper.FangsOfTheViper.FangsOfTheViper_cfg",""
"BossModReborn","","","","##BossMod.Dawntrail.Quest.Job.Viper.VengeanceOfTheViper.VengeanceOfTheViper_cfg",""
"BossModReborn","","","","##BossMod.Dawntrail.Quest.MSQ.AFatherFirst.AFatherFirst_cfg",""
"BossModReborn","","","","##BossMod.Dawntrail.Quest.MSQ.TakingAStand.TakingAStand_cfg",""
"BossModReborn","","","","##BossMod.Dawntrail.Quest.MSQ.TheFeatOfBrotherhood.TheFeatOfBrotherhood_cfg",""
"BossModReborn","","","","##BossMod.Dawntrail.Quest.MSQ.TheProtectorAndTheDestroyer.Gwyddrud.Gwyddrud_cfg",""
"BossModReborn","","","","##BossMod.Dawntrail.Quest.MSQ.TheProtectorAndTheDestroyer.Otis.OtisOathbroken_cfg",""
"BossModReborn","","","","##BossMod.Dawntrail.Quest.MSQ.TheWarmthOfTheFamily.AlphaAlligator.AlphaAlligator_cfg",""
"BossModReborn","","","","##BossMod.Dawntrail.Quest.MSQ.TheWarmthOfTheFamily.Tturuhhetso.Tturuhhetso_cfg",""
"BossModReborn","","","","##BossMod.Dawntrail.Quest.Role.AHunterTrue.AHunterTrue_cfg",""
"BossModReborn","","","","##BossMod.Dawntrail.Quest.Role.AnAntidoteForAnarchy.AnAntidoteForAnarchy_cfg",""
"BossModReborn","","","","##BossMod.Dawntrail.Quest.Role.BarThePassage.Apyaahi.ApyaahiTheArchitect_cfg",""
"BossModReborn","","","","##BossMod.Dawntrail.Quest.Role.BarThePassage.Trash1.Trash1_cfg",""
"BossModReborn","","","","##BossMod.Dawntrail.Quest.Role.BarThePassage.Trash2.Trash2_cfg",""
"BossModReborn","","","","##BossMod.Dawntrail.Quest.Role.DreamsOfANewDay.DreamsOfANewDayP1_cfg",""
"BossModReborn","","","","##BossMod.Dawntrail.Quest.Role.DreamsOfANewDay.DreamsOfANewDayP2_cfg",""
"BossModReborn","","","","##BossMod.Dawntrail.Quest.Role.HeroesAndPretenders.HeroesAndPretenders_cfg",""
"BossModReborn","","","","##BossMod.Dawntrail.Quest.Role.TheMightiestShield.TheMightiestShield_cfg",""
"BossModReborn","","","","##BossMod.Dawntrail.Raid.M01NBlackCat.M01NBlackCat_cfg",""
"BossModReborn","","","","##BossMod.Dawntrail.Raid.M02NHoneyBLovely.M02NHoneyBLovely_cfg",""
"BossModReborn","","","","##BossMod.Dawntrail.Raid.M03NBruteBomber.M03NBruteBomber_cfg",""
"BossModReborn","","","","##BossMod.Dawntrail.Raid.M04NWickedThunder.M04NWickedThunder_cfg",""
"BossModReborn","","","","##BossMod.Dawntrail.Raid.M05NDancingGreen.M05NDancingGreen_cfg",""
"BossModReborn","","","","##BossMod.Dawntrail.Raid.M06NSugarRiot.M06NSugarRiot_cfg",""
"BossModReborn","","","","##BossMod.Dawntrail.Raid.M07NBruteAbombinator.M07NBruteAbombinator_cfg",""
"BossModReborn","","","","##BossMod.Dawntrail.Raid.M08NHowlingBlade.M08NHowlingBlade_cfg",""
"BossModReborn","","","","##BossMod.Dawntrail.Raid.M09NVampFatale.M09NVampFatale_cfg",""
"BossModReborn","","","","##BossMod.Dawntrail.Raid.M10NDaringDevils.M10NDaringDevils_cfg",""
"BossModReborn","","","","##BossMod.Dawntrail.Raid.M11NTheTyrant.M11NTheTyrant_cfg",""
"BossModReborn","","","","##BossMod.Dawntrail.Raid.M12NLindwurm.M12NLindwurm_cfg",""
"BossModReborn","","","","##BossMod.Dawntrail.Savage.M01SBlackCat.M01SBlackCat_cfg",""
"BossModReborn","","","","##BossMod.Dawntrail.Savage.M02SHoneyBLovely.M02SHoneyBLovely_cfg",""
"BossModReborn","","","","##BossMod.Dawntrail.Savage.M03SBruteBomber.M03SBruteBomber_cfg",""
"BossModReborn","","","","##BossMod.Dawntrail.Savage.M04SWickedThunder.M04SWickedThunder_cfg",""
"BossModReborn","","","","##BossMod.Dawntrail.Savage.M05SDancingGreen.M05SDancingGreen_cfg",""
"BossModReborn","","","","##BossMod.Dawntrail.Savage.M06SSugarRiot.M06SSugarRiot_cfg",""
"BossModReborn","","","","##BossMod.Dawntrail.Savage.M07SBruteAbombinator.M07SBruteAbombinator_cfg",""
"BossModReborn","","","","##BossMod.Dawntrail.Savage.M08SHowlingBlade.M08SHowlingBlade_cfg",""
"BossModReborn","","","","##BossMod.Dawntrail.Savage.M09SVampFatale.M09SVampFatale_cfg",""
"BossModReborn","","","","##BossMod.Dawntrail.Savage.M10STheXtremes.M10STheXtremes_cfg",""
"BossModReborn","","","","##BossMod.Dawntrail.Savage.M11STheTyrant.M11STheTyrant_cfg",""
"BossModReborn","","","","##BossMod.Dawntrail.Savage.M12S2Lindwurm.M12S2TheLindwurm_cfg",""
"BossModReborn","","","","##BossMod.Dawntrail.Savage.M12SLindwurm.M12SLindwurm_cfg",""
"BossModReborn","","","","##BossMod.Dawntrail.TreasureHunt.CenoteJaJaGural.BullApollyon.BullApollyon_cfg",""
"BossModReborn","","","","##BossMod.Dawntrail.TreasureHunt.CenoteJaJaGural.GoldenMolter.GoldenMolter_cfg",""
"BossModReborn","","","","##BossMod.Dawntrail.TreasureHunt.CenoteJaJaGural.Room1.Room1_cfg",""
"BossModReborn","","","","##BossMod.Dawntrail.TreasureHunt.CenoteJaJaGural.Room2.Room2_cfg",""
"BossModReborn","","","","##BossMod.Dawntrail.TreasureHunt.CenoteJaJaGural.Room3.Room3_cfg",""
"BossModReborn","","","","##BossMod.Dawntrail.TreasureHunt.CenoteJaJaGural.Room4.Room4_cfg",""
"BossModReborn","","","","##BossMod.Dawntrail.TreasureHunt.VaultOneiron.Fastitocalon.Fastitocalon_cfg",""
"BossModReborn","","","","##BossMod.Dawntrail.TreasureHunt.VaultOneiron.GildedSentry.GildedSentry_cfg",""
"BossModReborn","","","","##BossMod.Dawntrail.TreasureHunt.VaultOneiron.GreatGimmeCat.GreatGimmeCat_cfg",""
"BossModReborn","","","","##BossMod.Dawntrail.TreasureHunt.VaultOneiron.Gwyddneu.Gwyddneu_cfg",""
"BossModReborn","","","","##BossMod.Dawntrail.TreasureHunt.VaultOneiron.Hexapod.Hexapod_cfg",""
"BossModReborn","","","","##BossMod.Dawntrail.TreasureHunt.VaultOneiron.MobileFortress.MobileFortress_cfg",""
"BossModReborn","","","","##BossMod.Dawntrail.TreasureHunt.VaultOneiron.OldBitterEye.OldBitterEye_cfg",""
"BossModReborn","","","","##BossMod.Dawntrail.TreasureHunt.VaultOneiron.Paeonia.Paeonia_cfg",""
"BossModReborn","","","","##BossMod.Dawntrail.TreasureHunt.VaultOneiron.SpiritOfThunder.SpiritOfThunder_cfg",""
"BossModReborn","","","","##BossMod.Dawntrail.TreasureHunt.VaultOneiron.VaultBat.VaultBat_cfg",""
"BossModReborn","","","","##BossMod.Dawntrail.TreasureHunt.VaultOneiron.VaultFluidSoul.VaultFluidSoul_cfg",""
"BossModReborn","","","","##BossMod.Dawntrail.TreasureHunt.VaultOneiron.VaultGargantuan.VaultGargantuan_cfg",""
"BossModReborn","","","","##BossMod.Dawntrail.TreasureHunt.VaultOneiron.VaultRoadripper.VaultRoadripper_cfg",""
"BossModReborn","","","","##BossMod.Dawntrail.TreasureHunt.VaultOneiron.VaultWindSpirit.VaultWindSpirit_cfg",""
"BossModReborn","","","","##BossMod.Dawntrail.TreasureHunt.VaultOneiron.VaultYan.VaultYan_cfg",""
"BossModReborn","","","","##BossMod.Dawntrail.Trial.T01Valigarmanda.T01Valigarmanda_cfg",""
"BossModReborn","","","","##BossMod.Dawntrail.Trial.T02ZoraalJa.T02ZoraalJa_cfg",""
"BossModReborn","","","","##BossMod.Dawntrail.Trial.T02ZoraalJaP2.T02ZoraalJaP2_cfg",""
"BossModReborn","","","","##BossMod.Dawntrail.Trial.T03QueenEternal.T03QueenEternal_cfg",""
"BossModReborn","","","","##BossMod.Dawntrail.Trial.T04Zelenia.T04Zelenia_cfg",""
"BossModReborn","","","","##BossMod.Dawntrail.Trial.T05Necron.T05Necron_cfg",""
"BossModReborn","","","","##BossMod.Dawntrail.Trial.T06Arkveld.GuardianArkveld_cfg",""
"BossModReborn","","","","##BossMod.Dawntrail.Trial.T07Doomtrain.T07Doomtrain_cfg",""
"BossModReborn","","","","##BossMod.Dawntrail.Trial.T08Enuo.Enuo_cfg",""
"BossModReborn","","","","##BossMod.Dawntrail.Ultimate.DMU.DMU_cfg",""
"BossModReborn","","","","##BossMod.Dawntrail.Ultimate.FRU.FRU_cfg",""
"BossModReborn","","","","##BossMod.Dawntrail.Variant.V01MerchantsTale.V07StonePuppet.V07StonePuppet_cfg",""
"BossModReborn","","","","##BossMod.Dawntrail.Variant.V01NMerchantsTale.V08NYawningMaw.V08YawningMaw_cfg",""
"BossModReborn","","","","##BossMod.Dawntrail.VariantCriterion.V1MerchantsTale.V10Rukhkh.V10Rukhkh_cfg",""
"BossModReborn","","","","##BossMod.Dawntrail.VariantCriterion.V1MerchantsTale.V11Genie.V11Genie_cfg",""
"BossModReborn","","","","##BossMod.Dawntrail.VariantCriterion.V1MerchantsTale.V12PariOfPlenty.V12PariOfPlenty_cfg",""
"BossModReborn","","","","##BossMod.Dawntrail.VariantCriterion.V1MerchantsTale.V13DaryaTheSeamaid.V13DaryaTheSeamaid_cfg",""
"BossModReborn","","","","##BossMod.Dawntrail.VariantCriterion.V1MerchantsTale.V14LoneSwordmaster.V14LoneSwordmaster_cfg",""
"BossModReborn","","","","##BossMod.Dawntrail.VariantCriterion.V1MerchantsTale.V15DeadlyDandan.V15DeadlyDandan_cfg",""
"BossModReborn","","","","##BossMod.Endwalker.Alliance.A10Lions.A10Lions_cfg",""
"BossModReborn","","","","##BossMod.Endwalker.Alliance.A10RhalgrEmissary.A10RhalgrEmissary_cfg",""
"BossModReborn","","","","##BossMod.Endwalker.Alliance.A11Byregot.A11Byregot_cfg",""
"BossModReborn","","","","##BossMod.Endwalker.Alliance.A12Rhalgr.A12Rhalgr_cfg",""
"BossModReborn","","","","##BossMod.Endwalker.Alliance.A13Azeyma.A13Azeyma_cfg",""
"BossModReborn","","","","##BossMod.Endwalker.Alliance.A14Naldthal.A14Naldthal_cfg",""
"BossModReborn","","","","##BossMod.Endwalker.Alliance.A21Nophica.A21Nophica_cfg",""
"BossModReborn","","","","##BossMod.Endwalker.Alliance.A22AlthykNymeia.A22AlthykNymeia_cfg",""
"BossModReborn","","","","##BossMod.Endwalker.Alliance.A23Halone.A23Halone_cfg",""
"BossModReborn","","","","##BossMod.Endwalker.Alliance.A24Menphina.A24Menphina_cfg",""
"BossModReborn","","","","##BossMod.Endwalker.Alliance.A30Trash1.A30Trash1_cfg",""
"BossModReborn","","","","##BossMod.Endwalker.Alliance.A30Trash2.A30Trash2Pack1_cfg",""
"BossModReborn","","","","##BossMod.Endwalker.Alliance.A30Trash2.A30Trash2Pack2_cfg",""
"BossModReborn","","","","##BossMod.Endwalker.Alliance.A31Thaliak.A31Thaliak_cfg",""
"BossModReborn","","","","##BossMod.Endwalker.Alliance.A32Llymlaen.A32Llymlaen_cfg",""
"BossModReborn","","","","##BossMod.Endwalker.Alliance.A33Oschon.A33Oschon_cfg",""
"BossModReborn","","","","##BossMod.Endwalker.Alliance.A34Eulogia.A34Eulogia_cfg",""
"BossModReborn","","","","##BossMod.Endwalker.DeepDungeon.EurekaOrthos.DD10Gancanagh.DD10Gancanagh_cfg",""
"BossModReborn","","","","##BossMod.Endwalker.DeepDungeon.EurekaOrthos.DD20CloningNode.DD20CloningNode_cfg",""
"BossModReborn","","","","##BossMod.Endwalker.DeepDungeon.EurekaOrthos.DD30TiamatsClone.DD30TiamatsClone_cfg",""
"BossModReborn","","","","##BossMod.Endwalker.DeepDungeon.EurekaOrthos.DD40TwintaniasClone.DD40TwintaniasClone_cfg",""
"BossModReborn","","","","##BossMod.Endwalker.DeepDungeon.EurekaOrthos.DD50ServomechanicalChimera14X.DD50ServomechanicalChimera14X_cfg",""
"BossModReborn","","","","##BossMod.Endwalker.DeepDungeon.EurekaOrthos.DD60ServomechanicalMinotaur16.DD60ServomechanicalMinotaur16_cfg",""
"BossModReborn","","","","##BossMod.Endwalker.DeepDungeon.EurekaOrthos.DD70Aeturna.DD70Aeturna_cfg",""
"BossModReborn","","","","##BossMod.Endwalker.DeepDungeon.EurekaOrthos.DD80ProtoKaliya.DD80ProtoKaliya_cfg",""
"BossModReborn","","","","##BossMod.Endwalker.DeepDungeon.EurekaOrthos.DD90Administrator.DD90Administrator_cfg",""
"BossModReborn","","","","##BossMod.Endwalker.DeepDungeon.EurekaOrthos.DD99Excalibur.DD99Excalibur_cfg",""
"BossModReborn","","","","##BossMod.Endwalker.Dungeon.D01TheTowerOfZot.D013MagusSisters.D013MagusSisters_cfg",""
"BossModReborn","","","","##BossMod.Endwalker.Dungeon.D01TheTowerOifZot.D012Sanduruva.D012Sanduruva_cfg",""
"BossModReborn","","","","##BossMod.Endwalker.Dungeon.D01TowerOfZot.D011Minduruva.D011Minduruva_cfg",""
"BossModReborn","","","","##BossMod.Endwalker.Dungeon.D02TowerOfBabil.D021Barnabas.D021Barnabas_cfg",""
"BossModReborn","","","","##BossMod.Endwalker.Dungeon.D02TowerOfBabil.D022Lugae.D022Lugae_cfg",""
"BossModReborn","","","","##BossMod.Endwalker.Dungeon.D02TowerOfBabil.D023Anima.D023Anima_cfg",""
"BossModReborn","","","","##BossMod.Endwalker.Dungeon.D03Vanaspati.D031Snatcher.D031Snatcher_cfg",""
"BossModReborn","","","","##BossMod.Endwalker.Dungeon.D03Vanaspati.D032Wrecker.D032Wrecker_cfg",""
"BossModReborn","","","","##BossMod.Endwalker.Dungeon.D03Vanaspati.D033Svarbhanu.D033Svarbhanu_cfg",""
"BossModReborn","","","","##BossMod.Endwalker.Dungeon.D04KtisisHyperboreia.D041Lyssa.D041Lyssa_cfg",""
"BossModReborn","","","","##BossMod.Endwalker.Dungeon.D04KtisisHyperboreia.D042LadonLord.D042LadonLord_cfg",""
"BossModReborn","","","","##BossMod.Endwalker.Dungeon.D04KtisisHyperboreia.D043Hermes.D043Hermes_cfg",""
"BossModReborn","","","","##BossMod.Endwalker.Dungeon.D05Aitiascope.D051Livia.D051Livia_cfg",""
"BossModReborn","","","","##BossMod.Endwalker.Dungeon.D05Aitiascope.D052Rhitahtyn.D052Rhitahtyn_cfg",""
"BossModReborn","","","","##BossMod.Endwalker.Dungeon.D05Aitiascope.D053Amon.D053Amon_cfg",""
"BossModReborn","","","","##BossMod.Endwalker.Dungeon.D06DeadEnds.D061CausticGrebuloff.D061CausticGrebuloff_cfg",""
"BossModReborn","","","","##BossMod.Endwalker.Dungeon.D06DeadEnds.D062Peacekeeper.D062Peacekeeper_cfg",""
"BossModReborn","","","","##BossMod.Endwalker.Dungeon.D06DeadEnds.D063Rala.D063Rala_cfg",""
"BossModReborn","","","","##BossMod.Endwalker.Dungeon.D07Smileton.D071Face.D071Face_cfg",""
"BossModReborn","","","","##BossMod.Endwalker.Dungeon.D07Smileton.D072Frameworker.D072Frameworker_cfg",""
"BossModReborn","","","","##BossMod.Endwalker.Dungeon.D07Smileton.D073BigCheese.D073BigCheese_cfg",""
"BossModReborn","","","","##BossMod.Endwalker.Dungeon.D08Stigma.D081ProtoOmega.D081ProtoOmega_cfg",""
"BossModReborn","","","","##BossMod.Endwalker.Dungeon.D08Stigma.D082ArchLambda.D082ArchLambda_cfg",""
"BossModReborn","","","","##BossMod.Endwalker.Dungeon.D08Stigma.D083Stigma4.D083Stigma4_cfg",""
"BossModReborn","","","","##BossMod.Endwalker.Dungeon.D09AlzadaalsLegacy.D091Ambujam.D091Ambujam_cfg",""
"BossModReborn","","","","##BossMod.Endwalker.Dungeon.D09AlzadaalsLegacy.D092ArmoredChariot.D092ArmoredChariot_cfg",""
"BossModReborn","","","","##BossMod.Endwalker.Dungeon.D09AlzadaalsLegacy.D093Kapikulu.D093Kapikulu_cfg",""
"BossModReborn","","","","##BossMod.Endwalker.Dungeon.D10FellCourtOfTroia.D100TroianBishop.D100TroianBishop_cfg",""
"BossModReborn","","","","##BossMod.Endwalker.Dungeon.D10FellCourtOfTroia.D100TroianButler.D100TroianButler_cfg",""
"BossModReborn","","","","##BossMod.Endwalker.Dungeon.D10FellCourtOfTroia.D100TroianFootman.D100TroianFootman_cfg",""
"BossModReborn","","","","##BossMod.Endwalker.Dungeon.D10FellCourtOfTroia.D100TroianScavanger.D100TroianScavanger_cfg",""
"BossModReborn","","","","##BossMod.Endwalker.Dungeon.D10FellCourtOfTroia.D101EvilDreamers.D101EvilDreamers_cfg",""
"BossModReborn","","","","##BossMod.Endwalker.Dungeon.D10FellCourtOfTroia.D102Beatrice.D102Beatrice_cfg",""
"BossModReborn","","","","##BossMod.Endwalker.Dungeon.D10FellCourtOfTroia.D103Scarmiglione.D103Scarmiglione_cfg",""
"BossModReborn","","","","##BossMod.Endwalker.Dungeon.D11LapisManalis.D110AlbusGriffin.D110AlbusGriffin_cfg",""
"BossModReborn","","","","##BossMod.Endwalker.Dungeon.D11LapisManalis.D111Albion.D111Albion_cfg",""
"BossModReborn","","","","##BossMod.Endwalker.Dungeon.D11LapisManalis.D112GalateaMagna.D112GalateaMagna_cfg",""
"BossModReborn","","","","##BossMod.Endwalker.Dungeon.D11LapisManalis.D113Cagnazzo.D113Cagnazzo_cfg",""
"BossModReborn","","","","##BossMod.Endwalker.Dungeon.D12Aetherfont.D120HaamCrystal.D120HaamCrystal_cfg",""
"BossModReborn","","","","##BossMod.Endwalker.Dungeon.D12Aetherfont.D120HaamForlorn.D120HaamForlorn_cfg",""
"BossModReborn","","","","##BossMod.Endwalker.Dungeon.D12Aetherfont.D120HaamHalonid.D120HaamHalonid_cfg",""
"BossModReborn","","","","##BossMod.Endwalker.Dungeon.D12Aetherfont.D120HaamOtodus.D120HaamOtodus_cfg",""
"BossModReborn","","","","##BossMod.Endwalker.Dungeon.D12Aetherfont.D120HaamTroll.D120HaamTroll_cfg",""
"BossModReborn","","","","##BossMod.Endwalker.Dungeon.D12Aetherfont.D121Lyngbakr.D121Lyngbakr_cfg",""
"BossModReborn","","","","##BossMod.Endwalker.Dungeon.D12Aetherfont.D122Arkas.D122Arkas_cfg",""
"BossModReborn","","","","##BossMod.Endwalker.Dungeon.D12Aetherfont.D123Octomammoth.D123Octomammoth_cfg",""
"BossModReborn","","","","##BossMod.Endwalker.Dungeon.D13LunarSubterrane.D131DarkElf.D131DarkElf_cfg",""
"BossModReborn","","","","##BossMod.Endwalker.Dungeon.D13LunarSubterrane.D132DamcyanAntlion.D132DamcyanAntlion_cfg",""
"BossModReborn","","","","##BossMod.Endwalker.Dungeon.D13LunarSubterrane.D133Durante.D133Durante_cfg",""
"BossModReborn","","","","##BossMod.Endwalker.Extreme.Ex1Zodiark.Ex1Zodiark_cfg",""
"BossModReborn","","","","##BossMod.Endwalker.Extreme.Ex2Hydaelyn.Ex2Hydaelyn_cfg",""
"BossModReborn","","","","##BossMod.Endwalker.Extreme.Ex3Endsigner.Ex3Endsinger_cfg",""
"BossModReborn","","","","##BossMod.Endwalker.Extreme.Ex4Barbariccia.Ex4Barbariccia_cfg",""
"BossModReborn","","","","##BossMod.Endwalker.Extreme.Ex5Rubicante.Ex5Rubicante_cfg",""
"BossModReborn","","","","##BossMod.Endwalker.Extreme.Ex6Golbez.Ex6Golbez_cfg",""
"BossModReborn","","","","##BossMod.Endwalker.Extreme.Ex7Zeromus.Ex7Zeromus_cfg",""
"BossModReborn","","","","##BossMod.Endwalker.FATE.Chi.Chi_cfg",""
"BossModReborn","","","","##BossMod.Endwalker.FATE.Daivadipa.Daivadipa_cfg",""
"BossModReborn","","","","##BossMod.Endwalker.Hunt.RankA.Aegeiros.Aegeiros_cfg",""
"BossModReborn","","","","##BossMod.Endwalker.Hunt.RankA.ArchEta.ArchEta_cfg",""
"BossModReborn","","","","##BossMod.Endwalker.Hunt.RankA.FanAil.FanAil_cfg",""
"BossModReborn","","","","##BossMod.Endwalker.Hunt.RankA.Gurangatch.Gurangatch_cfg",""
"BossModReborn","","","","##BossMod.Endwalker.Hunt.RankA.Hulder.Hulder_cfg",""
"BossModReborn","","","","##BossMod.Endwalker.Hunt.RankA.LunatenderQueen.LunatenderQueen_cfg",""
"BossModReborn","","","","##BossMod.Endwalker.Hunt.RankA.Minerva.Minerva_cfg",""
"BossModReborn","","","","##BossMod.Endwalker.Hunt.RankA.MoussePrincess.MoussePrincess_cfg",""
"BossModReborn","","","","##BossMod.Endwalker.Hunt.RankA.Petalodus.Petalodus_cfg",""
"BossModReborn","","","","##BossMod.Endwalker.Hunt.RankA.Storsie.Storsie_cfg",""
"BossModReborn","","","","##BossMod.Endwalker.Hunt.RankA.Sugriva.Sugriva_cfg",""
"BossModReborn","","","","##BossMod.Endwalker.Hunt.RankA.Yilan.Yilan_cfg",""
"BossModReborn","","","","##BossMod.Endwalker.Hunt.RankS.Armstrong.Armstrong_cfg",""
"BossModReborn","","","","##BossMod.Endwalker.Hunt.RankS.Burfurlur.Burfurlur_cfg",""
"BossModReborn","","","","##BossMod.Endwalker.Hunt.RankS.Ker.Ker_cfg",""
"BossModReborn","","","","##BossMod.Endwalker.Hunt.RankS.KerShroud.KerShroud_cfg",""
"BossModReborn","","","","##BossMod.Endwalker.Hunt.RankS.NarrowRift.NarrowRift_cfg",""
"BossModReborn","","","","##BossMod.Endwalker.Hunt.RankS.Ophioneus.Ophioneus_cfg",""
"BossModReborn","","","","##BossMod.Endwalker.Hunt.RankS.Ruminator.Ruminator_cfg",""
"BossModReborn","","","","##BossMod.Endwalker.Hunt.RankS.Sphatika.Sphatika_cfg",""
"BossModReborn","","","","##BossMod.Endwalker.Quest.Job.Reaper.TheKillingArt.Orcus_cfg",""
"BossModReborn","","","","##BossMod.Endwalker.Quest.Job.Sage.LifeEphemeralPathEternal.AncelAndMahaud.AncelAndMahaud_cfg",""
"BossModReborn","","","","##BossMod.Endwalker.Quest.Job.Sage.LifeEphemeralPathEternal.Guildivain.Guildivain_cfg",""
"BossModReborn","","","","##BossMod.Endwalker.Quest.Job.Sage.SagesFocus.AncelRockfist_cfg",""
"BossModReborn","","","","##BossMod.Endwalker.Quest.MSQ.AFrostyReception.VergiliaVanCorculum_cfg",""
"BossModReborn","","","","##BossMod.Endwalker.Quest.MSQ.AnUnforeseenBargain.P1Furcas.Furcas_cfg",""
"BossModReborn","","","","##BossMod.Endwalker.Quest.MSQ.AnUnforeseenBargain.P2Andromalius.Andromalius_cfg",""
"BossModReborn","","","","##BossMod.Endwalker.Quest.MSQ.AsTheHeavensBurn.P1TerminusIdolizer.TerminusIdolizer_cfg",""
"BossModReborn","","","","##BossMod.Endwalker.Quest.MSQ.AsTheHeavensBurn.P2TerminusLacerator.TerminusLacerator_cfg",""
"BossModReborn","","","","##BossMod.Endwalker.Quest.MSQ.AsTheHeavensBurn.P3TerminusVanquisher.TerminusVanquisher_cfg",""
"BossModReborn","","","","##BossMod.Endwalker.Quest.MSQ.Endwalker.Endwalker_cfg",""
"BossModReborn","","","","##BossMod.Endwalker.Quest.MSQ.TheGameIsAfoot.GiantColibri_cfg",""
"BossModReborn","","","","##BossMod.Endwalker.Quest.MSQ.WhereEverythingBegins.P1.ScarmiglioneP1_cfg",""
"BossModReborn","","","","##BossMod.Endwalker.Quest.MSQ.WhereEverythingBegins.P2.ScarmiglioneP2_cfg",""
"BossModReborn","","","","##BossMod.Endwalker.Quest.MSQ.WorthyOfHisBack.WorthyOfHisBack_cfg",""
"BossModReborn","","","","##BossMod.Endwalker.Savage.P10SPandaemonium.P10SPandaemonium_cfg",""
"BossModReborn","","","","##BossMod.Endwalker.Savage.P11SThemis.P11SThemis_cfg",""
"BossModReborn","","","","##BossMod.Endwalker.Savage.P12S1Athena.P12S1Athena_cfg",""
"BossModReborn","","","","##BossMod.Endwalker.Savage.P12S2PallasAthena.P12S2PallasAthena_cfg",""
"BossModReborn","","","","##BossMod.Endwalker.Savage.P1SErichthonios.P1S_cfg",""
"BossModReborn","","","","##BossMod.Endwalker.Savage.P2SHippokampos.P2S_cfg",""
"BossModReborn","","","","##BossMod.Endwalker.Savage.P3SPhoinix.P3S_cfg",""
"BossModReborn","","","","##BossMod.Endwalker.Savage.P4S1Hesperos.P4S1_cfg",""
"BossModReborn","","","","##BossMod.Endwalker.Savage.P4S2Hesperos.P4S2_cfg",""
"BossModReborn","","","","##BossMod.Endwalker.Savage.P5SProtoCarbuncle.P5S_cfg",""
"BossModReborn","","","","##BossMod.Endwalker.Savage.P6SHegemone.P6S_cfg",""
"BossModReborn","","","","##BossMod.Endwalker.Savage.P7SAgdistis.P7S_cfg",""
"BossModReborn","","","","##BossMod.Endwalker.Savage.P8S1Hephaistos.P8S1_cfg",""
"BossModReborn","","","","##BossMod.Endwalker.Savage.P8S2.P8S2_cfg",""
"BossModReborn","","","","##BossMod.Endwalker.Savage.P9SKokytos.P9SKokytos_cfg",""
"BossModReborn","","","","##BossMod.Endwalker.TreasureHunt.Excitatron6000.LuckyFace.LuckyFace_cfg",""
"BossModReborn","","","","##BossMod.Endwalker.TreasureHunt.ShiftingGymnasionAgonon.GymnasiouAcheloios.GymnasiouAcheloios_cfg",""
"BossModReborn","","","","##BossMod.Endwalker.TreasureHunt.ShiftingGymnasionAgonon.GymnasiouLeon.GymnasiouLeon_cfg",""
"BossModReborn","","","","##BossMod.Endwalker.TreasureHunt.ShiftingGymnasionAgonon.GymnasiouMandragoras.GymnasiouMandragoras_cfg",""
"BossModReborn","","","","##BossMod.Endwalker.TreasureHunt.ShiftingGymnasionAgonon.GymnasiouMegakantha.GymnasiouMegakantha_cfg",""
"BossModReborn","","","","##BossMod.Endwalker.TreasureHunt.ShiftingGymnasionAgonon.GymnasiouMeganereis.GymnasiouMeganereis_cfg",""
"BossModReborn","","","","##BossMod.Endwalker.TreasureHunt.ShiftingGymnasionAgonon.GymnasiouPithekos.GymnasiouPithekos_cfg",""
"BossModReborn","","","","##BossMod.Endwalker.TreasureHunt.ShiftingGymnasionAgonon.GymnasiouSatyros.GymnasiouSatyros_cfg",""
"BossModReborn","","","","##BossMod.Endwalker.TreasureHunt.ShiftingGymnasionAgonon.GymnasiouSphinx.GymnasiouSphinx_cfg",""
"BossModReborn","","","","##BossMod.Endwalker.TreasureHunt.ShiftingGymnasionAgonon.GymnasiouStyphnolobion.GymnasiouStyphnolobion_cfg",""
"BossModReborn","","","","##BossMod.Endwalker.TreasureHunt.ShiftingGymnasionAgonon.GymnasiouTigris.GymnasiouTigris_cfg",""
"BossModReborn","","","","##BossMod.Endwalker.TreasureHunt.ShiftingGymnasionAgonon.GymnasiouTriton.GymnasiouTriton_cfg",""
"BossModReborn","","","","##BossMod.Endwalker.TreasureHunt.ShiftingGymnasionAgonon.Hippomenes.Hippomenes_cfg",""
"BossModReborn","","","","##BossMod.Endwalker.TreasureHunt.ShiftingGymnasionAgonon.LampasChrysine.LampasChrysine_cfg",""
"BossModReborn","","","","##BossMod.Endwalker.TreasureHunt.ShiftingGymnasionAgonon.LyssaChrysine.LyssaChrysine_cfg",""
"BossModReborn","","","","##BossMod.Endwalker.TreasureHunt.ShiftingGymnasionAgonon.Narkissos.Narkissos_cfg",""
"BossModReborn","","","","##BossMod.Endwalker.Trial.T02Hydaelyn.T02Hydaelyn_cfg",""
"BossModReborn","","","","##BossMod.Endwalker.Trial.T08Asura.T08Asura_cfg",""
"BossModReborn","","","","##BossMod.Endwalker.Ultimate.DSW1.DSW1_cfg",""
"BossModReborn","","","","##BossMod.Endwalker.Ultimate.DSW2.DSW2_cfg",""
"BossModReborn","","","","##BossMod.Endwalker.Ultimate.TOP.TOP_cfg",""
"BossModReborn","","","","##BossMod.Endwalker.Unreal.Un1Ultima.Un1Ultima_cfg",""
"BossModReborn","","","","##BossMod.Endwalker.Unreal.Un2Sephirot.Un2Sephirot_cfg",""
"BossModReborn","","","","##BossMod.Endwalker.Unreal.Un3Sophia.Un3Sophia_cfg",""
"BossModReborn","","","","##BossMod.Endwalker.Unreal.Un4Zurvan.Un4Zurvan_cfg",""
"BossModReborn","","","","##BossMod.Endwalker.VariantCriterion.C01ASS.C010Trash1.C010NTrash1_cfg",""
"BossModReborn","","","","##BossMod.Endwalker.VariantCriterion.C01ASS.C010Trash1.C010STrash1_cfg",""
"BossModReborn","","","","##BossMod.Endwalker.VariantCriterion.C01ASS.C010Trash2.C010NTrash2_cfg",""
"BossModReborn","","","","##BossMod.Endwalker.VariantCriterion.C01ASS.C010Trash2.C010STrash2_cfg",""
"BossModReborn","","","","##BossMod.Endwalker.VariantCriterion.C01ASS.C011Silkie.C011NSilkie_cfg",""
"BossModReborn","","","","##BossMod.Endwalker.VariantCriterion.C01ASS.C011Silkie.C011SSilkie_cfg",""
"BossModReborn","","","","##BossMod.Endwalker.VariantCriterion.C01ASS.C012Gladiator.C012NGladiator_cfg",""
"BossModReborn","","","","##BossMod.Endwalker.VariantCriterion.C01ASS.C012Gladiator.C012SGladiator_cfg",""
"BossModReborn","","","","##BossMod.Endwalker.VariantCriterion.C01ASS.C013Shadowcaster.C013NShadowcaster_cfg",""
"BossModReborn","","","","##BossMod.Endwalker.VariantCriterion.C01ASS.C013Shadowcaster.C013SShadowcaster_cfg",""
"BossModReborn","","","","##BossMod.Endwalker.VariantCriterion.C02AMR.C020Trash1.C020NTrash1_cfg",""
"BossModReborn","","","","##BossMod.Endwalker.VariantCriterion.C02AMR.C020Trash1.C020STrash1_cfg",""
"BossModReborn","","","","##BossMod.Endwalker.VariantCriterion.C02AMR.C020Trash2.C020NTrash2_cfg",""
"BossModReborn","","","","##BossMod.Endwalker.VariantCriterion.C02AMR.C020Trash2.C020STrash2_cfg",""
"BossModReborn","","","","##BossMod.Endwalker.VariantCriterion.C02AMR.C021Shishio.C021NShishio_cfg",""
"BossModReborn","","","","##BossMod.Endwalker.VariantCriterion.C02AMR.C021Shishio.C021SShishio_cfg",""
"BossModReborn","","","","##BossMod.Endwalker.VariantCriterion.C02AMR.C022Gorai.C022NGorai_cfg",""
"BossModReborn","","","","##BossMod.Endwalker.VariantCriterion.C02AMR.C022Gorai.C022SGorai_cfg",""
"BossModReborn","","","","##BossMod.Endwalker.VariantCriterion.C02AMR.C023Moko.C023NMoko_cfg",""
"BossModReborn","","","","##BossMod.Endwalker.VariantCriterion.C02AMR.C023Moko.C023SMoko_cfg",""
"BossModReborn","","","","##BossMod.Endwalker.VariantCriterion.C03AAI.C030Trash1.C030NKiwakin_cfg",""
"BossModReborn","","","","##BossMod.Endwalker.VariantCriterion.C03AAI.C030Trash1.C030NMonk_cfg",""
"BossModReborn","","","","##BossMod.Endwalker.VariantCriterion.C03AAI.C030Trash1.C030NRay_cfg",""
"BossModReborn","","","","##BossMod.Endwalker.VariantCriterion.C03AAI.C030Trash1.C030NSnipper_cfg",""
"BossModReborn","","","","##BossMod.Endwalker.VariantCriterion.C03AAI.C030Trash1.C030SKiwakin_cfg",""
"BossModReborn","","","","##BossMod.Endwalker.VariantCriterion.C03AAI.C030Trash1.C030SMonk_cfg",""
"BossModReborn","","","","##BossMod.Endwalker.VariantCriterion.C03AAI.C030Trash1.C030SRay_cfg",""
"BossModReborn","","","","##BossMod.Endwalker.VariantCriterion.C03AAI.C030Trash1.C030SSnipper_cfg",""
"BossModReborn","","","","##BossMod.Endwalker.VariantCriterion.C03AAI.C030Trash2.C030NIslekeeper_cfg",""
"BossModReborn","","","","##BossMod.Endwalker.VariantCriterion.C03AAI.C030Trash2.C030NWoodGolem_cfg",""
"BossModReborn","","","","##BossMod.Endwalker.VariantCriterion.C03AAI.C030Trash2.C030SIslekeeper_cfg",""
"BossModReborn","","","","##BossMod.Endwalker.VariantCriterion.C03AAI.C030Trash2.C030SWoodGolem_cfg",""
"BossModReborn","","","","##BossMod.Endwalker.VariantCriterion.C03AAI.C031Ketuduke.C031NKetuduke_cfg",""
"BossModReborn","","","","##BossMod.Endwalker.VariantCriterion.C03AAI.C031Ketuduke.C031SKetuduke_cfg",""
"BossModReborn","","","","##BossMod.Endwalker.VariantCriterion.C03AAI.C032Lala.C032NLala_cfg",""
"BossModReborn","","","","##BossMod.Endwalker.VariantCriterion.C03AAI.C032Lala.C032SLala_cfg",""
"BossModReborn","","","","##BossMod.Endwalker.VariantCriterion.C03AAI.C033Statice.C033NStatice_cfg",""
"BossModReborn","","","","##BossMod.Endwalker.VariantCriterion.C03AAI.C033Statice.C033SStatice_cfg",""
"BossModReborn","","","","##BossMod.Endwalker.VariantCriterion.V1SildihnSubterrane.V10Drakes.V10Drakes_cfg",""
"BossModReborn","","","","##BossMod.Endwalker.VariantCriterion.V1SildihnSubterrane.V11Geryon.V11Geryon_cfg",""
"BossModReborn","","","","##BossMod.Endwalker.VariantCriterion.V1SildihnSubterrane.V12Silkie.V12Silkie_cfg",""
"BossModReborn","","","","##BossMod.Endwalker.VariantCriterion.V1SildihnSubterrane.V13Gladiator.V13Gladiator_cfg",""
"BossModReborn","","","","##BossMod.Endwalker.VariantCriterion.V1SildihnSubterrane.V14ZelessGah.V14ZelessGah_cfg",""
"BossModReborn","","","","##BossMod.Endwalker.VariantCriterion.V1SildihnSubterrane.V15ThorneKnight.V15ThorneKnight_cfg",""
"BossModReborn","","","","##BossMod.Endwalker.VariantCriterion.V2MountRokkon.V20ShishuChochin.V20ShishuChochin_cfg",""
"BossModReborn","","","","##BossMod.Endwalker.VariantCriterion.V2MountRokkon.V21Yozakura.V21Yozakura_cfg",""
"BossModReborn","","","","##BossMod.Endwalker.VariantCriterion.V2MountRokkon.V22Moko.V22MokoOtherPaths_cfg",""
"BossModReborn","","","","##BossMod.Endwalker.VariantCriterion.V2MountRokkon.V22Moko.V22MokoPath2_cfg",""
"BossModReborn","","","","##BossMod.Endwalker.VariantCriterion.V2MountRokkon.V23Gorai.V23Gorai_cfg",""
"BossModReborn","","","","##BossMod.Endwalker.VariantCriterion.V2MountRokkon.V24Shishio.V24Shishio_cfg",""
"BossModReborn","","","","##BossMod.Endwalker.VariantCriterion.V2MountRokkon.V25Enenra.V25Enenra_cfg",""
"BossModReborn","","","","##BossMod.Global.CrucibleOfTheUnbroken.FirstBoard.ArchDemonPiece.ArchDemonPiece_cfg",""
"BossModReborn","","","","##BossMod.Global.CrucibleOfTheUnbroken.FirstBoard.BanemitePiece.BanemitePiece_cfg",""
"BossModReborn","","","","##BossMod.Global.CrucibleOfTheUnbroken.FirstBoard.BoneBishop.BoneBishop_cfg",""
"BossModReborn","","","","##BossMod.Global.CrucibleOfTheUnbroken.FirstBoard.OgrePiece.OgrePiece_cfg",""
"BossModReborn","","","","##BossMod.Global.CrucibleOfTheUnbroken.FirstBoard.PasDeSeul.PasDeSeul_cfg",""
"BossModReborn","","","","##BossMod.Global.CrucibleOfTheUnbroken.FirstBoard.PiscodemonPiece.PiscodemonPiece_cfg",""
"BossModReborn","","","","##BossMod.Global.CrucibleOfTheUnbroken.FirstMasterBoard.AdministratorPiece.AdministratorPiece_cfg",""
"BossModReborn","","","","##BossMod.Global.CrucibleOfTheUnbroken.FirstMasterBoard.BorgnyTheVenomous.BorgnyTheVenomous_cfg",""
"BossModReborn","","","","##BossMod.Global.CrucibleOfTheUnbroken.FirstMasterBoard.CorpseFlowerPiece.CorpseFlowerPiece_cfg",""
"BossModReborn","","","","##BossMod.Global.CrucibleOfTheUnbroken.FirstMasterBoard.GolemPiece.GolemPiece_cfg",""
"BossModReborn","","","","##BossMod.Global.CrucibleOfTheUnbroken.FirstMasterBoard.IceDragonPiece.IceDragonPiece_cfg",""
"BossModReborn","","","","##BossMod.Global.CrucibleOfTheUnbroken.FirstMasterBoard.MorbolPiece.MorbolPiece_cfg",""
"BossModReborn","","","","##BossMod.Global.CrucibleOfTheUnbroken.FirstMasterBoard.ProgenitrixPiece.ProgenitrixPiece_cfg",""
"BossModReborn","","","","##BossMod.Global.CrucibleOfTheUnbroken.FirstMasterBoard.StrixPiece.StrixPiece_cfg",""
"BossModReborn","","","","##BossMod.Global.CrucibleOfTheUnbroken.FirstMasterBoard.TreantPiece.TreantPiece_cfg",""
"BossModReborn","","","","##BossMod.Global.CrucibleOfTheUnbroken.SecondBoard.LooserfroxInkyjots.LoosefroxInkyjots_cfg",""
"BossModReborn","","","","##BossMod.Global.CrucibleOfTheUnbroken.SecondBoard.MantiCorePiece.ManticorePiece_cfg",""
"BossModReborn","","","","##BossMod.Global.CrucibleOfTheUnbroken.SecondBoard.TaurusPiece.TaurusPiece_cfg",""
"BossModReborn","","","","##BossMod.Global.CrucibleOfTheUnbroken.SecondBoard.VoidmancerPiece.VoidmancerPiece_cfg",""
"BossModReborn","","","","##BossMod.Global.CrucibleOfTheUnbroken.SecondBoard.WyvernPiece.WyvernPiece_cfg",""
"BossModReborn","","","","##BossMod.Global.CrucibleOfTheUnbroken.SecondBoard.YoungerTablitaurPiece.YoungerTablitaurPiece_cfg",""
"BossModReborn","","","","##BossMod.Global.CrucibleOfTheUnbroken.SecondMasterBoard.AtomosPiece.AtomosPiece_cfg",""
"BossModReborn","","","","##BossMod.Global.CrucibleOfTheUnbroken.SecondMasterBoard.BoogymanPiece.BoogymanPiece_cfg",""
"BossModReborn","","","","##BossMod.Global.CrucibleOfTheUnbroken.SecondMasterBoard.ChimeraPiece.ChimeraPiece_cfg",""
"BossModReborn","","","","##BossMod.Global.CrucibleOfTheUnbroken.SecondMasterBoard.DrakePiece.DrakePiece_cfg",""
"BossModReborn","","","","##BossMod.Global.CrucibleOfTheUnbroken.SecondMasterBoard.DurgaPiece.DurgaPiece_cfg",""
"BossModReborn","","","","##BossMod.Global.CrucibleOfTheUnbroken.SecondMasterBoard.FlaurosPiece.FlaurosPiece_cfg",""
"BossModReborn","","","","##BossMod.Global.CrucibleOfTheUnbroken.SecondMasterBoard.GigantisPiece.GigantisPiece_cfg",""
"BossModReborn","","","","##BossMod.Global.CrucibleOfTheUnbroken.SecondMasterBoard.LaudaTheSpellcleaver.LaudaTheSpellcleaver_cfg",""
"BossModReborn","","","","##BossMod.Global.CrucibleOfTheUnbroken.SecondMasterBoard.MedusaPiece.MedusaPiece_cfg",""
"BossModReborn","","","","##BossMod.Global.CrucibleOfTheUnbroken.SecondMasterBoard.MindFlayerPiece.MindflayerPiece_cfg",""
"BossModReborn","","","","##BossMod.Global.CrucibleOfTheUnbroken.SecondMasterBoard.SphinxPiece.SphinxPiece_cfg",""
"BossModReborn","","","","##BossMod.Global.CrucibleOfTheUnbroken.ThirdBoard.CampeadorPiece.CampeadorPiece_cfg",""
"BossModReborn","","","","##BossMod.Global.CrucibleOfTheUnbroken.ThirdBoard.CavalierPiece.CavalierPiece_cfg",""
"BossModReborn","","","","##BossMod.Global.CrucibleOfTheUnbroken.ThirdBoard.GuttlerTheGutter.GuttlerTheGutter_cfg",""
"BossModReborn","","","","##BossMod.Global.CrucibleOfTheUnbroken.ThirdBoard.LakhamuPiece.LakhamuPiece_cfg",""
"BossModReborn","","","","##BossMod.Global.CrucibleOfTheUnbroken.ThirdBoard.SirenPiece.SirenPiece_cfg",""
"BossModReborn","","","","##BossMod.Global.CrucibleOfTheUnbroken.ThirdBoard.YmirPiece.YmirPiece_cfg",""
"BossModReborn","","","","##BossMod.Global.CrucibleOfTheUnbroken.ThirdBoard.ZuPiece.ZuPiece_cfg",""
"BossModReborn","","","","##BossMod.Global.GoldSaucer.SliceIsRight.TheSliceIsRight_cfg",""
"BossModReborn","","","","##BossMod.Global.HallOfTheNovice.NoviceBasicFinal.NoviceBasicFinal_cfg",""
"BossModReborn","","","","##BossMod.Global.HallOfTheNovice.NoviceDPS03.NoviceDPS03_cfg",""
"BossModReborn","","","","##BossMod.Global.HallOfTheNovice.NoviceDPS05.NoviceDPS05_cfg",""
"BossModReborn","","","","##BossMod.Global.HallOfTheNovice.NoviceTactical.NoviceTactical_cfg",""
"BossModReborn","","","","##BossMod.Global.HallOfTheNovice.NoviceTank04.NoviceTank04_cfg",""
"BossModReborn","","","","##BossMod.Global.MaskedCarnivale.Stage01.Stage01_cfg",""
"BossModReborn","","","","##BossMod.Global.MaskedCarnivale.Stage02.Act1.Stage02Act1_cfg",""
"BossModReborn","","","","##BossMod.Global.MaskedCarnivale.Stage02.Act2.Stage02Act2_cfg",""
"BossModReborn","","","","##BossMod.Global.MaskedCarnivale.Stage03.Stage03_cfg",""
"BossModReborn","","","","##BossMod.Global.MaskedCarnivale.Stage04.Act1.Stage04Act1_cfg",""
"BossModReborn","","","","##BossMod.Global.MaskedCarnivale.Stage04.Act2.Stage04Act2_cfg",""
"BossModReborn","","","","##BossMod.Global.MaskedCarnivale.Stage05.Stage05_cfg",""
"BossModReborn","","","","##BossMod.Global.MaskedCarnivale.Stage06.Act1.Stage06Act1_cfg",""
"BossModReborn","","","","##BossMod.Global.MaskedCarnivale.Stage06.Act2.Stage06Act2_cfg",""
"BossModReborn","","","","##BossMod.Global.MaskedCarnivale.Stage07.Act1.Stage07Act1_cfg",""
"BossModReborn","","","","##BossMod.Global.MaskedCarnivale.Stage07.Act2.Stage07Act2_cfg",""
"BossModReborn","","","","##BossMod.Global.MaskedCarnivale.Stage07.Act3.Stage07Act3_cfg",""
"BossModReborn","","","","##BossMod.Global.MaskedCarnivale.Stage08.Act1.Stage08Act1_cfg",""
"BossModReborn","","","","##BossMod.Global.MaskedCarnivale.Stage08.Act2.Stage08Act2_cfg",""
"BossModReborn","","","","##BossMod.Global.MaskedCarnivale.Stage09.Stage09_cfg",""
"BossModReborn","","","","##BossMod.Global.MaskedCarnivale.Stage10.Stage10_cfg",""
"BossModReborn","","","","##BossMod.Global.MaskedCarnivale.Stage11.Act1.Stage11Act1_cfg",""
"BossModReborn","","","","##BossMod.Global.MaskedCarnivale.Stage11.Act2.Stage11Act2_cfg",""
"BossModReborn","","","","##BossMod.Global.MaskedCarnivale.Stage12.Act1.Stage12Act1_cfg",""
"BossModReborn","","","","##BossMod.Global.MaskedCarnivale.Stage12.Act2.Stage12Act2_cfg",""
"BossModReborn","","","","##BossMod.Global.MaskedCarnivale.Stage13.Act1.Stage13Act1_cfg",""
"BossModReborn","","","","##BossMod.Global.MaskedCarnivale.Stage13.Act2.Stage13Act2_cfg",""
"BossModReborn","","","","##BossMod.Global.MaskedCarnivale.Stage14.Act1.Stage14Act1_cfg",""
"BossModReborn","","","","##BossMod.Global.MaskedCarnivale.Stage14.Act2.Stage14Act2_cfg",""
"BossModReborn","","","","##BossMod.Global.MaskedCarnivale.Stage15.Stage15_cfg",""
"BossModReborn","","","","##BossMod.Global.MaskedCarnivale.Stage16.Act1.Stage16Act1_cfg",""
"BossModReborn","","","","##BossMod.Global.MaskedCarnivale.Stage16.Act2.Stage16Act2_cfg",""
"BossModReborn","","","","##BossMod.Global.MaskedCarnivale.Stage17.Act1.Stage17Act1_cfg",""
"BossModReborn","","","","##BossMod.Global.MaskedCarnivale.Stage17.Act2.Stage17Act2_cfg",""
"BossModReborn","","","","##BossMod.Global.MaskedCarnivale.Stage18.Act1.Stage18Act1_cfg",""
"BossModReborn","","","","##BossMod.Global.MaskedCarnivale.Stage18.Act2.Stage18Act2_cfg",""
"BossModReborn","","","","##BossMod.Global.MaskedCarnivale.Stage19.Act1.Stage19Act1_cfg",""
"BossModReborn","","","","##BossMod.Global.MaskedCarnivale.Stage19.Act2.Stage19Act2_cfg",""
"BossModReborn","","","","##BossMod.Global.MaskedCarnivale.Stage20.Act1.Stage20Act1_cfg",""
"BossModReborn","","","","##BossMod.Global.MaskedCarnivale.Stage20.Act2.Stage20Act2_cfg",""
"BossModReborn","","","","##BossMod.Global.MaskedCarnivale.Stage20.Act3.Stage20Act3_cfg",""
"BossModReborn","","","","##BossMod.Global.MaskedCarnivale.Stage21.Act1.Stage21Act1_cfg",""
"BossModReborn","","","","##BossMod.Global.MaskedCarnivale.Stage21.Act2.Stage21Act2_cfg",""
"BossModReborn","","","","##BossMod.Global.MaskedCarnivale.Stage22.Act1.Stage22Act1_cfg",""
"BossModReborn","","","","##BossMod.Global.MaskedCarnivale.Stage22.Act2.Stage22Act2_cfg",""
"BossModReborn","","","","##BossMod.Global.MaskedCarnivale.Stage23.Stage23_cfg",""
"BossModReborn","","","","##BossMod.Global.MaskedCarnivale.Stage24.Act1.Stage24Act1_cfg",""
"BossModReborn","","","","##BossMod.Global.MaskedCarnivale.Stage24.Act2.Stage24Act2_cfg",""
"BossModReborn","","","","##BossMod.Global.MaskedCarnivale.Stage24.Act3.Stage24Act3_cfg",""
"BossModReborn","","","","##BossMod.Global.MaskedCarnivale.Stage25.Act1.Stage25Act1_cfg",""
"BossModReborn","","","","##BossMod.Global.MaskedCarnivale.Stage25.Act2.Stage25Act2_cfg",""
"BossModReborn","","","","##BossMod.Global.MaskedCarnivale.Stage25.Act3.Stage25Act3_cfg",""
"BossModReborn","","","","##BossMod.Global.MaskedCarnivale.Stage26.Act1.Stage26Act1_cfg",""
"BossModReborn","","","","##BossMod.Global.MaskedCarnivale.Stage26.Act2.Stage26Act2_cfg",""
"BossModReborn","","","","##BossMod.Global.MaskedCarnivale.Stage27.Stage27_cfg",""
"BossModReborn","","","","##BossMod.Global.MaskedCarnivale.Stage28.Stage28_cfg",""
"BossModReborn","","","","##BossMod.Global.MaskedCarnivale.Stage29.Act1.Stage29Act1_cfg",""
"BossModReborn","","","","##BossMod.Global.MaskedCarnivale.Stage29.Act2.Stage29Act2_cfg",""
"BossModReborn","","","","##BossMod.Global.MaskedCarnivale.Stage30.Act1.Stage30Act1_cfg",""
"BossModReborn","","","","##BossMod.Global.MaskedCarnivale.Stage30.Act2.Stage30Act2_cfg",""
"BossModReborn","","","","##BossMod.Global.MaskedCarnivale.Stage30.Act3.Stage30Act3_cfg",""
"BossModReborn","","","","##BossMod.Global.MaskedCarnivale.Stage31.Act1.Stage31Act1_cfg",""
"BossModReborn","","","","##BossMod.Global.MaskedCarnivale.Stage31.Act2.Stage31Act2_cfg",""
"BossModReborn","","","","##BossMod.Global.MaskedCarnivale.Stage32.Act1.Stage32Act1_cfg",""
"BossModReborn","","","","##BossMod.Global.MaskedCarnivale.Stage32.Act2.Stage32Act2_cfg",""
"BossModReborn","","","","##BossMod.Global.PVP.HiddenGorge.GoblinMercenary.GoblinMercenary_cfg",""
"BossModReborn","","","","##BossMod.Global.Quest.FF15Collab.Garuda.Garuda_cfg",""
"BossModReborn","","","","##BossMod.Global.Quest.FF15Collab.Iseultalon.Iseultalon_cfg",""
"BossModReborn","","","","##BossMod.Global.Quest.FF15Collab.MAx.MAx_cfg",""
"BossModReborn","","","","##BossMod.Global.Quest.FF16Collab.InfernalShadow.InfernalShadow_cfg",""
"BossModReborn","","","","##BossMod.Heavensward.Alliance.A11Cetus.A11Cetus_cfg",""
"BossModReborn","","","","##BossMod.Heavensward.Alliance.A12IrminsulSawtooth.A12IrminsulSawtooth_cfg",""
"BossModReborn","","","","##BossMod.Heavensward.Alliance.A13Cuchulainn.A13Cuchulainn_cfg",""
"BossModReborn","","","","##BossMod.Heavensward.Alliance.A14Echidna.A14Echidna_cfg",""
"BossModReborn","","","","##BossMod.Heavensward.Alliance.A21ArachneEve.A21ArachneEve_cfg",""
"BossModReborn","","","","##BossMod.Heavensward.Alliance.A22Forgall.A22Forgall_cfg",""
"BossModReborn","","","","##BossMod.Heavensward.Alliance.A23Headstone.A23Headstone_cfg",""
"BossModReborn","","","","##BossMod.Heavensward.Alliance.A24Ozma.A24Ozma_cfg",""
"BossModReborn","","","","##BossMod.Heavensward.Alliance.A25Calofisteri.A25Calofisteri_cfg",""
"BossModReborn","","","","##BossMod.Heavensward.Alliance.A31DeathgazeHollow.A31DeathgazeHollow_cfg",""
"BossModReborn","","","","##BossMod.Heavensward.Alliance.A32FerdiadHollow.A32FerdiadHollow_cfg",""
"BossModReborn","","","","##BossMod.Heavensward.Alliance.A33ProtoUltima.A33ProtoUltima_cfg",""
"BossModReborn","","","","##BossMod.Heavensward.Alliance.A34Scathach.A34Scathach_cfg",""
"BossModReborn","","","","##BossMod.Heavensward.Alliance.A35Diabolos.A35Diabolos_cfg",""
"BossModReborn","","","","##BossMod.Heavensward.Alliance.A36DiabolosHollow.A36DiabolosHollow_cfg",""
"BossModReborn","","","","##BossMod.Heavensward.DeepDungeon.PalaceOfTheDead.D40Ixtab.DD40Ixtab_cfg",""
"BossModReborn","","","","##BossMod.Heavensward.DeepDungeon.PalaceOfTheDead.DD100NybethObdilord.DD100NybethObdilord_cfg",""
"BossModReborn","","","","##BossMod.Heavensward.DeepDungeon.PalaceOfTheDead.DD10PalaceDeathgaze.DD10PalaceDeathgaze_cfg",""
"BossModReborn","","","","##BossMod.Heavensward.DeepDungeon.PalaceOfTheDead.DD110Alicanto.DD110Alicanto_cfg",""
"BossModReborn","","","","##BossMod.Heavensward.DeepDungeon.PalaceOfTheDead.DD120Kirtimukha.DD120Kirtimukha_cfg",""
"BossModReborn","","","","##BossMod.Heavensward.DeepDungeon.PalaceOfTheDead.DD130Alfard.DD130Alfard_cfg",""
"BossModReborn","","","","##BossMod.Heavensward.DeepDungeon.PalaceOfTheDead.DD140AhPuch.DD140AhPuch_cfg",""
"BossModReborn","","","","##BossMod.Heavensward.DeepDungeon.PalaceOfTheDead.DD150Tisiphone.DD150Tisiphone_cfg",""
"BossModReborn","","","","##BossMod.Heavensward.DeepDungeon.PalaceOfTheDead.DD160Todesritter.DD160Todesritter_cfg",""
"BossModReborn","","","","##BossMod.Heavensward.DeepDungeon.PalaceOfTheDead.DD170Yulunggu.DD170Yulunggu_cfg",""
"BossModReborn","","","","##BossMod.Heavensward.DeepDungeon.PalaceOfTheDead.DD180Dendainsonne.DD180Dendainsonne_cfg",""
"BossModReborn","","","","##BossMod.Heavensward.DeepDungeon.PalaceOfTheDead.DD190TheGodfather.DD190TheGodfather_cfg",""
"BossModReborn","","","","##BossMod.Heavensward.DeepDungeon.PalaceOfTheDead.DD20Spurge.DD20Spurge_cfg",""
"BossModReborn","","","","##BossMod.Heavensward.DeepDungeon.PalaceOfTheDead.DD30Ningishzida.DD30Ningishzida_cfg",""
"BossModReborn","","","","##BossMod.Heavensward.DeepDungeon.PalaceOfTheDead.DD50EddaBlackbosom.DD50EddaBlackbosom_cfg",""
"BossModReborn","","","","##BossMod.Heavensward.DeepDungeon.PalaceOfTheDead.DD60TheBlackRider.DD60TheBlackRider_cfg",""
"BossModReborn","","","","##BossMod.Heavensward.DeepDungeon.PalaceOfTheDead.DD70Yaquaru.DD70Yaquaru_cfg",""
"BossModReborn","","","","##BossMod.Heavensward.DeepDungeon.PalaceOfTheDead.DD80Gudanna.DD80Gudanna_cfg",""
"BossModReborn","","","","##BossMod.Heavensward.DeepDungeon.PalaceOfTheDead.DD90TheGodmother.DD90TheGodmother_cfg",""
"BossModReborn","","","","##BossMod.Heavensward.Dungeon.D02SohmAl.D021Raskovnik.D021Raskovnik_cfg",""
"BossModReborn","","","","##BossMod.Heavensward.Dungeon.D02SohmAl.D022Myath.D022Myath_cfg",""
"BossModReborn","","","","##BossMod.Heavensward.Dungeon.D02SohmAl.D023Tioman.D023Tioman_cfg",""
"BossModReborn","","","","##BossMod.Heavensward.Dungeon.D03Aery.D031Rangda.D031Rangda_cfg",""
"BossModReborn","","","","##BossMod.Heavensward.Dungeon.D03Aery.D032Gyascutus.D032Gyascutus_cfg",""
"BossModReborn","","","","##BossMod.Heavensward.Dungeon.D03Aery.D033Nidhogg.D033Nidhogg_cfg",""
"BossModReborn","","","","##BossMod.Heavensward.Dungeon.D04TheVault.D041SerAdelphel.D041SerAdelphel_cfg",""
"BossModReborn","","","","##BossMod.Heavensward.Dungeon.D04TheVault.D042SerGrinnaux.D042SerGrinnaux_cfg",""
"BossModReborn","","","","##BossMod.Heavensward.Dungeon.D04TheVault.D043SerCharibert.D043SerCharibert_cfg",""
"BossModReborn","","","","##BossMod.Heavensward.Dungeon.D05GreatGubalLibrary.D051DemonTome.D051DemonTome_cfg",""
"BossModReborn","","","","##BossMod.Heavensward.Dungeon.D05GreatGubalLibrary.D052Byblos.D052Byblos_cfg",""
"BossModReborn","","","","##BossMod.Heavensward.Dungeon.D05GreatGubalLibrary.D053EverlivingBibliotaph.D053EverlivingBibliotaph_cfg",""
"BossModReborn","","","","##BossMod.Heavensward.Dungeon.D06AetherochemicalResearchFacility.D060BiocultureNode.D060BiocultureNode_cfg",""
"BossModReborn","","","","##BossMod.Heavensward.Dungeon.D06AetherochemicalResearchFacility.D060ClonedConjurer.D060ClonedConjurer_cfg",""
"BossModReborn","","","","##BossMod.Heavensward.Dungeon.D06AetherochemicalResearchFacility.D060CulturedShabti.D060CulturedShabti_cfg",""
"BossModReborn","","","","##BossMod.Heavensward.Dungeon.D06AetherochemicalResearchFacility.D060FacilityDreadnaught.D060FacilityDreadnaught_cfg",""
"BossModReborn","","","","##BossMod.Heavensward.Dungeon.D06AetherochemicalResearchFacility.D060SixthLegionMagitekVanguardH1.D060SixthLegionMagitekVanguardH1_cfg",""
"BossModReborn","","","","##BossMod.Heavensward.Dungeon.D06AetherochemicalResearchFacility.D060Trash1.D060EnforcementDroid210_cfg",""
"BossModReborn","","","","##BossMod.Heavensward.Dungeon.D06AetherochemicalResearchFacility.D060Trash1.D060ScrambledIronGiant_cfg",""
"BossModReborn","","","","##BossMod.Heavensward.Dungeon.D06AetherochemicalResearchFacility.D061Regula.D061Regula_cfg",""
"BossModReborn","","","","##BossMod.Heavensward.Dungeon.D06AetherochemicalResearchFacility.D062Harmachis.D062Harmachis_cfg",""
"BossModReborn","","","","##BossMod.Heavensward.Dungeon.D06AetherochemicalResearchFacility.D063LahabreaIgeyorhm.D063LahabreaIgeyorhm_cfg",""
"BossModReborn","","","","##BossMod.Heavensward.Dungeon.D06AetherochemicalResearchFacility.D064AscianPrime.D064AscianPrime_cfg",""
"BossModReborn","","","","##BossMod.Heavensward.Dungeon.D08FractalContinuum.D080ClockworkDreadnaught.D080ClockworkDreadnaught_cfg",""
"BossModReborn","","","","##BossMod.Heavensward.Dungeon.D08FractalContinuum.D080CrimsonControlUnit.D080CrimsonControlUnit_cfg",""
"BossModReborn","","","","##BossMod.Heavensward.Dungeon.D08FractalContinuum.D080EmeraldControlUnit.D080EmeraldControlUnit_cfg",""
"BossModReborn","","","","##BossMod.Heavensward.Dungeon.D08FractalContinuum.D080FlawlessNaga.D080FlawlessNaga_cfg",""
"BossModReborn","","","","##BossMod.Heavensward.Dungeon.D08FractalContinuum.D080ManikinConjurer.D080ManikinConjurer_cfg",""
"BossModReborn","","","","##BossMod.Heavensward.Dungeon.D08FractalContinuum.D080VioletControlUnit.D080VioletControlUnit_cfg",""
"BossModReborn","","","","##BossMod.Heavensward.Dungeon.D08FractalContinuum.D081PhantomRay.D081PhantomRay_cfg",""
"BossModReborn","","","","##BossMod.Heavensward.Dungeon.D08FractalContinuum.D082Minotaur.D082Minotaur_cfg",""
"BossModReborn","","","","##BossMod.Heavensward.Dungeon.D08FractalContinuum.D083TheCurator.D083TheCurator_cfg",""
"BossModReborn","","","","##BossMod.Heavensward.Dungeon.D09SaintMociannesArboretum.D090MalboroTerra.D090MalboroTerra_cfg",""
"BossModReborn","","","","##BossMod.Heavensward.Dungeon.D09SaintMociannesArboretum.D090TangledNarbrooi.D090TangledNarbrooi_cfg",""
"BossModReborn","","","","##BossMod.Heavensward.Dungeon.D09SaintMociannesArboretum.D090VelveteenAnt.D090VelveteenAnt_cfg",""
"BossModReborn","","","","##BossMod.Heavensward.Dungeon.D09SaintMociannesArboretum.D091RoseGarden.D091RoseGarden_cfg",""
"BossModReborn","","","","##BossMod.Heavensward.Dungeon.D09SaintMociannesArboretum.D092QueenHawk.D092QueenHawk_cfg",""
"BossModReborn","","","","##BossMod.Heavensward.Dungeon.D09SaintMociannesArboretum.D093Belladonna.D093Belladonna_cfg",""
"BossModReborn","","","","##BossMod.Heavensward.Dungeon.D11Antitower.D111ZuroRoggo.D111ZuroRoggo_cfg",""
"BossModReborn","","","","##BossMod.Heavensward.Dungeon.D11Antitower.D112Ziggy.D112Ziggy_cfg",""
"BossModReborn","","","","##BossMod.Heavensward.Dungeon.D11Antitower.D113Calcabrina.D113Calcabrina_cfg",""
"BossModReborn","","","","##BossMod.Heavensward.Dungeon.D11Antitower.D152DotoliCiloc.D152DotoliCiloc_cfg",""
"BossModReborn","","","","##BossMod.Heavensward.Dungeon.D13SohrKhai.D130BlizzardDragon.D130BlizzardDragon_cfg",""
"BossModReborn","","","","##BossMod.Heavensward.Dungeon.D13SohrKhai.D130CloudGardener.D130CloudGardener_cfg",""
"BossModReborn","","","","##BossMod.Heavensward.Dungeon.D13SohrKhai.D130Kargas.D130Kargas_cfg",""
"BossModReborn","","","","##BossMod.Heavensward.Dungeon.D13SohrKhai.D131ChieftainMoglin.D131ChieftainMoglin_cfg",""
"BossModReborn","","","","##BossMod.Heavensward.Dungeon.D13SohrKhai.D132Poqhiraj.D132Poqhiraj_cfg",""
"BossModReborn","","","","##BossMod.Heavensward.Dungeon.D13SohrKhai.D133Hraesvelgr.D133Hraesvelgr_cfg",""
"BossModReborn","","","","##BossMod.Heavensward.Dungeon.D15Xelphatol.D150ChasmHarpeia.D150ChasmHarpeia_cfg",""
"BossModReborn","","","","##BossMod.Heavensward.Dungeon.D15Xelphatol.D150SiegeGobbue.D150SiegeGobbue_cfg",""
"BossModReborn","","","","##BossMod.Heavensward.Dungeon.D15Xelphatol.D150XelphatolSkycaller.D150XelphatolSkycaller_cfg",""
"BossModReborn","","","","##BossMod.Heavensward.Dungeon.D15Xelphatol.D150XelphatolSwiftbeak.D150XelphatolSwiftbeak_cfg",""
"BossModReborn","","","","##BossMod.Heavensward.Dungeon.D15Xelphatol.D151NuzalHueloc.D151NuzalHueloc_cfg",""
"BossModReborn","","","","##BossMod.Heavensward.Dungeon.D15Xelphatol.D153TozolHuatotl.D153TozolHuatotl_cfg",""
"BossModReborn","","","","##BossMod.Heavensward.Dungeon.D17BaelsarsWall.D171MagitekPredator.D171MagitekPredator_cfg",""
"BossModReborn","","","","##BossMod.Heavensward.Dungeon.D17BaelsarsWall.D172ArmoredWeapon.D172ArmoredWeapon_cfg",""
"BossModReborn","","","","##BossMod.Heavensward.Dungeon.D17BaelsarsWall.D173TheGriffin.D173TheGriffin_cfg",""
"BossModReborn","","","","##BossMod.Heavensward.Extreme.Ex3Thordan.Ex3Thordan_cfg",""
"BossModReborn","","","","##BossMod.Heavensward.Quest.Job.DragoonsFate.Graoully_cfg",""
"BossModReborn","","","","##BossMod.Heavensward.Quest.MSQ.ASpectacleForTheAges.FlameGeneralAldynn_cfg",""
"BossModReborn","","","","##BossMod.Heavensward.Quest.MSQ.CloseEncountersOfTheVIthKind.RegulaVanHydrus_cfg",""
"BossModReborn","","","","##BossMod.Heavensward.Quest.MSQ.DivineIntervention.SerGrinnaux_cfg",""
"BossModReborn","","","","##BossMod.Heavensward.Quest.MSQ.FlyFreeMyPretty.Grynewaht_cfg",""
"BossModReborn","","","","##BossMod.Heavensward.Quest.MSQ.OneLifeForOneWorld.WarriorOfDarkness_cfg",""
"BossModReborn","","","","##BossMod.Heavensward.Quest.WarringTriad.ABloodyReunion.RegulaVanHydrus_cfg",""
"BossModReborn","","","","##BossMod.Modules.Global.CrucibleOfTheUnbroken.FirstMasterBoard.GargoylePiece.GargoylePiece_cfg",""
"BossModReborn","","","","##BossMod.RealmReborn.Alliance.A11BoneDragon.A11BoneDragon_cfg",""
"BossModReborn","","","","##BossMod.RealmReborn.Alliance.A12Thanatos.A12Thanatos_cfg",""
"BossModReborn","","","","##BossMod.RealmReborn.Alliance.A13KingBehemoth.A13KingBehemoth_cfg",""
"BossModReborn","","","","##BossMod.RealmReborn.Alliance.A14Phlegethon.A14Phlegethon_cfg",""
"BossModReborn","","","","##BossMod.RealmReborn.Alliance.A21Scylla.A21Scylla_cfg",""
"BossModReborn","","","","##BossMod.RealmReborn.Alliance.A22Glasya.A22Glasya_cfg",""
"BossModReborn","","","","##BossMod.RealmReborn.Alliance.A23Amon.A23Amon_cfg",""
"BossModReborn","","","","##BossMod.RealmReborn.Alliance.A24Xande.A24Xande_cfg",""
"BossModReborn","","","","##BossMod.RealmReborn.Alliance.A31AngraMainyu.A31AngraMainyu_cfg",""
"BossModReborn","","","","##BossMod.RealmReborn.Alliance.A32FiveheadedDragon.A32FiveheadedDragon_cfg",""
"BossModReborn","","","","##BossMod.RealmReborn.Alliance.A33Cerberus.A33Cerberus_cfg",""
"BossModReborn","","","","##BossMod.RealmReborn.Alliance.A34CloudofDarkness.A34CloudofDarkness_cfg",""
"BossModReborn","","","","##BossMod.RealmReborn.Dungeon.D01Sastasha.D011Chopper.D011Chopper_cfg",""
"BossModReborn","","","","##BossMod.RealmReborn.Dungeon.D01Sastasha.D013DennTheOrcatoothed.D013DennTheOrcatoothed_cfg",""
"BossModReborn","","","","##BossMod.RealmReborn.Dungeon.D02TamTaraDeepcroft.D021VoidSoulcounter.D021VoidSoulcounter_cfg",""
"BossModReborn","","","","##BossMod.RealmReborn.Dungeon.D02TamTaraDeepcroft.D022GalvanthTheDominator.D022GalvanthTheDominator_cfg",""
"BossModReborn","","","","##BossMod.RealmReborn.Dungeon.D03Copperbell.D031Kottos.D031Kottos_cfg",""
"BossModReborn","","","","##BossMod.RealmReborn.Dungeon.D03Copperbell.D032IchorousIre.D032IchorousIre_cfg",""
"BossModReborn","","","","##BossMod.RealmReborn.Dungeon.D03Copperbell.D033Gyges.D033Gyges_cfg",""
"BossModReborn","","","","##BossMod.RealmReborn.Dungeon.D04Halatali.D041Firemane.D041Firemane_cfg",""
"BossModReborn","","","","##BossMod.RealmReborn.Dungeon.D04Halatali.D042ThunderclapGuivre.D042ThunderclapGuivre_cfg",""
"BossModReborn","","","","##BossMod.RealmReborn.Dungeon.D04Halatali.D043Tangata.D043Tangata_cfg",""
"BossModReborn","","","","##BossMod.RealmReborn.Dungeon.D05Totorak.D053Graffias.D053Graffias_cfg",""
"BossModReborn","","","","##BossMod.RealmReborn.Dungeon.D06Haukke.D061ManorClaviger.D061ManorClaviger_cfg",""
"BossModReborn","","","","##BossMod.RealmReborn.Dungeon.D06Haukke.D062ManorSteward.D062ManorSteward_cfg",""
"BossModReborn","","","","##BossMod.RealmReborn.Dungeon.D06Haukke.D063LadyAmandine.D063LadyAmandine_cfg",""
"BossModReborn","","","","##BossMod.RealmReborn.Dungeon.D07Brayflox.D071GreatYellowPelican.D071GreatYellowPelican_cfg",""
"BossModReborn","","","","##BossMod.RealmReborn.Dungeon.D07Brayflox.D072InfernoDrake.D072InfernoDrake_cfg",""
"BossModReborn","","","","##BossMod.RealmReborn.Dungeon.D07Brayflox.D073Hellbender.D120Hellbender_cfg",""
"BossModReborn","","","","##BossMod.RealmReborn.Dungeon.D07Brayflox.D074Aiatar.D074Aiatar_cfg",""
"BossModReborn","","","","##BossMod.RealmReborn.Dungeon.D08Qarn.D081Teratotaur.D081Teratotaur_cfg",""
"BossModReborn","","","","##BossMod.RealmReborn.Dungeon.D08Qarn.D082TempleGuardian.D082TempleGuardian_cfg",""
"BossModReborn","","","","##BossMod.RealmReborn.Dungeon.D08Qarn.D083Adjudicator.D083Adjudicator_cfg",""
"BossModReborn","","","","##BossMod.RealmReborn.Dungeon.D09CuttersCry.D091MyrmidonPrincess.D091MyrmidonPrincess_cfg",""
"BossModReborn","","","","##BossMod.RealmReborn.Dungeon.D09CuttersCry.D092GiantTunnelWorm.D092GiantTunnelWorm_cfg",""
"BossModReborn","","","","##BossMod.RealmReborn.Dungeon.D09CuttersCry.D093Chimera.D093Chimera_cfg",""
"BossModReborn","","","","##BossMod.RealmReborn.Dungeon.D10StoneVigil.D101ChudoYudo.D101ChudoYudo_cfg",""
"BossModReborn","","","","##BossMod.RealmReborn.Dungeon.D10StoneVigil.D102Koshchei.D102Koshchei_cfg",""
"BossModReborn","","","","##BossMod.RealmReborn.Dungeon.D10StoneVigil.D103Isgebind.D103Isgebind_cfg",""
"BossModReborn","","","","##BossMod.RealmReborn.Dungeon.D11DzemaelDarkhold.D111AllSeeingEye.D111AllSeeingEye_cfg",""
"BossModReborn","","","","##BossMod.RealmReborn.Dungeon.D11DzemaelDarkhold.D112Taulurd.D112Taulurd_cfg",""
"BossModReborn","","","","##BossMod.RealmReborn.Dungeon.D11DzemaelDarkhold.D113Batraal.D113Batraal_cfg",""
"BossModReborn","","","","##BossMod.RealmReborn.Dungeon.D12AurumVale.D121Locksmith.D121Locksmith_cfg",""
"BossModReborn","","","","##BossMod.RealmReborn.Dungeon.D12AurumVale.D122Coincounter.D122Coincounter_cfg",""
"BossModReborn","","","","##BossMod.RealmReborn.Dungeon.D12AurumVale.D123MisersMistress.D123MisersMistress_cfg",""
"BossModReborn","","","","##BossMod.RealmReborn.Dungeon.D13CastrumMeridianum.D131BlackEft.D131BlackEft_cfg",""
"BossModReborn","","","","##BossMod.RealmReborn.Dungeon.D13CastrumMeridianum.D132MagitekVanguardF1.D132MagitekVanguardF1_cfg",""
"BossModReborn","","","","##BossMod.RealmReborn.Dungeon.D13CastrumMeridianum.D133Livia.D133Livia_cfg",""
"BossModReborn","","","","##BossMod.RealmReborn.Dungeon.D14Praetorium.D141Colossus.D141Colossus_cfg",""
"BossModReborn","","","","##BossMod.RealmReborn.Dungeon.D14Praetorium.D142Nero.D142Nero_cfg",""
"BossModReborn","","","","##BossMod.RealmReborn.Dungeon.D14Praetorium.D143Gaius.D143Gaius_cfg",""
"BossModReborn","","","","##BossMod.RealmReborn.Dungeon.D15WanderersPalace.D151KeeperOfHalidom.D151KeeperOfHalidom_cfg",""
"BossModReborn","","","","##BossMod.RealmReborn.Dungeon.D15WanderersPalace.D152GiantBavarois.D152GiantBavarois_cfg",""
"BossModReborn","","","","##BossMod.RealmReborn.Dungeon.D15WanderersPalace.D153TonberryKing.D153TonberryKing_cfg",""
"BossModReborn","","","","##BossMod.RealmReborn.Dungeon.D16Amdapor.D161Psycheflayer.D161Psycheflayer_cfg",""
"BossModReborn","","","","##BossMod.RealmReborn.Dungeon.D16Amdapor.D162DemonWall.D162DemonWall_cfg",""
"BossModReborn","","","","##BossMod.RealmReborn.Dungeon.D16Amdapor.D163Anantaboga.D163Anantaboga_cfg",""
"BossModReborn","","","","##BossMod.RealmReborn.Dungeon.D17PharosSirius.D171SymondTheUnsinkable.D171SymondTheUnsinkable_cfg",""
"BossModReborn","","","","##BossMod.RealmReborn.Dungeon.D17PharosSirius.D172Zu.D172Zu_cfg",""
"BossModReborn","","","","##BossMod.RealmReborn.Dungeon.D17PharosSirius.D173Tyrant.D173Tyrant_cfg",""
"BossModReborn","","","","##BossMod.RealmReborn.Dungeon.D17PharosSirius.D174Siren.D174Siren_cfg",""
"BossModReborn","","","","##BossMod.RealmReborn.Dungeon.D26Snowcloak.D260NorthernBateleur.D260NorthernBateleur_cfg",""
"BossModReborn","","","","##BossMod.RealmReborn.Dungeon.D26Snowcloak.D261Wandil.D261Wandil_cfg",""
"BossModReborn","","","","##BossMod.RealmReborn.Dungeon.D26Snowcloak.D262Yeti.D262Yeti_cfg",""
"BossModReborn","","","","##BossMod.RealmReborn.Dungeon.D26Snowcloak.D263Fenrir.D263Fenrir_cfg",""
"BossModReborn","","","","##BossMod.RealmReborn.Dungeon.D27SastashaHard.D271Karlabos.D271Karlabos_cfg",""
"BossModReborn","","","","##BossMod.RealmReborn.Dungeon.D27SastashaHard.D272CaptainMadison.D272CaptainMadison_cfg",""
"BossModReborn","","","","##BossMod.RealmReborn.Dungeon.D29TheKeeperoftheLake.D291Einhander.D291Einhander_cfg",""
"BossModReborn","","","","##BossMod.RealmReborn.Dungeon.D29TheKeeperoftheLake.D292MagitekGunship.D292MagitekGunship_cfg",""
"BossModReborn","","","","##BossMod.RealmReborn.Dungeon.D29TheKeeperoftheLake.D293Midgardsormr.D293Midgardsormr_cfg",""
"BossModReborn","","","","##BossMod.RealmReborn.Extreme.Ex1Ultima.Ex1Ultima_cfg",""
"BossModReborn","","","","##BossMod.RealmReborn.Extreme.Ex2Garuda.Ex2Garuda_cfg",""
"BossModReborn","","","","##BossMod.RealmReborn.Extreme.Ex3Titan.Ex3Titan_cfg",""
"BossModReborn","","","","##BossMod.RealmReborn.Extreme.Ex4Ifrit.Ex4Ifrit_cfg",""
"BossModReborn","","","","##BossMod.RealmReborn.Quest.MSQ.OperationArchon.RhitahtynSasArvina_cfg",""
"BossModReborn","","","","##BossMod.RealmReborn.Quest.MSQ.TheStepsOfFaith.Vishap_cfg",""
"BossModReborn","","","","##BossMod.RealmReborn.Quest.MSQ.TheUltimateWeapon.Lahabrea_cfg",""
"BossModReborn","","","","##BossMod.RealmReborn.Raid.T01ADS.T01ADS_cfg",""
"BossModReborn","","","","##BossMod.RealmReborn.Raid.T01Caduceus.T01Caduceus_cfg",""
"BossModReborn","","","","##BossMod.RealmReborn.Raid.T02MultiADS.T02ADS_cfg",""
"BossModReborn","","","","##BossMod.RealmReborn.Raid.T02MultiADS.T02AttackNode_cfg",""
"BossModReborn","","","","##BossMod.RealmReborn.Raid.T02MultiADS.T02DefenseNode_cfg",""
"BossModReborn","","","","##BossMod.RealmReborn.Raid.T02MultiADS.T02DisposalNode_cfg",""
"BossModReborn","","","","##BossMod.RealmReborn.Raid.T02MultiADS.T02MonitoringNode_cfg",""
"BossModReborn","","","","##BossMod.RealmReborn.Raid.T02MultiADS.T02QuarantineNode_cfg",""
"BossModReborn","","","","##BossMod.RealmReborn.Raid.T02MultiADS.T02SanitaryNode_cfg",""
"BossModReborn","","","","##BossMod.RealmReborn.Raid.T04Gauntlet.T04Gauntlet_cfg",""
"BossModReborn","","","","##BossMod.RealmReborn.Raid.T05Twintania.T05Twintania_cfg",""
"BossModReborn","","","","##BossMod.RealmReborn.Trial.T01IfritN.T01IfritN_cfg",""
"BossModReborn","","","","##BossMod.RealmReborn.Trial.T02TitanN.T02TitanN_cfg",""
"BossModReborn","","","","##BossMod.RealmReborn.Trial.T03GarudaN.T03GarudaN_cfg",""
"BossModReborn","","","","##BossMod.RealmReborn.Trial.T04PortaDecumana.Phase1.T04PortaDecumana1_cfg",""
"BossModReborn","","","","##BossMod.RealmReborn.Trial.T04PortaDecumana.Phase2.T04PortaDecumana2_cfg",""
"BossModReborn","","","","##BossMod.RealmReborn.Trial.T05IfritH.T05IfritH_cfg",""
"BossModReborn","","","","##BossMod.RealmReborn.Trial.T06GarudaH.T06GarudaH_cfg",""
"BossModReborn","","","","##BossMod.RealmReborn.Trial.T07TitanH.T07TitanH_cfg",""
"BossModReborn","","","","##BossMod.RealmReborn.Trial.T08ThornmarchH.T08ThornmarchH_cfg",""
"BossModReborn","","","","##BossMod.RealmReborn.Trial.T09WhorleaterH.T09WhorleaterH_cfg",""
"BossModReborn","","","","##BossMod.Shadowbringers.Alliance.A13Engels.A13MarxEngels_cfg",""
"BossModReborn","","","","##BossMod.Shadowbringers.Alliance.A20HeavyArtilleryUnit.A20HeavyArtilleryUnit_cfg",""
"BossModReborn","","","","##BossMod.Shadowbringers.Alliance.A20LightArtilleryUnit.A20LightArtilleryUnit_cfg",""
"BossModReborn","","","","##BossMod.Shadowbringers.Alliance.A21AegisUnit.A21AegisUnit_cfg",""
"BossModReborn","","","","##BossMod.Shadowbringers.Alliance.A22SuperiorFlightUnits.A22SuperiorFlightUnits_cfg",""
"BossModReborn","","","","##BossMod.Shadowbringers.Alliance.A23HeavyArtilleryUnit.A23HeavyArtilleryUnit_cfg",""
"BossModReborn","","","","##BossMod.Shadowbringers.Alliance.A24TheCompound2P.A24TheCompound2P_cfg",""
"BossModReborn","","","","##BossMod.Shadowbringers.Alliance.A30Trash.A30Trash_cfg",""
"BossModReborn","","","","##BossMod.Shadowbringers.Alliance.A31KnaveofHearts.A31KnaveofHearts_cfg",""
"BossModReborn","","","","##BossMod.Shadowbringers.Alliance.A32HanselGretel.A32HanselGretel_cfg",""
"BossModReborn","","","","##BossMod.Shadowbringers.Alliance.A33RedGirl.A33RedGirl_cfg",""
"BossModReborn","","","","##BossMod.Shadowbringers.Alliance.A34XunZiMengZi.A34XunZiMengZi_cfg",""
"BossModReborn","","","","##BossMod.Shadowbringers.Alliance.A35FalseIdol.A35FalseIdol_cfg",""
"BossModReborn","","","","##BossMod.Shadowbringers.Dungeon.D01Holminster.D011ForgivenDissonance.D011ForgivenDissonance_cfg",""
"BossModReborn","","","","##BossMod.Shadowbringers.Dungeon.D01Holminster.D012TesleentheForgiven.D012TesleentheForgiven_cfg",""
"BossModReborn","","","","##BossMod.Shadowbringers.Dungeon.D01Holmintser.D013Philia.D013Philia_cfg",""
"BossModReborn","","","","##BossMod.Shadowbringers.Dungeon.D02DohnMheg.D021AencThon.D021AencThon_cfg",""
"BossModReborn","","","","##BossMod.Shadowbringers.Dungeon.D02DohnMheg.D022Griaule.D022Griaule_cfg",""
"BossModReborn","","","","##BossMod.Shadowbringers.Dungeon.D02DohnMheg.D031AencThon.D033AencThon_cfg",""
"BossModReborn","","","","##BossMod.Shadowbringers.Dungeon.D03QitanaRavel.D030RonkanDreamer.D030RonkanDreamer_cfg",""
"BossModReborn","","","","##BossMod.Shadowbringers.Dungeon.D03QitanaRavel.D031Lozatl.D031Lozatl_cfg",""
"BossModReborn","","","","##BossMod.Shadowbringers.Dungeon.D03QitanaRavel.D032Batsquatch.D032Batsquatch_cfg",""
"BossModReborn","","","","##BossMod.Shadowbringers.Dungeon.D03QitanaRavel.D033Eros.D033Eros_cfg",""
"BossModReborn","","","","##BossMod.Shadowbringers.Dungeon.D04MalikahsWell.D041GreaterArmadillo.D041GreaterArmadillo_cfg",""
"BossModReborn","","","","##BossMod.Shadowbringers.Dungeon.D04MalikahsWell.D042AmphibiousTalos.D042AmphibiousTalos_cfg",""
"BossModReborn","","","","##BossMod.Shadowbringers.Dungeon.D04MalikahsWell.D043Storge.D043Storge_cfg",""
"BossModReborn","","","","##BossMod.Shadowbringers.Dungeon.D05MtGulg.D050ForgivenPrejudice.D050ForgivenPrejudice_cfg",""
"BossModReborn","","","","##BossMod.Shadowbringers.Dungeon.D05MtGulg.D051ForgivenCruelty.D051ForgivenCruelty_cfg",""
"BossModReborn","","","","##BossMod.Shadowbringers.Dungeon.D05MtGulg.D052ForgivenApathy.D052ForgivenApathy_cfg",""
"BossModReborn","","","","##BossMod.Shadowbringers.Dungeon.D05MtGulg.D053ForgivenWhimsy.D053ForgivenWhimsy_cfg",""
"BossModReborn","","","","##BossMod.Shadowbringers.Dungeon.D05MtGulg.D054ForgivenRevelry.D054ForgivenRevelry_cfg",""
"BossModReborn","","","","##BossMod.Shadowbringers.Dungeon.D05MtGulg.D055ForgivenObscenity.D055ForgivenObscenity_cfg",""
"BossModReborn","","","","##BossMod.Shadowbringers.Dungeon.D06Amaurot.D061FirstBeast.D061FirstBeast_cfg",""
"BossModReborn","","","","##BossMod.Shadowbringers.Dungeon.D06Amaurot.D062Bellwether.D062Bellwether_cfg",""
"BossModReborn","","","","##BossMod.Shadowbringers.Dungeon.D06Amaurot.D063Therion.D063Therion_cfg",""
"BossModReborn","","","","##BossMod.Shadowbringers.Dungeon.D07Twinning.D071AlphaZaghnal.D071AlphaZaghnal_cfg",""
"BossModReborn","","","","##BossMod.Shadowbringers.Dungeon.D07Twinning.D072Mithridates.D072Mithridates_cfg",""
"BossModReborn","","","","##BossMod.Shadowbringers.Dungeon.D07Twinning.D073TheTycoon.D073TheTycoon_cfg",""
"BossModReborn","","","","##BossMod.Shadowbringers.Dungeon.D08AkadaemiaAnyder.D081Cladoselache.D081Cladoselache_cfg",""
"BossModReborn","","","","##BossMod.Shadowbringers.Dungeon.D08AkadaemiaAnyder.D082MorbolMarquis.D082MorbolMarquis_cfg",""
"BossModReborn","","","","##BossMod.Shadowbringers.Dungeon.D08AkadaemiaAnyder.D083Quetzalcoatl.D083Quetzalcoatl_cfg",""
"BossModReborn","","","","##BossMod.Shadowbringers.Dungeon.D09GrandCosmos.D091SeekerOfSolitude.D091SeekerOfSolitude_cfg",""
"BossModReborn","","","","##BossMod.Shadowbringers.Dungeon.D09GrandCosmos.D092LeananSith.D092LeananSith_cfg",""
"BossModReborn","","","","##BossMod.Shadowbringers.Dungeon.D09GrandCosmos.D093Lugus.D093Lugus_cfg",""
"BossModReborn","","","","##BossMod.Shadowbringers.Dungeon.D10AnamnesisAnyder.D101Unknown.D101Unknown_cfg",""
"BossModReborn","","","","##BossMod.Shadowbringers.Dungeon.D10AnamnesisAnyder.D102Kyklops.D102Kyklops_cfg",""
"BossModReborn","","","","##BossMod.Shadowbringers.Dungeon.D10AnamnesisAnyder.D103RukshsDheem.D103RukshsDheem_cfg",""
"BossModReborn","","","","##BossMod.Shadowbringers.Dungeon.D11HeroesGauntlet.D111SpectralThief.D111SpectralThief_cfg",""
"BossModReborn","","","","##BossMod.Shadowbringers.Dungeon.D11HeroesGauntlet.D112SpectralNecromancer.D112SpectralNecromancer_cfg",""
"BossModReborn","","","","##BossMod.Shadowbringers.Dungeon.D11HeroesGauntlet.D113SpectralBerserker.D113SpectralBerserker_cfg",""
"BossModReborn","","","","##BossMod.Shadowbringers.Dungeon.D12MatoyasRelict.D121Mudman.D121Mudman_cfg",""
"BossModReborn","","","","##BossMod.Shadowbringers.Dungeon.D12MatoyasRelict.D122Nixie.D122Nixie_cfg",""
"BossModReborn","","","","##BossMod.Shadowbringers.Dungeon.D12MatoyasRelict.D123MotherPorxie.D123MotherPorxie_cfg",""
"BossModReborn","","","","##BossMod.Shadowbringers.Dungeon.D13Paglthan.D131Amhuluk.D131Amhuluk_cfg",""
"BossModReborn","","","","##BossMod.Shadowbringers.Dungeon.D13Paglthan.D132MagitekFortress.D132MagitekFortress_cfg",""
"BossModReborn","","","","##BossMod.Shadowbringers.Dungeon.D13Paglthan.D133LunarBahamut.D133LunarBahamut_cfg",""
"BossModReborn","","","","##BossMod.Shadowbringers.FATE.Archaeotania.Archaeotania_cfg",""
"BossModReborn","","","","##BossMod.Shadowbringers.FATE.Formidable.Formidable_cfg",""
"BossModReborn","","","","##BossMod.Shadowbringers.Foray.CastrumLacusLitore.CLL1Brionac4thLegionHelldiver.CLL1Brionac4thLegionHelldiver_cfg",""
"BossModReborn","","","","##BossMod.Shadowbringers.Foray.CastrumLacusLitore.CLL2AlbeleoTheMaleficient.CLL2AlbeleoTheMaleficent_cfg",""
"BossModReborn","","","","##BossMod.Shadowbringers.Foray.CastrumLacusLitore.CLL3Adrammelech.CLL3Adrammelech_cfg",""
"BossModReborn","","","","##BossMod.Shadowbringers.Foray.CastrumLacusLitore.CLL4Dawon.CLL4Dawon_cfg",""
"BossModReborn","","","","##BossMod.Shadowbringers.Foray.CriticalEngagement.CE11ShadowOfDeathHand.CE11ShadowOfDeathHand_cfg",""
"BossModReborn","","","","##BossMod.Shadowbringers.Foray.CriticalEngagement.CE12BayingOfHounds.CE12BayingOfHounds_cfg",""
"BossModReborn","","","","##BossMod.Shadowbringers.Foray.CriticalEngagement.CE13KillItWithFire.CE13KillItWithFire_cfg",""
"BossModReborn","","","","##BossMod.Shadowbringers.Foray.CriticalEngagement.CE14VigilForLost.CE14VigilForLost_cfg",""
"BossModReborn","","","","##BossMod.Shadowbringers.Foray.CriticalEngagement.CE21FinalFurlong.CE21FinalFurlong_cfg",""
"BossModReborn","","","","##BossMod.Shadowbringers.Foray.CriticalEngagement.CE22TheHuntForRedChoctober.CE22TheHuntForRedChoctober_cfg",""
"BossModReborn","","","","##BossMod.Shadowbringers.Foray.CriticalEngagement.CE23FiresOfWar.CE23FiresOfWar_cfg",""
"BossModReborn","","","","##BossMod.Shadowbringers.Foray.CriticalEngagement.CE24PatriotGames.CE24PatriotGames_cfg",""
"BossModReborn","","","","##BossMod.Shadowbringers.Foray.CriticalEngagement.CE31MetalFoxChaos.CE31MetalFoxChaos_cfg",""
"BossModReborn","","","","##BossMod.Shadowbringers.Foray.CriticalEngagement.CE32RiseOfTheRobots.CE32RiseOfTheRobots_cfg",""
"BossModReborn","","","","##BossMod.Shadowbringers.Foray.CriticalEngagement.CE33WhereStrodeTheBehemoth.CE33WhereStrodeTheBehemoth_cfg",""
"BossModReborn","","","","##BossMod.Shadowbringers.Foray.CriticalEngagement.CE34TrampledUnderHoof.CE34TrampledUnderHoof_cfg",""
"BossModReborn","","","","##BossMod.Shadowbringers.Foray.CriticalEngagement.CE41WithDiremiteAndMain.CE41WithDiremiteAndMain_cfg",""
"BossModReborn","","","","##BossMod.Shadowbringers.Foray.CriticalEngagement.CE42FromBeyondTheGrave.CE42FromBeyondTheGrave_cfg",""
"BossModReborn","","","","##BossMod.Shadowbringers.Foray.CriticalEngagement.CE44FamiliarFace.CE44FamiliarFace_cfg",""
"BossModReborn","","","","##BossMod.Shadowbringers.Foray.CriticalEngagement.CE51ThereWouldBeBlood.CE51ThereWouldBeBlood_cfg",""
"BossModReborn","","","","##BossMod.Shadowbringers.Foray.CriticalEngagement.CE52TimeToBurn.CE52TimeToBurn_cfg",""
"BossModReborn","","","","##BossMod.Shadowbringers.Foray.CriticalEngagement.CE53HereComesTheCavalry.CE53HereComesTheCavalry_cfg",""
"BossModReborn","","","","##BossMod.Shadowbringers.Foray.CriticalEngagement.CE54NeverCryWolf.CE54NeverCryWolf_cfg",""
"BossModReborn","","","","##BossMod.Shadowbringers.Foray.CriticalEngagement.CE62LooksToDieFor.CE62LooksToDieFor_cfg",""
"BossModReborn","","","","##BossMod.Shadowbringers.Foray.CriticalEngagement.CE63WornToShadow.CE63WornToShadow_cfg",""
"BossModReborn","","","","##BossMod.Shadowbringers.Foray.CriticalEngagement.CE64FeelingTheBurn.CE64FeelingTheBurn_cfg",""
"BossModReborn","","","","##BossMod.Shadowbringers.Foray.DelubrumReginae.DRN1TrinitySeeker.DRN1TrinitySeeker_cfg",""
"BossModReborn","","","","##BossMod.Shadowbringers.Foray.DelubrumReginae.DRN2Dahu.DRN2Dahu_cfg",""
"BossModReborn","","","","##BossMod.Shadowbringers.Foray.DelubrumReginae.DRN3QueensGuard.DRN3QueensGuard_cfg",""
"BossModReborn","","","","##BossMod.Shadowbringers.Foray.DelubrumReginae.DRN4Phantom.DRN4Phantom_cfg",""
"BossModReborn","","","","##BossMod.Shadowbringers.Foray.DelubrumReginae.DRN5TrinityAvowed.DRN5TrinityAvowed_cfg",""
"BossModReborn","","","","##BossMod.Shadowbringers.Foray.DelubrumReginae.DRN6Queen.DRN6Queen_cfg",""
"BossModReborn","","","","##BossMod.Shadowbringers.Foray.DelubrumReginae.DRS1TrinitySeeker.DRS1TrinitySeeker_cfg",""
"BossModReborn","","","","##BossMod.Shadowbringers.Foray.DelubrumReginae.DRS2StygimolochWarrior.DRS2StygimolochWarrior_cfg",""
"BossModReborn","","","","##BossMod.Shadowbringers.Foray.DelubrumReginae.DRS3Dahu.DRS3Dahu_cfg",""
"BossModReborn","","","","##BossMod.Shadowbringers.Foray.DelubrumReginae.DRS4QueensGuard.DRS4QueensGuard_cfg",""
"BossModReborn","","","","##BossMod.Shadowbringers.Foray.DelubrumReginae.DRS5Phantom.DRS5Phantom_cfg",""
"BossModReborn","","","","##BossMod.Shadowbringers.Foray.DelubrumReginae.DRS6TrinityAvowed.DRS6TrinityAvowed_cfg",""
"BossModReborn","","","","##BossMod.Shadowbringers.Foray.DelubrumReginae.DRS7StygimolochLord.DRS7StygimolochLord_cfg",""
"BossModReborn","","","","##BossMod.Shadowbringers.Foray.DelubrumReginae.DRS8Queen.DRS8Queen_cfg",""
"BossModReborn","","","","##BossMod.Shadowbringers.Foray.Duel.Duel1Gabriel.Duel1Gabriel_cfg",""
"BossModReborn","","","","##BossMod.Shadowbringers.Foray.Duel.Duel2Lyon.Duel2Lyon_cfg",""
"BossModReborn","","","","##BossMod.Shadowbringers.Foray.Duel.Duel3Sartauvoir.Duel3Sartauvoir_cfg",""
"BossModReborn","","","","##BossMod.Shadowbringers.Foray.Duel.Duel4Dabog.Duel4Dabog_cfg",""
"BossModReborn","","","","##BossMod.Shadowbringers.Foray.Duel.Duel5Menenius.Duel5Menenius_cfg",""
"BossModReborn","","","","##BossMod.Shadowbringers.Foray.Duel.Duel6Lyon.Duel6Lyon_cfg",""
"BossModReborn","","","","##BossMod.Shadowbringers.Foray.Skirmish.ConflictingWithTheFirstLaw.ConflictingWithTheFirstLaw_cfg",""
"BossModReborn","","","","##BossMod.Shadowbringers.Foray.Skirmish.HeavyBootsOfLead.HeavyBootsOfLead_cfg",""
"BossModReborn","","","","##BossMod.Shadowbringers.Foray.Skirmish.PyromancerSupreme.PyromancerSupreme_cfg",""
"BossModReborn","","","","##BossMod.Shadowbringers.Foray.TheDalriada.DAL04thLegionColossusRubricatus.DAL04thLegionColossusRubricatus_cfg",""
"BossModReborn","","","","##BossMod.Shadowbringers.Foray.TheDalriada.DAL1Gauntlet.DAL1Gauntlet_cfg",""
"BossModReborn","","","","##BossMod.Shadowbringers.Foray.TheDalriada.DAL1Sartauvoir.DAL1Sartauvoir_cfg",""
"BossModReborn","","","","##BossMod.Shadowbringers.Foray.TheDalriada.DAL2Cuchulainn.DAL2Cuchulainn_cfg",""
"BossModReborn","","","","##BossMod.Shadowbringers.Foray.TheDalriada.DAL3SaunionDawon.DAL3SaunionDawon_cfg",""
"BossModReborn","","","","##BossMod.Shadowbringers.Foray.TheDalriada.DAL4DiabloArmament.DAL4DiabloArmament_cfg",""
"BossModReborn","","","","##BossMod.Shadowbringers.Hunt.RankA.Baal.Baal_cfg",""
"BossModReborn","","","","##BossMod.Shadowbringers.Hunt.RankA.Grassman.Grassman_cfg",""
"BossModReborn","","","","##BossMod.Shadowbringers.Hunt.RankA.Huracan.Huracan_cfg",""
"BossModReborn","","","","##BossMod.Shadowbringers.Hunt.RankA.LilMurderer.LilMurderer_cfg",""
"BossModReborn","","","","##BossMod.Shadowbringers.Hunt.RankA.Maliktender.Maliktender_cfg",""
"BossModReborn","","","","##BossMod.Shadowbringers.Hunt.RankA.Nariphon.Nariphon_cfg",""
"BossModReborn","","","","##BossMod.Shadowbringers.Hunt.RankA.Nuckelavee.Nuckelavee_cfg",""
"BossModReborn","","","","##BossMod.Shadowbringers.Hunt.RankA.OPoorestPauldia.OPoorestPauldia_cfg",""
"BossModReborn","","","","##BossMod.Shadowbringers.Hunt.RankA.Rusalka.Rusalka_cfg",""
"BossModReborn","","","","##BossMod.Shadowbringers.Hunt.RankA.Sugaar.Sugaar_cfg",""
"BossModReborn","","","","##BossMod.Shadowbringers.Hunt.RankA.Supay.Supay_cfg",""
"BossModReborn","","","","##BossMod.Shadowbringers.Hunt.RankA.TheMudman.TheMudman_cfg",""
"BossModReborn","","","","##BossMod.Shadowbringers.Hunt.RankS.Aglaope.Aglaope_cfg",""
"BossModReborn","","","","##BossMod.Shadowbringers.Hunt.RankS.ForgivenGossip.ForgivenGossip_cfg",""
"BossModReborn","","","","##BossMod.Shadowbringers.Hunt.RankS.ForgivenPedantry.ForgivenPedantry_cfg",""
"BossModReborn","","","","##BossMod.Shadowbringers.Hunt.RankS.ForgivenRebellion.ForgivenRebellion_cfg",""
"BossModReborn","","","","##BossMod.Shadowbringers.Hunt.RankS.Gunitt.Gunitt_cfg",""
"BossModReborn","","","","##BossMod.Shadowbringers.Hunt.RankS.Ixtab.Ixtab_cfg",""
"BossModReborn","","","","##BossMod.Shadowbringers.Hunt.RankS.Tarchia.Tarchia_cfg",""
"BossModReborn","","","","##BossMod.Shadowbringers.Hunt.RankS.Tyger.Tyger_cfg",""
"BossModReborn","","","","##BossMod.Shadowbringers.Quest.Job.Dancer.GambolingForGil.RanaaMihgo_cfg",""
"BossModReborn","","","","##BossMod.Shadowbringers.Quest.Job.Dancer.SaveTheLastDanceForMe.AethericShadow_cfg",""
"BossModReborn","","","","##BossMod.Shadowbringers.Quest.Job.Gunbreaker.SteelAgainstSteel.VitusQuoMessalla_cfg",""
"BossModReborn","","","","##BossMod.Shadowbringers.Quest.MSQ.AFeastOfLies.Ranjit_cfg",""
"BossModReborn","","","","##BossMod.Shadowbringers.Quest.MSQ.ASleepDistubed.ASleepDisturbed_cfg",""
"BossModReborn","","","","##BossMod.Shadowbringers.Quest.MSQ.ComingClean.Ranjit_cfg",""
"BossModReborn","","","","##BossMod.Shadowbringers.Quest.MSQ.DeathUntoDawn.P1.TelotekGamma_cfg",""
"BossModReborn","","","","##BossMod.Shadowbringers.Quest.MSQ.DeathUntoDawn.P2.LunarOdin_cfg",""
"BossModReborn","","","","##BossMod.Shadowbringers.Quest.MSQ.DeathUntoDawn.P3.LunarRavana_cfg",""
"BossModReborn","","","","##BossMod.Shadowbringers.Quest.MSQ.DeathUntoDawn.P4.LunarIfrit_cfg",""
"BossModReborn","","","","##BossMod.Shadowbringers.Quest.MSQ.FadedMemories.Aldynn.FlameGeneralAldynn_cfg",""
"BossModReborn","","","","##BossMod.Shadowbringers.Quest.MSQ.FadedMemories.Ardbert.Ardbert_cfg",""
"BossModReborn","","","","##BossMod.Shadowbringers.Quest.MSQ.FadedMemories.KingThordan.KingThordan_cfg",""
"BossModReborn","","","","##BossMod.Shadowbringers.Quest.MSQ.FadedMemories.Nidhogg.Nidhogg_cfg",""
"BossModReborn","","","","##BossMod.Shadowbringers.Quest.MSQ.FadedMemories.Zenos.ZenosYaeGalvus_cfg",""
"BossModReborn","","","","##BossMod.Shadowbringers.Quest.MSQ.TheGreatShipVylbrand.SecondOrderRocksplitter_cfg",""
"BossModReborn","","","","##BossMod.Shadowbringers.Quest.MSQ.TheOracleOfLight.Ranjit_cfg",""
"BossModReborn","","","","##BossMod.Shadowbringers.Quest.MSQ.VowsOfVirtueDeedsOfCruelty.ArchUltima_cfg",""
"BossModReborn","","","","##BossMod.Shadowbringers.Quest.Role.ATearfulReunion.Phronesis_cfg",""
"BossModReborn","","","","##BossMod.Shadowbringers.Quest.Role.CourageBornOfFear.ImmaculateWarrior_cfg",""
"BossModReborn","","","","##BossMod.Shadowbringers.Quest.Role.NyelbertsLament.Bovian_cfg",""
"BossModReborn","","","","##BossMod.Shadowbringers.Quest.Role.TheHardenedHeart.TadricTheVainglorious_cfg",""
"BossModReborn","","","","##BossMod.Shadowbringers.Quest.Role.TheHuntersLegacy.BalamQuitz_cfg",""
"BossModReborn","","","","##BossMod.Shadowbringers.Quest.Role.TheLostAndTheFound.Sophrosyne.Sophrosyne_cfg",""
"BossModReborn","","","","##BossMod.Shadowbringers.Quest.Role.TheLostAndTheFound.Yxtlilton.Yxtlilton_cfg",""
"BossModReborn","","","","##BossMod.Shadowbringers.Quest.Role.TheSoulOfTemperance.Sophrosyne_cfg",""
"BossModReborn","","","","##BossMod.Shadowbringers.Quest.Role.ToHaveLovedAndLost.Dikaiosyne_cfg",""
"BossModReborn","","","","##BossMod.Shadowbringers.Quest.SorrowOfWerlyt.SleepNowInSapphire.P1GuidanceSystem.GuidanceSystem_cfg",""
"BossModReborn","","","","##BossMod.Shadowbringers.Quest.SorrowOfWerlyt.SleepNowInSapphire.P2SapphireWeapon.TheSapphireWeapon_cfg",""
"BossModReborn","","","","##BossMod.Shadowbringers.Raid.E05Ramuh.E05Ramuh.Ramuh_cfg",""
"BossModReborn","","","","##BossMod.Shadowbringers.TreasureHunt.DungeonsOfLyheGhiah.Alichino.Alichino_cfg",""
"BossModReborn","","","","##BossMod.Shadowbringers.TreasureHunt.DungeonsOfLyheGhiah.Goliath.Goliath_cfg",""
"BossModReborn","","","","##BossMod.Shadowbringers.TreasureHunt.ShiftingOubliettesOfLyheGhiah.DaenOseTheAvariciousEchidna.DaenOseTheAvariciousEchidna_cfg",""
"BossModReborn","","","","##BossMod.Shadowbringers.TreasureHunt.ShiftingOubliettesOfLyheGhiah.DaenOseTheAvariciousTyphon.DaenOseTheAvariciousTyphon_cfg",""
"BossModReborn","","","","##BossMod.Shadowbringers.TreasureHunt.ShiftingOubliettesOfLyheGhiah.DaenOseTheAvariciousUltros.DaenOseTheAvariciousUltros_cfg",""
"BossModReborn","","","","##BossMod.Shadowbringers.TreasureHunt.ShiftingOubliettesOfLyheGhiah.FuathTroublemaker.FuathTroublemaker_cfg",""
"BossModReborn","","","","##BossMod.Shadowbringers.TreasureHunt.ShiftingOubliettesOfLyheGhiah.GreedyPixie.GreedyPixie_cfg",""
"BossModReborn","","","","##BossMod.Shadowbringers.TreasureHunt.ShiftingOubliettesOfLyheGhiah.SecretBasket.SecretBasket_cfg",""
"BossModReborn","","","","##BossMod.Shadowbringers.TreasureHunt.ShiftingOubliettesOfLyheGhiah.SecretCladoselache.SecretCladoselache_cfg",""
"BossModReborn","","","","##BossMod.Shadowbringers.TreasureHunt.ShiftingOubliettesOfLyheGhiah.SecretDjinn.SecretDjinn_cfg",""
"BossModReborn","","","","##BossMod.Shadowbringers.TreasureHunt.ShiftingOubliettesOfLyheGhiah.SecretKeeper.SecretKeeper_cfg",""
"BossModReborn","","","","##BossMod.Shadowbringers.TreasureHunt.ShiftingOubliettesOfLyheGhiah.SecretKorrigan.SecretKorrigan_cfg",""
"BossModReborn","","","","##BossMod.Shadowbringers.TreasureHunt.ShiftingOubliettesOfLyheGhiah.SecretPegasus.SecretPegasus_cfg",""
"BossModReborn","","","","##BossMod.Shadowbringers.TreasureHunt.ShiftingOubliettesOfLyheGhiah.SecretPorxie.SecretPorxie_cfg",""
"BossModReborn","","","","##BossMod.Shadowbringers.TreasureHunt.ShiftingOubliettesOfLyheGhiah.SecretSerpent.SecretSerpent_cfg",""
"BossModReborn","","","","##BossMod.Shadowbringers.TreasureHunt.ShiftingOubliettesOfLyheGhiah.SecretSwallow.SecretSwallow_cfg",""
"BossModReborn","","","","##BossMod.Shadowbringers.TreasureHunt.ShiftingOubliettesOfLyheGhiah.SecretUndine.SecretUndine_cfg",""
"BossModReborn","","","","##BossMod.Shadowbringers.TreasureHunt.ShiftingOubliettesOfLyheGhiah.SecretWorm.SecretWorm_cfg",""
"BossModReborn","","","","##BossMod.Shadowbringers.Trial.T01Titania.Titania_cfg",""
"BossModReborn","","","","##BossMod.Shadowbringers.Trial.T02Innocence.T02Innocence_cfg",""
"BossModReborn","","","","##BossMod.Shadowbringers.Trial.T03Hades.Hades_cfg",""
"BossModReborn","","","","##BossMod.Shadowbringers.Trial.T04WarriorOfLightP1.T04WarriorOfLightP1_cfg",""
"BossModReborn","","","","##BossMod.Shadowbringers.Trial.T04WarriorOfLightP2.T04WarriorOfLightP2_cfg",""
"BossModReborn","","","","##BossMod.Shadowbringers.Ultimate.TEA.TEA_cfg",""
"BossModReborn","","","","##BossMod.Stormblood.Alliance.A11Mateus.A11Mateus_cfg",""
"BossModReborn","","","","##BossMod.Stormblood.Alliance.A21Famfrit.A21Famfrit_cfg",""
"BossModReborn","","","","##BossMod.Stormblood.Alliance.A22Belias.A22Belias_cfg",""
"BossModReborn","","","","##BossMod.Stormblood.Alliance.A23Construct7.A23Construct7_cfg",""
"BossModReborn","","","","##BossMod.Stormblood.Alliance.A24Yiazmat.A24Yiazmat_cfg",""
"BossModReborn","","","","##BossMod.Stormblood.Alliance.A31Mustadio.A31Mustadio_cfg",""
"BossModReborn","","","","##BossMod.Stormblood.Alliance.A32Agrias.A32Agrias_cfg",""
"BossModReborn","","","","##BossMod.Stormblood.Alliance.A33ThunderGod.A33ThunderGod_cfg",""
"BossModReborn","","","","##BossMod.Stormblood.Alliance.A34UltimaP1.A34UltimaP1_cfg",""
"BossModReborn","","","","##BossMod.Stormblood.Alliance.A35UltimaP2.A35UltimaP2_cfg",""
"BossModReborn","","","","##BossMod.Stormblood.DeepDungeon.HeavenOnHigh.DD10Mojabune.DD10Mojabune_cfg",""
"BossModReborn","","","","##BossMod.Stormblood.DeepDungeon.HeavenOnHigh.DD20Beccho.DD20Beccho_cfg",""
"BossModReborn","","","","##BossMod.Stormblood.DeepDungeon.HeavenOnHigh.DD30Hiruko.DD30Hiruko_cfg",""
"BossModReborn","","","","##BossMod.Stormblood.DeepDungeon.HeavenOnHigh.DD40Bhima.DD40Bhima_cfg",""
"BossModReborn","","","","##BossMod.Stormblood.DeepDungeon.HeavenOnHigh.DD50Gozu.DD50Gozu_cfg",""
"BossModReborn","","","","##BossMod.Stormblood.DeepDungeon.HeavenOnHigh.DD60Suikazura.DD60Suikazura_cfg",""
"BossModReborn","","","","##BossMod.Stormblood.DeepDungeon.HeavenOnHigh.DD70Kenko.DD70Kenko_cfg",""
"BossModReborn","","","","##BossMod.Stormblood.DeepDungeon.HeavenOnHigh.DD80Kajigakaka.DD80Kajigakaka_cfg",""
"BossModReborn","","","","##BossMod.Stormblood.DeepDungeon.HeavenOnHigh.DD90Onra.DD90Onra_cfg",""
"BossModReborn","","","","##BossMod.Stormblood.Dungeon.D01SirensongSea.D011Lugat.D011Lugat_cfg",""
"BossModReborn","","","","##BossMod.Stormblood.Dungeon.D01SirensongSea.D012TheGovernor.DO12TheGovernor_cfg",""
"BossModReborn","","","","##BossMod.Stormblood.Dungeon.D01SirensongSea.D013Lorelei.D013Lorelei_cfg",""
"BossModReborn","","","","##BossMod.Stormblood.Dungeon.D02ShisuiOfTheVioletTides.D021Amikiri.D021Amikiri_cfg",""
"BossModReborn","","","","##BossMod.Stormblood.Dungeon.D02ShisuiOfTheVioletTides.D022RubyPrincess.D022RubyPrincess_cfg",""
"BossModReborn","","","","##BossMod.Stormblood.Dungeon.D02ShisuiOfTheVioletTides.D023ShisuiYohi.D023ShisuiYohi_cfg",""
"BossModReborn","","","","##BossMod.Stormblood.Dungeon.D03BardamsMettle.D031Garula.D031Garula_cfg",""
"BossModReborn","","","","##BossMod.Stormblood.Dungeon.D03BardamsMettle.D032HunterOfBardam.D032HunterOfBardam_cfg",""
"BossModReborn","","","","##BossMod.Stormblood.Dungeon.D03BardamsMettle.D033Yol.D033Yol_cfg",""
"BossModReborn","","","","##BossMod.Stormblood.Dungeon.D04DomaCastle.D041MagitekRearguard.D041MagitekRearguard_cfg",""
"BossModReborn","","","","##BossMod.Stormblood.Dungeon.D04DomaCastle.D042MagitekHexadrone.D042MagitekHexadrone_cfg",""
"BossModReborn","","","","##BossMod.Stormblood.Dungeon.D04DomaCastle.D043HypertunedGrynewaht.D043HypertunedGrynewaht_cfg",""
"BossModReborn","","","","##BossMod.Stormblood.Dungeon.D05CastrumAbania.D051MagnaRoader.D051MagnaRoader_cfg",""
"BossModReborn","","","","##BossMod.Stormblood.Dungeon.D05CastrumAbania.D052SubjectNumberXXIV.D052SubjectNumberXXIV_cfg",""
"BossModReborn","","","","##BossMod.Stormblood.Dungeon.D05CastrumAbania.D053Inferno.D053Inferno_cfg",""
"BossModReborn","","","","##BossMod.Stormblood.Dungeon.D06AlaMhigo.D061MagitekScorpion.D061MagitekScorpion_cfg",""
"BossModReborn","","","","##BossMod.Stormblood.Dungeon.D06AlaMhigo.D062AulusMalAsina.D062AulusMalAsina_cfg",""
"BossModReborn","","","","##BossMod.Stormblood.Dungeon.D06AlaMhigo.D063ZenosYaeGalvus.D063ZenosYaeGalvus_cfg",""
"BossModReborn","","","","##BossMod.Stormblood.Dungeon.D09DrownedCityOfSkalla.D091Kelpie.D091Kelpie_cfg",""
"BossModReborn","","","","##BossMod.Stormblood.Dungeon.D09DrownedCityOfSkalla.D092TheOldOne.D092TheOldOne_cfg",""
"BossModReborn","","","","##BossMod.Stormblood.Dungeon.D09DrownedCityOfSkalla.D093HrodricPoisonTongue.D093HrodricPoisonTongue_cfg",""
"BossModReborn","","","","##BossMod.Stormblood.Dungeon.D13TheBurn.D131Hedetet.D131Hedetet_cfg",""
"BossModReborn","","","","##BossMod.Stormblood.Dungeon.D13TheBurn.D132DefectiveDrone.D132DefectiveDrone_cfg",""
"BossModReborn","","","","##BossMod.Stormblood.Dungeon.D13TheBurn.D133MistDragon.D133MistDragon_cfg",""
"BossModReborn","","","","##BossMod.Stormblood.Dungeon.D15TheGhimlytDark.D150ScholaColossus.D0150ScholaColossus_cfg",""
"BossModReborn","","","","##BossMod.Stormblood.Dungeon.D15TheGhimlytDark.D150ScholaMarkIIColossus.D0150ScholaMarkIIColossus_cfg",""
"BossModReborn","","","","##BossMod.Stormblood.Dungeon.D15TheGhimlytDark.D151MarkIIIBMagitekColossus.D151MarkIIIBMagitekColossus_cfg",""
"BossModReborn","","","","##BossMod.Stormblood.Dungeon.D15TheGhimlytDark.D152Prometheus.D152Prometheus_cfg",""
"BossModReborn","","","","##BossMod.Stormblood.Dungeon.D15TheGhimlytDark.D153SoranusDuo.D153SoranusDuo_cfg",""
"BossModReborn","","","","##BossMod.Stormblood.Extreme.Ex2Lakshmi.Ex2Lakshmi_cfg",""
"BossModReborn","","","","##BossMod.Stormblood.Extreme.Ex6Byakko.Ex6Byakko_cfg",""
"BossModReborn","","","","##BossMod.Stormblood.Extreme.Ex7Suzaku.Ex7Suzaku_cfg",""
"BossModReborn","","","","##BossMod.Stormblood.Extreme.Ex8Seiryu.Ex8Seiryu_cfg",""
"BossModReborn","","","","##BossMod.Stormblood.Foray.BaldesionArsenal.BA1Art.BA1Art_cfg",""
"BossModReborn","","","","##BossMod.Stormblood.Foray.BaldesionArsenal.BA1Owain.BA1Owain_cfg",""
"BossModReborn","","","","##BossMod.Stormblood.Foray.BaldesionArsenal.BA2Raiden.BA2Raiden_cfg",""
"BossModReborn","","","","##BossMod.Stormblood.Foray.BaldesionArsenal.BA3AbsoluteVirtue.BA3AbsoluteVirtue_cfg",""
"BossModReborn","","","","##BossMod.Stormblood.Foray.BaldesionArsenal.BA4ProtoOzma.BA4ProtoOzma_cfg",""
"BossModReborn","","","","##BossMod.Stormblood.Foray.Hydatos.Ceto.Ceto_cfg",""
"BossModReborn","","","","##BossMod.Stormblood.Foray.Hydatos.Daphne.Daphne_cfg",""
"BossModReborn","","","","##BossMod.Stormblood.Foray.Hydatos.Molech.Molech_cfg",""
"BossModReborn","","","","##BossMod.Stormblood.Foray.Hydatos.Ovni.Ovni_cfg",""
"BossModReborn","","","","##BossMod.Stormblood.Foray.Hydatos.ProvenanceWatcher.ProvenanceWatcher_cfg",""
"BossModReborn","","","","##BossMod.Stormblood.Foray.Hydatos.Tristitia.Phuabo_cfg",""
"BossModReborn","","","","##BossMod.Stormblood.Foray.Hydatos.Tristitia.Tristitia_cfg",""
"BossModReborn","","","","##BossMod.Stormblood.Hunt.RankA.Angada.Angada_cfg",""
"BossModReborn","","","","##BossMod.Stormblood.Hunt.RankA.Gajasura.Gajasura_cfg",""
"BossModReborn","","","","##BossMod.Stormblood.Hunt.RankS.BoneCrawler.BoneCrawler_cfg",""
"BossModReborn","","","","##BossMod.Stormblood.Hunt.RankS.Gamma.Gamma_cfg",""
"BossModReborn","","","","##BossMod.Stormblood.Hunt.RankS.Okina.Okina_cfg",""
"BossModReborn","","","","##BossMod.Stormblood.Hunt.RankS.Orghana.Orghana_cfg",""
"BossModReborn","","","","##BossMod.Stormblood.Quest.FourLords.TortoiseInTime.Soroban_cfg",""
"BossModReborn","","","","##BossMod.Stormblood.Quest.Job.BloodOnTheDeck.GurumiBorlumi_cfg",""
"BossModReborn","","","","##BossMod.Stormblood.Quest.Job.DarkKnight.TheOrphansAndTheBrokenBlade.OmpagneDeepblack_cfg",""
"BossModReborn","","","","##BossMod.Stormblood.Quest.Job.Dragoon.DragonSound.Faunehm_cfg",""
"BossModReborn","","","","##BossMod.Stormblood.Quest.Job.Monk.ThePowerToProtect.Io_cfg",""
"BossModReborn","","","","##BossMod.Stormblood.Quest.Job.Paladin.RaisingTheSword.AldisSwordOfNald_cfg",""
"BossModReborn","","","","##BossMod.Stormblood.Quest.Job.Samurai.TheBattleOnBekko.UgetsuSlayerOfAThousandSouls_cfg",""
"BossModReborn","","","","##BossMod.Stormblood.Quest.Job.Samurai.TheFaceOfTrueEvil.Musosai_cfg",""
"BossModReborn","","","","##BossMod.Stormblood.Quest.Job.Summoner.AnArtForTheLiving.SummoningNode_cfg",""
"BossModReborn","","","","##BossMod.Stormblood.Quest.Jobs.Scholar.OurUnsungHeroes.FallenKuribu_cfg",""
"BossModReborn","","","","##BossMod.Stormblood.Quest.MSQ.ARequiemForHeroes.ZenosP1_cfg",""
"BossModReborn","","","","##BossMod.Stormblood.Quest.MSQ.ARequiemForHeroes.ZenosP2_cfg",""
"BossModReborn","","","","##BossMod.Stormblood.Quest.MSQ.BestServedWithColdSteel.MagitekVanguardIPrototype_cfg",""
"BossModReborn","","","","##BossMod.Stormblood.Quest.MSQ.EmissaryOfTheDawn.HostileSkyArmor_cfg",""
"BossModReborn","","","","##BossMod.Stormblood.Quest.MSQ.HisForgottenHome.SlickshellCaptain_cfg",""
"BossModReborn","","","","##BossMod.Stormblood.Quest.MSQ.HopeOnTheWaves.ImperialCenturion_cfg",""
"BossModReborn","","","","##BossMod.Stormblood.Quest.MSQ.Naadam.Ovoo_cfg",""
"BossModReborn","","","","##BossMod.Stormblood.Quest.MSQ.ReturnOfTheBull.Lakshmi_cfg",""
"BossModReborn","","","","##BossMod.Stormblood.Quest.MSQ.RhalgrsBeacon.FordolaRemLupis_cfg",""
"BossModReborn","","","","##BossMod.Stormblood.Quest.MSQ.TheMeasureOfHisReach.HakuroWhitefang_cfg",""
"BossModReborn","","","","##BossMod.Stormblood.Quest.MSQ.TheResonant.FordolaRemLupis_cfg",""
"BossModReborn","","","","##BossMod.Stormblood.Quest.MSQ.TheTimeBetweenTheSeconds.ZenosYaeGalvus_cfg",""
"BossModReborn","","","","##BossMod.Stormblood.Quest.MSQ.TheWillOfTheMoon.SaduHeavensflame_cfg",""
"BossModReborn","","","","##BossMod.Stormblood.Raid.O1NAlteRoite.O1NAlteRoite_cfg",""
"BossModReborn","","","","##BossMod.Stormblood.Raid.O3NHalicarnassus.O3NHalicarnassus_cfg",""
"BossModReborn","","","","##BossMod.Stormblood.Raid.O8NKefka.O8NKefka_cfg",""
"BossModReborn","","","","##BossMod.Stormblood.TreasureHunt.HiddenCalansOfUznair.Airavata.Airavata_cfg",""
"BossModReborn","","","","##BossMod.Stormblood.TreasureHunt.LostCanalsOfUznair.CanalIcebeast.CanalIcebeast_cfg",""
"BossModReborn","","","","##BossMod.Stormblood.TreasureHunt.ShiftingAltarsOfUznair.AltarAiravata.AltarAiravata_cfg",""
"BossModReborn","","","","##BossMod.Stormblood.TreasureHunt.ShiftingAltarsOfUznair.AltarArachne.AltarArachne_cfg",""
"BossModReborn","","","","##BossMod.Stormblood.TreasureHunt.ShiftingAltarsOfUznair.AltarBeast.AltarBeast_cfg",""
"BossModReborn","","","","##BossMod.Stormblood.TreasureHunt.ShiftingAltarsOfUznair.AltarChimera.AltarChimera_cfg",""
"BossModReborn","","","","##BossMod.Stormblood.TreasureHunt.ShiftingAltarsOfUznair.AltarDiresaur.AltarDiresaur_cfg",""
"BossModReborn","","","","##BossMod.Stormblood.TreasureHunt.ShiftingAltarsOfUznair.AltarDullahan.AltarDullahan_cfg",""
"BossModReborn","","","","##BossMod.Stormblood.TreasureHunt.ShiftingAltarsOfUznair.AltarKelpie.AltarKelpie_cfg",""
"BossModReborn","","","","##BossMod.Stormblood.TreasureHunt.ShiftingAltarsOfUznair.AltarMandragora.AltarMandragora_cfg",""
"BossModReborn","","","","##BossMod.Stormblood.TreasureHunt.ShiftingAltarsOfUznair.AltarSkatene.AltarSkatene_cfg",""
"BossModReborn","","","","##BossMod.Stormblood.TreasureHunt.ShiftingAltarsOfUznair.AltarTotem.AltarTotem_cfg",""
"BossModReborn","","","","##BossMod.Stormblood.TreasureHunt.ShiftingAltarsOfUznair.Hati.Hati_cfg",""
"BossModReborn","","","","##BossMod.Stormblood.TreasureHunt.ShiftingAltarsOfUznair.TheGreatGoldWhisker.TheGreatGoldWhisker_cfg",""
"BossModReborn","","","","##BossMod.Stormblood.TreasureHunt.ShiftingAltarsOfUznair.TheOlderOne.TheOlderOne_cfg",""
"BossModReborn","","","","##BossMod.Stormblood.TreasureHunt.ShiftingAltarsOfUznair.TheWinged.TheWinged_cfg",""
"BossModReborn","","","","##BossMod.Stormblood.Trial.T01Susano.Susano_cfg",""
"BossModReborn","","","","##BossMod.Stormblood.Trial.T02Lakshmi.T02Lakshmi_cfg",""
"BossModReborn","","","","##BossMod.Stormblood.Trial.T03Shinryu.T03Shinryu_cfg",""
"BossModReborn","","","","##BossMod.Stormblood.Trial.T04Tsukuyomi.Tsukuyomi_cfg",""
"BossModReborn","","","","##BossMod.Stormblood.Trial.T05Yojimbo.T05Yojimbo_cfg",""
"BossModReborn","","","","##BossMod.Stormblood.Trial.T07Byakko.T07Byakko_cfg",""
"BossModReborn","","","","##BossMod.Stormblood.Trial.T08Suzaku.T08Suzaku_cfg",""
"BossModReborn","","","","##BossMod.Stormblood.Trial.T09Seiryu.T09Seiryu_cfg",""
"BossModReborn","","","","##BossMod.Stormblood.Ultimate.UCOB.UCOB_cfg",""
"BossModReborn","","","","##BossMod.Stormblood.Ultimate.UWU.UWU_cfg",""
"BossModReborn","","","","#####up0","#####up0"
"BossModReborn","","","","#####up1","#####up1"
"BossModReborn","","","","#####up10","#####up10"
"BossModReborn","","","","#####up11","#####up11"
"BossModReborn","","","","#####up12","#####up12"
"BossModReborn","","","","#####up13","#####up13"
"BossModReborn","","","","#####up14","#####up14"
"BossModReborn","","","","#####up15","#####up15"
"BossModReborn","","","","#####up2","#####up2"
"BossModReborn","","","","#####up3","#####up3"
"BossModReborn","","","","#####up4","#####up4"
"BossModReborn","","","","#####up5","#####up5"
"BossModReborn","","","","#####up6","#####up6"
"BossModReborn","","","","#####up7","#####up7"
"BossModReborn","","","","#####up8","#####up8"
"BossModReborn","","","","#####up9","#####up9"
"BossModReborn","","","","#####down0","#####down0"
"BossModReborn","","","","#####down1","#####down1"
"BossModReborn","","","","#####down10","#####down10"
"BossModReborn","","","","#####down11","#####down11"
"BossModReborn","","","","#####down12","#####down12"
"BossModReborn","","","","#####down13","#####down13"
"BossModReborn","","","","#####down14","#####down14"
"BossModReborn","","","","#####down15","#####down15"
"BossModReborn","","","","#####down2","#####down2"
"BossModReborn","","","","#####down3","#####down3"
"BossModReborn","","","","#####down4","#####down4"
"BossModReborn","","","","#####down5","#####down5"
"BossModReborn","","","","#####down6","#####down6"
"BossModReborn","","","","#####down7","#####down7"
"BossModReborn","","","","#####down8","#####down8"
"BossModReborn","","","","#####down9","#####down9"
"BossModReborn","","","","#####Order for Double/Reverse Alley-Oop (boss relative)open","#####Order for Double/Reverse Alley-Oop (boss relative)open"
"BossModReborn","","","","#####P1 Bound of Faith (light party tethers): group assignments & flex priority (lower number flexes)open","#####P1 Bound of Faith (light party tethers): group assignments & flex priority (lower number flexes)open"
"BossModReborn","","","","#####P1 Cyclonic Break (proteans): bait clock spots (supports should be near dd to resolve pairs)open","#####P1 Cyclonic Break (proteans): bait clock spots (supports should be near dd to resolve pairs)open"
"BossModReborn","","","","#####P1 Explosions: tower fill priority (lower number goes north)open","#####P1 Explosions: tower fill priority (lower number goes north)open"
"BossModReborn","","","","#####P1 Fall of Faith (cone tethers): conga priority (two people without tethers with lower priorities join odd group)open","#####P1 Fall of Faith (cone tethers): conga priority (two people without tethers with lower priorities join odd group)open"
"BossModReborn","","","","#####P1 Pantokrator: assignments (G1 N, G2 S, adjust CW by default, in case of conflict 'lower' number flexes)open","#####P1 Pantokrator: assignments (G1 N, G2 S, adjust CW by default, in case of conflict 'lower' number flexes)open"
"BossModReborn","","","","#####P1 Program Loop: assignments (G1 CW from NW, G2 CCW by default, in case of conflict 'lower' number flexes)open","#####P1 Program Loop: assignments (G1 CW from NW, G2 CCW by default, in case of conflict 'lower' number flexes)open"
"BossModReborn","","","","#####P1 Utopian Sky: initial clock spots (MT should be near OT to resolve tankbuster)open","#####P1 Utopian Sky: initial clock spots (MT should be near OT to resolve tankbuster)open"
"BossModReborn","","","","#####P1 Utopian Sky: spread spots (G1 CCW from N, G2 CW from NE)open","#####P1 Utopian Sky: spread spots (G1 CCW from N, G2 CW from NE)open"
"BossModReborn","","","","#####P1: Doll assignments (middle tornado = relative south)open","#####P1: Doll assignments (middle tornado = relative south)open"
"BossModReborn","","","","#####P2 Banish after Light Rampant: spread clock spots (supports should be near dd to resolve pairs)open","#####P2 Banish after Light Rampant: spread clock spots (supports should be near dd to resolve pairs)open"
"BossModReborn","","","","#####P2 Diamond Dust: cardinal assignmentsopen","#####P2 Diamond Dust: cardinal assignmentsopen"
"BossModReborn","","","","#####P2 Intermission: clock spots (cardinals prioritize their crystals, intercardinals bait)open","#####P2 Intermission: clock spots (cardinals prioritize their crystals, intercardinals bait)open"
"BossModReborn","","","","#####P2 Light Rampant: conga spots (lower numbers to the west, assume CW rotation)open","#####P2 Light Rampant: conga spots (lower numbers to the west, assume CW rotation)open"
"BossModReborn","","","","#####P2 Mirror Mirror: spread spots for first proteans (looking from boss toward blue mirror)open","#####P2 Mirror Mirror: spread spots for first proteans (looking from boss toward blue mirror)open"
"BossModReborn","","","","#####P2 Mirror Mirror: spread spots for second proteans (looking toward red mirror, if both red mirrors are symmetrical assume CW rotation)open","#####P2 Mirror Mirror: spread spots for second proteans (looking toward red mirror, if both red mirrors are symmetrical assume CW rotation)open"
"BossModReborn","","","","#####P2 Party Synergy: assignments (G1 left, G2 right if looking at eye, in case of conflict 'lower' number flexes)open","#####P2 Party Synergy: assignments (G1 left, G2 right if looking at eye, in case of conflict 'lower' number flexes)open"
"BossModReborn","","","","#####P2 Sanctity of the Ward (charges): group assignmentsopen","#####P2 Sanctity of the Ward (charges): group assignmentsopen"
"BossModReborn","","","","#####P2 Sanctity of the Ward (meteors): pair assignmentsopen","#####P2 Sanctity of the Ward (meteors): pair assignmentsopen"
"BossModReborn","","","","#####P2: nisi pair assignmentsopen","#####P2: nisi pair assignmentsopen"
"BossModReborn","","","","#####P3 Apocalypse: assignments (G1 CCW from N, G2 CW from NE, in case of conflict 'lower' number flexes)open","#####P3 Apocalypse: assignments (G1 CCW from N, G2 CW from NE, in case of conflict 'lower' number flexes)open"
"BossModReborn","","","","#####P3 enumeration towers: assignmentsopen","#####P3 enumeration towers: assignmentsopen"
"BossModReborn","","","","#####P3 Heavensfall Trio: tower priority, CW starting from naelopen","#####P3 Heavensfall Trio: tower priority, CW starting from naelopen"
"BossModReborn","","","","#####P3 Intermission: spread/stack spot assignments, from West to Eastopen","#####P3 Intermission: spread/stack spot assignments, from West to Eastopen"
"BossModReborn","","","","#####P3 Monitors: priority, from North to Southopen","#####P3 Monitors: priority, from North to Southopen"
"BossModReborn","","","","#####P3 Quickmarch/Heavensfall Trio: safespot assignments (assuming bahamut is relative north/up, group L goes left; L1/R1 closest to bosses)open","#####P3 Quickmarch/Heavensfall Trio: safespot assignments (assuming bahamut is relative north/up, group L goes left; L1/R1 closest to bosses)open"
"BossModReborn","","","","#####P3 Ultimate Relativity: spot assignments (lower number goes NW/SW)open","#####P3 Ultimate Relativity: spot assignments (lower number goes NW/SW)open"
"BossModReborn","","","","#####P4 Crystallize Time: assignments for claws (lower prio goes west)open","#####P4 Crystallize Time: assignments for claws (lower prio goes west)open"
"BossModReborn","","","","#####P4 Darklit Dragonsong: assignments (lower prio stays more clockwise, lowest prio support takes N tower)open","#####P4 Darklit Dragonsong: assignments (lower prio stays more clockwise, lowest prio support takes N tower)open"
"BossModReborn","","","","#####P4 Wave Cannon: priority, from North to South (assuming south flex)open","#####P4 Wave Cannon: priority, from North to South (assuming south flex)open"
"BossModReborn","","","","#####P5 Polarizing Strikes: bait orderopen","#####P5 Polarizing Strikes: bait orderopen"
"BossModReborn","","","","#####Snake 1: assignmentsopen","#####Snake 1: assignmentsopen"
"BossModReborn","","","","#####Snake 2: assignmentsopen","#####Snake 2: assignmentsopen"
"BossModReborn","","","","##BossMod.Dawntrail.Advanced.Ad01MerchantsTale.Ad013LoneSwordmaster.Ad013LoneSwordmaster_plans",""
"BossModReborn","","","","##BossMod.Dawntrail.Advanced.Ad01TheMerchantsTale.Ad011PariofPlenty.PariOfPlenty_plans",""
"BossModReborn","","","","##BossMod.Dawntrail.Advanced.Ad01TheMerchantsTale.Ad012DaryaTheSeamaid.Ad012DaryaTheSeamaid_plans",""
"BossModReborn","","","","##BossMod.Dawntrail.Alliance.A10Aquarius.A10Aquarius_plans",""
"BossModReborn","","","","##BossMod.Dawntrail.Alliance.A10Despot.A10Despot_plans",""
"BossModReborn","","","","##BossMod.Dawntrail.Alliance.A10Groundskeeper.A10Groundskeeper_plans",""
"BossModReborn","","","","##BossMod.Dawntrail.Alliance.A10Trash.VanguardPathfinder.A10VanguardPathfinder_plans",""
"BossModReborn","","","","##BossMod.Dawntrail.Alliance.A11Prishe.A11Prishe_plans",""
"BossModReborn","","","","##BossMod.Dawntrail.Alliance.A12Fafnir.A12Fafnir_plans",""
"BossModReborn","","","","##BossMod.Dawntrail.Alliance.A13ArkAngels.A13ArkAngels_plans",""
"BossModReborn","","","","##BossMod.Dawntrail.Alliance.A14ShadowLord.A14ShadowLord_plans",""
"BossModReborn","","","","##BossMod.Dawntrail.Alliance.A20Detector.A20Detector_plans",""
"BossModReborn","","","","##BossMod.Dawntrail.Alliance.A20JaggedyEaredJack.A20JaggedyEaredJack_plans",""
"BossModReborn","","","","##BossMod.Dawntrail.Alliance.A20Kraken.A20Kraken_plans",""
"BossModReborn","","","","##BossMod.Dawntrail.Alliance.A21FaithboundKirin.A21FaithboundKirin_plans",""
"BossModReborn","","","","##BossMod.Dawntrail.Alliance.A22UltimaOmega.A22UltimaOmega_plans",""
"BossModReborn","","","","##BossMod.Dawntrail.Alliance.A23Kamlanaut.A23Kamlanaut_plans",""
"BossModReborn","","","","##BossMod.Dawntrail.Alliance.A24Ealdnarche.A24Ealdnarche_plans",""
"BossModReborn","","","","##BossMod.Dawntrail.Alliance.A30Shantoto.A30Shantoto_plans",""
"BossModReborn","","","","##BossMod.Dawntrail.Alliance.A31AlZahbi.A31AlZahbi_plans",""
"BossModReborn","","","","##BossMod.Dawntrail.Alliance.A32Alexander.A32Alexander_plans",""
"BossModReborn","","","","##BossMod.Dawntrail.Alliance.A33Awaern.A33Awaern_plans",""
"BossModReborn","","","","##BossMod.Dawntrail.Alliance.A34Promathia.A34Promathia_plans",""
"BossModReborn","","","","##BossMod.Dawntrail.Alliance.A35ShinryuParadox.A35ShinryuParadox_plans",""
"BossModReborn","","","","##BossMod.Dawntrail.Chaotic.Ch01CloudOfDarkness.Ch01CloudOfDarkness_plans",""
"BossModReborn","","","","##BossMod.Dawntrail.Criterion.C01AMT.C011DaryaTheSeaMaid.C011DaryaTheSeaMaid_plans",""
"BossModReborn","","","","##BossMod.Dawntrail.Criterion.C01AMT.C013PariOfPlenty.C013PariOfPlenty_plans",""
"BossModReborn","","","","##BossMod.Dawntrail.DeepDungeon.PilgrimsTraverse.DD10OrnamentalLeafman.DD10OrnamentalLeafman_plans",""
"BossModReborn","","","","##BossMod.Dawntrail.DeepDungeon.PilgrimsTraverse.DD20ForgivenEmulation.DD20ForgivenEmulation_plans",""
"BossModReborn","","","","##BossMod.Dawntrail.DeepDungeon.PilgrimsTraverse.DD30ForgivenTreachery.DD30ForgivenTreachery_plans",""
"BossModReborn","","","","##BossMod.Dawntrail.DeepDungeon.PilgrimsTraverse.DD40ForgivenNaivety.DD40ForgivenNaivety_plans",""
"BossModReborn","","","","##BossMod.Dawntrail.DeepDungeon.PilgrimsTraverse.DD50Ogbunabali.DD50Ogbunabali_plans",""
"BossModReborn","","","","##BossMod.Dawntrail.DeepDungeon.PilgrimsTraverse.DD60AncestralMaliktender.DD60AncestralMaliktender_plans",""
"BossModReborn","","","","##BossMod.Dawntrail.DeepDungeon.PilgrimsTraverse.DD70ForgivenZeal.DD70ForgivenZeal_plans",""
"BossModReborn","","","","##BossMod.Dawntrail.DeepDungeon.PilgrimsTraverse.DD80ForgivenProfanity.DD80ForgivenProfanity_plans",""
"BossModReborn","","","","##BossMod.Dawntrail.DeepDungeon.PilgrimsTraverse.DD90Malacoda.DD90Malacoda_plans",""
"BossModReborn","","","","##BossMod.Dawntrail.DeepDungeon.PilgrimsTraverse.DD99EminentGrief.DD99EminentGrief_plans",""
"BossModReborn","","","","##BossMod.Dawntrail.Dungeon.D01Ihuykatumu.D011PrimePunutiy.D011PrimePunutiy_plans",""
"BossModReborn","","","","##BossMod.Dawntrail.Dungeon.D01Ihuykatumu.D012Drowsie.D012Drowsie_plans",""
"BossModReborn","","","","##BossMod.Dawntrail.Dungeon.D01Ihuykatumu.D013Apollyon.D013Apollyon_plans",""
"BossModReborn","","","","##BossMod.Dawntrail.Dungeon.D02WorqorZormor.D021RyoqorTerteh.D021RyoqorTerteh_plans",""
"BossModReborn","","","","##BossMod.Dawntrail.Dungeon.D02WorqorZormor.D022Kahderyor.D022Kahderyor_plans",""
"BossModReborn","","","","##BossMod.Dawntrail.Dungeon.D02WorqorZormor.D023Gurfurlur.D023Gurfurlur_plans",""
"BossModReborn","","","","##BossMod.Dawntrail.Dungeon.D03SkydeepCenote.D031FeatherRay.D031FeatherRay_plans",""
"BossModReborn","","","","##BossMod.Dawntrail.Dungeon.D03SkydeepCenote.D032Firearms.D032Firearms_plans",""
"BossModReborn","","","","##BossMod.Dawntrail.Dungeon.D03SkydeepCenote.D033Maulskull.D033Maulskull_plans",""
"BossModReborn","","","","##BossMod.Dawntrail.Dungeon.D04Vanguard.D040VanguardAerostat1.D040VanguardAerostat1_plans",""
"BossModReborn","","","","##BossMod.Dawntrail.Dungeon.D04Vanguard.D040VanguardAerostat2.D040VanguardAerostat2_plans",""
"BossModReborn","","","","##BossMod.Dawntrail.Dungeon.D04Vanguard.D040VanguardLeptocyon.D040VanguardLeptocyon_plans",""
"BossModReborn","","","","##BossMod.Dawntrail.Dungeon.D04Vanguard.D040VanguardSentryR7.D040VanguardSentryR7_plans",""
"BossModReborn","","","","##BossMod.Dawntrail.Dungeon.D04Vanguard.D041CommanderR8.D041CommanderR8_plans",""
"BossModReborn","","","","##BossMod.Dawntrail.Dungeon.D04Vanguard.D042Protector.D042Protector_plans",""
"BossModReborn","","","","##BossMod.Dawntrail.Dungeon.D04Vanguard.D043Zander.D043Zander_plans",""
"BossModReborn","","","","##BossMod.Dawntrail.Dungeon.D05Origenics.D050OrigenicsAerostat.D050OrigenicsAerostat_plans",""
"BossModReborn","","","","##BossMod.Dawntrail.Dungeon.D05Origenics.D051Herpekaris.D051Herpekaris_plans",""
"BossModReborn","","","","##BossMod.Dawntrail.Dungeon.D05Origenics.D052Deceiver.D052Deceiver_plans",""
"BossModReborn","","","","##BossMod.Dawntrail.Dungeon.D05Origenics.D053Ambrose.D053Ambrose_plans",""
"BossModReborn","","","","##BossMod.Dawntrail.Dungeon.D06Alexandria.D061AntivirusX.D061AntivirusX_plans",""
"BossModReborn","","","","##BossMod.Dawntrail.Dungeon.D06Alexandria.D062Amalgam.D062Amalgam_plans",""
"BossModReborn","","","","##BossMod.Dawntrail.Dungeon.D06Alexandria.D063Eliminator.D063Eliminator_plans",""
"BossModReborn","","","","##BossMod.Dawntrail.Dungeon.D07TenderValley.D071Barreltender.D071Barreltender_plans",""
"BossModReborn","","","","##BossMod.Dawntrail.Dungeon.D07TenderValley.D072Anthracite.D072Anthracite_plans",""
"BossModReborn","","","","##BossMod.Dawntrail.Dungeon.D07TenderValley.D073YokHuyAttestant.D073YokHuyAttestant_plans",""
"BossModReborn","","","","##BossMod.Dawntrail.Dungeon.D07TenderValley.D074GreatestSerpentOfTural.D074GreatestSerpentOfTural_plans",""
"BossModReborn","","","","##BossMod.Dawntrail.Dungeon.D08StrayboroughDeadwalk.D081HisRoyalHeadnessLeonoggI.D081HisRoyalHeadnessLeonoggI_plans",""
"BossModReborn","","","","##BossMod.Dawntrail.Dungeon.D08StrayboroughDeadwalk.D082JackInThePot.D082JackInThePot_plans",""
"BossModReborn","","","","##BossMod.Dawntrail.Dungeon.D08StrayboroughDeadwalk.D083Träumerei.D083Träumerei_plans",""
"BossModReborn","","","","##BossMod.Dawntrail.Dungeon.D09YuweyawataFieldStation.D091LindblumZaghnal.D091LindblumZaghnal_plans",""
"BossModReborn","","","","##BossMod.Dawntrail.Dungeon.D09YuweyawataFieldStation.D092OverseerKanilokka.D092OverseerKanilokka_plans",""
"BossModReborn","","","","##BossMod.Dawntrail.Dungeon.D09YuweyawataFieldStation.D093Lunipyati.cs.D093Lunipyati_plans",""
"BossModReborn","","","","##BossMod.Dawntrail.Dungeon.D09YuweyawataFieldStation.D90ForestBat.D90ForestBat_plans",""
"BossModReborn","","","","##BossMod.Dawntrail.Dungeon.D09YuweyawataFieldStation.D90ForestWoolback.D90ForestWoolback_plans",""
"BossModReborn","","","","##BossMod.Dawntrail.Dungeon.D09YuweyawataFieldStation.D90RottenResearcher.D90RottenResearcher_plans",""
"BossModReborn","","","","##BossMod.Dawntrail.Dungeon.D09YuweyawataFieldStation.D90SprightlyClayGolem.D90SprightlyClayGolem_plans",""
"BossModReborn","","","","##BossMod.Dawntrail.Dungeon.D09YuweyawataFieldStation.D90SprightlyPhoebad.D90SprightlyPhoebad_plans",""
"BossModReborn","","","","##BossMod.Dawntrail.Dungeon.D09YuweyawataFieldStation.D90StationSpecter.D90StationSpecter_plans",""
"BossModReborn","","","","##BossMod.Dawntrail.Dungeon.D10Underkeep.D101Gargant.D101Gargant_plans",""
"BossModReborn","","","","##BossMod.Dawntrail.Dungeon.D10Underkeep.D102SoldierS0.D102SoldierS0_plans",""
"BossModReborn","","","","##BossMod.Dawntrail.Dungeon.D10Underkeep.D103ValiaPira.D103ValiaPira_plans",""
"BossModReborn","","","","##BossMod.Dawntrail.Dungeon.D11MesoTerminal.D111ChirurgeonGeneral.D111ChirurgeonGeneral_plans",""
"BossModReborn","","","","##BossMod.Dawntrail.Dungeon.D11MesoTerminal.D112FourHeadsmen.D112FourHeadsmen_plans",""
"BossModReborn","","","","##BossMod.Dawntrail.Dungeon.D11MesoTerminal.D113ImmortalRemains.D113ImmortalRemains_plans",""
"BossModReborn","","","","##BossMod.Dawntrail.Dungeon.D12Mistwake.D121TrenoCatoblepas.D121TrenoCatoblepas_plans",""
"BossModReborn","","","","##BossMod.Dawntrail.Dungeon.D12Mistwake.D122Amdusias.D122Amdusias_plans",""
"BossModReborn","","","","##BossMod.Dawntrail.Dungeon.D12Mistwake.D123ThundergustGriffin.D123ThundergustGriffin_plans",""
"BossModReborn","","","","##BossMod.Dawntrail.Dungeon.D13TheClyteum.D131EyeOfTheScorpion.D131EyeOfTheScorpion_plans",""
"BossModReborn","","","","##BossMod.Dawntrail.Dungeon.D13TheClyteum.D132Chort.D132Chort_plans",""
"BossModReborn","","","","##BossMod.Dawntrail.Dungeon.D13TheClyteum.D133Malphas.D133Malphas_plans",""
"BossModReborn","","","","##BossMod.Dawntrail.Extreme.Ex1Valigarmanda.Ex1Valigarmanda_plans",""
"BossModReborn","","","","##BossMod.Dawntrail.Extreme.Ex2ZoraalJa.Ex2ZoraalJa_plans",""
"BossModReborn","","","","##BossMod.Dawntrail.Extreme.Ex3QueenEternal.Ex3QueenEternal_plans",""
"BossModReborn","","","","##BossMod.Dawntrail.Extreme.Ex4Zelenia.Ex4Zelenia_plans",""
"BossModReborn","","","","##BossMod.Dawntrail.Extreme.Ex5Necron.Ex5Necron_plans",""
"BossModReborn","","","","##BossMod.Dawntrail.Extreme.Ex6GuardianArkveld.Ex6GuardianArkveld_plans",""
"BossModReborn","","","","##BossMod.Dawntrail.Extreme.Ex7Doomtrain.Ex7Doomtrain_plans",""
"BossModReborn","","","","##BossMod.Dawntrail.Extreme.Ex8Enuo.Ex8Enuo_plans",""
"BossModReborn","","","","##BossMod.Dawntrail.FATE.MicaTheMagicalMu.MicaTheMagicalMu_plans",""
"BossModReborn","","","","##BossMod.Dawntrail.FATE.Ttokrrone.Ttokrrone_plans",""
"BossModReborn","","","","##BossMod.Dawntrail.Foray.CriticalEngagement.CE101BlackRegiment.CE101BlackRegiment_plans",""
"BossModReborn","","","","##BossMod.Dawntrail.Foray.CriticalEngagement.CE102FromTimesBygone.CE102FromTimesBygone_plans",""
"BossModReborn","","","","##BossMod.Dawntrail.Foray.CriticalEngagement.CE103WithExtremePrejudice.CE103WithExtremePrejudice_plans",""
"BossModReborn","","","","##BossMod.Dawntrail.Foray.CriticalEngagement.CE104NoiseComplaint.CE104NoiseComplaint_plans",""
"BossModReborn","","","","##BossMod.Dawntrail.Foray.CriticalEngagement.CE105CrawlingDeath.CE105CrawlingDeath_plans",""
"BossModReborn","","","","##BossMod.Dawntrail.Foray.CriticalEngagement.CE106TrialByClaw.CE106TrialByClaw_plans",""
"BossModReborn","","","","##BossMod.Dawntrail.Foray.CriticalEngagement.CE107Unbridled.CE107Unbridled_plans",""
"BossModReborn","","","","##BossMod.Dawntrail.Foray.CriticalEngagement.CE108CalamityBound.CE108CalamityBound_plans",""
"BossModReborn","","","","##BossMod.Dawntrail.Foray.CriticalEngagement.CE109CompanyOfStone.CE109CompanyOfStone_plans",""
"BossModReborn","","","","##BossMod.Dawntrail.Foray.CriticalEngagement.CE110FlameOfDusk.CE110FlameOfDusk_plans",""
"BossModReborn","","","","##BossMod.Dawntrail.Foray.CriticalEngagement.CE111SharkAttack.CE111SharkAttack_plans",""
"BossModReborn","","","","##BossMod.Dawntrail.Foray.CriticalEngagement.CE112EternalWatch.CE112EternalWatch_plans",""
"BossModReborn","","","","##BossMod.Dawntrail.Foray.CriticalEngagement.CE113ScourgeOfMind.CE113ScourgeOfMind_plans",""
"BossModReborn","","","","##BossMod.Dawntrail.Foray.CriticalEngagement.CE114OnTheHunt.CE114OnTheHunt_plans",""
"BossModReborn","","","","##BossMod.Dawntrail.Foray.CriticalEngagement.CE115CursedConcern.CE115CursedConcern_plans",""
"BossModReborn","","","","##BossMod.Dawntrail.Foray.CriticalEngagement.CE201ABeastUnleashed.CE201ABeastUnleashed_plans",""
"BossModReborn","","","","##BossMod.Dawntrail.Foray.CriticalEngagement.CE202AcceptNoImitators.CE202AcceptNoImitators_plans",""
"BossModReborn","","","","##BossMod.Dawntrail.Foray.CriticalEngagement.CE203AheadoftheCompetition.CE203AheadoftheCompetition_plans",""
"BossModReborn","","","","##BossMod.Dawntrail.Foray.CriticalEngagement.CE204AppallingBehavior.CE204AppallingBehavior_plans",""
"BossModReborn","","","","##BossMod.Dawntrail.Foray.CriticalEngagement.CE205CursedResurgence.CE205CursedResurgence_plans",""
"BossModReborn","","","","##BossMod.Dawntrail.Foray.CriticalEngagement.CE206DarkArtistry.CE206DarkArtistry_plans",""
"BossModReborn","","","","##BossMod.Dawntrail.Foray.CriticalEngagement.CE207DoubleTrouble.CE207DoubleTrouble_plans",""
"BossModReborn","","","","##BossMod.Dawntrail.Foray.CriticalEngagement.CE208FamiliarTactics.CE208FamiliarTactics_plans",""
"BossModReborn","","","","##BossMod.Dawntrail.Foray.CriticalEngagement.CE209ForbiddenFolios.CE209ForbiddenFolios_plans",""
"BossModReborn","","","","##BossMod.Dawntrail.Foray.CriticalEngagement.CE210ImbalancedDiet.CE210ImbalancedDiet_plans",""
"BossModReborn","","","","##BossMod.Dawntrail.Foray.CriticalEngagement.CE211LostontheWind.CE211LostontheWind_plans",""
"BossModReborn","","","","##BossMod.Dawntrail.Foray.CriticalEngagement.CE212ManyMouthstoFeed.CE212ManyMouthstoFeed_plans",""
"BossModReborn","","","","##BossMod.Dawntrail.Foray.CriticalEngagement.CE213QuarriedAway.CE213QuarriedAway_plans",""
"BossModReborn","","","","##BossMod.Dawntrail.Foray.CriticalEngagement.CE214TinyTerror.CE214TinyTerror_plans",""
"BossModReborn","","","","##BossMod.Dawntrail.Foray.CriticalEngagement.CE215WebofTerror.CE215WebofTerror_plans",""
"BossModReborn","","","","##BossMod.Dawntrail.Foray.FATE.ADelicateBalance.ADelicateBalance_plans",""
"BossModReborn","","","","##BossMod.Dawntrail.Foray.FATE.AllureOfTheOccult.AllureOfTheOccult_plans",""
"BossModReborn","","","","##BossMod.Dawntrail.Foray.FATE.AnUnendingDuty.AnUnendingDuty_plans",""
"BossModReborn","","","","##BossMod.Dawntrail.Foray.FATE.APryingEye.APryingEye_plans",""
"BossModReborn","","","","##BossMod.Dawntrail.Foray.FATE.ARottenAffair.ARottenAffair_plans",""
"BossModReborn","","","","##BossMod.Dawntrail.Foray.FATE.BrainDrain.BrainDrain_plans",""
"BossModReborn","","","","##BossMod.Dawntrail.Foray.FATE.EyeToEye.EyeToEye_plans",""
"BossModReborn","","","","##BossMod.Dawntrail.Foray.FATE.FatalAllure.FatalAllure_plans",""
"BossModReborn","","","","##BossMod.Dawntrail.Foray.FATE.GaleForceEncounter.GaleForceEncounter_plans",""
"BossModReborn","","","","##BossMod.Dawntrail.Foray.FATE.GoldenGuardian.GoldenGuardian_plans",""
"BossModReborn","","","","##BossMod.Dawntrail.Foray.FATE.InAPotOfBother.InAPotOfBother_plans",""
"BossModReborn","","","","##BossMod.Dawntrail.Foray.FATE.InconstantGardener.InconstantGardener_plans",""
"BossModReborn","","","","##BossMod.Dawntrail.Foray.FATE.KingOfTheCrescent.KingOfTheCrescent_plans",""
"BossModReborn","","","","##BossMod.Dawntrail.Foray.FATE.RagingThrall.RagingThrall_plans",""
"BossModReborn","","","","##BossMod.Dawntrail.Foray.FATE.RoughWaters.RoughWaters_plans",""
"BossModReborn","","","","##BossMod.Dawntrail.Foray.FATE.ScaleModel.DemiMedusa_plans",""
"BossModReborn","","","","##BossMod.Dawntrail.Foray.FATE.ServingDarkness.ServingDarkness_plans",""
"BossModReborn","","","","##BossMod.Dawntrail.Foray.FATE.ShorelineShowdown.RegnantChimera_plans",""
"BossModReborn","","","","##BossMod.Dawntrail.Foray.FATE.SwornToSoil.MadMudarch_plans",""
"BossModReborn","","","","##BossMod.Dawntrail.Foray.FATE.TerritorialDispute.TerritorialDispute_plans",""
"BossModReborn","","","","##BossMod.Dawntrail.Foray.FATE.TheWingedTerror.TheWingedTerror_plans",""
"BossModReborn","","","","##BossMod.Dawntrail.Foray.FATE.Thunderregnum.Thunderregnum_plans",""
"BossModReborn","","","","##BossMod.Dawntrail.Foray.FATE.WavedAway.WavedAway_plans",""
"BossModReborn","","","","##BossMod.Dawntrail.Foray.ForkedTowerBlood.FTB0SanguineRecluse.FTB0SanguineRecluse_plans",""
"BossModReborn","","","","##BossMod.Dawntrail.Foray.ForkedTowerBlood.FTB1DemonTablet.FTB1DemonTablet_plans",""
"BossModReborn","","","","##BossMod.Dawntrail.Foray.ForkedTowerBlood.FTB2DeadStars.FTB2DeadStars_plans",""
"BossModReborn","","","","##BossMod.Dawntrail.Foray.ForkedTowerBlood.FTB3MarbleDragon.FTB3MarbleDragon_plans",""
"BossModReborn","","","","##BossMod.Dawntrail.Foray.ForkedTowerBlood.FTB4Magitaur.FTB4Magitaur_plans",""
"BossModReborn","","","","##BossMod.Dawntrail.Foray.ForkedTowerMagic.Extreme.FTME1TwoHeadedAevis.FTME1TwoHeadedAevis_plans",""
"BossModReborn","","","","##BossMod.Dawntrail.Foray.ForkedTowerMagic.Extreme.FTME2SwordDancer.FTME2SwordDancer_plans",""
"BossModReborn","","","","##BossMod.Dawntrail.Foray.ForkedTowerMagic.Extreme.FTME3Necrophobia.FTME3Necrophobia_plans",""
"BossModReborn","","","","##BossMod.Dawntrail.Foray.ForkedTowerMagic.Extreme.FTME4Index.FTME4Index_plans",""
"BossModReborn","","","","##BossMod.Dawntrail.Foray.ForkedTowerMagic.Normal.FTMN1TwoHeadedAevis.FTMN1TwoHeadedAevis_plans",""
"BossModReborn","","","","##BossMod.Dawntrail.Foray.ForkedTowerMagic.Normal.FTMN2SwordDancer.FTMN2SwordDancer_plans",""
"BossModReborn","","","","##BossMod.Dawntrail.Foray.ForkedTowerMagic.Normal.FTMN3Necrophobia.FTMN3Necrophobia_plans",""
"BossModReborn","","","","##BossMod.Dawntrail.Foray.ForkedTowerMagic.Normal.FTMN4Index.FTMN4Index_plans",""
"BossModReborn","","","","##BossMod.Dawntrail.Hunt.RankA.CatsEye.CatsEye_plans",""
"BossModReborn","","","","##BossMod.Dawntrail.Hunt.RankA.Heshuala.Heshuala_plans",""
"BossModReborn","","","","##BossMod.Dawntrail.Hunt.RankA.Keheniheyamewi.Keheniheyamewi_plans",""
"BossModReborn","","","","##BossMod.Dawntrail.Hunt.RankA.Nechuciho.Nechuciho_plans",""
"BossModReborn","","","","##BossMod.Dawntrail.Hunt.RankA.Pkuucha.Pkuucha_plans",""
"BossModReborn","","","","##BossMod.Dawntrail.Hunt.RankA.QueenHawk.QueenHawk_plans",""
"BossModReborn","","","","##BossMod.Dawntrail.Hunt.RankA.RraxYitya.RraxYitya_plans",""
"BossModReborn","","","","##BossMod.Dawntrail.Hunt.RankA.SallyTheSweeper.SallyTheSweeper_plans",""
"BossModReborn","","","","##BossMod.Dawntrail.Hunt.RankA.Starcrier.Starcrier_plans",""
"BossModReborn","","","","##BossMod.Dawntrail.Hunt.RankA.TheRaintriller.TheRaintriller_plans",""
"BossModReborn","","","","##BossMod.Dawntrail.Hunt.RankA.UrnaVariabilis.UrnaVariabilis_plans",""
"BossModReborn","","","","##BossMod.Dawntrail.Hunt.RankA.Yehehetoauapyo.Yehehetoauapyo_plans",""
"BossModReborn","","","","##BossMod.Dawntrail.Hunt.RankS.ArchAethereater.ArchAethereater_plans",""
"BossModReborn","","","","##BossMod.Dawntrail.Hunt.RankS.AtticusThePrimogenitor.AtticusThePrimogenitor_plans",""
"BossModReborn","","","","##BossMod.Dawntrail.Hunt.RankS.CrystalIncarnation.CrystalIncarnation_plans",""
"BossModReborn","","","","##BossMod.Dawntrail.Hunt.RankS.Ihnuxokiy.Ihnuxokiy_plans",""
"BossModReborn","","","","##BossMod.Dawntrail.Hunt.RankS.KirlirgerTheAbhorrent.KirlirgerTheAbhorrent_plans",""
"BossModReborn","","","","##BossMod.Dawntrail.Hunt.RankS.Neyoozoteel.Neyoozoteel_plans",""
"BossModReborn","","","","##BossMod.Dawntrail.Hunt.RankS.Sansheya.Sansheya_plans",""
"BossModReborn","","","","##BossMod.Dawntrail.Hunt.RankS.TheForecaster.TheForecaster_plans",""
"BossModReborn","","","","##BossMod.Dawntrail.Quantum.Q1FinalVerse.Q1FinalVerse_plans",""
"BossModReborn","","","","##BossMod.Dawntrail.Quest.Job.Pictomancer.MindOverManor.MindOverManor_plans",""
"BossModReborn","","","","##BossMod.Dawntrail.Quest.Job.Pictomancer.SomewhereOnlySheKnows.FlightOfTheGriffin.FlightOfTheGriffin_plans",""
"BossModReborn","","","","##BossMod.Dawntrail.Quest.Job.Pictomancer.SomewhereOnlySheKnows.JanquetilaquesPortrait.JanquetilaquesPortrait_plans",""
"BossModReborn","","","","##BossMod.Dawntrail.Quest.Job.Pictomancer.SomewhereOnlySheKnows.TheWingedSteed.TheWingedSteed_plans",""
"BossModReborn","","","","##BossMod.Dawntrail.Quest.Job.Viper.FangsOfTheViper.FangsOfTheViper_plans",""
"BossModReborn","","","","##BossMod.Dawntrail.Quest.Job.Viper.VengeanceOfTheViper.VengeanceOfTheViper_plans",""
"BossModReborn","","","","##BossMod.Dawntrail.Quest.MSQ.AFatherFirst.AFatherFirst_plans",""
"BossModReborn","","","","##BossMod.Dawntrail.Quest.MSQ.TakingAStand.TakingAStand_plans",""
"BossModReborn","","","","##BossMod.Dawntrail.Quest.MSQ.TheFeatOfBrotherhood.TheFeatOfBrotherhood_plans",""
"BossModReborn","","","","##BossMod.Dawntrail.Quest.MSQ.TheProtectorAndTheDestroyer.Gwyddrud.Gwyddrud_plans",""
"BossModReborn","","","","##BossMod.Dawntrail.Quest.MSQ.TheProtectorAndTheDestroyer.Otis.OtisOathbroken_plans",""
"BossModReborn","","","","##BossMod.Dawntrail.Quest.MSQ.TheWarmthOfTheFamily.AlphaAlligator.AlphaAlligator_plans",""
"BossModReborn","","","","##BossMod.Dawntrail.Quest.MSQ.TheWarmthOfTheFamily.Tturuhhetso.Tturuhhetso_plans",""
"BossModReborn","","","","##BossMod.Dawntrail.Quest.Role.AHunterTrue.AHunterTrue_plans",""
"BossModReborn","","","","##BossMod.Dawntrail.Quest.Role.AnAntidoteForAnarchy.AnAntidoteForAnarchy_plans",""
"BossModReborn","","","","##BossMod.Dawntrail.Quest.Role.BarThePassage.Apyaahi.ApyaahiTheArchitect_plans",""
"BossModReborn","","","","##BossMod.Dawntrail.Quest.Role.BarThePassage.Trash1.Trash1_plans",""
"BossModReborn","","","","##BossMod.Dawntrail.Quest.Role.BarThePassage.Trash2.Trash2_plans",""
"BossModReborn","","","","##BossMod.Dawntrail.Quest.Role.DreamsOfANewDay.DreamsOfANewDayP1_plans",""
"BossModReborn","","","","##BossMod.Dawntrail.Quest.Role.DreamsOfANewDay.DreamsOfANewDayP2_plans",""
"BossModReborn","","","","##BossMod.Dawntrail.Quest.Role.HeroesAndPretenders.HeroesAndPretenders_plans",""
"BossModReborn","","","","##BossMod.Dawntrail.Quest.Role.TheMightiestShield.TheMightiestShield_plans",""
"BossModReborn","","","","##BossMod.Dawntrail.Raid.M01NBlackCat.M01NBlackCat_plans",""
"BossModReborn","","","","##BossMod.Dawntrail.Raid.M02NHoneyBLovely.M02NHoneyBLovely_plans",""
"BossModReborn","","","","##BossMod.Dawntrail.Raid.M03NBruteBomber.M03NBruteBomber_plans",""
"BossModReborn","","","","##BossMod.Dawntrail.Raid.M04NWickedThunder.M04NWickedThunder_plans",""
"BossModReborn","","","","##BossMod.Dawntrail.Raid.M05NDancingGreen.M05NDancingGreen_plans",""
"BossModReborn","","","","##BossMod.Dawntrail.Raid.M06NSugarRiot.M06NSugarRiot_plans",""
"BossModReborn","","","","##BossMod.Dawntrail.Raid.M07NBruteAbombinator.M07NBruteAbombinator_plans",""
"BossModReborn","","","","##BossMod.Dawntrail.Raid.M08NHowlingBlade.M08NHowlingBlade_plans",""
"BossModReborn","","","","##BossMod.Dawntrail.Raid.M09NVampFatale.M09NVampFatale_plans",""
"BossModReborn","","","","##BossMod.Dawntrail.Raid.M10NDaringDevils.M10NDaringDevils_plans",""
"BossModReborn","","","","##BossMod.Dawntrail.Raid.M11NTheTyrant.M11NTheTyrant_plans",""
"BossModReborn","","","","##BossMod.Dawntrail.Raid.M12NLindwurm.M12NLindwurm_plans",""
"BossModReborn","","","","##BossMod.Dawntrail.Savage.M01SBlackCat.M01SBlackCat_plans",""
"BossModReborn","","","","##BossMod.Dawntrail.Savage.M02SHoneyBLovely.M02SHoneyBLovely_plans",""
"BossModReborn","","","","##BossMod.Dawntrail.Savage.M03SBruteBomber.M03SBruteBomber_plans",""
"BossModReborn","","","","##BossMod.Dawntrail.Savage.M04SWickedThunder.M04SWickedThunder_plans",""
"BossModReborn","","","","##BossMod.Dawntrail.Savage.M05SDancingGreen.M05SDancingGreen_plans",""
"BossModReborn","","","","##BossMod.Dawntrail.Savage.M06SSugarRiot.M06SSugarRiot_plans",""
"BossModReborn","","","","##BossMod.Dawntrail.Savage.M07SBruteAbombinator.M07SBruteAbombinator_plans",""
"BossModReborn","","","","##BossMod.Dawntrail.Savage.M08SHowlingBlade.M08SHowlingBlade_plans",""
"BossModReborn","","","","##BossMod.Dawntrail.Savage.M09SVampFatale.M09SVampFatale_plans",""
"BossModReborn","","","","##BossMod.Dawntrail.Savage.M10STheXtremes.M10STheXtremes_plans",""
"BossModReborn","","","","##BossMod.Dawntrail.Savage.M11STheTyrant.M11STheTyrant_plans",""
"BossModReborn","","","","##BossMod.Dawntrail.Savage.M12S2Lindwurm.M12S2TheLindwurm_plans",""
"BossModReborn","","","","##BossMod.Dawntrail.Savage.M12SLindwurm.M12SLindwurm_plans",""
"BossModReborn","","","","##BossMod.Dawntrail.TreasureHunt.CenoteJaJaGural.BullApollyon.BullApollyon_plans",""
"BossModReborn","","","","##BossMod.Dawntrail.TreasureHunt.CenoteJaJaGural.GoldenMolter.GoldenMolter_plans",""
"BossModReborn","","","","##BossMod.Dawntrail.TreasureHunt.CenoteJaJaGural.Room1.Room1_plans",""
"BossModReborn","","","","##BossMod.Dawntrail.TreasureHunt.CenoteJaJaGural.Room2.Room2_plans",""
"BossModReborn","","","","##BossMod.Dawntrail.TreasureHunt.CenoteJaJaGural.Room3.Room3_plans",""
"BossModReborn","","","","##BossMod.Dawntrail.TreasureHunt.CenoteJaJaGural.Room4.Room4_plans",""
"BossModReborn","","","","##BossMod.Dawntrail.TreasureHunt.VaultOneiron.Fastitocalon.Fastitocalon_plans",""
"BossModReborn","","","","##BossMod.Dawntrail.TreasureHunt.VaultOneiron.GildedSentry.GildedSentry_plans",""
"BossModReborn","","","","##BossMod.Dawntrail.TreasureHunt.VaultOneiron.GreatGimmeCat.GreatGimmeCat_plans",""
"BossModReborn","","","","##BossMod.Dawntrail.TreasureHunt.VaultOneiron.Gwyddneu.Gwyddneu_plans",""
"BossModReborn","","","","##BossMod.Dawntrail.TreasureHunt.VaultOneiron.Hexapod.Hexapod_plans",""
"BossModReborn","","","","##BossMod.Dawntrail.TreasureHunt.VaultOneiron.MobileFortress.MobileFortress_plans",""
"BossModReborn","","","","##BossMod.Dawntrail.TreasureHunt.VaultOneiron.OldBitterEye.OldBitterEye_plans",""
"BossModReborn","","","","##BossMod.Dawntrail.TreasureHunt.VaultOneiron.Paeonia.Paeonia_plans",""
"BossModReborn","","","","##BossMod.Dawntrail.TreasureHunt.VaultOneiron.SpiritOfThunder.SpiritOfThunder_plans",""
"BossModReborn","","","","##BossMod.Dawntrail.TreasureHunt.VaultOneiron.VaultBat.VaultBat_plans",""
"BossModReborn","","","","##BossMod.Dawntrail.TreasureHunt.VaultOneiron.VaultFluidSoul.VaultFluidSoul_plans",""
"BossModReborn","","","","##BossMod.Dawntrail.TreasureHunt.VaultOneiron.VaultGargantuan.VaultGargantuan_plans",""
"BossModReborn","","","","##BossMod.Dawntrail.TreasureHunt.VaultOneiron.VaultRoadripper.VaultRoadripper_plans",""
"BossModReborn","","","","##BossMod.Dawntrail.TreasureHunt.VaultOneiron.VaultWindSpirit.VaultWindSpirit_plans",""
"BossModReborn","","","","##BossMod.Dawntrail.TreasureHunt.VaultOneiron.VaultYan.VaultYan_plans",""
"BossModReborn","","","","##BossMod.Dawntrail.Trial.T01Valigarmanda.T01Valigarmanda_plans",""
"BossModReborn","","","","##BossMod.Dawntrail.Trial.T02ZoraalJa.T02ZoraalJa_plans",""
"BossModReborn","","","","##BossMod.Dawntrail.Trial.T02ZoraalJaP2.T02ZoraalJaP2_plans",""
"BossModReborn","","","","##BossMod.Dawntrail.Trial.T03QueenEternal.T03QueenEternal_plans",""
"BossModReborn","","","","##BossMod.Dawntrail.Trial.T04Zelenia.T04Zelenia_plans",""
"BossModReborn","","","","##BossMod.Dawntrail.Trial.T05Necron.T05Necron_plans",""
"BossModReborn","","","","##BossMod.Dawntrail.Trial.T06Arkveld.GuardianArkveld_plans",""
"BossModReborn","","","","##BossMod.Dawntrail.Trial.T07Doomtrain.T07Doomtrain_plans",""
"BossModReborn","","","","##BossMod.Dawntrail.Trial.T08Enuo.Enuo_plans",""
"BossModReborn","","","","##BossMod.Dawntrail.Ultimate.DMU.DMU_plans",""
"BossModReborn","","","","##BossMod.Dawntrail.Ultimate.FRU.FRU_plans",""
"BossModReborn","","","","##BossMod.Dawntrail.Variant.V01MerchantsTale.V07StonePuppet.V07StonePuppet_plans",""
"BossModReborn","","","","##BossMod.Dawntrail.Variant.V01NMerchantsTale.V08NYawningMaw.V08YawningMaw_plans",""
"BossModReborn","","","","##BossMod.Dawntrail.VariantCriterion.V1MerchantsTale.V10Rukhkh.V10Rukhkh_plans",""
"BossModReborn","","","","##BossMod.Dawntrail.VariantCriterion.V1MerchantsTale.V11Genie.V11Genie_plans",""
"BossModReborn","","","","##BossMod.Dawntrail.VariantCriterion.V1MerchantsTale.V12PariOfPlenty.V12PariOfPlenty_plans",""
"BossModReborn","","","","##BossMod.Dawntrail.VariantCriterion.V1MerchantsTale.V13DaryaTheSeamaid.V13DaryaTheSeamaid_plans",""
"BossModReborn","","","","##BossMod.Dawntrail.VariantCriterion.V1MerchantsTale.V14LoneSwordmaster.V14LoneSwordmaster_plans",""
"BossModReborn","","","","##BossMod.Dawntrail.VariantCriterion.V1MerchantsTale.V15DeadlyDandan.V15DeadlyDandan_plans",""
"BossModReborn","","","","##BossMod.Endwalker.Alliance.A10Lions.A10Lions_plans",""
"BossModReborn","","","","##BossMod.Endwalker.Alliance.A10RhalgrEmissary.A10RhalgrEmissary_plans",""
"BossModReborn","","","","##BossMod.Endwalker.Alliance.A11Byregot.A11Byregot_plans",""
"BossModReborn","","","","##BossMod.Endwalker.Alliance.A12Rhalgr.A12Rhalgr_plans",""
"BossModReborn","","","","##BossMod.Endwalker.Alliance.A13Azeyma.A13Azeyma_plans",""
"BossModReborn","","","","##BossMod.Endwalker.Alliance.A14Naldthal.A14Naldthal_plans",""
"BossModReborn","","","","##BossMod.Endwalker.Alliance.A21Nophica.A21Nophica_plans",""
"BossModReborn","","","","##BossMod.Endwalker.Alliance.A22AlthykNymeia.A22AlthykNymeia_plans",""
"BossModReborn","","","","##BossMod.Endwalker.Alliance.A23Halone.A23Halone_plans",""
"BossModReborn","","","","##BossMod.Endwalker.Alliance.A24Menphina.A24Menphina_plans",""
"BossModReborn","","","","##BossMod.Endwalker.Alliance.A30Trash1.A30Trash1_plans",""
"BossModReborn","","","","##BossMod.Endwalker.Alliance.A30Trash2.A30Trash2Pack1_plans",""
"BossModReborn","","","","##BossMod.Endwalker.Alliance.A30Trash2.A30Trash2Pack2_plans",""
"BossModReborn","","","","##BossMod.Endwalker.Alliance.A31Thaliak.A31Thaliak_plans",""
"BossModReborn","","","","##BossMod.Endwalker.Alliance.A32Llymlaen.A32Llymlaen_plans",""
"BossModReborn","","","","##BossMod.Endwalker.Alliance.A33Oschon.A33Oschon_plans",""
"BossModReborn","","","","##BossMod.Endwalker.Alliance.A34Eulogia.A34Eulogia_plans",""
"BossModReborn","","","","##BossMod.Endwalker.DeepDungeon.EurekaOrthos.DD10Gancanagh.DD10Gancanagh_plans",""
"BossModReborn","","","","##BossMod.Endwalker.DeepDungeon.EurekaOrthos.DD20CloningNode.DD20CloningNode_plans",""
"BossModReborn","","","","##BossMod.Endwalker.DeepDungeon.EurekaOrthos.DD30TiamatsClone.DD30TiamatsClone_plans",""
"BossModReborn","","","","##BossMod.Endwalker.DeepDungeon.EurekaOrthos.DD40TwintaniasClone.DD40TwintaniasClone_plans",""
"BossModReborn","","","","##BossMod.Endwalker.DeepDungeon.EurekaOrthos.DD50ServomechanicalChimera14X.DD50ServomechanicalChimera14X_plans",""
"BossModReborn","","","","##BossMod.Endwalker.DeepDungeon.EurekaOrthos.DD60ServomechanicalMinotaur16.DD60ServomechanicalMinotaur16_plans",""
"BossModReborn","","","","##BossMod.Endwalker.DeepDungeon.EurekaOrthos.DD70Aeturna.DD70Aeturna_plans",""
"BossModReborn","","","","##BossMod.Endwalker.DeepDungeon.EurekaOrthos.DD80ProtoKaliya.DD80ProtoKaliya_plans",""
"BossModReborn","","","","##BossMod.Endwalker.DeepDungeon.EurekaOrthos.DD90Administrator.DD90Administrator_plans",""
"BossModReborn","","","","##BossMod.Endwalker.DeepDungeon.EurekaOrthos.DD99Excalibur.DD99Excalibur_plans",""
"BossModReborn","","","","##BossMod.Endwalker.Dungeon.D01TheTowerOfZot.D013MagusSisters.D013MagusSisters_plans",""
"BossModReborn","","","","##BossMod.Endwalker.Dungeon.D01TheTowerOifZot.D012Sanduruva.D012Sanduruva_plans",""
"BossModReborn","","","","##BossMod.Endwalker.Dungeon.D01TowerOfZot.D011Minduruva.D011Minduruva_plans",""
"BossModReborn","","","","##BossMod.Endwalker.Dungeon.D02TowerOfBabil.D021Barnabas.D021Barnabas_plans",""
"BossModReborn","","","","##BossMod.Endwalker.Dungeon.D02TowerOfBabil.D022Lugae.D022Lugae_plans",""
"BossModReborn","","","","##BossMod.Endwalker.Dungeon.D02TowerOfBabil.D023Anima.D023Anima_plans",""
"BossModReborn","","","","##BossMod.Endwalker.Dungeon.D03Vanaspati.D031Snatcher.D031Snatcher_plans",""
"BossModReborn","","","","##BossMod.Endwalker.Dungeon.D03Vanaspati.D032Wrecker.D032Wrecker_plans",""
"BossModReborn","","","","##BossMod.Endwalker.Dungeon.D03Vanaspati.D033Svarbhanu.D033Svarbhanu_plans",""
"BossModReborn","","","","##BossMod.Endwalker.Dungeon.D04KtisisHyperboreia.D041Lyssa.D041Lyssa_plans",""
"BossModReborn","","","","##BossMod.Endwalker.Dungeon.D04KtisisHyperboreia.D042LadonLord.D042LadonLord_plans",""
"BossModReborn","","","","##BossMod.Endwalker.Dungeon.D04KtisisHyperboreia.D043Hermes.D043Hermes_plans",""
"BossModReborn","","","","##BossMod.Endwalker.Dungeon.D05Aitiascope.D051Livia.D051Livia_plans",""
"BossModReborn","","","","##BossMod.Endwalker.Dungeon.D05Aitiascope.D052Rhitahtyn.D052Rhitahtyn_plans",""
"BossModReborn","","","","##BossMod.Endwalker.Dungeon.D05Aitiascope.D053Amon.D053Amon_plans",""
"BossModReborn","","","","##BossMod.Endwalker.Dungeon.D06DeadEnds.D061CausticGrebuloff.D061CausticGrebuloff_plans",""
"BossModReborn","","","","##BossMod.Endwalker.Dungeon.D06DeadEnds.D062Peacekeeper.D062Peacekeeper_plans",""
"BossModReborn","","","","##BossMod.Endwalker.Dungeon.D06DeadEnds.D063Rala.D063Rala_plans",""
"BossModReborn","","","","##BossMod.Endwalker.Dungeon.D07Smileton.D071Face.D071Face_plans",""
"BossModReborn","","","","##BossMod.Endwalker.Dungeon.D07Smileton.D072Frameworker.D072Frameworker_plans",""
"BossModReborn","","","","##BossMod.Endwalker.Dungeon.D07Smileton.D073BigCheese.D073BigCheese_plans",""
"BossModReborn","","","","##BossMod.Endwalker.Dungeon.D08Stigma.D081ProtoOmega.D081ProtoOmega_plans",""
"BossModReborn","","","","##BossMod.Endwalker.Dungeon.D08Stigma.D082ArchLambda.D082ArchLambda_plans",""
"BossModReborn","","","","##BossMod.Endwalker.Dungeon.D08Stigma.D083Stigma4.D083Stigma4_plans",""
"BossModReborn","","","","##BossMod.Endwalker.Dungeon.D09AlzadaalsLegacy.D091Ambujam.D091Ambujam_plans",""
"BossModReborn","","","","##BossMod.Endwalker.Dungeon.D09AlzadaalsLegacy.D092ArmoredChariot.D092ArmoredChariot_plans",""
"BossModReborn","","","","##BossMod.Endwalker.Dungeon.D09AlzadaalsLegacy.D093Kapikulu.D093Kapikulu_plans",""
"BossModReborn","","","","##BossMod.Endwalker.Dungeon.D10FellCourtOfTroia.D100TroianBishop.D100TroianBishop_plans",""
"BossModReborn","","","","##BossMod.Endwalker.Dungeon.D10FellCourtOfTroia.D100TroianButler.D100TroianButler_plans",""
"BossModReborn","","","","##BossMod.Endwalker.Dungeon.D10FellCourtOfTroia.D100TroianFootman.D100TroianFootman_plans",""
"BossModReborn","","","","##BossMod.Endwalker.Dungeon.D10FellCourtOfTroia.D100TroianScavanger.D100TroianScavanger_plans",""
"BossModReborn","","","","##BossMod.Endwalker.Dungeon.D10FellCourtOfTroia.D101EvilDreamers.D101EvilDreamers_plans",""
"BossModReborn","","","","##BossMod.Endwalker.Dungeon.D10FellCourtOfTroia.D102Beatrice.D102Beatrice_plans",""
"BossModReborn","","","","##BossMod.Endwalker.Dungeon.D10FellCourtOfTroia.D103Scarmiglione.D103Scarmiglione_plans",""
"BossModReborn","","","","##BossMod.Endwalker.Dungeon.D11LapisManalis.D110AlbusGriffin.D110AlbusGriffin_plans",""
"BossModReborn","","","","##BossMod.Endwalker.Dungeon.D11LapisManalis.D111Albion.D111Albion_plans",""
"BossModReborn","","","","##BossMod.Endwalker.Dungeon.D11LapisManalis.D112GalateaMagna.D112GalateaMagna_plans",""
"BossModReborn","","","","##BossMod.Endwalker.Dungeon.D11LapisManalis.D113Cagnazzo.D113Cagnazzo_plans",""
"BossModReborn","","","","##BossMod.Endwalker.Dungeon.D12Aetherfont.D120HaamCrystal.D120HaamCrystal_plans",""
"BossModReborn","","","","##BossMod.Endwalker.Dungeon.D12Aetherfont.D120HaamForlorn.D120HaamForlorn_plans",""
"BossModReborn","","","","##BossMod.Endwalker.Dungeon.D12Aetherfont.D120HaamHalonid.D120HaamHalonid_plans",""
"BossModReborn","","","","##BossMod.Endwalker.Dungeon.D12Aetherfont.D120HaamOtodus.D120HaamOtodus_plans",""
"BossModReborn","","","","##BossMod.Endwalker.Dungeon.D12Aetherfont.D120HaamTroll.D120HaamTroll_plans",""
"BossModReborn","","","","##BossMod.Endwalker.Dungeon.D12Aetherfont.D121Lyngbakr.D121Lyngbakr_plans",""
"BossModReborn","","","","##BossMod.Endwalker.Dungeon.D12Aetherfont.D122Arkas.D122Arkas_plans",""
"BossModReborn","","","","##BossMod.Endwalker.Dungeon.D12Aetherfont.D123Octomammoth.D123Octomammoth_plans",""
"BossModReborn","","","","##BossMod.Endwalker.Dungeon.D13LunarSubterrane.D131DarkElf.D131DarkElf_plans",""
"BossModReborn","","","","##BossMod.Endwalker.Dungeon.D13LunarSubterrane.D132DamcyanAntlion.D132DamcyanAntlion_plans",""
"BossModReborn","","","","##BossMod.Endwalker.Dungeon.D13LunarSubterrane.D133Durante.D133Durante_plans",""
"BossModReborn","","","","##BossMod.Endwalker.Extreme.Ex1Zodiark.Ex1Zodiark_plans",""
"BossModReborn","","","","##BossMod.Endwalker.Extreme.Ex2Hydaelyn.Ex2Hydaelyn_plans",""
"BossModReborn","","","","##BossMod.Endwalker.Extreme.Ex3Endsigner.Ex3Endsinger_plans",""
"BossModReborn","","","","##BossMod.Endwalker.Extreme.Ex4Barbariccia.Ex4Barbariccia_plans",""
"BossModReborn","","","","##BossMod.Endwalker.Extreme.Ex5Rubicante.Ex5Rubicante_plans",""
"BossModReborn","","","","##BossMod.Endwalker.Extreme.Ex6Golbez.Ex6Golbez_plans",""
"BossModReborn","","","","##BossMod.Endwalker.Extreme.Ex7Zeromus.Ex7Zeromus_plans",""
"BossModReborn","","","","##BossMod.Endwalker.FATE.Chi.Chi_plans",""
"BossModReborn","","","","##BossMod.Endwalker.FATE.Daivadipa.Daivadipa_plans",""
"BossModReborn","","","","##BossMod.Endwalker.Hunt.RankA.Aegeiros.Aegeiros_plans",""
"BossModReborn","","","","##BossMod.Endwalker.Hunt.RankA.ArchEta.ArchEta_plans",""
"BossModReborn","","","","##BossMod.Endwalker.Hunt.RankA.FanAil.FanAil_plans",""
"BossModReborn","","","","##BossMod.Endwalker.Hunt.RankA.Gurangatch.Gurangatch_plans",""
"BossModReborn","","","","##BossMod.Endwalker.Hunt.RankA.Hulder.Hulder_plans",""
"BossModReborn","","","","##BossMod.Endwalker.Hunt.RankA.LunatenderQueen.LunatenderQueen_plans",""
"BossModReborn","","","","##BossMod.Endwalker.Hunt.RankA.Minerva.Minerva_plans",""
"BossModReborn","","","","##BossMod.Endwalker.Hunt.RankA.MoussePrincess.MoussePrincess_plans",""
"BossModReborn","","","","##BossMod.Endwalker.Hunt.RankA.Petalodus.Petalodus_plans",""
"BossModReborn","","","","##BossMod.Endwalker.Hunt.RankA.Storsie.Storsie_plans",""
"BossModReborn","","","","##BossMod.Endwalker.Hunt.RankA.Sugriva.Sugriva_plans",""
"BossModReborn","","","","##BossMod.Endwalker.Hunt.RankA.Yilan.Yilan_plans",""
"BossModReborn","","","","##BossMod.Endwalker.Hunt.RankS.Armstrong.Armstrong_plans",""
"BossModReborn","","","","##BossMod.Endwalker.Hunt.RankS.Burfurlur.Burfurlur_plans",""
"BossModReborn","","","","##BossMod.Endwalker.Hunt.RankS.Ker.Ker_plans",""
"BossModReborn","","","","##BossMod.Endwalker.Hunt.RankS.KerShroud.KerShroud_plans",""
"BossModReborn","","","","##BossMod.Endwalker.Hunt.RankS.NarrowRift.NarrowRift_plans",""
"BossModReborn","","","","##BossMod.Endwalker.Hunt.RankS.Ophioneus.Ophioneus_plans",""
"BossModReborn","","","","##BossMod.Endwalker.Hunt.RankS.Ruminator.Ruminator_plans",""
"BossModReborn","","","","##BossMod.Endwalker.Hunt.RankS.Sphatika.Sphatika_plans",""
"BossModReborn","","","","##BossMod.Endwalker.Quest.Job.Reaper.TheKillingArt.Orcus_plans",""
"BossModReborn","","","","##BossMod.Endwalker.Quest.Job.Sage.LifeEphemeralPathEternal.AncelAndMahaud.AncelAndMahaud_plans",""
"BossModReborn","","","","##BossMod.Endwalker.Quest.Job.Sage.LifeEphemeralPathEternal.Guildivain.Guildivain_plans",""
"BossModReborn","","","","##BossMod.Endwalker.Quest.Job.Sage.SagesFocus.AncelRockfist_plans",""
"BossModReborn","","","","##BossMod.Endwalker.Quest.MSQ.AFrostyReception.VergiliaVanCorculum_plans",""
"BossModReborn","","","","##BossMod.Endwalker.Quest.MSQ.AnUnforeseenBargain.P1Furcas.Furcas_plans",""
"BossModReborn","","","","##BossMod.Endwalker.Quest.MSQ.AnUnforeseenBargain.P2Andromalius.Andromalius_plans",""
"BossModReborn","","","","##BossMod.Endwalker.Quest.MSQ.AsTheHeavensBurn.P1TerminusIdolizer.TerminusIdolizer_plans",""
"BossModReborn","","","","##BossMod.Endwalker.Quest.MSQ.AsTheHeavensBurn.P2TerminusLacerator.TerminusLacerator_plans",""
"BossModReborn","","","","##BossMod.Endwalker.Quest.MSQ.AsTheHeavensBurn.P3TerminusVanquisher.TerminusVanquisher_plans",""
"BossModReborn","","","","##BossMod.Endwalker.Quest.MSQ.Endwalker.Endwalker_plans",""
"BossModReborn","","","","##BossMod.Endwalker.Quest.MSQ.TheGameIsAfoot.GiantColibri_plans",""
"BossModReborn","","","","##BossMod.Endwalker.Quest.MSQ.WhereEverythingBegins.P1.ScarmiglioneP1_plans",""
"BossModReborn","","","","##BossMod.Endwalker.Quest.MSQ.WhereEverythingBegins.P2.ScarmiglioneP2_plans",""
"BossModReborn","","","","##BossMod.Endwalker.Quest.MSQ.WorthyOfHisBack.WorthyOfHisBack_plans",""
"BossModReborn","","","","##BossMod.Endwalker.Savage.P10SPandaemonium.P10SPandaemonium_plans",""
"BossModReborn","","","","##BossMod.Endwalker.Savage.P11SThemis.P11SThemis_plans",""
"BossModReborn","","","","##BossMod.Endwalker.Savage.P12S1Athena.P12S1Athena_plans",""
"BossModReborn","","","","##BossMod.Endwalker.Savage.P12S2PallasAthena.P12S2PallasAthena_plans",""
"BossModReborn","","","","##BossMod.Endwalker.Savage.P1SErichthonios.P1S_plans",""
"BossModReborn","","","","##BossMod.Endwalker.Savage.P2SHippokampos.P2S_plans",""
"BossModReborn","","","","##BossMod.Endwalker.Savage.P3SPhoinix.P3S_plans",""
"BossModReborn","","","","##BossMod.Endwalker.Savage.P4S1Hesperos.P4S1_plans",""
"BossModReborn","","","","##BossMod.Endwalker.Savage.P4S2Hesperos.P4S2_plans",""
"BossModReborn","","","","##BossMod.Endwalker.Savage.P5SProtoCarbuncle.P5S_plans",""
"BossModReborn","","","","##BossMod.Endwalker.Savage.P6SHegemone.P6S_plans",""
"BossModReborn","","","","##BossMod.Endwalker.Savage.P7SAgdistis.P7S_plans",""
"BossModReborn","","","","##BossMod.Endwalker.Savage.P8S1Hephaistos.P8S1_plans",""
"BossModReborn","","","","##BossMod.Endwalker.Savage.P8S2.P8S2_plans",""
"BossModReborn","","","","##BossMod.Endwalker.Savage.P9SKokytos.P9SKokytos_plans",""
"BossModReborn","","","","##BossMod.Endwalker.TreasureHunt.Excitatron6000.LuckyFace.LuckyFace_plans",""
"BossModReborn","","","","##BossMod.Endwalker.TreasureHunt.ShiftingGymnasionAgonon.GymnasiouAcheloios.GymnasiouAcheloios_plans",""
"BossModReborn","","","","##BossMod.Endwalker.TreasureHunt.ShiftingGymnasionAgonon.GymnasiouLeon.GymnasiouLeon_plans",""
"BossModReborn","","","","##BossMod.Endwalker.TreasureHunt.ShiftingGymnasionAgonon.GymnasiouMandragoras.GymnasiouMandragoras_plans",""
"BossModReborn","","","","##BossMod.Endwalker.TreasureHunt.ShiftingGymnasionAgonon.GymnasiouMegakantha.GymnasiouMegakantha_plans",""
"BossModReborn","","","","##BossMod.Endwalker.TreasureHunt.ShiftingGymnasionAgonon.GymnasiouMeganereis.GymnasiouMeganereis_plans",""
"BossModReborn","","","","##BossMod.Endwalker.TreasureHunt.ShiftingGymnasionAgonon.GymnasiouPithekos.GymnasiouPithekos_plans",""
"BossModReborn","","","","##BossMod.Endwalker.TreasureHunt.ShiftingGymnasionAgonon.GymnasiouSatyros.GymnasiouSatyros_plans",""
"BossModReborn","","","","##BossMod.Endwalker.TreasureHunt.ShiftingGymnasionAgonon.GymnasiouSphinx.GymnasiouSphinx_plans",""
"BossModReborn","","","","##BossMod.Endwalker.TreasureHunt.ShiftingGymnasionAgonon.GymnasiouStyphnolobion.GymnasiouStyphnolobion_plans",""
"BossModReborn","","","","##BossMod.Endwalker.TreasureHunt.ShiftingGymnasionAgonon.GymnasiouTigris.GymnasiouTigris_plans",""
"BossModReborn","","","","##BossMod.Endwalker.TreasureHunt.ShiftingGymnasionAgonon.GymnasiouTriton.GymnasiouTriton_plans",""
"BossModReborn","","","","##BossMod.Endwalker.TreasureHunt.ShiftingGymnasionAgonon.Hippomenes.Hippomenes_plans",""
"BossModReborn","","","","##BossMod.Endwalker.TreasureHunt.ShiftingGymnasionAgonon.LampasChrysine.LampasChrysine_plans",""
"BossModReborn","","","","##BossMod.Endwalker.TreasureHunt.ShiftingGymnasionAgonon.LyssaChrysine.LyssaChrysine_plans",""
"BossModReborn","","","","##BossMod.Endwalker.TreasureHunt.ShiftingGymnasionAgonon.Narkissos.Narkissos_plans",""
"BossModReborn","","","","##BossMod.Endwalker.Trial.T02Hydaelyn.T02Hydaelyn_plans",""
"BossModReborn","","","","##BossMod.Endwalker.Trial.T08Asura.T08Asura_plans",""
"BossModReborn","","","","##BossMod.Endwalker.Ultimate.DSW1.DSW1_plans",""
"BossModReborn","","","","##BossMod.Endwalker.Ultimate.DSW2.DSW2_plans",""
"BossModReborn","","","","##BossMod.Endwalker.Ultimate.TOP.TOP_plans",""
"BossModReborn","","","","##BossMod.Endwalker.Unreal.Un1Ultima.Un1Ultima_plans",""
"BossModReborn","","","","##BossMod.Endwalker.Unreal.Un2Sephirot.Un2Sephirot_plans",""
"BossModReborn","","","","##BossMod.Endwalker.Unreal.Un3Sophia.Un3Sophia_plans",""
"BossModReborn","","","","##BossMod.Endwalker.Unreal.Un4Zurvan.Un4Zurvan_plans",""
"BossModReborn","","","","##BossMod.Endwalker.VariantCriterion.C01ASS.C010Trash1.C010NTrash1_plans",""
"BossModReborn","","","","##BossMod.Endwalker.VariantCriterion.C01ASS.C010Trash1.C010STrash1_plans",""
"BossModReborn","","","","##BossMod.Endwalker.VariantCriterion.C01ASS.C010Trash2.C010NTrash2_plans",""
"BossModReborn","","","","##BossMod.Endwalker.VariantCriterion.C01ASS.C010Trash2.C010STrash2_plans",""
"BossModReborn","","","","##BossMod.Endwalker.VariantCriterion.C01ASS.C011Silkie.C011NSilkie_plans",""
"BossModReborn","","","","##BossMod.Endwalker.VariantCriterion.C01ASS.C011Silkie.C011SSilkie_plans",""
"BossModReborn","","","","##BossMod.Endwalker.VariantCriterion.C01ASS.C012Gladiator.C012NGladiator_plans",""
"BossModReborn","","","","##BossMod.Endwalker.VariantCriterion.C01ASS.C012Gladiator.C012SGladiator_plans",""
"BossModReborn","","","","##BossMod.Endwalker.VariantCriterion.C01ASS.C013Shadowcaster.C013NShadowcaster_plans",""
"BossModReborn","","","","##BossMod.Endwalker.VariantCriterion.C01ASS.C013Shadowcaster.C013SShadowcaster_plans",""
"BossModReborn","","","","##BossMod.Endwalker.VariantCriterion.C02AMR.C020Trash1.C020NTrash1_plans",""
"BossModReborn","","","","##BossMod.Endwalker.VariantCriterion.C02AMR.C020Trash1.C020STrash1_plans",""
"BossModReborn","","","","##BossMod.Endwalker.VariantCriterion.C02AMR.C020Trash2.C020NTrash2_plans",""
"BossModReborn","","","","##BossMod.Endwalker.VariantCriterion.C02AMR.C020Trash2.C020STrash2_plans",""
"BossModReborn","","","","##BossMod.Endwalker.VariantCriterion.C02AMR.C021Shishio.C021NShishio_plans",""
"BossModReborn","","","","##BossMod.Endwalker.VariantCriterion.C02AMR.C021Shishio.C021SShishio_plans",""
"BossModReborn","","","","##BossMod.Endwalker.VariantCriterion.C02AMR.C022Gorai.C022NGorai_plans",""
"BossModReborn","","","","##BossMod.Endwalker.VariantCriterion.C02AMR.C022Gorai.C022SGorai_plans",""
"BossModReborn","","","","##BossMod.Endwalker.VariantCriterion.C02AMR.C023Moko.C023NMoko_plans",""
"BossModReborn","","","","##BossMod.Endwalker.VariantCriterion.C02AMR.C023Moko.C023SMoko_plans",""
"BossModReborn","","","","##BossMod.Endwalker.VariantCriterion.C03AAI.C030Trash1.C030NKiwakin_plans",""
"BossModReborn","","","","##BossMod.Endwalker.VariantCriterion.C03AAI.C030Trash1.C030NMonk_plans",""
"BossModReborn","","","","##BossMod.Endwalker.VariantCriterion.C03AAI.C030Trash1.C030NRay_plans",""
"BossModReborn","","","","##BossMod.Endwalker.VariantCriterion.C03AAI.C030Trash1.C030NSnipper_plans",""
"BossModReborn","","","","##BossMod.Endwalker.VariantCriterion.C03AAI.C030Trash1.C030SKiwakin_plans",""
"BossModReborn","","","","##BossMod.Endwalker.VariantCriterion.C03AAI.C030Trash1.C030SMonk_plans",""
"BossModReborn","","","","##BossMod.Endwalker.VariantCriterion.C03AAI.C030Trash1.C030SRay_plans",""
"BossModReborn","","","","##BossMod.Endwalker.VariantCriterion.C03AAI.C030Trash1.C030SSnipper_plans",""
"BossModReborn","","","","##BossMod.Endwalker.VariantCriterion.C03AAI.C030Trash2.C030NIslekeeper_plans",""
"BossModReborn","","","","##BossMod.Endwalker.VariantCriterion.C03AAI.C030Trash2.C030NWoodGolem_plans",""
"BossModReborn","","","","##BossMod.Endwalker.VariantCriterion.C03AAI.C030Trash2.C030SIslekeeper_plans",""
"BossModReborn","","","","##BossMod.Endwalker.VariantCriterion.C03AAI.C030Trash2.C030SWoodGolem_plans",""
"BossModReborn","","","","##BossMod.Endwalker.VariantCriterion.C03AAI.C031Ketuduke.C031NKetuduke_plans",""
"BossModReborn","","","","##BossMod.Endwalker.VariantCriterion.C03AAI.C031Ketuduke.C031SKetuduke_plans",""
"BossModReborn","","","","##BossMod.Endwalker.VariantCriterion.C03AAI.C032Lala.C032NLala_plans",""
"BossModReborn","","","","##BossMod.Endwalker.VariantCriterion.C03AAI.C032Lala.C032SLala_plans",""
"BossModReborn","","","","##BossMod.Endwalker.VariantCriterion.C03AAI.C033Statice.C033NStatice_plans",""
"BossModReborn","","","","##BossMod.Endwalker.VariantCriterion.C03AAI.C033Statice.C033SStatice_plans",""
"BossModReborn","","","","##BossMod.Endwalker.VariantCriterion.V1SildihnSubterrane.V10Drakes.V10Drakes_plans",""
"BossModReborn","","","","##BossMod.Endwalker.VariantCriterion.V1SildihnSubterrane.V11Geryon.V11Geryon_plans",""
"BossModReborn","","","","##BossMod.Endwalker.VariantCriterion.V1SildihnSubterrane.V12Silkie.V12Silkie_plans",""
"BossModReborn","","","","##BossMod.Endwalker.VariantCriterion.V1SildihnSubterrane.V13Gladiator.V13Gladiator_plans",""
"BossModReborn","","","","##BossMod.Endwalker.VariantCriterion.V1SildihnSubterrane.V14ZelessGah.V14ZelessGah_plans",""
"BossModReborn","","","","##BossMod.Endwalker.VariantCriterion.V1SildihnSubterrane.V15ThorneKnight.V15ThorneKnight_plans",""
"BossModReborn","","","","##BossMod.Endwalker.VariantCriterion.V2MountRokkon.V20ShishuChochin.V20ShishuChochin_plans",""
"BossModReborn","","","","##BossMod.Endwalker.VariantCriterion.V2MountRokkon.V21Yozakura.V21Yozakura_plans",""
"BossModReborn","","","","##BossMod.Endwalker.VariantCriterion.V2MountRokkon.V22Moko.V22MokoOtherPaths_plans",""
"BossModReborn","","","","##BossMod.Endwalker.VariantCriterion.V2MountRokkon.V22Moko.V22MokoPath2_plans",""
"BossModReborn","","","","##BossMod.Endwalker.VariantCriterion.V2MountRokkon.V23Gorai.V23Gorai_plans",""
"BossModReborn","","","","##BossMod.Endwalker.VariantCriterion.V2MountRokkon.V24Shishio.V24Shishio_plans",""
"BossModReborn","","","","##BossMod.Endwalker.VariantCriterion.V2MountRokkon.V25Enenra.V25Enenra_plans",""
"BossModReborn","","","","##BossMod.Global.CrucibleOfTheUnbroken.FirstBoard.ArchDemonPiece.ArchDemonPiece_plans",""
"BossModReborn","","","","##BossMod.Global.CrucibleOfTheUnbroken.FirstBoard.BanemitePiece.BanemitePiece_plans",""
"BossModReborn","","","","##BossMod.Global.CrucibleOfTheUnbroken.FirstBoard.BoneBishop.BoneBishop_plans",""
"BossModReborn","","","","##BossMod.Global.CrucibleOfTheUnbroken.FirstBoard.OgrePiece.OgrePiece_plans",""
"BossModReborn","","","","##BossMod.Global.CrucibleOfTheUnbroken.FirstBoard.PasDeSeul.PasDeSeul_plans",""
"BossModReborn","","","","##BossMod.Global.CrucibleOfTheUnbroken.FirstBoard.PiscodemonPiece.PiscodemonPiece_plans",""
"BossModReborn","","","","##BossMod.Global.CrucibleOfTheUnbroken.FirstMasterBoard.AdministratorPiece.AdministratorPiece_plans",""
"BossModReborn","","","","##BossMod.Global.CrucibleOfTheUnbroken.FirstMasterBoard.BorgnyTheVenomous.BorgnyTheVenomous_plans",""
"BossModReborn","","","","##BossMod.Global.CrucibleOfTheUnbroken.FirstMasterBoard.CorpseFlowerPiece.CorpseFlowerPiece_plans",""
"BossModReborn","","","","##BossMod.Global.CrucibleOfTheUnbroken.FirstMasterBoard.GolemPiece.GolemPiece_plans",""
"BossModReborn","","","","##BossMod.Global.CrucibleOfTheUnbroken.FirstMasterBoard.IceDragonPiece.IceDragonPiece_plans",""
"BossModReborn","","","","##BossMod.Global.CrucibleOfTheUnbroken.FirstMasterBoard.MorbolPiece.MorbolPiece_plans",""
"BossModReborn","","","","##BossMod.Global.CrucibleOfTheUnbroken.FirstMasterBoard.ProgenitrixPiece.ProgenitrixPiece_plans",""
"BossModReborn","","","","##BossMod.Global.CrucibleOfTheUnbroken.FirstMasterBoard.StrixPiece.StrixPiece_plans",""
"BossModReborn","","","","##BossMod.Global.CrucibleOfTheUnbroken.FirstMasterBoard.TreantPiece.TreantPiece_plans",""
"BossModReborn","","","","##BossMod.Global.CrucibleOfTheUnbroken.SecondBoard.LooserfroxInkyjots.LoosefroxInkyjots_plans",""
"BossModReborn","","","","##BossMod.Global.CrucibleOfTheUnbroken.SecondBoard.MantiCorePiece.ManticorePiece_plans",""
"BossModReborn","","","","##BossMod.Global.CrucibleOfTheUnbroken.SecondBoard.TaurusPiece.TaurusPiece_plans",""
"BossModReborn","","","","##BossMod.Global.CrucibleOfTheUnbroken.SecondBoard.VoidmancerPiece.VoidmancerPiece_plans",""
"BossModReborn","","","","##BossMod.Global.CrucibleOfTheUnbroken.SecondBoard.WyvernPiece.WyvernPiece_plans",""
"BossModReborn","","","","##BossMod.Global.CrucibleOfTheUnbroken.SecondBoard.YoungerTablitaurPiece.YoungerTablitaurPiece_plans",""
"BossModReborn","","","","##BossMod.Global.CrucibleOfTheUnbroken.SecondMasterBoard.AtomosPiece.AtomosPiece_plans",""
"BossModReborn","","","","##BossMod.Global.CrucibleOfTheUnbroken.SecondMasterBoard.BoogymanPiece.BoogymanPiece_plans",""
"BossModReborn","","","","##BossMod.Global.CrucibleOfTheUnbroken.SecondMasterBoard.ChimeraPiece.ChimeraPiece_plans",""
"BossModReborn","","","","##BossMod.Global.CrucibleOfTheUnbroken.SecondMasterBoard.DrakePiece.DrakePiece_plans",""
"BossModReborn","","","","##BossMod.Global.CrucibleOfTheUnbroken.SecondMasterBoard.DurgaPiece.DurgaPiece_plans",""
"BossModReborn","","","","##BossMod.Global.CrucibleOfTheUnbroken.SecondMasterBoard.FlaurosPiece.FlaurosPiece_plans",""
"BossModReborn","","","","##BossMod.Global.CrucibleOfTheUnbroken.SecondMasterBoard.GigantisPiece.GigantisPiece_plans",""
"BossModReborn","","","","##BossMod.Global.CrucibleOfTheUnbroken.SecondMasterBoard.LaudaTheSpellcleaver.LaudaTheSpellcleaver_plans",""
"BossModReborn","","","","##BossMod.Global.CrucibleOfTheUnbroken.SecondMasterBoard.MedusaPiece.MedusaPiece_plans",""
"BossModReborn","","","","##BossMod.Global.CrucibleOfTheUnbroken.SecondMasterBoard.MindFlayerPiece.MindflayerPiece_plans",""
"BossModReborn","","","","##BossMod.Global.CrucibleOfTheUnbroken.SecondMasterBoard.SphinxPiece.SphinxPiece_plans",""
"BossModReborn","","","","##BossMod.Global.CrucibleOfTheUnbroken.ThirdBoard.CampeadorPiece.CampeadorPiece_plans",""
"BossModReborn","","","","##BossMod.Global.CrucibleOfTheUnbroken.ThirdBoard.CavalierPiece.CavalierPiece_plans",""
"BossModReborn","","","","##BossMod.Global.CrucibleOfTheUnbroken.ThirdBoard.GuttlerTheGutter.GuttlerTheGutter_plans",""
"BossModReborn","","","","##BossMod.Global.CrucibleOfTheUnbroken.ThirdBoard.LakhamuPiece.LakhamuPiece_plans",""
"BossModReborn","","","","##BossMod.Global.CrucibleOfTheUnbroken.ThirdBoard.SirenPiece.SirenPiece_plans",""
"BossModReborn","","","","##BossMod.Global.CrucibleOfTheUnbroken.ThirdBoard.YmirPiece.YmirPiece_plans",""
"BossModReborn","","","","##BossMod.Global.CrucibleOfTheUnbroken.ThirdBoard.ZuPiece.ZuPiece_plans",""
"BossModReborn","","","","##BossMod.Global.GoldSaucer.SliceIsRight.TheSliceIsRight_plans",""
"BossModReborn","","","","##BossMod.Global.HallOfTheNovice.NoviceBasicFinal.NoviceBasicFinal_plans",""
"BossModReborn","","","","##BossMod.Global.HallOfTheNovice.NoviceDPS03.NoviceDPS03_plans",""
"BossModReborn","","","","##BossMod.Global.HallOfTheNovice.NoviceDPS05.NoviceDPS05_plans",""
"BossModReborn","","","","##BossMod.Global.HallOfTheNovice.NoviceTactical.NoviceTactical_plans",""
"BossModReborn","","","","##BossMod.Global.HallOfTheNovice.NoviceTank04.NoviceTank04_plans",""
"BossModReborn","","","","##BossMod.Global.MaskedCarnivale.Stage01.Stage01_plans",""
"BossModReborn","","","","##BossMod.Global.MaskedCarnivale.Stage02.Act1.Stage02Act1_plans",""
"BossModReborn","","","","##BossMod.Global.MaskedCarnivale.Stage02.Act2.Stage02Act2_plans",""
"BossModReborn","","","","##BossMod.Global.MaskedCarnivale.Stage03.Stage03_plans",""
"BossModReborn","","","","##BossMod.Global.MaskedCarnivale.Stage04.Act1.Stage04Act1_plans",""
"BossModReborn","","","","##BossMod.Global.MaskedCarnivale.Stage04.Act2.Stage04Act2_plans",""
"BossModReborn","","","","##BossMod.Global.MaskedCarnivale.Stage05.Stage05_plans",""
"BossModReborn","","","","##BossMod.Global.MaskedCarnivale.Stage06.Act1.Stage06Act1_plans",""
"BossModReborn","","","","##BossMod.Global.MaskedCarnivale.Stage06.Act2.Stage06Act2_plans",""
"BossModReborn","","","","##BossMod.Global.MaskedCarnivale.Stage07.Act1.Stage07Act1_plans",""
"BossModReborn","","","","##BossMod.Global.MaskedCarnivale.Stage07.Act2.Stage07Act2_plans",""
"BossModReborn","","","","##BossMod.Global.MaskedCarnivale.Stage07.Act3.Stage07Act3_plans",""
"BossModReborn","","","","##BossMod.Global.MaskedCarnivale.Stage08.Act1.Stage08Act1_plans",""
"BossModReborn","","","","##BossMod.Global.MaskedCarnivale.Stage08.Act2.Stage08Act2_plans",""
"BossModReborn","","","","##BossMod.Global.MaskedCarnivale.Stage09.Stage09_plans",""
"BossModReborn","","","","##BossMod.Global.MaskedCarnivale.Stage10.Stage10_plans",""
"BossModReborn","","","","##BossMod.Global.MaskedCarnivale.Stage11.Act1.Stage11Act1_plans",""
"BossModReborn","","","","##BossMod.Global.MaskedCarnivale.Stage11.Act2.Stage11Act2_plans",""
"BossModReborn","","","","##BossMod.Global.MaskedCarnivale.Stage12.Act1.Stage12Act1_plans",""
"BossModReborn","","","","##BossMod.Global.MaskedCarnivale.Stage12.Act2.Stage12Act2_plans",""
"BossModReborn","","","","##BossMod.Global.MaskedCarnivale.Stage13.Act1.Stage13Act1_plans",""
"BossModReborn","","","","##BossMod.Global.MaskedCarnivale.Stage13.Act2.Stage13Act2_plans",""
"BossModReborn","","","","##BossMod.Global.MaskedCarnivale.Stage14.Act1.Stage14Act1_plans",""
"BossModReborn","","","","##BossMod.Global.MaskedCarnivale.Stage14.Act2.Stage14Act2_plans",""
"BossModReborn","","","","##BossMod.Global.MaskedCarnivale.Stage15.Stage15_plans",""
"BossModReborn","","","","##BossMod.Global.MaskedCarnivale.Stage16.Act1.Stage16Act1_plans",""
"BossModReborn","","","","##BossMod.Global.MaskedCarnivale.Stage16.Act2.Stage16Act2_plans",""
"BossModReborn","","","","##BossMod.Global.MaskedCarnivale.Stage17.Act1.Stage17Act1_plans",""
"BossModReborn","","","","##BossMod.Global.MaskedCarnivale.Stage17.Act2.Stage17Act2_plans",""
"BossModReborn","","","","##BossMod.Global.MaskedCarnivale.Stage18.Act1.Stage18Act1_plans",""
"BossModReborn","","","","##BossMod.Global.MaskedCarnivale.Stage18.Act2.Stage18Act2_plans",""
"BossModReborn","","","","##BossMod.Global.MaskedCarnivale.Stage19.Act1.Stage19Act1_plans",""
"BossModReborn","","","","##BossMod.Global.MaskedCarnivale.Stage19.Act2.Stage19Act2_plans",""
"BossModReborn","","","","##BossMod.Global.MaskedCarnivale.Stage20.Act1.Stage20Act1_plans",""
"BossModReborn","","","","##BossMod.Global.MaskedCarnivale.Stage20.Act2.Stage20Act2_plans",""
"BossModReborn","","","","##BossMod.Global.MaskedCarnivale.Stage20.Act3.Stage20Act3_plans",""
"BossModReborn","","","","##BossMod.Global.MaskedCarnivale.Stage21.Act1.Stage21Act1_plans",""
"BossModReborn","","","","##BossMod.Global.MaskedCarnivale.Stage21.Act2.Stage21Act2_plans",""
"BossModReborn","","","","##BossMod.Global.MaskedCarnivale.Stage22.Act1.Stage22Act1_plans",""
"BossModReborn","","","","##BossMod.Global.MaskedCarnivale.Stage22.Act2.Stage22Act2_plans",""
"BossModReborn","","","","##BossMod.Global.MaskedCarnivale.Stage23.Stage23_plans",""
"BossModReborn","","","","##BossMod.Global.MaskedCarnivale.Stage24.Act1.Stage24Act1_plans",""
"BossModReborn","","","","##BossMod.Global.MaskedCarnivale.Stage24.Act2.Stage24Act2_plans",""
"BossModReborn","","","","##BossMod.Global.MaskedCarnivale.Stage24.Act3.Stage24Act3_plans",""
"BossModReborn","","","","##BossMod.Global.MaskedCarnivale.Stage25.Act1.Stage25Act1_plans",""
"BossModReborn","","","","##BossMod.Global.MaskedCarnivale.Stage25.Act2.Stage25Act2_plans",""
"BossModReborn","","","","##BossMod.Global.MaskedCarnivale.Stage25.Act3.Stage25Act3_plans",""
"BossModReborn","","","","##BossMod.Global.MaskedCarnivale.Stage26.Act1.Stage26Act1_plans",""
"BossModReborn","","","","##BossMod.Global.MaskedCarnivale.Stage26.Act2.Stage26Act2_plans",""
"BossModReborn","","","","##BossMod.Global.MaskedCarnivale.Stage27.Stage27_plans",""
"BossModReborn","","","","##BossMod.Global.MaskedCarnivale.Stage28.Stage28_plans",""
"BossModReborn","","","","##BossMod.Global.MaskedCarnivale.Stage29.Act1.Stage29Act1_plans",""
"BossModReborn","","","","##BossMod.Global.MaskedCarnivale.Stage29.Act2.Stage29Act2_plans",""
"BossModReborn","","","","##BossMod.Global.MaskedCarnivale.Stage30.Act1.Stage30Act1_plans",""
"BossModReborn","","","","##BossMod.Global.MaskedCarnivale.Stage30.Act2.Stage30Act2_plans",""
"BossModReborn","","","","##BossMod.Global.MaskedCarnivale.Stage30.Act3.Stage30Act3_plans",""
"BossModReborn","","","","##BossMod.Global.MaskedCarnivale.Stage31.Act1.Stage31Act1_plans",""
"BossModReborn","","","","##BossMod.Global.MaskedCarnivale.Stage31.Act2.Stage31Act2_plans",""
"BossModReborn","","","","##BossMod.Global.MaskedCarnivale.Stage32.Act1.Stage32Act1_plans",""
"BossModReborn","","","","##BossMod.Global.MaskedCarnivale.Stage32.Act2.Stage32Act2_plans",""
"BossModReborn","","","","##BossMod.Global.PVP.HiddenGorge.GoblinMercenary.GoblinMercenary_plans",""
"BossModReborn","","","","##BossMod.Global.Quest.FF15Collab.Garuda.Garuda_plans",""
"BossModReborn","","","","##BossMod.Global.Quest.FF15Collab.Iseultalon.Iseultalon_plans",""
"BossModReborn","","","","##BossMod.Global.Quest.FF15Collab.MAx.MAx_plans",""
"BossModReborn","","","","##BossMod.Global.Quest.FF16Collab.InfernalShadow.InfernalShadow_plans",""
"BossModReborn","","","","##BossMod.Heavensward.Alliance.A11Cetus.A11Cetus_plans",""
"BossModReborn","","","","##BossMod.Heavensward.Alliance.A12IrminsulSawtooth.A12IrminsulSawtooth_plans",""
"BossModReborn","","","","##BossMod.Heavensward.Alliance.A13Cuchulainn.A13Cuchulainn_plans",""
"BossModReborn","","","","##BossMod.Heavensward.Alliance.A14Echidna.A14Echidna_plans",""
"BossModReborn","","","","##BossMod.Heavensward.Alliance.A21ArachneEve.A21ArachneEve_plans",""
"BossModReborn","","","","##BossMod.Heavensward.Alliance.A22Forgall.A22Forgall_plans",""
"BossModReborn","","","","##BossMod.Heavensward.Alliance.A23Headstone.A23Headstone_plans",""
"BossModReborn","","","","##BossMod.Heavensward.Alliance.A24Ozma.A24Ozma_plans",""
"BossModReborn","","","","##BossMod.Heavensward.Alliance.A25Calofisteri.A25Calofisteri_plans",""
"BossModReborn","","","","##BossMod.Heavensward.Alliance.A31DeathgazeHollow.A31DeathgazeHollow_plans",""
"BossModReborn","","","","##BossMod.Heavensward.Alliance.A32FerdiadHollow.A32FerdiadHollow_plans",""
"BossModReborn","","","","##BossMod.Heavensward.Alliance.A33ProtoUltima.A33ProtoUltima_plans",""
"BossModReborn","","","","##BossMod.Heavensward.Alliance.A34Scathach.A34Scathach_plans",""
"BossModReborn","","","","##BossMod.Heavensward.Alliance.A35Diabolos.A35Diabolos_plans",""
"BossModReborn","","","","##BossMod.Heavensward.Alliance.A36DiabolosHollow.A36DiabolosHollow_plans",""
"BossModReborn","","","","##BossMod.Heavensward.DeepDungeon.PalaceOfTheDead.D40Ixtab.DD40Ixtab_plans",""
"BossModReborn","","","","##BossMod.Heavensward.DeepDungeon.PalaceOfTheDead.DD100NybethObdilord.DD100NybethObdilord_plans",""
"BossModReborn","","","","##BossMod.Heavensward.DeepDungeon.PalaceOfTheDead.DD10PalaceDeathgaze.DD10PalaceDeathgaze_plans",""
"BossModReborn","","","","##BossMod.Heavensward.DeepDungeon.PalaceOfTheDead.DD110Alicanto.DD110Alicanto_plans",""
"BossModReborn","","","","##BossMod.Heavensward.DeepDungeon.PalaceOfTheDead.DD120Kirtimukha.DD120Kirtimukha_plans",""
"BossModReborn","","","","##BossMod.Heavensward.DeepDungeon.PalaceOfTheDead.DD130Alfard.DD130Alfard_plans",""
"BossModReborn","","","","##BossMod.Heavensward.DeepDungeon.PalaceOfTheDead.DD140AhPuch.DD140AhPuch_plans",""
"BossModReborn","","","","##BossMod.Heavensward.DeepDungeon.PalaceOfTheDead.DD150Tisiphone.DD150Tisiphone_plans",""
"BossModReborn","","","","##BossMod.Heavensward.DeepDungeon.PalaceOfTheDead.DD160Todesritter.DD160Todesritter_plans",""
"BossModReborn","","","","##BossMod.Heavensward.DeepDungeon.PalaceOfTheDead.DD170Yulunggu.DD170Yulunggu_plans",""
"BossModReborn","","","","##BossMod.Heavensward.DeepDungeon.PalaceOfTheDead.DD180Dendainsonne.DD180Dendainsonne_plans",""
"BossModReborn","","","","##BossMod.Heavensward.DeepDungeon.PalaceOfTheDead.DD190TheGodfather.DD190TheGodfather_plans",""
"BossModReborn","","","","##BossMod.Heavensward.DeepDungeon.PalaceOfTheDead.DD20Spurge.DD20Spurge_plans",""
"BossModReborn","","","","##BossMod.Heavensward.DeepDungeon.PalaceOfTheDead.DD30Ningishzida.DD30Ningishzida_plans",""
"BossModReborn","","","","##BossMod.Heavensward.DeepDungeon.PalaceOfTheDead.DD50EddaBlackbosom.DD50EddaBlackbosom_plans",""
"BossModReborn","","","","##BossMod.Heavensward.DeepDungeon.PalaceOfTheDead.DD60TheBlackRider.DD60TheBlackRider_plans",""
"BossModReborn","","","","##BossMod.Heavensward.DeepDungeon.PalaceOfTheDead.DD70Yaquaru.DD70Yaquaru_plans",""
"BossModReborn","","","","##BossMod.Heavensward.DeepDungeon.PalaceOfTheDead.DD80Gudanna.DD80Gudanna_plans",""
"BossModReborn","","","","##BossMod.Heavensward.DeepDungeon.PalaceOfTheDead.DD90TheGodmother.DD90TheGodmother_plans",""
"BossModReborn","","","","##BossMod.Heavensward.Dungeon.D02SohmAl.D021Raskovnik.D021Raskovnik_plans",""
"BossModReborn","","","","##BossMod.Heavensward.Dungeon.D02SohmAl.D022Myath.D022Myath_plans",""
"BossModReborn","","","","##BossMod.Heavensward.Dungeon.D02SohmAl.D023Tioman.D023Tioman_plans",""
"BossModReborn","","","","##BossMod.Heavensward.Dungeon.D03Aery.D031Rangda.D031Rangda_plans",""
"BossModReborn","","","","##BossMod.Heavensward.Dungeon.D03Aery.D032Gyascutus.D032Gyascutus_plans",""
"BossModReborn","","","","##BossMod.Heavensward.Dungeon.D03Aery.D033Nidhogg.D033Nidhogg_plans",""
"BossModReborn","","","","##BossMod.Heavensward.Dungeon.D04TheVault.D041SerAdelphel.D041SerAdelphel_plans",""
"BossModReborn","","","","##BossMod.Heavensward.Dungeon.D04TheVault.D042SerGrinnaux.D042SerGrinnaux_plans",""
"BossModReborn","","","","##BossMod.Heavensward.Dungeon.D04TheVault.D043SerCharibert.D043SerCharibert_plans",""
"BossModReborn","","","","##BossMod.Heavensward.Dungeon.D05GreatGubalLibrary.D051DemonTome.D051DemonTome_plans",""
"BossModReborn","","","","##BossMod.Heavensward.Dungeon.D05GreatGubalLibrary.D052Byblos.D052Byblos_plans",""
"BossModReborn","","","","##BossMod.Heavensward.Dungeon.D05GreatGubalLibrary.D053EverlivingBibliotaph.D053EverlivingBibliotaph_plans",""
"BossModReborn","","","","##BossMod.Heavensward.Dungeon.D06AetherochemicalResearchFacility.D060BiocultureNode.D060BiocultureNode_plans",""
"BossModReborn","","","","##BossMod.Heavensward.Dungeon.D06AetherochemicalResearchFacility.D060ClonedConjurer.D060ClonedConjurer_plans",""
"BossModReborn","","","","##BossMod.Heavensward.Dungeon.D06AetherochemicalResearchFacility.D060CulturedShabti.D060CulturedShabti_plans",""
"BossModReborn","","","","##BossMod.Heavensward.Dungeon.D06AetherochemicalResearchFacility.D060FacilityDreadnaught.D060FacilityDreadnaught_plans",""
"BossModReborn","","","","##BossMod.Heavensward.Dungeon.D06AetherochemicalResearchFacility.D060SixthLegionMagitekVanguardH1.D060SixthLegionMagitekVanguardH1_plans",""
"BossModReborn","","","","##BossMod.Heavensward.Dungeon.D06AetherochemicalResearchFacility.D060Trash1.D060EnforcementDroid210_plans",""
"BossModReborn","","","","##BossMod.Heavensward.Dungeon.D06AetherochemicalResearchFacility.D060Trash1.D060ScrambledIronGiant_plans",""
"BossModReborn","","","","##BossMod.Heavensward.Dungeon.D06AetherochemicalResearchFacility.D061Regula.D061Regula_plans",""
"BossModReborn","","","","##BossMod.Heavensward.Dungeon.D06AetherochemicalResearchFacility.D062Harmachis.D062Harmachis_plans",""
"BossModReborn","","","","##BossMod.Heavensward.Dungeon.D06AetherochemicalResearchFacility.D063LahabreaIgeyorhm.D063LahabreaIgeyorhm_plans",""
"BossModReborn","","","","##BossMod.Heavensward.Dungeon.D06AetherochemicalResearchFacility.D064AscianPrime.D064AscianPrime_plans",""
"BossModReborn","","","","##BossMod.Heavensward.Dungeon.D08FractalContinuum.D080ClockworkDreadnaught.D080ClockworkDreadnaught_plans",""
"BossModReborn","","","","##BossMod.Heavensward.Dungeon.D08FractalContinuum.D080CrimsonControlUnit.D080CrimsonControlUnit_plans",""
"BossModReborn","","","","##BossMod.Heavensward.Dungeon.D08FractalContinuum.D080EmeraldControlUnit.D080EmeraldControlUnit_plans",""
"BossModReborn","","","","##BossMod.Heavensward.Dungeon.D08FractalContinuum.D080FlawlessNaga.D080FlawlessNaga_plans",""
"BossModReborn","","","","##BossMod.Heavensward.Dungeon.D08FractalContinuum.D080ManikinConjurer.D080ManikinConjurer_plans",""
"BossModReborn","","","","##BossMod.Heavensward.Dungeon.D08FractalContinuum.D080VioletControlUnit.D080VioletControlUnit_plans",""
"BossModReborn","","","","##BossMod.Heavensward.Dungeon.D08FractalContinuum.D081PhantomRay.D081PhantomRay_plans",""
"BossModReborn","","","","##BossMod.Heavensward.Dungeon.D08FractalContinuum.D082Minotaur.D082Minotaur_plans",""
"BossModReborn","","","","##BossMod.Heavensward.Dungeon.D08FractalContinuum.D083TheCurator.D083TheCurator_plans",""
"BossModReborn","","","","##BossMod.Heavensward.Dungeon.D09SaintMociannesArboretum.D090MalboroTerra.D090MalboroTerra_plans",""
"BossModReborn","","","","##BossMod.Heavensward.Dungeon.D09SaintMociannesArboretum.D090TangledNarbrooi.D090TangledNarbrooi_plans",""
"BossModReborn","","","","##BossMod.Heavensward.Dungeon.D09SaintMociannesArboretum.D090VelveteenAnt.D090VelveteenAnt_plans",""
"BossModReborn","","","","##BossMod.Heavensward.Dungeon.D09SaintMociannesArboretum.D091RoseGarden.D091RoseGarden_plans",""
"BossModReborn","","","","##BossMod.Heavensward.Dungeon.D09SaintMociannesArboretum.D092QueenHawk.D092QueenHawk_plans",""
"BossModReborn","","","","##BossMod.Heavensward.Dungeon.D09SaintMociannesArboretum.D093Belladonna.D093Belladonna_plans",""
"BossModReborn","","","","##BossMod.Heavensward.Dungeon.D11Antitower.D111ZuroRoggo.D111ZuroRoggo_plans",""
"BossModReborn","","","","##BossMod.Heavensward.Dungeon.D11Antitower.D112Ziggy.D112Ziggy_plans",""
"BossModReborn","","","","##BossMod.Heavensward.Dungeon.D11Antitower.D113Calcabrina.D113Calcabrina_plans",""
"BossModReborn","","","","##BossMod.Heavensward.Dungeon.D11Antitower.D152DotoliCiloc.D152DotoliCiloc_plans",""
"BossModReborn","","","","##BossMod.Heavensward.Dungeon.D13SohrKhai.D130BlizzardDragon.D130BlizzardDragon_plans",""
"BossModReborn","","","","##BossMod.Heavensward.Dungeon.D13SohrKhai.D130CloudGardener.D130CloudGardener_plans",""
"BossModReborn","","","","##BossMod.Heavensward.Dungeon.D13SohrKhai.D130Kargas.D130Kargas_plans",""
"BossModReborn","","","","##BossMod.Heavensward.Dungeon.D13SohrKhai.D131ChieftainMoglin.D131ChieftainMoglin_plans",""
"BossModReborn","","","","##BossMod.Heavensward.Dungeon.D13SohrKhai.D132Poqhiraj.D132Poqhiraj_plans",""
"BossModReborn","","","","##BossMod.Heavensward.Dungeon.D13SohrKhai.D133Hraesvelgr.D133Hraesvelgr_plans",""
"BossModReborn","","","","##BossMod.Heavensward.Dungeon.D15Xelphatol.D150ChasmHarpeia.D150ChasmHarpeia_plans",""
"BossModReborn","","","","##BossMod.Heavensward.Dungeon.D15Xelphatol.D150SiegeGobbue.D150SiegeGobbue_plans",""
"BossModReborn","","","","##BossMod.Heavensward.Dungeon.D15Xelphatol.D150XelphatolSkycaller.D150XelphatolSkycaller_plans",""
"BossModReborn","","","","##BossMod.Heavensward.Dungeon.D15Xelphatol.D150XelphatolSwiftbeak.D150XelphatolSwiftbeak_plans",""
"BossModReborn","","","","##BossMod.Heavensward.Dungeon.D15Xelphatol.D151NuzalHueloc.D151NuzalHueloc_plans",""
"BossModReborn","","","","##BossMod.Heavensward.Dungeon.D15Xelphatol.D153TozolHuatotl.D153TozolHuatotl_plans",""
"BossModReborn","","","","##BossMod.Heavensward.Dungeon.D17BaelsarsWall.D171MagitekPredator.D171MagitekPredator_plans",""
"BossModReborn","","","","##BossMod.Heavensward.Dungeon.D17BaelsarsWall.D172ArmoredWeapon.D172ArmoredWeapon_plans",""
"BossModReborn","","","","##BossMod.Heavensward.Dungeon.D17BaelsarsWall.D173TheGriffin.D173TheGriffin_plans",""
"BossModReborn","","","","##BossMod.Heavensward.Extreme.Ex3Thordan.Ex3Thordan_plans",""
"BossModReborn","","","","##BossMod.Heavensward.Quest.Job.DragoonsFate.Graoully_plans",""
"BossModReborn","","","","##BossMod.Heavensward.Quest.MSQ.ASpectacleForTheAges.FlameGeneralAldynn_plans",""
"BossModReborn","","","","##BossMod.Heavensward.Quest.MSQ.CloseEncountersOfTheVIthKind.RegulaVanHydrus_plans",""
"BossModReborn","","","","##BossMod.Heavensward.Quest.MSQ.DivineIntervention.SerGrinnaux_plans",""
"BossModReborn","","","","##BossMod.Heavensward.Quest.MSQ.FlyFreeMyPretty.Grynewaht_plans",""
"BossModReborn","","","","##BossMod.Heavensward.Quest.MSQ.OneLifeForOneWorld.WarriorOfDarkness_plans",""
"BossModReborn","","","","##BossMod.Heavensward.Quest.WarringTriad.ABloodyReunion.RegulaVanHydrus_plans",""
"BossModReborn","","","","##BossMod.Modules.Global.CrucibleOfTheUnbroken.FirstMasterBoard.GargoylePiece.GargoylePiece_plans",""
"BossModReborn","","","","##BossMod.RealmReborn.Alliance.A11BoneDragon.A11BoneDragon_plans",""
"BossModReborn","","","","##BossMod.RealmReborn.Alliance.A12Thanatos.A12Thanatos_plans",""
"BossModReborn","","","","##BossMod.RealmReborn.Alliance.A13KingBehemoth.A13KingBehemoth_plans",""
"BossModReborn","","","","##BossMod.RealmReborn.Alliance.A14Phlegethon.A14Phlegethon_plans",""
"BossModReborn","","","","##BossMod.RealmReborn.Alliance.A21Scylla.A21Scylla_plans",""
"BossModReborn","","","","##BossMod.RealmReborn.Alliance.A22Glasya.A22Glasya_plans",""
"BossModReborn","","","","##BossMod.RealmReborn.Alliance.A23Amon.A23Amon_plans",""
"BossModReborn","","","","##BossMod.RealmReborn.Alliance.A24Xande.A24Xande_plans",""
"BossModReborn","","","","##BossMod.RealmReborn.Alliance.A31AngraMainyu.A31AngraMainyu_plans",""
"BossModReborn","","","","##BossMod.RealmReborn.Alliance.A32FiveheadedDragon.A32FiveheadedDragon_plans",""
"BossModReborn","","","","##BossMod.RealmReborn.Alliance.A33Cerberus.A33Cerberus_plans",""
"BossModReborn","","","","##BossMod.RealmReborn.Alliance.A34CloudofDarkness.A34CloudofDarkness_plans",""
"BossModReborn","","","","##BossMod.RealmReborn.Dungeon.D01Sastasha.D011Chopper.D011Chopper_plans",""
"BossModReborn","","","","##BossMod.RealmReborn.Dungeon.D01Sastasha.D013DennTheOrcatoothed.D013DennTheOrcatoothed_plans",""
"BossModReborn","","","","##BossMod.RealmReborn.Dungeon.D02TamTaraDeepcroft.D021VoidSoulcounter.D021VoidSoulcounter_plans",""
"BossModReborn","","","","##BossMod.RealmReborn.Dungeon.D02TamTaraDeepcroft.D022GalvanthTheDominator.D022GalvanthTheDominator_plans",""
"BossModReborn","","","","##BossMod.RealmReborn.Dungeon.D03Copperbell.D031Kottos.D031Kottos_plans",""
"BossModReborn","","","","##BossMod.RealmReborn.Dungeon.D03Copperbell.D032IchorousIre.D032IchorousIre_plans",""
"BossModReborn","","","","##BossMod.RealmReborn.Dungeon.D03Copperbell.D033Gyges.D033Gyges_plans",""
"BossModReborn","","","","##BossMod.RealmReborn.Dungeon.D04Halatali.D041Firemane.D041Firemane_plans",""
"BossModReborn","","","","##BossMod.RealmReborn.Dungeon.D04Halatali.D042ThunderclapGuivre.D042ThunderclapGuivre_plans",""
"BossModReborn","","","","##BossMod.RealmReborn.Dungeon.D04Halatali.D043Tangata.D043Tangata_plans",""
"BossModReborn","","","","##BossMod.RealmReborn.Dungeon.D05Totorak.D053Graffias.D053Graffias_plans",""
"BossModReborn","","","","##BossMod.RealmReborn.Dungeon.D06Haukke.D061ManorClaviger.D061ManorClaviger_plans",""
"BossModReborn","","","","##BossMod.RealmReborn.Dungeon.D06Haukke.D062ManorSteward.D062ManorSteward_plans",""
"BossModReborn","","","","##BossMod.RealmReborn.Dungeon.D06Haukke.D063LadyAmandine.D063LadyAmandine_plans",""
"BossModReborn","","","","##BossMod.RealmReborn.Dungeon.D07Brayflox.D071GreatYellowPelican.D071GreatYellowPelican_plans",""
"BossModReborn","","","","##BossMod.RealmReborn.Dungeon.D07Brayflox.D072InfernoDrake.D072InfernoDrake_plans",""
"BossModReborn","","","","##BossMod.RealmReborn.Dungeon.D07Brayflox.D073Hellbender.D120Hellbender_plans",""
"BossModReborn","","","","##BossMod.RealmReborn.Dungeon.D07Brayflox.D074Aiatar.D074Aiatar_plans",""
"BossModReborn","","","","##BossMod.RealmReborn.Dungeon.D08Qarn.D081Teratotaur.D081Teratotaur_plans",""
"BossModReborn","","","","##BossMod.RealmReborn.Dungeon.D08Qarn.D082TempleGuardian.D082TempleGuardian_plans",""
"BossModReborn","","","","##BossMod.RealmReborn.Dungeon.D08Qarn.D083Adjudicator.D083Adjudicator_plans",""
"BossModReborn","","","","##BossMod.RealmReborn.Dungeon.D09CuttersCry.D091MyrmidonPrincess.D091MyrmidonPrincess_plans",""
"BossModReborn","","","","##BossMod.RealmReborn.Dungeon.D09CuttersCry.D092GiantTunnelWorm.D092GiantTunnelWorm_plans",""
"BossModReborn","","","","##BossMod.RealmReborn.Dungeon.D09CuttersCry.D093Chimera.D093Chimera_plans",""
"BossModReborn","","","","##BossMod.RealmReborn.Dungeon.D10StoneVigil.D101ChudoYudo.D101ChudoYudo_plans",""
"BossModReborn","","","","##BossMod.RealmReborn.Dungeon.D10StoneVigil.D102Koshchei.D102Koshchei_plans",""
"BossModReborn","","","","##BossMod.RealmReborn.Dungeon.D10StoneVigil.D103Isgebind.D103Isgebind_plans",""
"BossModReborn","","","","##BossMod.RealmReborn.Dungeon.D11DzemaelDarkhold.D111AllSeeingEye.D111AllSeeingEye_plans",""
"BossModReborn","","","","##BossMod.RealmReborn.Dungeon.D11DzemaelDarkhold.D112Taulurd.D112Taulurd_plans",""
"BossModReborn","","","","##BossMod.RealmReborn.Dungeon.D11DzemaelDarkhold.D113Batraal.D113Batraal_plans",""
"BossModReborn","","","","##BossMod.RealmReborn.Dungeon.D12AurumVale.D121Locksmith.D121Locksmith_plans",""
"BossModReborn","","","","##BossMod.RealmReborn.Dungeon.D12AurumVale.D122Coincounter.D122Coincounter_plans",""
"BossModReborn","","","","##BossMod.RealmReborn.Dungeon.D12AurumVale.D123MisersMistress.D123MisersMistress_plans",""
"BossModReborn","","","","##BossMod.RealmReborn.Dungeon.D13CastrumMeridianum.D131BlackEft.D131BlackEft_plans",""
"BossModReborn","","","","##BossMod.RealmReborn.Dungeon.D13CastrumMeridianum.D132MagitekVanguardF1.D132MagitekVanguardF1_plans",""
"BossModReborn","","","","##BossMod.RealmReborn.Dungeon.D13CastrumMeridianum.D133Livia.D133Livia_plans",""
"BossModReborn","","","","##BossMod.RealmReborn.Dungeon.D14Praetorium.D141Colossus.D141Colossus_plans",""
"BossModReborn","","","","##BossMod.RealmReborn.Dungeon.D14Praetorium.D142Nero.D142Nero_plans",""
"BossModReborn","","","","##BossMod.RealmReborn.Dungeon.D14Praetorium.D143Gaius.D143Gaius_plans",""
"BossModReborn","","","","##BossMod.RealmReborn.Dungeon.D15WanderersPalace.D151KeeperOfHalidom.D151KeeperOfHalidom_plans",""
"BossModReborn","","","","##BossMod.RealmReborn.Dungeon.D15WanderersPalace.D152GiantBavarois.D152GiantBavarois_plans",""
"BossModReborn","","","","##BossMod.RealmReborn.Dungeon.D15WanderersPalace.D153TonberryKing.D153TonberryKing_plans",""
"BossModReborn","","","","##BossMod.RealmReborn.Dungeon.D16Amdapor.D161Psycheflayer.D161Psycheflayer_plans",""
"BossModReborn","","","","##BossMod.RealmReborn.Dungeon.D16Amdapor.D162DemonWall.D162DemonWall_plans",""
"BossModReborn","","","","##BossMod.RealmReborn.Dungeon.D16Amdapor.D163Anantaboga.D163Anantaboga_plans",""
"BossModReborn","","","","##BossMod.RealmReborn.Dungeon.D17PharosSirius.D171SymondTheUnsinkable.D171SymondTheUnsinkable_plans",""
"BossModReborn","","","","##BossMod.RealmReborn.Dungeon.D17PharosSirius.D172Zu.D172Zu_plans",""
"BossModReborn","","","","##BossMod.RealmReborn.Dungeon.D17PharosSirius.D173Tyrant.D173Tyrant_plans",""
"BossModReborn","","","","##BossMod.RealmReborn.Dungeon.D17PharosSirius.D174Siren.D174Siren_plans",""
"BossModReborn","","","","##BossMod.RealmReborn.Dungeon.D26Snowcloak.D260NorthernBateleur.D260NorthernBateleur_plans",""
"BossModReborn","","","","##BossMod.RealmReborn.Dungeon.D26Snowcloak.D261Wandil.D261Wandil_plans",""
"BossModReborn","","","","##BossMod.RealmReborn.Dungeon.D26Snowcloak.D262Yeti.D262Yeti_plans",""
"BossModReborn","","","","##BossMod.RealmReborn.Dungeon.D26Snowcloak.D263Fenrir.D263Fenrir_plans",""
"BossModReborn","","","","##BossMod.RealmReborn.Dungeon.D27SastashaHard.D271Karlabos.D271Karlabos_plans",""
"BossModReborn","","","","##BossMod.RealmReborn.Dungeon.D27SastashaHard.D272CaptainMadison.D272CaptainMadison_plans",""
"BossModReborn","","","","##BossMod.RealmReborn.Dungeon.D29TheKeeperoftheLake.D291Einhander.D291Einhander_plans",""
"BossModReborn","","","","##BossMod.RealmReborn.Dungeon.D29TheKeeperoftheLake.D292MagitekGunship.D292MagitekGunship_plans",""
"BossModReborn","","","","##BossMod.RealmReborn.Dungeon.D29TheKeeperoftheLake.D293Midgardsormr.D293Midgardsormr_plans",""
"BossModReborn","","","","##BossMod.RealmReborn.Extreme.Ex1Ultima.Ex1Ultima_plans",""
"BossModReborn","","","","##BossMod.RealmReborn.Extreme.Ex2Garuda.Ex2Garuda_plans",""
"BossModReborn","","","","##BossMod.RealmReborn.Extreme.Ex3Titan.Ex3Titan_plans",""
"BossModReborn","","","","##BossMod.RealmReborn.Extreme.Ex4Ifrit.Ex4Ifrit_plans",""
"BossModReborn","","","","##BossMod.RealmReborn.Quest.MSQ.OperationArchon.RhitahtynSasArvina_plans",""
"BossModReborn","","","","##BossMod.RealmReborn.Quest.MSQ.TheStepsOfFaith.Vishap_plans",""
"BossModReborn","","","","##BossMod.RealmReborn.Quest.MSQ.TheUltimateWeapon.Lahabrea_plans",""
"BossModReborn","","","","##BossMod.RealmReborn.Raid.T01ADS.T01ADS_plans",""
"BossModReborn","","","","##BossMod.RealmReborn.Raid.T01Caduceus.T01Caduceus_plans",""
"BossModReborn","","","","##BossMod.RealmReborn.Raid.T02MultiADS.T02ADS_plans",""
"BossModReborn","","","","##BossMod.RealmReborn.Raid.T02MultiADS.T02AttackNode_plans",""
"BossModReborn","","","","##BossMod.RealmReborn.Raid.T02MultiADS.T02DefenseNode_plans",""
"BossModReborn","","","","##BossMod.RealmReborn.Raid.T02MultiADS.T02DisposalNode_plans",""
"BossModReborn","","","","##BossMod.RealmReborn.Raid.T02MultiADS.T02MonitoringNode_plans",""
"BossModReborn","","","","##BossMod.RealmReborn.Raid.T02MultiADS.T02QuarantineNode_plans",""
"BossModReborn","","","","##BossMod.RealmReborn.Raid.T02MultiADS.T02SanitaryNode_plans",""
"BossModReborn","","","","##BossMod.RealmReborn.Raid.T04Gauntlet.T04Gauntlet_plans",""
"BossModReborn","","","","##BossMod.RealmReborn.Raid.T05Twintania.T05Twintania_plans",""
"BossModReborn","","","","##BossMod.RealmReborn.Trial.T01IfritN.T01IfritN_plans",""
"BossModReborn","","","","##BossMod.RealmReborn.Trial.T02TitanN.T02TitanN_plans",""
"BossModReborn","","","","##BossMod.RealmReborn.Trial.T03GarudaN.T03GarudaN_plans",""
"BossModReborn","","","","##BossMod.RealmReborn.Trial.T04PortaDecumana.Phase1.T04PortaDecumana1_plans",""
"BossModReborn","","","","##BossMod.RealmReborn.Trial.T04PortaDecumana.Phase2.T04PortaDecumana2_plans",""
"BossModReborn","","","","##BossMod.RealmReborn.Trial.T05IfritH.T05IfritH_plans",""
"BossModReborn","","","","##BossMod.RealmReborn.Trial.T06GarudaH.T06GarudaH_plans",""
"BossModReborn","","","","##BossMod.RealmReborn.Trial.T07TitanH.T07TitanH_plans",""
"BossModReborn","","","","##BossMod.RealmReborn.Trial.T08ThornmarchH.T08ThornmarchH_plans",""
"BossModReborn","","","","##BossMod.RealmReborn.Trial.T09WhorleaterH.T09WhorleaterH_plans",""
"BossModReborn","","","","##BossMod.Shadowbringers.Alliance.A13Engels.A13MarxEngels_plans",""
"BossModReborn","","","","##BossMod.Shadowbringers.Alliance.A20HeavyArtilleryUnit.A20HeavyArtilleryUnit_plans",""
"BossModReborn","","","","##BossMod.Shadowbringers.Alliance.A20LightArtilleryUnit.A20LightArtilleryUnit_plans",""
"BossModReborn","","","","##BossMod.Shadowbringers.Alliance.A21AegisUnit.A21AegisUnit_plans",""
"BossModReborn","","","","##BossMod.Shadowbringers.Alliance.A22SuperiorFlightUnits.A22SuperiorFlightUnits_plans",""
"BossModReborn","","","","##BossMod.Shadowbringers.Alliance.A23HeavyArtilleryUnit.A23HeavyArtilleryUnit_plans",""
"BossModReborn","","","","##BossMod.Shadowbringers.Alliance.A24TheCompound2P.A24TheCompound2P_plans",""
"BossModReborn","","","","##BossMod.Shadowbringers.Alliance.A30Trash.A30Trash_plans",""
"BossModReborn","","","","##BossMod.Shadowbringers.Alliance.A31KnaveofHearts.A31KnaveofHearts_plans",""
"BossModReborn","","","","##BossMod.Shadowbringers.Alliance.A32HanselGretel.A32HanselGretel_plans",""
"BossModReborn","","","","##BossMod.Shadowbringers.Alliance.A33RedGirl.A33RedGirl_plans",""
"BossModReborn","","","","##BossMod.Shadowbringers.Alliance.A34XunZiMengZi.A34XunZiMengZi_plans",""
"BossModReborn","","","","##BossMod.Shadowbringers.Alliance.A35FalseIdol.A35FalseIdol_plans",""
"BossModReborn","","","","##BossMod.Shadowbringers.Dungeon.D01Holminster.D011ForgivenDissonance.D011ForgivenDissonance_plans",""
"BossModReborn","","","","##BossMod.Shadowbringers.Dungeon.D01Holminster.D012TesleentheForgiven.D012TesleentheForgiven_plans",""
"BossModReborn","","","","##BossMod.Shadowbringers.Dungeon.D01Holmintser.D013Philia.D013Philia_plans",""
"BossModReborn","","","","##BossMod.Shadowbringers.Dungeon.D02DohnMheg.D021AencThon.D021AencThon_plans",""
"BossModReborn","","","","##BossMod.Shadowbringers.Dungeon.D02DohnMheg.D022Griaule.D022Griaule_plans",""
"BossModReborn","","","","##BossMod.Shadowbringers.Dungeon.D02DohnMheg.D031AencThon.D033AencThon_plans",""
"BossModReborn","","","","##BossMod.Shadowbringers.Dungeon.D03QitanaRavel.D030RonkanDreamer.D030RonkanDreamer_plans",""
"BossModReborn","","","","##BossMod.Shadowbringers.Dungeon.D03QitanaRavel.D031Lozatl.D031Lozatl_plans",""
"BossModReborn","","","","##BossMod.Shadowbringers.Dungeon.D03QitanaRavel.D032Batsquatch.D032Batsquatch_plans",""
"BossModReborn","","","","##BossMod.Shadowbringers.Dungeon.D03QitanaRavel.D033Eros.D033Eros_plans",""
"BossModReborn","","","","##BossMod.Shadowbringers.Dungeon.D04MalikahsWell.D041GreaterArmadillo.D041GreaterArmadillo_plans",""
"BossModReborn","","","","##BossMod.Shadowbringers.Dungeon.D04MalikahsWell.D042AmphibiousTalos.D042AmphibiousTalos_plans",""
"BossModReborn","","","","##BossMod.Shadowbringers.Dungeon.D04MalikahsWell.D043Storge.D043Storge_plans",""
"BossModReborn","","","","##BossMod.Shadowbringers.Dungeon.D05MtGulg.D050ForgivenPrejudice.D050ForgivenPrejudice_plans",""
"BossModReborn","","","","##BossMod.Shadowbringers.Dungeon.D05MtGulg.D051ForgivenCruelty.D051ForgivenCruelty_plans",""
"BossModReborn","","","","##BossMod.Shadowbringers.Dungeon.D05MtGulg.D052ForgivenApathy.D052ForgivenApathy_plans",""
"BossModReborn","","","","##BossMod.Shadowbringers.Dungeon.D05MtGulg.D053ForgivenWhimsy.D053ForgivenWhimsy_plans",""
"BossModReborn","","","","##BossMod.Shadowbringers.Dungeon.D05MtGulg.D054ForgivenRevelry.D054ForgivenRevelry_plans",""
"BossModReborn","","","","##BossMod.Shadowbringers.Dungeon.D05MtGulg.D055ForgivenObscenity.D055ForgivenObscenity_plans",""
"BossModReborn","","","","##BossMod.Shadowbringers.Dungeon.D06Amaurot.D061FirstBeast.D061FirstBeast_plans",""
"BossModReborn","","","","##BossMod.Shadowbringers.Dungeon.D06Amaurot.D062Bellwether.D062Bellwether_plans",""
"BossModReborn","","","","##BossMod.Shadowbringers.Dungeon.D06Amaurot.D063Therion.D063Therion_plans",""
"BossModReborn","","","","##BossMod.Shadowbringers.Dungeon.D07Twinning.D071AlphaZaghnal.D071AlphaZaghnal_plans",""
"BossModReborn","","","","##BossMod.Shadowbringers.Dungeon.D07Twinning.D072Mithridates.D072Mithridates_plans",""
"BossModReborn","","","","##BossMod.Shadowbringers.Dungeon.D07Twinning.D073TheTycoon.D073TheTycoon_plans",""
"BossModReborn","","","","##BossMod.Shadowbringers.Dungeon.D08AkadaemiaAnyder.D081Cladoselache.D081Cladoselache_plans",""
"BossModReborn","","","","##BossMod.Shadowbringers.Dungeon.D08AkadaemiaAnyder.D082MorbolMarquis.D082MorbolMarquis_plans",""
"BossModReborn","","","","##BossMod.Shadowbringers.Dungeon.D08AkadaemiaAnyder.D083Quetzalcoatl.D083Quetzalcoatl_plans",""
"BossModReborn","","","","##BossMod.Shadowbringers.Dungeon.D09GrandCosmos.D091SeekerOfSolitude.D091SeekerOfSolitude_plans",""
"BossModReborn","","","","##BossMod.Shadowbringers.Dungeon.D09GrandCosmos.D092LeananSith.D092LeananSith_plans",""
"BossModReborn","","","","##BossMod.Shadowbringers.Dungeon.D09GrandCosmos.D093Lugus.D093Lugus_plans",""
"BossModReborn","","","","##BossMod.Shadowbringers.Dungeon.D10AnamnesisAnyder.D101Unknown.D101Unknown_plans",""
"BossModReborn","","","","##BossMod.Shadowbringers.Dungeon.D10AnamnesisAnyder.D102Kyklops.D102Kyklops_plans",""
"BossModReborn","","","","##BossMod.Shadowbringers.Dungeon.D10AnamnesisAnyder.D103RukshsDheem.D103RukshsDheem_plans",""
"BossModReborn","","","","##BossMod.Shadowbringers.Dungeon.D11HeroesGauntlet.D111SpectralThief.D111SpectralThief_plans",""
"BossModReborn","","","","##BossMod.Shadowbringers.Dungeon.D11HeroesGauntlet.D112SpectralNecromancer.D112SpectralNecromancer_plans",""
"BossModReborn","","","","##BossMod.Shadowbringers.Dungeon.D11HeroesGauntlet.D113SpectralBerserker.D113SpectralBerserker_plans",""
"BossModReborn","","","","##BossMod.Shadowbringers.Dungeon.D12MatoyasRelict.D121Mudman.D121Mudman_plans",""
"BossModReborn","","","","##BossMod.Shadowbringers.Dungeon.D12MatoyasRelict.D122Nixie.D122Nixie_plans",""
"BossModReborn","","","","##BossMod.Shadowbringers.Dungeon.D12MatoyasRelict.D123MotherPorxie.D123MotherPorxie_plans",""
"BossModReborn","","","","##BossMod.Shadowbringers.Dungeon.D13Paglthan.D131Amhuluk.D131Amhuluk_plans",""
"BossModReborn","","","","##BossMod.Shadowbringers.Dungeon.D13Paglthan.D132MagitekFortress.D132MagitekFortress_plans",""
"BossModReborn","","","","##BossMod.Shadowbringers.Dungeon.D13Paglthan.D133LunarBahamut.D133LunarBahamut_plans",""
"BossModReborn","","","","##BossMod.Shadowbringers.FATE.Archaeotania.Archaeotania_plans",""
"BossModReborn","","","","##BossMod.Shadowbringers.FATE.Formidable.Formidable_plans",""
"BossModReborn","","","","##BossMod.Shadowbringers.Foray.CastrumLacusLitore.CLL1Brionac4thLegionHelldiver.CLL1Brionac4thLegionHelldiver_plans",""
"BossModReborn","","","","##BossMod.Shadowbringers.Foray.CastrumLacusLitore.CLL2AlbeleoTheMaleficient.CLL2AlbeleoTheMaleficent_plans",""
"BossModReborn","","","","##BossMod.Shadowbringers.Foray.CastrumLacusLitore.CLL3Adrammelech.CLL3Adrammelech_plans",""
"BossModReborn","","","","##BossMod.Shadowbringers.Foray.CastrumLacusLitore.CLL4Dawon.CLL4Dawon_plans",""
"BossModReborn","","","","##BossMod.Shadowbringers.Foray.CriticalEngagement.CE11ShadowOfDeathHand.CE11ShadowOfDeathHand_plans",""
"BossModReborn","","","","##BossMod.Shadowbringers.Foray.CriticalEngagement.CE12BayingOfHounds.CE12BayingOfHounds_plans",""
"BossModReborn","","","","##BossMod.Shadowbringers.Foray.CriticalEngagement.CE13KillItWithFire.CE13KillItWithFire_plans",""
"BossModReborn","","","","##BossMod.Shadowbringers.Foray.CriticalEngagement.CE14VigilForLost.CE14VigilForLost_plans",""
"BossModReborn","","","","##BossMod.Shadowbringers.Foray.CriticalEngagement.CE21FinalFurlong.CE21FinalFurlong_plans",""
"BossModReborn","","","","##BossMod.Shadowbringers.Foray.CriticalEngagement.CE22TheHuntForRedChoctober.CE22TheHuntForRedChoctober_plans",""
"BossModReborn","","","","##BossMod.Shadowbringers.Foray.CriticalEngagement.CE23FiresOfWar.CE23FiresOfWar_plans",""
"BossModReborn","","","","##BossMod.Shadowbringers.Foray.CriticalEngagement.CE24PatriotGames.CE24PatriotGames_plans",""
"BossModReborn","","","","##BossMod.Shadowbringers.Foray.CriticalEngagement.CE31MetalFoxChaos.CE31MetalFoxChaos_plans",""
"BossModReborn","","","","##BossMod.Shadowbringers.Foray.CriticalEngagement.CE32RiseOfTheRobots.CE32RiseOfTheRobots_plans",""
"BossModReborn","","","","##BossMod.Shadowbringers.Foray.CriticalEngagement.CE33WhereStrodeTheBehemoth.CE33WhereStrodeTheBehemoth_plans",""
"BossModReborn","","","","##BossMod.Shadowbringers.Foray.CriticalEngagement.CE34TrampledUnderHoof.CE34TrampledUnderHoof_plans",""
"BossModReborn","","","","##BossMod.Shadowbringers.Foray.CriticalEngagement.CE41WithDiremiteAndMain.CE41WithDiremiteAndMain_plans",""
"BossModReborn","","","","##BossMod.Shadowbringers.Foray.CriticalEngagement.CE42FromBeyondTheGrave.CE42FromBeyondTheGrave_plans",""
"BossModReborn","","","","##BossMod.Shadowbringers.Foray.CriticalEngagement.CE44FamiliarFace.CE44FamiliarFace_plans",""
"BossModReborn","","","","##BossMod.Shadowbringers.Foray.CriticalEngagement.CE51ThereWouldBeBlood.CE51ThereWouldBeBlood_plans",""
"BossModReborn","","","","##BossMod.Shadowbringers.Foray.CriticalEngagement.CE52TimeToBurn.CE52TimeToBurn_plans",""
"BossModReborn","","","","##BossMod.Shadowbringers.Foray.CriticalEngagement.CE53HereComesTheCavalry.CE53HereComesTheCavalry_plans",""
"BossModReborn","","","","##BossMod.Shadowbringers.Foray.CriticalEngagement.CE54NeverCryWolf.CE54NeverCryWolf_plans",""
"BossModReborn","","","","##BossMod.Shadowbringers.Foray.CriticalEngagement.CE62LooksToDieFor.CE62LooksToDieFor_plans",""
"BossModReborn","","","","##BossMod.Shadowbringers.Foray.CriticalEngagement.CE63WornToShadow.CE63WornToShadow_plans",""
"BossModReborn","","","","##BossMod.Shadowbringers.Foray.CriticalEngagement.CE64FeelingTheBurn.CE64FeelingTheBurn_plans",""
"BossModReborn","","","","##BossMod.Shadowbringers.Foray.DelubrumReginae.DRN1TrinitySeeker.DRN1TrinitySeeker_plans",""
"BossModReborn","","","","##BossMod.Shadowbringers.Foray.DelubrumReginae.DRN2Dahu.DRN2Dahu_plans",""
"BossModReborn","","","","##BossMod.Shadowbringers.Foray.DelubrumReginae.DRN3QueensGuard.DRN3QueensGuard_plans",""
"BossModReborn","","","","##BossMod.Shadowbringers.Foray.DelubrumReginae.DRN4Phantom.DRN4Phantom_plans",""
"BossModReborn","","","","##BossMod.Shadowbringers.Foray.DelubrumReginae.DRN5TrinityAvowed.DRN5TrinityAvowed_plans",""
"BossModReborn","","","","##BossMod.Shadowbringers.Foray.DelubrumReginae.DRN6Queen.DRN6Queen_plans",""
"BossModReborn","","","","##BossMod.Shadowbringers.Foray.DelubrumReginae.DRS1TrinitySeeker.DRS1TrinitySeeker_plans",""
"BossModReborn","","","","##BossMod.Shadowbringers.Foray.DelubrumReginae.DRS2StygimolochWarrior.DRS2StygimolochWarrior_plans",""
"BossModReborn","","","","##BossMod.Shadowbringers.Foray.DelubrumReginae.DRS3Dahu.DRS3Dahu_plans",""
"BossModReborn","","","","##BossMod.Shadowbringers.Foray.DelubrumReginae.DRS4QueensGuard.DRS4QueensGuard_plans",""
"BossModReborn","","","","##BossMod.Shadowbringers.Foray.DelubrumReginae.DRS5Phantom.DRS5Phantom_plans",""
"BossModReborn","","","","##BossMod.Shadowbringers.Foray.DelubrumReginae.DRS6TrinityAvowed.DRS6TrinityAvowed_plans",""
"BossModReborn","","","","##BossMod.Shadowbringers.Foray.DelubrumReginae.DRS7StygimolochLord.DRS7StygimolochLord_plans",""
"BossModReborn","","","","##BossMod.Shadowbringers.Foray.DelubrumReginae.DRS8Queen.DRS8Queen_plans",""
"BossModReborn","","","","##BossMod.Shadowbringers.Foray.Duel.Duel1Gabriel.Duel1Gabriel_plans",""
"BossModReborn","","","","##BossMod.Shadowbringers.Foray.Duel.Duel2Lyon.Duel2Lyon_plans",""
"BossModReborn","","","","##BossMod.Shadowbringers.Foray.Duel.Duel3Sartauvoir.Duel3Sartauvoir_plans",""
"BossModReborn","","","","##BossMod.Shadowbringers.Foray.Duel.Duel4Dabog.Duel4Dabog_plans",""
"BossModReborn","","","","##BossMod.Shadowbringers.Foray.Duel.Duel5Menenius.Duel5Menenius_plans",""
"BossModReborn","","","","##BossMod.Shadowbringers.Foray.Duel.Duel6Lyon.Duel6Lyon_plans",""
"BossModReborn","","","","##BossMod.Shadowbringers.Foray.Skirmish.ConflictingWithTheFirstLaw.ConflictingWithTheFirstLaw_plans",""
"BossModReborn","","","","##BossMod.Shadowbringers.Foray.Skirmish.HeavyBootsOfLead.HeavyBootsOfLead_plans",""
"BossModReborn","","","","##BossMod.Shadowbringers.Foray.Skirmish.PyromancerSupreme.PyromancerSupreme_plans",""
"BossModReborn","","","","##BossMod.Shadowbringers.Foray.TheDalriada.DAL04thLegionColossusRubricatus.DAL04thLegionColossusRubricatus_plans",""
"BossModReborn","","","","##BossMod.Shadowbringers.Foray.TheDalriada.DAL1Gauntlet.DAL1Gauntlet_plans",""
"BossModReborn","","","","##BossMod.Shadowbringers.Foray.TheDalriada.DAL1Sartauvoir.DAL1Sartauvoir_plans",""
"BossModReborn","","","","##BossMod.Shadowbringers.Foray.TheDalriada.DAL2Cuchulainn.DAL2Cuchulainn_plans",""
"BossModReborn","","","","##BossMod.Shadowbringers.Foray.TheDalriada.DAL3SaunionDawon.DAL3SaunionDawon_plans",""
"BossModReborn","","","","##BossMod.Shadowbringers.Foray.TheDalriada.DAL4DiabloArmament.DAL4DiabloArmament_plans",""
"BossModReborn","","","","##BossMod.Shadowbringers.Hunt.RankA.Baal.Baal_plans",""
"BossModReborn","","","","##BossMod.Shadowbringers.Hunt.RankA.Grassman.Grassman_plans",""
"BossModReborn","","","","##BossMod.Shadowbringers.Hunt.RankA.Huracan.Huracan_plans",""
"BossModReborn","","","","##BossMod.Shadowbringers.Hunt.RankA.LilMurderer.LilMurderer_plans",""
"BossModReborn","","","","##BossMod.Shadowbringers.Hunt.RankA.Maliktender.Maliktender_plans",""
"BossModReborn","","","","##BossMod.Shadowbringers.Hunt.RankA.Nariphon.Nariphon_plans",""
"BossModReborn","","","","##BossMod.Shadowbringers.Hunt.RankA.Nuckelavee.Nuckelavee_plans",""
"BossModReborn","","","","##BossMod.Shadowbringers.Hunt.RankA.OPoorestPauldia.OPoorestPauldia_plans",""
"BossModReborn","","","","##BossMod.Shadowbringers.Hunt.RankA.Rusalka.Rusalka_plans",""
"BossModReborn","","","","##BossMod.Shadowbringers.Hunt.RankA.Sugaar.Sugaar_plans",""
"BossModReborn","","","","##BossMod.Shadowbringers.Hunt.RankA.Supay.Supay_plans",""
"BossModReborn","","","","##BossMod.Shadowbringers.Hunt.RankA.TheMudman.TheMudman_plans",""
"BossModReborn","","","","##BossMod.Shadowbringers.Hunt.RankS.Aglaope.Aglaope_plans",""
"BossModReborn","","","","##BossMod.Shadowbringers.Hunt.RankS.ForgivenGossip.ForgivenGossip_plans",""
"BossModReborn","","","","##BossMod.Shadowbringers.Hunt.RankS.ForgivenPedantry.ForgivenPedantry_plans",""
"BossModReborn","","","","##BossMod.Shadowbringers.Hunt.RankS.ForgivenRebellion.ForgivenRebellion_plans",""
"BossModReborn","","","","##BossMod.Shadowbringers.Hunt.RankS.Gunitt.Gunitt_plans",""
"BossModReborn","","","","##BossMod.Shadowbringers.Hunt.RankS.Ixtab.Ixtab_plans",""
"BossModReborn","","","","##BossMod.Shadowbringers.Hunt.RankS.Tarchia.Tarchia_plans",""
"BossModReborn","","","","##BossMod.Shadowbringers.Hunt.RankS.Tyger.Tyger_plans",""
"BossModReborn","","","","##BossMod.Shadowbringers.Quest.Job.Dancer.GambolingForGil.RanaaMihgo_plans",""
"BossModReborn","","","","##BossMod.Shadowbringers.Quest.Job.Dancer.SaveTheLastDanceForMe.AethericShadow_plans",""
"BossModReborn","","","","##BossMod.Shadowbringers.Quest.Job.Gunbreaker.SteelAgainstSteel.VitusQuoMessalla_plans",""
"BossModReborn","","","","##BossMod.Shadowbringers.Quest.MSQ.AFeastOfLies.Ranjit_plans",""
"BossModReborn","","","","##BossMod.Shadowbringers.Quest.MSQ.ASleepDistubed.ASleepDisturbed_plans",""
"BossModReborn","","","","##BossMod.Shadowbringers.Quest.MSQ.ComingClean.Ranjit_plans",""
"BossModReborn","","","","##BossMod.Shadowbringers.Quest.MSQ.DeathUntoDawn.P1.TelotekGamma_plans",""
"BossModReborn","","","","##BossMod.Shadowbringers.Quest.MSQ.DeathUntoDawn.P2.LunarOdin_plans",""
"BossModReborn","","","","##BossMod.Shadowbringers.Quest.MSQ.DeathUntoDawn.P3.LunarRavana_plans",""
"BossModReborn","","","","##BossMod.Shadowbringers.Quest.MSQ.DeathUntoDawn.P4.LunarIfrit_plans",""
"BossModReborn","","","","##BossMod.Shadowbringers.Quest.MSQ.FadedMemories.Aldynn.FlameGeneralAldynn_plans",""
"BossModReborn","","","","##BossMod.Shadowbringers.Quest.MSQ.FadedMemories.Ardbert.Ardbert_plans",""
"BossModReborn","","","","##BossMod.Shadowbringers.Quest.MSQ.FadedMemories.KingThordan.KingThordan_plans",""
"BossModReborn","","","","##BossMod.Shadowbringers.Quest.MSQ.FadedMemories.Nidhogg.Nidhogg_plans",""
"BossModReborn","","","","##BossMod.Shadowbringers.Quest.MSQ.FadedMemories.Zenos.ZenosYaeGalvus_plans",""
"BossModReborn","","","","##BossMod.Shadowbringers.Quest.MSQ.TheGreatShipVylbrand.SecondOrderRocksplitter_plans",""
"BossModReborn","","","","##BossMod.Shadowbringers.Quest.MSQ.TheOracleOfLight.Ranjit_plans",""
"BossModReborn","","","","##BossMod.Shadowbringers.Quest.MSQ.VowsOfVirtueDeedsOfCruelty.ArchUltima_plans",""
"BossModReborn","","","","##BossMod.Shadowbringers.Quest.Role.ATearfulReunion.Phronesis_plans",""
"BossModReborn","","","","##BossMod.Shadowbringers.Quest.Role.CourageBornOfFear.ImmaculateWarrior_plans",""
"BossModReborn","","","","##BossMod.Shadowbringers.Quest.Role.NyelbertsLament.Bovian_plans",""
"BossModReborn","","","","##BossMod.Shadowbringers.Quest.Role.TheHardenedHeart.TadricTheVainglorious_plans",""
"BossModReborn","","","","##BossMod.Shadowbringers.Quest.Role.TheHuntersLegacy.BalamQuitz_plans",""
"BossModReborn","","","","##BossMod.Shadowbringers.Quest.Role.TheLostAndTheFound.Sophrosyne.Sophrosyne_plans",""
"BossModReborn","","","","##BossMod.Shadowbringers.Quest.Role.TheLostAndTheFound.Yxtlilton.Yxtlilton_plans",""
"BossModReborn","","","","##BossMod.Shadowbringers.Quest.Role.TheSoulOfTemperance.Sophrosyne_plans",""
"BossModReborn","","","","##BossMod.Shadowbringers.Quest.Role.ToHaveLovedAndLost.Dikaiosyne_plans",""
"BossModReborn","","","","##BossMod.Shadowbringers.Quest.SorrowOfWerlyt.SleepNowInSapphire.P1GuidanceSystem.GuidanceSystem_plans",""
"BossModReborn","","","","##BossMod.Shadowbringers.Quest.SorrowOfWerlyt.SleepNowInSapphire.P2SapphireWeapon.TheSapphireWeapon_plans",""
"BossModReborn","","","","##BossMod.Shadowbringers.Raid.E05Ramuh.E05Ramuh.Ramuh_plans",""
"BossModReborn","","","","##BossMod.Shadowbringers.TreasureHunt.DungeonsOfLyheGhiah.Alichino.Alichino_plans",""
"BossModReborn","","","","##BossMod.Shadowbringers.TreasureHunt.DungeonsOfLyheGhiah.Goliath.Goliath_plans",""
"BossModReborn","","","","##BossMod.Shadowbringers.TreasureHunt.ShiftingOubliettesOfLyheGhiah.DaenOseTheAvariciousEchidna.DaenOseTheAvariciousEchidna_plans",""
"BossModReborn","","","","##BossMod.Shadowbringers.TreasureHunt.ShiftingOubliettesOfLyheGhiah.DaenOseTheAvariciousTyphon.DaenOseTheAvariciousTyphon_plans",""
"BossModReborn","","","","##BossMod.Shadowbringers.TreasureHunt.ShiftingOubliettesOfLyheGhiah.DaenOseTheAvariciousUltros.DaenOseTheAvariciousUltros_plans",""
"BossModReborn","","","","##BossMod.Shadowbringers.TreasureHunt.ShiftingOubliettesOfLyheGhiah.FuathTroublemaker.FuathTroublemaker_plans",""
"BossModReborn","","","","##BossMod.Shadowbringers.TreasureHunt.ShiftingOubliettesOfLyheGhiah.GreedyPixie.GreedyPixie_plans",""
"BossModReborn","","","","##BossMod.Shadowbringers.TreasureHunt.ShiftingOubliettesOfLyheGhiah.SecretBasket.SecretBasket_plans",""
"BossModReborn","","","","##BossMod.Shadowbringers.TreasureHunt.ShiftingOubliettesOfLyheGhiah.SecretCladoselache.SecretCladoselache_plans",""
"BossModReborn","","","","##BossMod.Shadowbringers.TreasureHunt.ShiftingOubliettesOfLyheGhiah.SecretDjinn.SecretDjinn_plans",""
"BossModReborn","","","","##BossMod.Shadowbringers.TreasureHunt.ShiftingOubliettesOfLyheGhiah.SecretKeeper.SecretKeeper_plans",""
"BossModReborn","","","","##BossMod.Shadowbringers.TreasureHunt.ShiftingOubliettesOfLyheGhiah.SecretKorrigan.SecretKorrigan_plans",""
"BossModReborn","","","","##BossMod.Shadowbringers.TreasureHunt.ShiftingOubliettesOfLyheGhiah.SecretPegasus.SecretPegasus_plans",""
"BossModReborn","","","","##BossMod.Shadowbringers.TreasureHunt.ShiftingOubliettesOfLyheGhiah.SecretPorxie.SecretPorxie_plans",""
"BossModReborn","","","","##BossMod.Shadowbringers.TreasureHunt.ShiftingOubliettesOfLyheGhiah.SecretSerpent.SecretSerpent_plans",""
"BossModReborn","","","","##BossMod.Shadowbringers.TreasureHunt.ShiftingOubliettesOfLyheGhiah.SecretSwallow.SecretSwallow_plans",""
"BossModReborn","","","","##BossMod.Shadowbringers.TreasureHunt.ShiftingOubliettesOfLyheGhiah.SecretUndine.SecretUndine_plans",""
"BossModReborn","","","","##BossMod.Shadowbringers.TreasureHunt.ShiftingOubliettesOfLyheGhiah.SecretWorm.SecretWorm_plans",""
"BossModReborn","","","","##BossMod.Shadowbringers.Trial.T01Titania.Titania_plans",""
"BossModReborn","","","","##BossMod.Shadowbringers.Trial.T02Innocence.T02Innocence_plans",""
"BossModReborn","","","","##BossMod.Shadowbringers.Trial.T03Hades.Hades_plans",""
"BossModReborn","","","","##BossMod.Shadowbringers.Trial.T04WarriorOfLightP1.T04WarriorOfLightP1_plans",""
"BossModReborn","","","","##BossMod.Shadowbringers.Trial.T04WarriorOfLightP2.T04WarriorOfLightP2_plans",""
"BossModReborn","","","","##BossMod.Shadowbringers.Ultimate.TEA.TEA_plans",""
"BossModReborn","","","","##BossMod.Stormblood.Alliance.A11Mateus.A11Mateus_plans",""
"BossModReborn","","","","##BossMod.Stormblood.Alliance.A21Famfrit.A21Famfrit_plans",""
"BossModReborn","","","","##BossMod.Stormblood.Alliance.A22Belias.A22Belias_plans",""
"BossModReborn","","","","##BossMod.Stormblood.Alliance.A23Construct7.A23Construct7_plans",""
"BossModReborn","","","","##BossMod.Stormblood.Alliance.A24Yiazmat.A24Yiazmat_plans",""
"BossModReborn","","","","##BossMod.Stormblood.Alliance.A31Mustadio.A31Mustadio_plans",""
"BossModReborn","","","","##BossMod.Stormblood.Alliance.A32Agrias.A32Agrias_plans",""
"BossModReborn","","","","##BossMod.Stormblood.Alliance.A33ThunderGod.A33ThunderGod_plans",""
"BossModReborn","","","","##BossMod.Stormblood.Alliance.A34UltimaP1.A34UltimaP1_plans",""
"BossModReborn","","","","##BossMod.Stormblood.Alliance.A35UltimaP2.A35UltimaP2_plans",""
"BossModReborn","","","","##BossMod.Stormblood.DeepDungeon.HeavenOnHigh.DD10Mojabune.DD10Mojabune_plans",""
"BossModReborn","","","","##BossMod.Stormblood.DeepDungeon.HeavenOnHigh.DD20Beccho.DD20Beccho_plans",""
"BossModReborn","","","","##BossMod.Stormblood.DeepDungeon.HeavenOnHigh.DD30Hiruko.DD30Hiruko_plans",""
"BossModReborn","","","","##BossMod.Stormblood.DeepDungeon.HeavenOnHigh.DD40Bhima.DD40Bhima_plans",""
"BossModReborn","","","","##BossMod.Stormblood.DeepDungeon.HeavenOnHigh.DD50Gozu.DD50Gozu_plans",""
"BossModReborn","","","","##BossMod.Stormblood.DeepDungeon.HeavenOnHigh.DD60Suikazura.DD60Suikazura_plans",""
"BossModReborn","","","","##BossMod.Stormblood.DeepDungeon.HeavenOnHigh.DD70Kenko.DD70Kenko_plans",""
"BossModReborn","","","","##BossMod.Stormblood.DeepDungeon.HeavenOnHigh.DD80Kajigakaka.DD80Kajigakaka_plans",""
"BossModReborn","","","","##BossMod.Stormblood.DeepDungeon.HeavenOnHigh.DD90Onra.DD90Onra_plans",""
"BossModReborn","","","","##BossMod.Stormblood.Dungeon.D01SirensongSea.D011Lugat.D011Lugat_plans",""
"BossModReborn","","","","##BossMod.Stormblood.Dungeon.D01SirensongSea.D012TheGovernor.DO12TheGovernor_plans",""
"BossModReborn","","","","##BossMod.Stormblood.Dungeon.D01SirensongSea.D013Lorelei.D013Lorelei_plans",""
"BossModReborn","","","","##BossMod.Stormblood.Dungeon.D02ShisuiOfTheVioletTides.D021Amikiri.D021Amikiri_plans",""
"BossModReborn","","","","##BossMod.Stormblood.Dungeon.D02ShisuiOfTheVioletTides.D022RubyPrincess.D022RubyPrincess_plans",""
"BossModReborn","","","","##BossMod.Stormblood.Dungeon.D02ShisuiOfTheVioletTides.D023ShisuiYohi.D023ShisuiYohi_plans",""
"BossModReborn","","","","##BossMod.Stormblood.Dungeon.D03BardamsMettle.D031Garula.D031Garula_plans",""
"BossModReborn","","","","##BossMod.Stormblood.Dungeon.D03BardamsMettle.D032HunterOfBardam.D032HunterOfBardam_plans",""
"BossModReborn","","","","##BossMod.Stormblood.Dungeon.D03BardamsMettle.D033Yol.D033Yol_plans",""
"BossModReborn","","","","##BossMod.Stormblood.Dungeon.D04DomaCastle.D041MagitekRearguard.D041MagitekRearguard_plans",""
"BossModReborn","","","","##BossMod.Stormblood.Dungeon.D04DomaCastle.D042MagitekHexadrone.D042MagitekHexadrone_plans",""
"BossModReborn","","","","##BossMod.Stormblood.Dungeon.D04DomaCastle.D043HypertunedGrynewaht.D043HypertunedGrynewaht_plans",""
"BossModReborn","","","","##BossMod.Stormblood.Dungeon.D05CastrumAbania.D051MagnaRoader.D051MagnaRoader_plans",""
"BossModReborn","","","","##BossMod.Stormblood.Dungeon.D05CastrumAbania.D052SubjectNumberXXIV.D052SubjectNumberXXIV_plans",""
"BossModReborn","","","","##BossMod.Stormblood.Dungeon.D05CastrumAbania.D053Inferno.D053Inferno_plans",""
"BossModReborn","","","","##BossMod.Stormblood.Dungeon.D06AlaMhigo.D061MagitekScorpion.D061MagitekScorpion_plans",""
"BossModReborn","","","","##BossMod.Stormblood.Dungeon.D06AlaMhigo.D062AulusMalAsina.D062AulusMalAsina_plans",""
"BossModReborn","","","","##BossMod.Stormblood.Dungeon.D06AlaMhigo.D063ZenosYaeGalvus.D063ZenosYaeGalvus_plans",""
"BossModReborn","","","","##BossMod.Stormblood.Dungeon.D09DrownedCityOfSkalla.D091Kelpie.D091Kelpie_plans",""
"BossModReborn","","","","##BossMod.Stormblood.Dungeon.D09DrownedCityOfSkalla.D092TheOldOne.D092TheOldOne_plans",""
"BossModReborn","","","","##BossMod.Stormblood.Dungeon.D09DrownedCityOfSkalla.D093HrodricPoisonTongue.D093HrodricPoisonTongue_plans",""
"BossModReborn","","","","##BossMod.Stormblood.Dungeon.D13TheBurn.D131Hedetet.D131Hedetet_plans",""
"BossModReborn","","","","##BossMod.Stormblood.Dungeon.D13TheBurn.D132DefectiveDrone.D132DefectiveDrone_plans",""
"BossModReborn","","","","##BossMod.Stormblood.Dungeon.D13TheBurn.D133MistDragon.D133MistDragon_plans",""
"BossModReborn","","","","##BossMod.Stormblood.Dungeon.D15TheGhimlytDark.D150ScholaColossus.D0150ScholaColossus_plans",""
"BossModReborn","","","","##BossMod.Stormblood.Dungeon.D15TheGhimlytDark.D150ScholaMarkIIColossus.D0150ScholaMarkIIColossus_plans",""
"BossModReborn","","","","##BossMod.Stormblood.Dungeon.D15TheGhimlytDark.D151MarkIIIBMagitekColossus.D151MarkIIIBMagitekColossus_plans",""
"BossModReborn","","","","##BossMod.Stormblood.Dungeon.D15TheGhimlytDark.D152Prometheus.D152Prometheus_plans",""
"BossModReborn","","","","##BossMod.Stormblood.Dungeon.D15TheGhimlytDark.D153SoranusDuo.D153SoranusDuo_plans",""
"BossModReborn","","","","##BossMod.Stormblood.Extreme.Ex2Lakshmi.Ex2Lakshmi_plans",""
"BossModReborn","","","","##BossMod.Stormblood.Extreme.Ex6Byakko.Ex6Byakko_plans",""
"BossModReborn","","","","##BossMod.Stormblood.Extreme.Ex7Suzaku.Ex7Suzaku_plans",""
"BossModReborn","","","","##BossMod.Stormblood.Extreme.Ex8Seiryu.Ex8Seiryu_plans",""
"BossModReborn","","","","##BossMod.Stormblood.Foray.BaldesionArsenal.BA1Art.BA1Art_plans",""
"BossModReborn","","","","##BossMod.Stormblood.Foray.BaldesionArsenal.BA1Owain.BA1Owain_plans",""
"BossModReborn","","","","##BossMod.Stormblood.Foray.BaldesionArsenal.BA2Raiden.BA2Raiden_plans",""
"BossModReborn","","","","##BossMod.Stormblood.Foray.BaldesionArsenal.BA3AbsoluteVirtue.BA3AbsoluteVirtue_plans",""
"BossModReborn","","","","##BossMod.Stormblood.Foray.BaldesionArsenal.BA4ProtoOzma.BA4ProtoOzma_plans",""
"BossModReborn","","","","##BossMod.Stormblood.Foray.Hydatos.Ceto.Ceto_plans",""
"BossModReborn","","","","##BossMod.Stormblood.Foray.Hydatos.Daphne.Daphne_plans",""
"BossModReborn","","","","##BossMod.Stormblood.Foray.Hydatos.Molech.Molech_plans",""
"BossModReborn","","","","##BossMod.Stormblood.Foray.Hydatos.Ovni.Ovni_plans",""
"BossModReborn","","","","##BossMod.Stormblood.Foray.Hydatos.ProvenanceWatcher.ProvenanceWatcher_plans",""
"BossModReborn","","","","##BossMod.Stormblood.Foray.Hydatos.Tristitia.Phuabo_plans",""
"BossModReborn","","","","##BossMod.Stormblood.Foray.Hydatos.Tristitia.Tristitia_plans",""
"BossModReborn","","","","##BossMod.Stormblood.Hunt.RankA.Angada.Angada_plans",""
"BossModReborn","","","","##BossMod.Stormblood.Hunt.RankA.Gajasura.Gajasura_plans",""
"BossModReborn","","","","##BossMod.Stormblood.Hunt.RankS.BoneCrawler.BoneCrawler_plans",""
"BossModReborn","","","","##BossMod.Stormblood.Hunt.RankS.Gamma.Gamma_plans",""
"BossModReborn","","","","##BossMod.Stormblood.Hunt.RankS.Okina.Okina_plans",""
"BossModReborn","","","","##BossMod.Stormblood.Hunt.RankS.Orghana.Orghana_plans",""
"BossModReborn","","","","##BossMod.Stormblood.Quest.FourLords.TortoiseInTime.Soroban_plans",""
"BossModReborn","","","","##BossMod.Stormblood.Quest.Job.BloodOnTheDeck.GurumiBorlumi_plans",""
"BossModReborn","","","","##BossMod.Stormblood.Quest.Job.DarkKnight.TheOrphansAndTheBrokenBlade.OmpagneDeepblack_plans",""
"BossModReborn","","","","##BossMod.Stormblood.Quest.Job.Dragoon.DragonSound.Faunehm_plans",""
"BossModReborn","","","","##BossMod.Stormblood.Quest.Job.Monk.ThePowerToProtect.Io_plans",""
"BossModReborn","","","","##BossMod.Stormblood.Quest.Job.Paladin.RaisingTheSword.AldisSwordOfNald_plans",""
"BossModReborn","","","","##BossMod.Stormblood.Quest.Job.Samurai.TheBattleOnBekko.UgetsuSlayerOfAThousandSouls_plans",""
"BossModReborn","","","","##BossMod.Stormblood.Quest.Job.Samurai.TheFaceOfTrueEvil.Musosai_plans",""
"BossModReborn","","","","##BossMod.Stormblood.Quest.Job.Summoner.AnArtForTheLiving.SummoningNode_plans",""
"BossModReborn","","","","##BossMod.Stormblood.Quest.Jobs.Scholar.OurUnsungHeroes.FallenKuribu_plans",""
"BossModReborn","","","","##BossMod.Stormblood.Quest.MSQ.ARequiemForHeroes.ZenosP1_plans",""
"BossModReborn","","","","##BossMod.Stormblood.Quest.MSQ.ARequiemForHeroes.ZenosP2_plans",""
"BossModReborn","","","","##BossMod.Stormblood.Quest.MSQ.BestServedWithColdSteel.MagitekVanguardIPrototype_plans",""
"BossModReborn","","","","##BossMod.Stormblood.Quest.MSQ.EmissaryOfTheDawn.HostileSkyArmor_plans",""
"BossModReborn","","","","##BossMod.Stormblood.Quest.MSQ.HisForgottenHome.SlickshellCaptain_plans",""
"BossModReborn","","","","##BossMod.Stormblood.Quest.MSQ.HopeOnTheWaves.ImperialCenturion_plans",""
"BossModReborn","","","","##BossMod.Stormblood.Quest.MSQ.Naadam.Ovoo_plans",""
"BossModReborn","","","","##BossMod.Stormblood.Quest.MSQ.ReturnOfTheBull.Lakshmi_plans",""
"BossModReborn","","","","##BossMod.Stormblood.Quest.MSQ.RhalgrsBeacon.FordolaRemLupis_plans",""
"BossModReborn","","","","##BossMod.Stormblood.Quest.MSQ.TheMeasureOfHisReach.HakuroWhitefang_plans",""
"BossModReborn","","","","##BossMod.Stormblood.Quest.MSQ.TheResonant.FordolaRemLupis_plans",""
"BossModReborn","","","","##BossMod.Stormblood.Quest.MSQ.TheTimeBetweenTheSeconds.ZenosYaeGalvus_plans",""
"BossModReborn","","","","##BossMod.Stormblood.Quest.MSQ.TheWillOfTheMoon.SaduHeavensflame_plans",""
"BossModReborn","","","","##BossMod.Stormblood.Raid.O1NAlteRoite.O1NAlteRoite_plans",""
"BossModReborn","","","","##BossMod.Stormblood.Raid.O3NHalicarnassus.O3NHalicarnassus_plans",""
"BossModReborn","","","","##BossMod.Stormblood.Raid.O8NKefka.O8NKefka_plans",""
"BossModReborn","","","","##BossMod.Stormblood.TreasureHunt.HiddenCalansOfUznair.Airavata.Airavata_plans",""
"BossModReborn","","","","##BossMod.Stormblood.TreasureHunt.LostCanalsOfUznair.CanalIcebeast.CanalIcebeast_plans",""
"BossModReborn","","","","##BossMod.Stormblood.TreasureHunt.ShiftingAltarsOfUznair.AltarAiravata.AltarAiravata_plans",""
"BossModReborn","","","","##BossMod.Stormblood.TreasureHunt.ShiftingAltarsOfUznair.AltarArachne.AltarArachne_plans",""
"BossModReborn","","","","##BossMod.Stormblood.TreasureHunt.ShiftingAltarsOfUznair.AltarBeast.AltarBeast_plans",""
"BossModReborn","","","","##BossMod.Stormblood.TreasureHunt.ShiftingAltarsOfUznair.AltarChimera.AltarChimera_plans",""
"BossModReborn","","","","##BossMod.Stormblood.TreasureHunt.ShiftingAltarsOfUznair.AltarDiresaur.AltarDiresaur_plans",""
"BossModReborn","","","","##BossMod.Stormblood.TreasureHunt.ShiftingAltarsOfUznair.AltarDullahan.AltarDullahan_plans",""
"BossModReborn","","","","##BossMod.Stormblood.TreasureHunt.ShiftingAltarsOfUznair.AltarKelpie.AltarKelpie_plans",""
"BossModReborn","","","","##BossMod.Stormblood.TreasureHunt.ShiftingAltarsOfUznair.AltarMandragora.AltarMandragora_plans",""
"BossModReborn","","","","##BossMod.Stormblood.TreasureHunt.ShiftingAltarsOfUznair.AltarSkatene.AltarSkatene_plans",""
"BossModReborn","","","","##BossMod.Stormblood.TreasureHunt.ShiftingAltarsOfUznair.AltarTotem.AltarTotem_plans",""
"BossModReborn","","","","##BossMod.Stormblood.TreasureHunt.ShiftingAltarsOfUznair.Hati.Hati_plans",""
"BossModReborn","","","","##BossMod.Stormblood.TreasureHunt.ShiftingAltarsOfUznair.TheGreatGoldWhisker.TheGreatGoldWhisker_plans",""
"BossModReborn","","","","##BossMod.Stormblood.TreasureHunt.ShiftingAltarsOfUznair.TheOlderOne.TheOlderOne_plans",""
"BossModReborn","","","","##BossMod.Stormblood.TreasureHunt.ShiftingAltarsOfUznair.TheWinged.TheWinged_plans",""
"BossModReborn","","","","##BossMod.Stormblood.Trial.T01Susano.Susano_plans",""
"BossModReborn","","","","##BossMod.Stormblood.Trial.T02Lakshmi.T02Lakshmi_plans",""
"BossModReborn","","","","##BossMod.Stormblood.Trial.T03Shinryu.T03Shinryu_plans",""
"BossModReborn","","","","##BossMod.Stormblood.Trial.T04Tsukuyomi.Tsukuyomi_plans",""
"BossModReborn","","","","##BossMod.Stormblood.Trial.T05Yojimbo.T05Yojimbo_plans",""
"BossModReborn","","","","##BossMod.Stormblood.Trial.T07Byakko.T07Byakko_plans",""
"BossModReborn","","","","##BossMod.Stormblood.Trial.T08Suzaku.T08Suzaku_plans",""
"BossModReborn","","","","##BossMod.Stormblood.Trial.T09Seiryu.T09Seiryu_plans",""
"BossModReborn","","","","##BossMod.Stormblood.Ultimate.UCOB.UCOB_plans",""
"BossModReborn","","","","##BossMod.Stormblood.Ultimate.UWU.UWU_plans",""
