Plugin,Menu,Section,Type,English,Japanese
"LazyCrucible","","","@Window","LazyCrucible",""
"LazyCrucible","","","","(no fight in focus)","(焦点が合っている戦闘はありません)"
"LazyCrucible","","","","/lazycrucible guide",""
"LazyCrucible","","","","1##gb",""
"LazyCrucible","","","","1##lcBoard",""
"LazyCrucible","","","","10-tonze Stomp (7 s)","10トンストンプ(7秒)"
"LazyCrucible","","","","100% paralysis resist: Antiparalysis serum, Crimson Ribbon, Genji Gloves or Morel","麻痺耐性100%：麻痺血清、クリムゾンリボン、ゲンジグローブ、モレル"
"LazyCrucible","","","","100% poison resist: Breathtaking Swiftness potion, Antipoison G2, Angel Robe or Porcini","100% 毒耐性: 息を呑む素早さ 薬品、アンチポイズン G2、エンジェル ローブ、またはポルチーニ"
"LazyCrucible","","","","100-kuponze Swipe (8 s)","100クポンゼスワイプ(8秒)"
"LazyCrucible","","","","100-tonze Slash (9 s)","100トン斬り（9秒）"
"LazyCrucible","","","","1000-tonze Swing (10 s)","1000トンのスイング（10秒）"
"LazyCrucible","","","","1000-tonze Swipe (7 s)","1000 トンのスワイプ (7 秒)"
"LazyCrucible","","","","1111-tonze Swing (8 s)","1111トンのスイング(8秒)"
"LazyCrucible","","","","2##gb",""
"LazyCrucible","","","","2##lcBoard",""
"LazyCrucible","","","","3##gb",""
"LazyCrucible","","","","3##lcBoard",""
"LazyCrucible","","","","4##gb",""
"LazyCrucible","","","","4##lcBoard",""
"LazyCrucible","","","","5##gb",""
"LazyCrucible","","","","5##lcBoard",""
"LazyCrucible","","","","A Blink tome at the start","開始 の瞬きの本"
"LazyCrucible","","","","A dispel for Clear Mind: Quelling Wave (Wavekin), Bloodcurdling Caw (vulture) or Fang of Water","Clear Mindのディスペル：Quelling Wave (Wavekin)、Bloodcurdling Caw (ハゲワシ)、またはFang of Water"
"LazyCrucible","","","","A fang, or a stunning AoE release then Parting Blow, for the adds","ファング、または驚異的な範囲 リリース に続いて別れの一撃を加えます。"
"LazyCrucible","","","","A stun or bind for the Ymir once its shell breaks","スタン、またはシェルが壊れた後のユミルのバインド"
"LazyCrucible","","","","A stunning AoE release then Parting Blow, or Shield Charge, for the add packs","雑魚敵／追加出現 パックの驚異的な AoE リリース とパーティティング ブロー、またはシールド チャージ"
"LazyCrucible","","","","Abaddon feeding","アバドンの餌付け"
"LazyCrucible","","","","Abyssal Charge (3 s)","アビサルチャージ(3秒)"
"LazyCrucible","","","","Abyssal Swing (5.7 s)","アビサルスイング(5.7秒)"
"LazyCrucible","","","","Abyssal Transfixion (3.7 s)","深淵の貫通(3.7秒)"
"LazyCrucible","","","","Acid Mist (4 s)","アシッドミスト (4秒)"
"LazyCrucible","","","","Acid Rain (2 s)","酸性雨 (2秒)"
"LazyCrucible","","","","Acorn Bomb (5 s)","ドングリボム(5秒)"
"LazyCrucible","","","","Adds",""
"LazyCrucible","","","","administrator piece (enemy, random space)","管理者ピース(敵、ランダムスペース)"
"LazyCrucible","","","","Administrator Piece + Bug Piece + Footman Piece + Dreadnaught Piece + Drone Piece + Cobra Piece","管理者のピース + バグのピース + フットマンのピース + ドレッドノートのピース + ドローンのピース + コブラのピース"
"LazyCrucible","","","","Administrator Piece + Bug Piece + Footman Piece + Dreadnaught Piece + Drone Piece + Cobra Piece (enemy, random)","管理者のピース + バグのピース + フットマンのピース + ドレッドノートのピース + ドローンのピース + コブラのピース (敵、ランダム)"
"LazyCrucible","","","","administrator piece: Lightning; bug piece: Lightning; footman piece: Lightning; dreadnaught piece: Lightning; drone piece: Lightning; cobra piece: Piercing","管理者作品: ライトニング;バグピース: ライトニング;フットマンピース: ライトニング;弩級の作品: ライトニング。ドローンピース: ライトニング;コブラピース：ピアス"
"LazyCrucible","","","","Aero III (12 s)","エアロ III (12 秒)"
"LazyCrucible","","","","Aetherial Fissure (6 s)","エテリアル裂け目(6秒)"
"LazyCrucible","","","","Aetherial Offering (5 s)","エセリアルの捧げ物（5秒）"
"LazyCrucible","","","","Aetheric charges (2 s)","エーテルチャージ(2秒)"
"LazyCrucible","","","","Airy Pursuit (3 s)","エアリー・パースート(3秒)"
"LazyCrucible","","","","Allfire (4 s)","オールファイア (4秒)"
"LazyCrucible","","","","An AoE Tempered Release or Parting Blow one-shots the adds","AoE 強化された リリース またはパーティング ブローのワンショットが追加されます"
"LazyCrucible","","","","An AoE Tempered Release or Parting Blow, and Shield Charges, for the wisps","ウィスプ用の AoE 強化 リリース または別れの一撃、およびシールド チャージ"
"LazyCrucible","","","","Ancient Aero (5.7 s)","古代のエアロ (5.7 秒)"
"LazyCrucible","","","","Angel Robe prevents the poison","エンジェルローブは毒を防ぐ"
"LazyCrucible","","","","Announce picks in chat","チャットで候補を発表する"
"LazyCrucible","","","","Antiblind serum for Sand Tempest","サンドテンペスト用アンチブラインドセラム"
"LazyCrucible","","","","Antiparalysis serum or Crimson Ribbon to pre-resist","抗麻痺血清またはクリムゾンリボンを事前に耐性化"
"LazyCrucible","","","","Antiparalysis serum, Genji Gloves or Crimson Ribbon for Thunderbolt","麻痺血清、源氏グローブ、またはサンダーボルト用クリムゾンリボン"
"LazyCrucible","","","","Antling",""
"LazyCrucible","","","","Antling: slashing x3, crowd control","アントリング: 斬撃 x3、群衆 加工精度"
"LazyCrucible","","","","Antling: slashing, crowd control","アントリング: 斬撃、群衆 加工精度"
"LazyCrucible","","","","AoE each Bone Bishop pack before Soul Douse; keep 4 or fewer light orbs on the floor.","Soul Douseの前に各Bone BishopパックをAoEします。床に光のオーブを4つ以下にしておきます。"
"LazyCrucible","","","","AoE for the zombies: a stunning AoE release then Parting Blow, or a fang","ゾンビの範囲: 見事な範囲 リリース、その後の別れの一撃、または牙"
"LazyCrucible","","","","Aqueous Discharge (2.5 s)","水性放電 (2.5 秒)"
"LazyCrucible","","","","Arboreal Storm (5 s)","樹上の嵐 (5 秒)"
"LazyCrucible","","","","Arcane Blast (8 s)","アーケインブラスト(8秒)"
"LazyCrucible","","","","Arcane Enhancement (5 s)","秘術強化(5秒)"
"LazyCrucible","","","","Arch Demon Piece","アークデーモンピース"
"LazyCrucible","","","","arch demon piece (enemy)","アークデーモンピース（敵）"
"LazyCrucible","","","","Arch Demon Piece (enemy)","アークデーモンピース(敵)"
"LazyCrucible","","","","arch demon piece: Lightning","アークデーモンピース：ライトニング"
"LazyCrucible","","","","Arm and Hammer (5.6 s)","アームとハンマー (5.6 秒)"
"LazyCrucible","","","","Atomic Ray (13 s)","原子線 (13 秒)"
"LazyCrucible","","","","Atomos piece (enemy, random space)","アトモスピース（敵、ランダムスペース）"
"LazyCrucible","","","","Atomos Piece + Red Gremlin Piece + Gremlin Piece + Pudding Piece + Bavarois Piece + Flan Piece + Vodoriga Piece + Menacing Dahak Piece","アトモスの欠片 + レッドグレムリンの欠片 + グレムリンの欠片 + プリンの欠片 + ババロアの欠片 + フランの欠片 + ヴォドリガの欠片 + 脅威のダハークの欠片"
"LazyCrucible","","","","Atomos Piece + Red Gremlin Piece + Gremlin Piece + Pudding Piece + Bavarois Piece + Flan Piece + Vodoriga Piece + Menacing Dahak Piece (enemy, random)","アトモスの欠片 + レッドグレムリンの欠片 + グレムリンの欠片 + プリンの欠片 + ババロアの欠片 + フランの欠片 + ヴォドリガの欠片 + 脅威のダハークの欠片 (敵、ランダム)"
"LazyCrucible","","","","Atomos piece: Blunt; red gremlin piece: Piercing; gremlin piece: Piercing; pudding piece: Wind; bavarois piece: Lightning; flan piece: Earth; vodoriga piece: Piercing; menacing dahak piece: Ice","アトモスのピース: 鈍い。赤いグレムリンのピース: ピアス;グレムリンピース: ピアス;プリンピース：風。ババロアの部分: ライトニング;フランピース：地球。ヴォドリガ ピース: ピアス;脅威のダハクピース：アイス"
"LazyCrucible","","","","AutoDuty can run whole Crucible boards and fills the roster and horns with its own team (for example a leveling team). While it is running, LazyCrucible does not touch any Crucible screen, so the two never overwrite each other.","AutoDuty は、クルーシブル ボード全体を 周回／実行 することができ、独自のチーム (レベリング チームなど) で名簿とホーンを満たします。 実行中 ですが、LazyCrucible はるつぼの画面には触れないため、この 2 つが相互に上書きされることはありません。"
"LazyCrucible","","","","Bad-mouth (3 s)","悪口 (3 秒)"
"LazyCrucible","","","","banemite piece (enemy)","ベネマイトピース（敵）"
"LazyCrucible","","","","Banemite Piece + Miteling Piece","ベネマイトピース + マイテリングピース"
"LazyCrucible","","","","Banemite Piece + Miteling Piece (enemy)","ベネマイトピース＋マイテリングピース（敵）"
"LazyCrucible","","","","banemite piece: Ice; miteling piece: Ice","ベネマイトピース: 氷;マイトリングピース：アイス"
"LazyCrucible","","","","Banish (6 s)","バニッシュ(6秒)"
"LazyCrucible","","","","Bat",""
"LazyCrucible","","","","Bat: crowd control, Ultrasonics","Bat: 群衆 加工精度、超音波"
"LazyCrucible","","","","Bat: Ultrasonics","バット：超音波"
"LazyCrucible","","","","Bavarois, then Pudding, Flan and Dahak, then Gremlins and Vodoriga","ババロア、プリン、フラン、ダハーク、グレムリン、ヴォドリガ"
"LazyCrucible","","","","Beast Feed: pick who eats the feed and confirm","獣の餌: 餌を食べる人を選択して確認します"
"LazyCrucible","","","","Beast picks by battle","バトルで選ぶビースト"
"LazyCrucible","","","","Beastly Aura (7 s)","野獣のオーラ(7秒)"
"LazyCrucible","","","","Beastskin (Beastkin borrow) before the pull","開戦／釣る 以前の Beastskin (Beastkin 借用)"
"LazyCrucible","","","","Beastskin (Beastkin borrow); a paralysis-resist release for Thunderbolt","Beastskin (獣人の借用);サンダーボルト用麻痺耐性リリース"
"LazyCrucible","","","","Beastskin for the first Mortal Ray","最初のモータル レイのビーストスキン"
"LazyCrucible","","","","Bedrock Uplift (5 s)","岩盤隆起(5秒)"
"LazyCrucible","","","","Beguiling Mist (5 s)","魅惑のミスト(5秒)"
"LazyCrucible","","","","Behemoth",""
"LazyCrucible","","","","behemoth piece (elite, random space)","ベヒーモスのピース（エリート、ランダムスペース）"
"LazyCrucible","","","","Behemoth Piece + Giant Piece + Lightning Sprite","ベヒモスの欠片 + ジャイアントの欠片 + ライトニングスプライト"
"LazyCrucible","","","","Behemoth Piece + Giant Piece + Lightning Sprite (elite, random)","ベヒモスのピース + ジャイアントのピース + ライトニング スプライト (エリート、ランダム)"
"LazyCrucible","","","","behemoth piece: Earth; giant piece: Lightning; lightning sprite: Earth","巨大なピース: 地球;巨大なピース: ライトニング。ライトニングスプライト：地球"
"LazyCrucible","","","","Behemoth: lightning","ベヒモス：雷"
"LazyCrucible","","","","Behemoth: lightning x4","ベヒモス：雷×4"
"LazyCrucible","","","","Bestial Roar (3 s)","獣の咆哮(3秒)"
"LazyCrucible","","","","Biloko and Sapling first, then Diremite, Slug, Treant","最初にビロコと苗木、次にディレマイト、スラッグ、トレント"
"LazyCrucible","","","","Black Cowl resists the Beguiling Mist sleep","黒頭巾は魅惑的な霧の眠りに抵抗する"
"LazyCrucible","","","","Black Eruption (6 s)","ブラック・イラプション(6秒)"
"LazyCrucible","","","","Blanket Thunder (5 s)","ブランケットサンダー(5秒)"
"LazyCrucible","","","","Blaze Spikes (3 s)","ブレイズスパイク(3秒)"
"LazyCrucible","","","","Blazing Trail (8 s)","ブレイジング・トレイル (8秒)"
"LazyCrucible","","","","Blizzard",""
"LazyCrucible","","","","Blood Rain (6 s)","ブラッドレイン (6秒)"
"LazyCrucible","","","","Blood Sword (6 s)","ブラッドソード(6秒)"
"LazyCrucible","","","","Bloodcurdling Caw","血も凍るような牛"
"LazyCrucible","","","","Blowing Ring of Fire (5 s)","火の輪を吹く(5秒)"
"LazyCrucible","","","","blunt",""
"LazyCrucible","","","","blunt x2","鈍器×2"
"LazyCrucible","","","","blunt x2, Quelling Wave","鈍器×2、鎮める波"
"LazyCrucible","","","","blunt x3, crowd control","鈍い x3、群衆 加工精度"
"LazyCrucible","","","","blunt x4, crowd control","鈍い x4、群衆 加工精度"
"LazyCrucible","","","","blunt x4, crowd control, Quelling Wave","鈍い x4、群衆 加工精度、鎮める波"
"LazyCrucible","","","","blunt, crowd control","無愛想、群衆 加工精度"
"LazyCrucible","","","","blunt, crowd control, Quelling Wave","鈍い、群衆 加工精度、鎮める波"
"LazyCrucible","","","","Board",""
"LazyCrucible","","","","Bomb Toss / Goblin Hammer","ボムトス/ゴブリンハンマー"
"LazyCrucible","","","","Bomb, then Deepeye, then Light Sprite, then Boogyman","ボム、次にディープアイ、次にライトスプライト、そしてブギーマン"
"LazyCrucible","","","","Bone Bishop adds first, each pack together","ボーンビショップが最初に各パックを一緒に追加します"
"LazyCrucible","","","","Bone Bishop first; its ring and line casts are harder to dodge","まずはボーンビショップ。リングとラインキャストを避けるのが難しくなります"
"LazyCrucible","","","","Bone Bishop packs","ボーンビショップパック"
"LazyCrucible","","","","bone knight (enemy)","骨の騎士（敵）"
"LazyCrucible","","","","Bone Knight + Bone Bishop","ボーンナイト + ボーンビショップ"
"LazyCrucible","","","","Bone Knight + Bone Bishop (enemy)","ボーンナイト＋ボーンビショップ（敵）"
"LazyCrucible","","","","bone knight: Blunt; bone bishop: Blunt","骨の騎士：ブラント。ボーンビショップ：ブラント"
"LazyCrucible","","","","boogyman piece (enemy, random space)","ブギーマンピース（敵、ランダムスペース）"
"LazyCrucible","","","","Boogyman Piece + Deepeye Piece + Bomb Piece + Light Sprite","ブギーマンの欠片 + ディープアイの欠片 + ボムの欠片 + ライトスプライト"
"LazyCrucible","","","","Boogyman Piece + Deepeye Piece + Bomb Piece + Light Sprite (enemy, random)","ブギーマンの欠片 + ディープアイの欠片 + ボムの欠片 + ライトスプライト (敵、ランダム)"
"LazyCrucible","","","","boogyman piece: Ice; deepeye piece: Wind; bomb piece: Wind; light sprite: None","ブギーマンピース：アイス。ディープアイピース: 風;爆弾のピース: 風;ライトスプライト：なし"
"LazyCrucible","","","","Borgny the Venomous (boss)","毒のボルグニー (ボス)"
"LazyCrucible","","","","Borgny the Venomous + Toxic Mass","ボルグニー・ザ・ヴェノマス＋トキシック・マス"
"LazyCrucible","","","","Borgny the Venomous + Toxic Mass (boss)","ボルグニー・ザ・ヴェノマス+トキシック・マス（ボス）"
"LazyCrucible","","","","Borgny the Venomous: Earth; toxic mass: Water","毒ボルグニー：地球。有毒物質: 水"
"LazyCrucible","","","","Both Lamias evenly (interrupt Raise), then petrified Cyclopes","両方のラミアが均等に (詠唱中断 蘇生)、その後石化したサイクロプス"
"LazyCrucible","","","","Break the shell and kill the Ymir, then the Sahagin; strong teams burst the Sahagin first","殻を破り、ユミルを殺し、次にサハギンを殺します。強いチーム バースト 最初のサハギン"
"LazyCrucible","","","","Bring",""
"LazyCrucible","","","","Bring 100% poison resist; drop vomit puddles center; kill Wriggling Phlegm adds fast.","100%の毒耐性をもたらします。嘔吐物の水たまりの中心を落とします。蠢く痰を殺すと速く追加されます。"
"LazyCrucible","","","","Bug and Cobra adds first, then Dreadnaught, Drone, Footman, boss last","バグとコブラが最初に追加され、次にドレッドノート、ドローン、フットマン、最後にボスが追加されます"
"LazyCrucible","","","","Bug Pieces","バグピース"
"LazyCrucible","","","","Burning Cyclone (5 s)","バーニングサイクロン(5秒)"
"LazyCrucible","","","","Burning Ward (3 s)","灼熱病棟(3秒)"
"LazyCrucible","","","","Burst (3 s)","バースト (3秒)"
"LazyCrucible","","","","Burst before Burning Ward; if the Ogre shields, kill every wisp before it reaches center.","Burning Ward の前は バースト。オーガがシールドしている場合は、中央に到達する前にすべてのウィスプを倒します。"
"LazyCrucible","","","","Burst it: rolling eye orbs petrify if you face them; go behind for Sinister Gleam.","バースト それ: 回転する目のオーブに直面すると石化します。シニスター・グリームのために後ろに下がります。"
"LazyCrucible","","","","Burst to skip riddles; stand on a number matching your buff; pick the named beast.","バースト は謎をスキップします。 強化効果／バフ と一致する番号の上に立ってください。名前付きの獣を選択します。"
"LazyCrucible","","","","Cacophony (3 s)","不協和音 (3 秒)"
"LazyCrucible","","","","Cactguard",""
"LazyCrucible","","","","Calls for","を求める"
"LazyCrucible","","","","Camaraderie (8 s)","仲間意識 (8秒)"
"LazyCrucible","","","","campeador piece (enemy, random space)","カンピアドールピース（敵、ランダムスペース）"
"LazyCrucible","","","","Campeador Piece + Sabotender Piece + Flowertender Piece + Soldado Piece + Guardia Piece","キャンパーピース + サボテンダーピース + フラワーテンダーピース + ソルジャーピース + ガードピース"
"LazyCrucible","","","","Campeador Piece + Sabotender Piece + Flowertender Piece + Soldado Piece + Guardia Piece (enemy, random)","チャンピオンピース + サボテンダーピース + フラワーテンダーピース + ソルジャーピース + ガードピース (敵、ランダム)"
"LazyCrucible","","","","campeador piece: Lightning; sabotender piece: Lightning; flowertender piece: Lightning; soldado piece: Lightning; guardia piece: Ice","カンピアドールの作品: ライトニング;妨害者ピース: ライトニング;フラワーテンダーピース: ライトニング;ソルダードピース: ライトニング;ガーディアピース：アイス"
"LazyCrucible","","","","Campsite: select who rests (you press Rest)","キャンプ場: 休憩する人を選択します ([休憩] を押します)"
"LazyCrucible","","","","Catoblepas Piece","カトブレパスの欠片"
"LazyCrucible","","","","catoblepas piece (enemy)","カトブレパスのピース（敵）"
"LazyCrucible","","","","Catoblepas Piece (enemy)","カトブレパスの欠片（敵）"
"LazyCrucible","","","","catoblepas piece: Wind","カトブレパス作品：風"
"LazyCrucible","","","","Caustic Vomit (13 s)","腐食性嘔吐物 (13 秒)"
"LazyCrucible","","","","Cauterize (1 s)","焼灼(1秒)"
"LazyCrucible","","","","Cauterize (6 s)","焼灼 (6 秒)"
"LazyCrucible","","","","cavalier piece (enemy)","キャバリアピース（敵）"
"LazyCrucible","","","","Cavalier Piece + Bone Bishop","キャバリアピース + ボーンビショップ"
"LazyCrucible","","","","Cavalier Piece + Bone Bishop (enemy)","キャバリアピース＋ボーンビショップ（敵）"
"LazyCrucible","","","","cavalier piece: Fire; bone bishop: Blunt","キャバリアピース: 火。ボーンビショップ：ブラント"
"LazyCrucible","","","","Charge and Hammer (10 s)","チャージ＆ハンマー（10秒）"
"LazyCrucible","","","","Charged Lightning (5.8 s)","チャージライトニング (5.8秒)"
"LazyCrucible","","","","Charybdis (6 s)","カリュブディス (6秒)"
"LazyCrucible","","","","Chewchum stunned","びっくりしました"
"LazyCrucible","","","","Chimera Piece","キメラピース"
"LazyCrucible","","","","chimera piece (elite)","キメラピース（エリート）"
"LazyCrucible","","","","Chimera Piece (elite)","キメラピース（エリート）"
"LazyCrucible","","","","chimera piece: Water","キメラピース：水"
"LazyCrucible","","","","cleanse (Scouring Ash): Blind from Ripples of Gloom","解除 (Scouring Ash): 暗闇の波紋で目がくらむ"
"LazyCrucible","","","","cleanse (Scouring Ash): Blind from Sand Breath","解除 (Scouring Ash): 砂の息による失明"
"LazyCrucible","","","","cleanse (Scouring Ash): Blind from Sand Tempest (panel says not cleansable) — no horn pick brings it","解除 (Scouring Ash): Sand Tempest によるブラインド (パネルには洗浄不可と表示されています) — ホーンピックがそれをもたらすことはありません"
"LazyCrucible","","","","cleanse (Scouring Ash): Burns from Straight Punch","解除 (Scouring Ash): ストレートパンチによる火傷"
"LazyCrucible","","","","cleanse (Scouring Ash): Frostbite or Electrocution from the roars","解除 (Scouring Ash): 凍傷または轟音による感電死"
"LazyCrucible","","","","cleanse (Scouring Ash): Paralysis from Carrion Broth hits","解除 (Scouring Ash): 腐肉汁ヒットによる麻痺"
"LazyCrucible","","","","cleanse (Scouring Ash): Paralysis from Cross Charge","解除 (Scouring Ash): クロスチャージによる麻痺"
"LazyCrucible","","","","cleanse (Scouring Ash): Paralysis from Erratic Blaster","解除 (Scouring Ash): エラティックブラスターによる麻痺"
"LazyCrucible","","","","cleanse (Scouring Ash): Paralysis from Extremely Bad Breath","解除 (Scouring Ash): 極度の口臭による麻痺"
"LazyCrucible","","","","cleanse (Scouring Ash): Paralysis from Glower","解除 (Scouring Ash): グローワーによる麻痺"
"LazyCrucible","","","","cleanse (Scouring Ash): Paralysis from Thunderbolt (panel says not cleansable) — no horn pick brings it","解除 (Scouring Ash): Thunderbolt による麻痺 (パネルには浄化不可能と表示されています) — ホーンピックを使用しても麻痺は起こりません"
"LazyCrucible","","","","cleanse (Scouring Ash): Paralysis from Void Paralyze","解除 (Scouring Ash): Void Paralyzeによる麻痺"
"LazyCrucible","","","","cleanse (Scouring Ash): Paralysis from Void Paralyze III","解除 (Scouring Ash): Void Paralyze III による麻痺"
"LazyCrucible","","","","cleanse (Scouring Ash): Poison from Cold Caress","解除 (Scouring Ash): 冷たい愛撫による毒"
"LazyCrucible","","","","cleanse (Scouring Ash): Poison from Deadly Thrust","解除 (Scouring Ash): デッドリースラストによる毒"
"LazyCrucible","","","","cleanse (Scouring Ash): Poison from Myconid bursts","解除 (Scouring Ash): マイコニッドバーストからの毒"
"LazyCrucible","","","","cleanse (Scouring Ash): Poison from Noxious Nova","解除 (Scouring Ash): Noxious Nova からの毒"
"LazyCrucible","","","","cleanse (Scouring Ash): Poison from Seedling hits","解除 (Scouring Ash): 苗木ヒットからの毒"
"LazyCrucible","","","","cleanse (Scouring Ash): Poison from Toxic Fumes","解除 (精練灰): 有毒ガスからの毒"
"LazyCrucible","","","","cleanse (Scouring Ash): Poison from Toxic Tantrum","解除 (Scouring Ash): 有毒な癇癪からの毒"
"LazyCrucible","","","","cleanse (Scouring Ash): Toxin without resist (panel says not cleansable) — no horn pick brings it","解除 (精練灰): 抵抗力のない毒素 (パネルには洗浄不可能と記載されています) — ホーンピックはそれをもたらしません"
"LazyCrucible","","","","cleanse (Scouring Ash): Windburn from Ancient Aero — no horn pick brings it","解除 (Scouring Ash): 古代エアロのウィンドバーン — ホーンピックはそれをもたらしません"
"LazyCrucible","","","","Clear each wave (it drains the Atomos); Bavarois first; share Fire III on a puddle.","各ウェーブをクリアします (ATOMOS を消耗します)。まずはババロア。水たまりで Fire III を共有します。"
"LazyCrucible","","","","Clear Mind (4 s)","クリアマインド(4秒)"
"LazyCrucible","","","","Cleaving auto-attack","切断自動攻撃"
"LazyCrucible","","","","Cleaving autos: Challenge, pet behind her. Keep blade lines off the wall statues.","自動車の切断: チャレンジ、彼女の後ろを撫でてください。刃の線が壁の彫像にかからないようにしてください。"
"LazyCrucible","","","","Club element (3 s)","クラブ要素 (3 秒)"
"LazyCrucible","","","","Coblyn",""
"LazyCrucible","","","","Coblyn: lightning x4","コブリン：稲妻×4"
"LazyCrucible","","","","Coblyn: lightning x5, Soul Crush","コブリン：ライトニング×5、ソウルクラッシュ"
"LazyCrucible","","","","Coeurl",""
"LazyCrucible","","","","Coeurl: lightning","クァール：雷"
"LazyCrucible","","","","Coeurl: lightning x3, crowd control","クァール：雷×3、群衆 加工精度"
"LazyCrucible","","","","Coeurl: lightning x4, crowd control","クァール：雷×4、群衆 加工精度"
"LazyCrucible","","","","Coeurl: lightning x5","クァール：雷×5"
"LazyCrucible","","","","Cold Caress (5 s)","冷たい愛撫(5秒)"
"LazyCrucible","","","","Combusting Blades (5 s)","燃焼ブレード (5 秒)"
"LazyCrucible","","","","Condemnation (3 s)","非難(3秒)"
"LazyCrucible","","","","Confound (8 s)","混乱(8秒)"
"LazyCrucible","","","","Constricting Evisceration (7 s)","締め付ける内臓除去 (7 秒)"
"LazyCrucible","","","","corpse flower piece (enemy, random space)","死体の花片（敵、ランダム空間）"
"LazyCrucible","","","","Corpse Flower Piece + Queen Hawk Piece","死体の花の欠片＋女王鷹の欠片"
"LazyCrucible","","","","Corpse Flower Piece + Queen Hawk Piece (enemy, random)","死体の花の欠片＋クイーンホークの欠片（敵、ランダム）"
"LazyCrucible","","","","corpse flower piece: Wind; queen hawk piece: Blunt","死体の花片：風。クイーンホークピース：ブラント"
"LazyCrucible","","","","Crawling Piece first, then Shambling Pieces, then the Siren","最初に這うピース、次にシャンブリングピース、そしてセイレン"
"LazyCrucible","","","","Crimson Ribbon covers blind and petrify","クリムゾンリボンは盲目と石化をカバーします"
"LazyCrucible","","","","Crimson Ribbon or Antipetrification serum","クリムゾンリボンまたは石化防止血清"
"LazyCrucible","","","","Cross Charge (4 s)","クロスチャージ(4秒)"
"LazyCrucible","","","","Crossbreeze (3 s)","横風（3秒）"
"LazyCrucible","","","","crowd control","群衆 加工精度"
"LazyCrucible","","","","crowd control, Scouring Ash","群衆 加工精度、精練する灰"
"LazyCrucible","","","","crowd control, Ultrasonics","群衆 加工精度、超音波"
"LazyCrucible","","","","Crucible Antidote, Scouring Ash (Ashkin) or Ultrasonics (bat) for Deadly Thrust poison","クルーシブル解毒剤、猛毒の精練灰 (アシュキン) または超音波 (バット)"
"LazyCrucible","","","","Crushing Blade (5 s)","粉砕ブレード(5秒)"
"LazyCrucible","","","","Cu Sith","シスとともに"
"LazyCrucible","","","","Cu Sith: ","シスとともに:"
"LazyCrucible","","","","Cu Sith: piercing","ク・シス：ピアス"
"LazyCrucible","","","","Curtains for Rank 5 (6 s)","ランク5用カーテン(6秒)"
"LazyCrucible","","","","Cyclops, then the gel you are not crushing, then small gels and the boss","サイクロプス、次に潰していないゲル、次に小さなゲルとボス"
"LazyCrucible","","","","Damselfly",""
"LazyCrucible","","","","Damselfly: wind, crowd control","イトトンボ: 風、群衆 加工精度"
"LazyCrucible","","","","Dangerous hits","危険なヒット"
"LazyCrucible","","","","Dark II (7 s)","ダークII(7秒)"
"LazyCrucible","","","","Dark Orb (8 s)","ダークオーブ(8秒)"
"LazyCrucible","","","","Daylight Pommery (10 s)","デイライト ポメリー (10 秒)"
"LazyCrucible","","","","Dead Man's Dirge (7 s)","デッドマンズ・ダージュ (7秒)"
"LazyCrucible","","","","Deadly Demesne (3 s)","致命的な支配 (3 秒)"
"LazyCrucible","","","","Deadly Hold (5 s)","デッドリーホールド(5秒)"
"LazyCrucible","","","","Deadly Thrust (5 s)","デッドリースラスト(5秒)"
"LazyCrucible","","","","Death Drive (7 s)","死亡／戦闘不能 ドライブ (7 秒)"
"LazyCrucible","","","","Death Spiral (6 s)","死亡／戦闘不能 スパイラル (6 秒)"
"LazyCrucible","","","","Death Throes","死亡／戦闘不能の苦しみ"
"LazyCrucible","","","","Demon eye orbs","魔眼の玉"
"LazyCrucible","","","","demon piece (enemy, random space)","デーモンピース(敵、ランダム空間)"
"LazyCrucible","","","","Demon Piece + Evil Weapon Piece + Devilet Piece","悪魔の欠片 + 悪の武器の欠片 + デビレットの欠片"
"LazyCrucible","","","","Demon Piece + Evil Weapon Piece + Devilet Piece (enemy, random)","悪魔の欠片 + 悪の武器の欠片 + デビレットの欠片 (敵、ランダム)"
"LazyCrucible","","","","demon piece: Slashing; evil weapon piece: Ice; devilet piece: Earth","悪魔の駒：斬撃。邪悪な武器の部分：氷。デビレットピース：アース"
"LazyCrucible","","","","Desolation (3.5 s)","荒廃 (3.5 秒)"
"LazyCrucible","","","","Devour",""
"LazyCrucible","","","","Diffuse Light (1.5 s)","拡散光 (1.5 秒)"
"LazyCrucible","","","","Diffusion Ray (5 s)","拡散光線 (5秒)"
"LazyCrucible","","","","Diremite",""
"LazyCrucible","","","","Diremite: ",""
"LazyCrucible","","","","Diremite: crowd control","ディレミテ: 群衆 加工精度"
"LazyCrucible","","","","Diremite: piercing","ディレマイト：ピアス"
"LazyCrucible","","","","Diremite: piercing x2, crowd control","ディレマイト: ピアス x2、クラウド 加工精度"
"LazyCrucible","","","","Diremite: piercing x3, crowd control","ディレマイト: ピアス x3、群衆 加工精度"
"LazyCrucible","","","","Diremite: piercing, crowd control","ディレマイト: ピアス、群衆 加工精度"
"LazyCrucible","","","","Dismember (4.5 s)","四肢切断(4.5秒)"
"LazyCrucible","","","","dispel (Quelling Wave): Blaze Spikes (Drake Piece)","ディスペル（鎮波）：ブレイズスパイク（ドレイクピース）"
"LazyCrucible","","","","dispel (Quelling Wave): Clear Mind (Damage Up on the Piscodemon)","ディスペル（鎮波）：クリアマインド（ピスコデーモンへのダメージアップ）"
"LazyCrucible","","","","dispel (Quelling Wave): Damage Up on the boss from Fanaticism — no horn pick brings it","dispel (Quelling Wave): Fanaticism によるボスへのダメージアップ — 角笛は効果をもたらしません"
"LazyCrucible","","","","dispel (Quelling Wave): Damage Up on the Elder from Rallying Cheer","dispel (Quelling Wave): 歓声を集めてエルダーに与えるダメージアップ"
"LazyCrucible","","","","dispel (Quelling Wave): Growing buff from Grab and Grow (panel says not dispellable) — no horn pick brings it","dispel (Quelling Wave): Grab and Grow から 強化効果／バフ を成長させる (パネルには dispelable ではないと書かれている) — ホーンピックはそれをもたらしません"
"LazyCrucible","","","","dispel (Quelling Wave): Ice Spikes (Snoll Piece)","ディスペル (鎮波): アイススパイク (スノールピース)"
"LazyCrucible","","","","dispel (Quelling Wave): Impassion Damage Up (panel says not dispellable) — no horn pick brings it","dispel (Quelling Wave): Impassion ダメージアップ (パネルにはディスペル不可能と記載されています) — ホーンピックなしでは効果が得られません"
"LazyCrucible","","","","dispel (Quelling Wave): Kinborrow (Popoto Skin on Loosefrox)","dispel (Quelling Wave): Kinborrow (Loosefrox の Popoto Skin)"
"LazyCrucible","","","","dispel (Quelling Wave): Might on the Golem (panel says not dispellable)","dispel (Quelling Wave): ゴーレムに影響を与える可能性があります (パネルには解除不可能と表示されています)"
"LazyCrucible","","","","dispel (Quelling Wave): Physical Damage Up from Ossify","ディスペル（鎮波波）：オッシファイによる物理ダメージアップ"
"LazyCrucible","","","","dispel (Quelling Wave): Regen on the Abaddon from eaten Morphos","dispel (Quelling Wave): 食べられたモルフォスからアバドンで再生"
"LazyCrucible","","","","dispel (Quelling Wave): Spirit of Pompetition (Kinged Swordsmog)",""
"LazyCrucible","","","","dispel (Quelling Wave): Ultimate Focus (Magic Damage Up)","ディスペル（鎮波）：アルティメットフォーカス（魔法ダメージアップ）"
"LazyCrucible","","","","Dispel Clear Mind before Arcane Blast; dodge marching ice, the cross and the donut.","Arcane Blastの前にClear Mindを解除します。マーチングアイス、十字架、ドーナツを避けてください。"
"LazyCrucible","","","","Dispel Kinborrow, push small bombs into Chewchum's pool, and kill both together.","キンボローを追い払い、小さな爆弾をチューチャムのプールに押し込み、両方を一緒に殺します。"
"LazyCrucible","","","","Distant Tune (3 s)","ディスタントチューン(3秒)"
"LazyCrucible","","","","Do: Aim it at the hidden boss; too early speeds up the fight","実行: 隠しボスに狙いを定めてください。早すぎると戦いが加速する"
"LazyCrucible","","","","Do: Aim it away from Lamias and onto Cyclopes","推奨: ラミアから離れてサイクロプスに狙いを定めます。"
"LazyCrucible","","","","Do: Aim it so no arm crosses an egg","やるべきこと: 腕が卵を横切らないように狙いましょう"
"LazyCrucible","","","","Do: Aim the line north or south, away from the side walls","推奨: ラインを北または南に向け、側壁から遠ざけます。"
"LazyCrucible","","","","Do: Aim the line through a gel of the other element","行うべきこと: 他の要素のゲルを通るラインを狙います。"
"LazyCrucible","","","","Do: Airborne: get far away. Grounded: go behind","行うべきこと: 空中: 遠くに行きます。 地上移動中／地上: 後ろに下がってください"
"LazyCrucible","","","","Do: AoE the adds if you miss","実行: ミスした場合は AoE が追加されます"
"LazyCrucible","","","","Do: AoE them down, Mage first","実行: 範囲攻撃で敵を倒し、メイジが先"
"LazyCrucible","","","","Do: AoE them quickly and keep them grouped","行うべきこと: すぐに範囲を広げ、グループ化したままにします"
"LazyCrucible","","","","Do: AoE them; hold an AoE Tempered Release for this","実行: それらを範囲攻撃します。このために AoE 強化された リリース を保持します"
"LazyCrucible","","","","Do: Avoid edges; don't rely on Snarl, gusts move the pet","推奨事項: エッジを避けてください。スナールに頼らないでください、突風がペットを動かします"
"LazyCrucible","","","","Do: Balance HP and finish both together","実行: HP のバランスをとり、両方を一緒に終了します"
"LazyCrucible","","","","Do: Be off the puddle and away from other AoEs","推奨事項: 水たまりから離れ、他の範囲から離れてください。"
"LazyCrucible","","","","Do: Beastskin, or accept it","する: 獣の皮、さもなければそれを受け入れる"
"LazyCrucible","","","","Do: Beastskin; Parting Blow the pet during the cast","行う: 獣の皮。お別れ 詠唱 中にペットを吹き飛ばす"
"LazyCrucible","","","","Do: Break the hourglass when the needle is not on you","やるべきこと：針がかかっていないときに砂時計を割る"
"LazyCrucible","","","","Do: Break the shell, then stun or bind the Ymir as it crawls","実行: シェルを破壊し、スタン を実行するか、ユミルが這うようにバインドします。"
"LazyCrucible","","","","Do: Burst before it to skip it; if it happens, swap to the wisps","スキップするには、その前に バースト を実行します。それが起こったら、ウィスプに交換してください"
"LazyCrucible","","","","Do: Burst Chewchum now; save a TR and Parting Blow for it","実行: バースト 今すぐチューチャムします。 TRとパーティングブローを保存しておきます"
"LazyCrucible","","","","Do: Burst everything: kill it before the cast ends","実行: バースト すべて: 詠唱 が終了する前に強制終了します。"
"LazyCrucible","","","","Do: Challenge and keep the pet on her far side","やるべきこと: ペットを反対側に置いて挑戦してください"
"LazyCrucible","","","","Do: Challenge first; angle it diagonally so you miss the wall","やるべきこと: まずは挑戦してください。壁に当たらないように斜めに傾けてください"
"LazyCrucible","","","","Do: Challenge; keep the pet away from her front","やるべきこと：挑戦すること。ペットを彼女の前から遠ざけてください"
"LazyCrucible","","","","Do: Challenge; keep the pet on her far side, re-place after summons","やるべきこと：挑戦すること。ペットを向こう側に置いて、召喚後に元の場所に戻す"
"LazyCrucible","","","","Do: Circle: get out. Donut: hug her","する: サークル: 出て行きます。ドーナツ: 彼女を抱きしめる"
"LazyCrucible","","","","Do: Circle: out. Donut: in. Half: go to the other side","ド：サークル：アウト。ドーナツ: 半分: 反対側に行く"
"LazyCrucible","","","","Do: Cleanse with Scouring Ash","実行: 解除 と精練灰"
"LazyCrucible","","","","Do: Cleanse with Scouring Ash, or pre-resist","実行: 解除 を精練灰またはプレレジストで使用"
"LazyCrucible","","","","Do: Clear the adds first","実行: まず追加をクリアします"
"LazyCrucible","","","","Do: Clear the adds quickly; that is progress","推奨: 追加をすぐにクリアします。それは工数です"
"LazyCrucible","","","","Do: Club: get far away. Sword: leave the cone","すること: クラブ: 遠くに行く。剣: コーンを残す"
"LazyCrucible","","","","Do: Club: stay off the edge. Sword: get out","すべきこと: クラブ: 端から離れてください。剣：出て行け"
"LazyCrucible","","","","Do: Crouching: get close. Arms up: get out","行うこと: しゃがむ: 近づきます。腕を上げる：出て行け"
"LazyCrucible","","","","Do: Destroy the tethered blades fast","やるべきこと: 繋がれたブレードを素早く破壊する"
"LazyCrucible","","","","Do: Dispel Clear Mind first, else mitigate (Water Wall, Beastskin)","やるべきこと：まずクリアマインドを解除し、それ以外の場合は軽減する（ウォーターウォール、ビーストスキン）"
"LazyCrucible","","","","Do: Dispel it","やるべきこと：それを払拭する"
"LazyCrucible","","","","Do: Dispel it if you can","実行: 可能であればそれを払拭してください"
"LazyCrucible","","","","Do: Dispel it with Quelling Wave","やるべきこと：クエリングウェーブで払いのける"
"LazyCrucible","","","","Do: Dispel it: Quelling Wave, Bloodcurdling Caw or Fang of Water","やるべきこと：それを払拭します：鎮める波、血の凍るような牛、または水の牙"
"LazyCrucible","","","","Do: Dispel it: Quelling Wave, Caw or Fang of Water","やるべきこと：それを払拭してください：鎮める波、カウ、または水の牙"
"LazyCrucible","","","","Do: Dodge the first half, then swap","やるべきこと: 前半を回避してから交換する"
"LazyCrucible","","","","Do: Dodge the first, then swap in or out","実行: 最初のものを回避し、次に交換するか交換します。"
"LazyCrucible","","","","Do: Dodge the first; Snarl the second, then swap the pet","実行: 最初の攻撃を回避します。 2番目にうなり声を上げ、ペットを交換します"
"LazyCrucible","","","","Do: Dodge the pulses","やるべきこと: パルスを避ける"
"LazyCrucible","","","","Do: Dodge; keep 4 or fewer orbs or there is no safe spot","する: 回避します。オーブを 4 つ以下に保つか、安全な場所がありません"
"LazyCrucible","","","","Do: Don't land in that column","推奨: その 列 に到達しないでください。"
"LazyCrucible","","","","Do: Don't stand near an edge","すべきこと: 端の近くには立たないでください"
"LazyCrucible","","","","Do: Donut: get close. Circle: get out","する: ドーナツ: 近づきます。サークル：出て行け"
"LazyCrucible","","","","Do: Donut: go under the boss. Circle: get out","Do: ドーナツ: ボスの下に行きます。サークル：出て行け"
"LazyCrucible","","","","Do: Drake TR, Scaleskin or Beastskin, potion; keep HP high","実行: ドレイク TR、スケイルスキンまたはビーストスキン、薬品; HPを高く保つ"
"LazyCrucible","","","","Do: Drop it at a corner or edge","推奨: 角や端に落としてください。"
"LazyCrucible","","","","Do: Drop it at one edge and run far","実行: 片方の端にドロップし、周回／実行 を遠くに置きます。"
"LazyCrucible","","","","Do: Drop it at one side and run; wait for other AoEs first","実行: 片側にドロップして 周回／実行;まずは他の AoE を待ちます"
"LazyCrucible","","","","Do: Drop it at the edge; keep the boss central","推奨: 端にドロップします。上司を中心に据えておく"
"LazyCrucible","","","","Do: Drop it away from puddles; AoE the adds at once","推奨: 水たまりから離れた場所に落としてください。 AoE が一度に追加されます"
"LazyCrucible","","","","Do: Drop it away from zombies; don't touch their hitboxes","推奨: ゾンビから遠ざけてください。彼らのヒットボックスに触れないでください"
"LazyCrucible","","","","Do: Drop it in a corner","やるべきこと：隅に置く"
"LazyCrucible","","","","Do: Drop it on a tower, then reset that tower first","実行: 塔 にドロップし、次に リセット／初期化、塔 にドロップします。"
"LazyCrucible","","","","Do: Drop puddles in the center; Snarl, Parting Blow on the 4th","推奨: 中央に水たまりを落とします。うなる、4日の別れの一撃"
"LazyCrucible","","","","Do: Face away from eye orbs when they explode","推奨: 目のオーブが爆発するときは、目をそらしてください。"
"LazyCrucible","","","","Do: Face the center before it expires","行うべきこと: 有効期限が切れる前に中心を向く"
"LazyCrucible","","","","Do: Fight near the center, out of the sprite lines","やるべきこと：スプライトラインの外側、中央付近で戦う"
"LazyCrucible","","","","Do: Find the gap between them","やるべきこと: 両者の間のギャップを見つける"
"LazyCrucible","","","","Do: Find the gaps","やるべきこと: ギャップを見つける"
"LazyCrucible","","","","Do: Gather them at center and AoE; Crawling first","行うべきこと: 中央と範囲に集めてください。最初にクロール"
"LazyCrucible","","","","Do: Get as far from the point as you can","やるべきこと: できる限り要点から遠ざかる"
"LazyCrucible","","","","Do: Get away from the first, then the second","すべきこと: 最初のものから離れ、次に 2 番目のものから離れます。"
"LazyCrucible","","","","Do: Get behind at the cast, then out toward the edge","実行: 詠唱 で後ろに下がり、エッジに向かって出ます。"
"LazyCrucible","","","","Do: Get far until the tether changes, then dodge the breath","実行: 線／テザー が変化するまで遠くに進み、息をかわします。"
"LazyCrucible","","","","Do: Get off the water first; dodge the cross","すべきこと: まず水から上がります。十字架を避ける"
"LazyCrucible","","","","Do: Get out","やるべきこと：出て行け"
"LazyCrucible","","","","Do: Get out of each circle","やるべきこと: 各サークルから出る"
"LazyCrucible","","","","Do: Get out of its front","やるべきこと: その正面から抜け出す"
"LazyCrucible","","","","Do: Get out of the circles","やるべきこと：輪から抜け出す"
"LazyCrucible","","","","Do: Get out of the front; the pet may stay in it","すべきこと: 前線から出てください。ペットはその中に留まる可能性があります"
"LazyCrucible","","","","Do: Get out, then move back in","やるべきこと：一度出て、また戻る"
"LazyCrucible","","","","Do: Get out, then watch its facing","推奨: 外に出て、その向きを観察してください。"
"LazyCrucible","","","","Do: Get out; it does not hit the pet","やるべきこと：外に出てください。ペットには当たりません"
"LazyCrucible","","","","Do: Get out; read the castbar name","やるべきこと：外に出てください。キャストバー名を読んでください"
"LazyCrucible","","","","Do: Glowing: get in. Not glowing: get out","実行: 光っている場合: 中に入る。光っていない場合: 出る"
"LazyCrucible","","","","Do: Go behind","やるべきこと：後ろに行く"
"LazyCrucible","","","","Do: Go behind her","する: 彼女の後ろに行きます"
"LazyCrucible","","","","Do: Go behind her and watch the ground","やるべきこと：彼女の後ろに行って地面を見てください"
"LazyCrucible","","","","Do: Go in, right next to the tornado","やるべきこと: 竜巻のすぐ隣に入ってください"
"LazyCrucible","","","","Do: Go to her side at once","する: すぐに彼女の側に行きます"
"LazyCrucible","","","","Do: Go to its sides","やるべきこと：その側面に移動してください"
"LazyCrucible","","","","Do: Go to the non-glowing side; it repeats, alternating","行うべきこと: 光らない側に移動します。それが交互に繰り返される"
"LazyCrucible","","","","Do: Go to the raised side tiles","実行: 盛り上がったサイド タイルに移動します。"
"LazyCrucible","","","","Do: Go to the side or back","やるべきこと：横か後ろに移動する"
"LazyCrucible","","","","Do: Go to the small side recesses","行うべきこと: 小さな側面のくぼみに移動します。"
"LazyCrucible","","","","Do: Go under the boss","やるべきこと：ボスの下に行く"
"LazyCrucible","","","","Do: Group the Gremlins and Parting Blow them","実行: グループ化 グレムリンと別れの吹き飛ばし"
"LazyCrucible","","","","Do: Hide behind a comet (line of sight)","行うべきこと: 彗星の後ろに隠れる (視線／射線)"
"LazyCrucible","","","","Do: Hit a round bomb into Chewchum's '!' pool","実行: チューチャムの「!」に丸い爆弾を打ち込みます。プール"
"LazyCrucible","","","","Do: Hit them right away","実行: すぐに攻撃してください"
"LazyCrucible","","","","Do: Hug her on the north-south centerline; fly into the recesses","行うこと: 南北の中心線で彼女を抱きしめます。凹みに飛び込む"
"LazyCrucible","","","","Do: Hug the boss","やるべきこと：上司をハグする"
"LazyCrucible","","","","Do: If the Treant is nearly dead ignore them; else AoE","推奨: トレントが瀕死の場合は無視してください。それ以外の範囲"
"LazyCrucible","","","","Do: Interrupt it","実行: 詠唱中断 それ"
"LazyCrucible","","","","Do: Interrupt it or burst the caster","実行: それを 詠唱中断 するか、キャスターを バースト します"
"LazyCrucible","","","","Do: Interrupt it with Soul Crush","実行: Soul Crush で 詠唱中断 します。"
"LazyCrucible","","","","Do: Interrupt it, then kill the Biloko","実行: 詠唱中断 してから、Biloko を殺します。"
"LazyCrucible","","","","Do: Interrupt it; save your one Soul Crush for this","実行: 詠唱中断 それを実行します。このためにソウルクラッシュを 1 つ取っておきます"
"LazyCrucible","","","","Do: Interrupt with Soul Crush or dispel it; small buff, can ignore","実行: 詠唱中断 でソウルクラッシュまたはディスペルします。小さい 強化効果／バフ、無視できます"
"LazyCrucible","","","","Do: Interrupt with Soul Crush, else kill the gel","実行: 詠唱中断 と Soul Crush、そうでない場合はジェルをキルします"
"LazyCrucible","","","","Do: Interrupt with Soul Crush, else let the pet take it","実行: 詠唱中断 と Soul Crush、そうでない場合はペットに取らせます"
"LazyCrucible","","","","Do: Interrupt with Soul Crush, or dispel the buff","実行: 詠唱中断 にソウルクラッシュを適用するか、強化効果／バフ をディスペルします"
"LazyCrucible","","","","Do: Interrupt with Soul Crush; else Snarl so the pet covers","実行: 詠唱中断 と Soul Crush;そうでなければペットが覆い隠すようにうなる"
"LazyCrucible","","","","Do: Keep a Shield Charge; get out of the line","すべきこと: シールドチャージを続けてください。列から外れる"
"LazyCrucible","","","","Do: Keep both HP even so they die together","推奨: 両方の HP を維持して、一緒に消滅するようにします。"
"LazyCrucible","","","","Do: Keep enmity on the pet with Snarl","推奨: Snarl を使用して 敵視 をペットに付けたままにします"
"LazyCrucible","","","","Do: Keep her central; stand north or south so lines miss statues","すべきこと: 彼女を中心に置いてください。北か南に立つと列が銅像を見逃してしまう"
"LazyCrucible","","","","Do: Keep her facing away from the pet","すべきこと: ペットから目をそらさないようにしてください"
"LazyCrucible","","","","Do: Keep HP up","推奨: HP を起動したままにします"
"LazyCrucible","","","","Do: Keep it off the eggs; mitigate","推奨事項: 卵にかからないようにしてください。軽減する"
"LazyCrucible","","","","Do: Keep it on the pet with Snarl","やるべきこと: スナールでペットにつけておく"
"LazyCrucible","","","","Do: Keep moving","実行: 動き続けます"
"LazyCrucible","","","","Do: Keep moving in one direction","実行: 一方向に進み続ける"
"LazyCrucible","","","","Do: Keep moving so it misses","実行: 見逃さないように動き続けてください"
"LazyCrucible","","","","Do: Keep moving so the follow-up stab misses","推奨: 追撃が外れるように動き続けてください。"
"LazyCrucible","","","","Do: Keep Snarl so it faces the pet; stand aside","すべきこと: ペットのほうを向くようにうなるようにしてください。脇に立つ"
"LazyCrucible","","","","Do: Keep the pet summoned and next to you","行うべきこと: ペットを召喚してあなたの隣に置いてください"
"LazyCrucible","","","","Do: Kill both Lamias evenly","やるべきこと：両方のラミアを均等に倒す"
"LazyCrucible","","","","Do: Kill Bugs before they reach the boss","やるべきこと: ボスに到達する前にバグを倒す"
"LazyCrucible","","","","Do: Kill each wisp first; Snarl if one will reach center","やるべきこと: まず各ウィスプを倒します。中心に到達すると唸る"
"LazyCrucible","","","","Do: Kill Grenades first","やるべきこと: 最初に手榴弾を倒す"
"LazyCrucible","","","","Do: Kill it at once","やるべきこと：すぐに殺してください"
"LazyCrucible","","","","Do: Kill it before it reaches you","やるべきこと：あなたに届く前に殺してください"
"LazyCrucible","","","","Do: Kill it first; position so the 20y push stays in bounds","推奨: まずそれを殺します。 20yプッシュがバウンド内に留まるようなポジション"
"LazyCrucible","","","","Do: Kill it with lightning before the cast ends","行うべきこと: 詠唱 が終了する前に雷で倒す"
"LazyCrucible","","","","Do: Kill Saplings early; one guide says the growth can be dispelled","すべきこと: 苗木は早めに伐採してください。あるガイドは成長を払拭できると言っています"
"LazyCrucible","","","","Do: Kill the bombs first","やるべきこと: 最初に爆弾を破壊する"
"LazyCrucible","","","","Do: Kill the casting Bishop within 5 s","やるべきこと: キャストしているビショップを 5 秒以内に倒す"
"LazyCrucible","","","","Do: Kill the Cobra first, or cleanse after","行うべきこと: 最初にコブラを殺すか、その後 解除 を殺す"
"LazyCrucible","","","","Do: Kill the Deepeye during the cast, or look away","行うべきこと: 詠唱 中にディープアイを倒すか、目をそらします"
"LazyCrucible","","","","Do: Kill the Flowertenders first","やるべきこと: まず花番を倒す"
"LazyCrucible","","","","Do: Kill the Guardia next","やるべきこと: 次にガーディアを倒す"
"LazyCrucible","","","","Do: Kill the Mogmugger first","やるべきこと: まずモグマッガーを倒す"
"LazyCrucible","","","","Do: Kill the Plume during the cast","やるべきこと: 詠唱 中にプルームを倒す"
"LazyCrucible","","","","Do: Kill the role that has two members first","実行: 最初に 2 つのメンバーを持つ ロール をキルします。"
"LazyCrucible","","","","Do: Kill the sprites; combo steps 2-3 finish them","実行: スプライトを強制終了します。コンボステップ2〜3で完了します"
"LazyCrucible","","","","Do: Kill the tethered Grenade","やるべきこと: つながれた手榴弾を倒す"
"LazyCrucible","","","","Do: Kill the Toxic Mass fast with water","すべきこと: 有毒物質を水で素早く殺す"
"LazyCrucible","","","","Do: Kill them after the Mogmugger","やるべきこと: モグマッガーの後に彼らを殺す"
"LazyCrucible","","","","Do: Kill them while they stand on a water puddle","やるべきこと: 水たまりの上に立っている間に殺す"
"LazyCrucible","","","","Do: Kite it away","実行: 凧で飛ばしてください"
"LazyCrucible","","","","Do: Kite it; move away when it stops","実行: 凧揚げしてください。止まったら離れる"
"LazyCrucible","","","","Do: Kite it; only pet autos on the Younger","実行: 凧揚げしてください。若い方にはペットの自動車のみ"
"LazyCrucible","","","","Do: Land in a column the Golem line misses; Vileskin blocks it","実行: 列 に着地すると、ゴーレム ラインはミスします。バイルスキンがそれを阻止する"
"LazyCrucible","","","","Do: Lead moles to the edge; kill them fast","すべきこと: モグラを端に誘導します。早く殺してください"
"LazyCrucible","","","","Do: Lead them away from the eggs","やるべきこと: 卵から遠ざけるように誘導する"
"LazyCrucible","","","","Do: Leave the cage, avoid blade lines; no Shield Charge into it","すべきこと: ケージから離れ、ブレードラインを避けてください。シールドチャージはありません"
"LazyCrucible","","","","Do: Leave the cone; fire orbs pulse small circles","行うべきこと: コーンから離れます。火の球が小さな円をパルスします"
"LazyCrucible","","","","Do: Leave the sphere's circle","行うべきこと: 球の円から離れます。"
"LazyCrucible","","","","Do: Let the pet hold enmity","実行: ペットに 敵視 を持たせます"
"LazyCrucible","","","","Do: Let the pet hold enmity (Snarl)","実行: ペットに 敵視 を持たせます (うなり声)"
"LazyCrucible","","","","Do: Let the pet hold enmity so it faces the pet","実行: ペットに 敵視 を持たせ、ペットのほうに向けさせます。"
"LazyCrucible","","","","Do: Let the pet hold enmity; cleanse paralysis on you","実行: ペットに 敵視 を持たせます。 解除 あなたの麻痺"
"LazyCrucible","","","","Do: Let the pet take it or snarl-parting; Beastskin in score runs","行うべきこと: ペットにそれを受け取らせるか、うなり声を上げて別れさせます。スコアランのビーストスキン"
"LazyCrucible","","","","Do: Let the pet take it, or burst her before it","実行: ペットにそれを飲ませてあげるか、その前にペットに バースト してください"
"LazyCrucible","","","","Do: Let the pet take it, or Parting Blow 1-2 s before it lands","行うべきこと: ペットにそれを受けさせるか、着地する 1 ～ 2 秒前に別れ吹きをさせます。"
"LazyCrucible","","","","Do: Let the pet take it; never stand with your back to a wall","やるべきこと：ペットに飲ませてください。決して壁に背を向けて立たないでください"
"LazyCrucible","","","","Do: Lightning: stay in the tower. Fire: move out","実行: ライトニング: 塔 に留まります。火事：出て行け"
"LazyCrucible","","","","Do: Line: stand to its side. Ring: stand close to it","行うこと: 行: その横に立ってください。リング：近くに立つ"
"LazyCrucible","","","","Do: Lion: rear safe. Goat: front-left. Dragon: front-right","実行: ライオン: 後方は安全です。ヤギ：左前。ドラゴン：右前"
"LazyCrucible","","","","Do: Look away","すること：目をそらしてください"
"LazyCrucible","","","","Do: Mitigate","実行: 軽減する"
"LazyCrucible","","","","Do: Mitigate (Beastskin); no camp until Move 5","行うべきこと: 緩和する (ビーストスキン)。 Move 5までキャンプなし"
"LazyCrucible","","","","Do: Mitigate and heal after","行うべきこと: 症状を軽減し、その後回復する"
"LazyCrucible","","","","Do: Mitigate; expect a 15y push away from the boss","実行: 軽減します。ボスから 15 メートル離れていることが予想されます"
"LazyCrucible","","","","Do: Move after they lock on","推奨: ロックオンしてから移動する"
"LazyCrucible","","","","Do: Move carefully; your movement is misdirected","行うべきこと: 慎重に移動してください。あなたの動きは間違った方向にあります"
"LazyCrucible","","","","Do: Move into spots that already popped","やるべきこと: すでに出現しているスポットに移動する"
"LazyCrucible","","","","Do: Move into spots that already went off","やるべきこと: すでに消えてしまった場所に移動する"
"LazyCrucible","","","","Do: Never kill Morphos; no AoE while they live","すべきこと: モルフォスを決して殺さないでください。彼らが生きている間はAoEはありません"
"LazyCrucible","","","","Do: Note the glowing arm, dodge the dashes, go to the safe half","やるべきこと: 光る腕に注目し、ダッシュを避け、安全な半分に移動します。"
"LazyCrucible","","","","Do: One cone: be outside it. Two: stand between","行うべきこと: 1 つの円錐: その外側にいてください。 2: 間に立つ"
"LazyCrucible","","","","Do: Optional: keep one sprite alive to bait it, kill it as it starts","実行: オプション: 誘導 に対して 1 つのスプライトを存続させ、開始時に強制終了します。"
"LazyCrucible","","","","Do: Orb: get out. Sword: get in under her","する: オーブ: 出て行け。剣: 彼女の下に入りなさい"
"LazyCrucible","","","","Do: Parting Blow the pet before it resolves; resummon after","行うべきこと: 別れ 解決される前にペットを吹き飛ばします。後に再召喚"
"LazyCrucible","","","","Do: Parting Blow them in a cluster","やるべきこと: 別れ際に吹き飛ばす"
"LazyCrucible","","","","Do: Parting Blow them together with the Morbol","やるべきこと：別れ モルボルで一緒に吹き飛ばす"
"LazyCrucible","","","","Do: Pet holds enmity; stand to the side","実行: ペットは 敵視 を保持します。横に立つ"
"LazyCrucible","","","","Do: Petrify the Cyclopes with the cone to stop it","実行: コーンを使ってサイクロプスを石化し、停止 します。"
"LazyCrucible","","","","Do: Place it so at most 1 corpse is inside","推奨: 中に死体が 1 つまで入るように配置します。"
"LazyCrucible","","","","Do: Place the puddles away from the center","推奨: 水たまりを中心から離れた場所に配置します。"
"LazyCrucible","","","","Do: Plain orb = 25y circle, get away; banded orb = donut, get close",""
"LazyCrucible","","","","Do: Position so the 16y push stays inside the arena","実行: 16y プッシュがアリーナ内にとどまるように配置します。"
"LazyCrucible","","","","Do: Position so the 30y push away from the mark stays in bounds","行うべきこと: マークから 30y プッシュが範囲内に留まるように位置を決めます。"
"LazyCrucible","","","","Do: Pre-face a safe direction before it ends","行うべきこと: 終了する前に安全な方向に前もって設定する"
"LazyCrucible","","","","Do: Pre-resist with Antiblind serum during the cast","実行: 詠唱 中に Antiblind 血清を事前に使用してください。"
"LazyCrucible","","","","Do: Pre-resist, or cleanse with Scouring Ash","実行: プレレジスト、または Scouring Ash を使用した 解除"
"LazyCrucible","","","","Do: Pull the Zu away from eggs; no AoE near them","実行: 開戦／釣る を卵から遠ざけます。近くに AoE がありません"
"LazyCrucible","","","","Do: Rarely seen; avoid edges","行う: めったに見られません。エッジを避ける"
"LazyCrucible","","","","Do: React to the floor telegraph","すべきこと: 議場電報に反応する"
"LazyCrucible","","","","Do: Read the blade directions and take the safe half","行うべきこと: ブレードの指示を読み、安全な半分を選択してください。"
"LazyCrucible","","","","Do: Read the pose; get out or go to the safe half","実行: ポーズを読んでください。出るか安全な場所に行くか"
"LazyCrucible","","","","Do: Read the weapon again","実行: 武器をもう一度読んでください。"
"LazyCrucible","","","","Do: Run behind it, through the puddles if needed","実行: 周回／実行 を背後に置き、必要に応じて水たまりを通ってください。"
"LazyCrucible","","","","Do: Run to the opposite edge or diagonal","実行: 周回／実行 を反対側のエッジまたは対角線に"
"LazyCrucible","","","","Do: Run to the opposite side; keep a Shield Charge to return","実行: 周回／実行 を反対側に送信します。戻るためにシールドチャージを維持しておく"
"LazyCrucible","","","","Do: Sidestep each line; the lances are not worth attacking","実行: 各行を回避します。槍は攻撃する価値がない"
"LazyCrucible","","","","Do: Sleep in the center, then run from the meeting point","実行: 中心部で寝てから、集合場所から 周回／実行"
"LazyCrucible","","","","Do: Snarl it onto the pet; cleanse Burns","推奨: ペットにうなり声を上げます。 解除 火傷"
"LazyCrucible","","","","Do: Snarl or snarl-parting; cleanse the poison after","やるべきこと：うなり声をあげるか、うなり声を上げて別れます。 解除 後の毒"
"LazyCrucible","","","","Do: Snarl so it faces the pet and stay to the side","行うべきこと: ペットのほうを向いて側に留まるようにうなり声を上げます。"
"LazyCrucible","","","","Do: Snarl so it faces the pet, then hit it from behind","行うべきこと: ペットが正面を向くようにうなり、後ろから叩く"
"LazyCrucible","","","","Do: Snarl so it faces the pet; stand to the side","行うべきこと: ペットのほうを向くようにうなり声を上げます。横に立つ"
"LazyCrucible","","","","Do: Snarl so it hits the pet","推奨: ペットに当たるようにうなり声を上げます"
"LazyCrucible","","","","Do: Snarl so the pet covers it, then Challenge back","やるべきこと: ペットがそれを覆い隠すようにうなり声を上げてから、反撃します。"
"LazyCrucible","","","","Do: Snarl so the pet takes it","行うべきこと: ペットがそれを受け取るようにうなり声を上げます"
"LazyCrucible","","","","Do: Snarl so the pet takes it, or snarl-parting","やるべきこと：ペットがそれを受け取るようにうなり声をあげるか、うなり声をあげて別れます"
"LazyCrucible","","","","Do: Snarl so the pet takes it, then Challenge and swap the pet out","やるべきこと：うなり声を上げてペットがそれを受け取るようにし、チャレンジしてペットを交換します。"
"LazyCrucible","","","","Do: Snarl, then Parting Blow 1-2 s before it lands; or cleanse after","実行: うなり声を上げ、着地する 1 ～ 2 秒前に別れの一撃をします。または 解除 以降"
"LazyCrucible","","","","Do: Snarl-parting, or let the pet take it","やるべきこと: うなり声を上げて別れる、またはペットに任せる"
"LazyCrucible","","","","Do: Snarl-parting: Parting Blow about 2 s before it lands","Do:うなり別れ:着地約2秒前に別れ吹き"
"LazyCrucible","","","","Do: Soak up to 4, wait for it to drop, then soak more","推奨: 最大 4 まで浸し、水が落ちるのを待ってからさらに浸します。"
"LazyCrucible","","","","Do: Spread them; comets too close explode","実行: 散開 します。近づきすぎた彗星が爆発する"
"LazyCrucible","","","","Do: Stand at its feet","やるべきこと: その足元に立つ"
"LazyCrucible","","","","Do: Stand at the center so you fly to the north/south tiles","実行: 北に飛ぶように中央に立ってください/south タイル"
"LazyCrucible","","","","Do: Stand away from the edge","すべきこと: 端から離れて立つ"
"LazyCrucible","","","","Do: Stand behind the first to finish, then swap","行うべきこと: 最初にゴールする選手の後ろに立ってから交換する"
"LazyCrucible","","","","Do: Stand behind the Queen Hawk during the pull","実行: 開戦／釣る 中にクイーンホークの後ろに立ってください。"
"LazyCrucible","","","","Do: Stand beside the '!' pool, never on it","実行: 「!」の横に立ってください。プール、決してプールには乗らない"
"LazyCrucible","","","","Do: Stand beside the other circle, outside its facing","行うべきこと: 他のサークルの向かい側の外側に立ってください。"
"LazyCrucible","","","","Do: Stand between the cones","行うべきこと: コーンの間に立つ"
"LazyCrucible","","","","Do: Stand clear of each orb's line","やるべきこと: 各オーブのラインから離れて立つ"
"LazyCrucible","","","","Do: Stand clear of the lit lines","すべきこと: 点灯している線から離れてください。"
"LazyCrucible","","","","Do: Stand in a band that is not marked","行うべきこと: マークのないバンド内に立つこと"
"LazyCrucible","","","","Do: Stand in the rear half; the boundary is its centerline","行うべきこと: 後半に立ってください。境界はその中心線です"
"LazyCrucible","","","","Do: Stand off the cross arms","行うべきこと: クロスアームから離れて立つ"
"LazyCrucible","","","","Do: Stand on a diagonal","行うべきこと: 対角線上に立つ"
"LazyCrucible","","","","Do: Stand on a matching tile; pick a northern one","行うべきこと: 対応するタイルの上に立ちます。北のものを選んでください"
"LazyCrucible","","","","Do: Stand on a north/south tile facing so you fly inward","実行: 北の /south タイルの上に立ち、内側に向かって飛ぶようにします。"
"LazyCrucible","","","","Do: Stand on a water puddle with the pet to share it","行うべきこと: ペットと一緒に水たまりの上に立って、水を共有します。"
"LazyCrucible","","","","Do: Stand on one of the 4 floor tiles until it fully lights","行うべきこと: 4 つの床タイルの 1 つが完全に点灯するまでその上に立ってください。"
"LazyCrucible","","","","Do: Stand on the gravity platform until it resolves","行うべきこと: 解決するまで重力プラットフォームの上に立ってください。"
"LazyCrucible","","","","Do: Stand right under the Bishop","行うべきこと: ビショップの真下に立つ"
"LazyCrucible","","","","Do: Stand so you fly into a corner, not off the edge","行うべきこと: 端からではなく、隅に飛び込むように立ちます。"
"LazyCrucible","","","","Do: Stand to the side","行うべきこと: 横に立ってください"
"LazyCrucible","","","","Do: Stay apart from the pet, or Parting Blow it","すべきこと: ペットから離れるか、別れを告げる"
"LazyCrucible","","","","Do: Stay away; a Snoll killed on fire puddles clears them","すべきこと: 近づかないでください。火の水たまりで殺されたスノールがそれらを取り除く"
"LazyCrucible","","","","Do: Stay off the edge; dodge the circles","すべきこと: 端から離れてください。円を避ける"
"LazyCrucible","","","","Do: Stay out of cages; the 2nd cast uses the other colour","すべきこと: 檻の中から出ないでください。 2 番目の 詠唱 は他の色を使用します"
"LazyCrucible","","","","Do: Stay out of every cone; aim them at Cyclopes","やるべきこと: すべてのコーンには近づかないでください。サイクロプスに向けてください"
"LazyCrucible","","","","Do: Stay out of her front","すべきこと: 彼女の前に近づかないでください"
"LazyCrucible","","","","Do: Stay out of its front","すべきこと: その正面から離れてください"
"LazyCrucible","","","","Do: Stay out of its front; cleanse after","すべきこと: その正面から離れてください。 解除後"
"LazyCrucible","","","","Do: Stay out of the Demon's front","すべきこと: デーモンの前から離れてください"
"LazyCrucible","","","","Do: Stay out of the Knights' fronts","やるべきこと：騎士団の前線には近づかないこと"
"LazyCrucible","","","","Do: Stay out of the line","すべきこと: 列に並ばないでください"
"LazyCrucible","","","","Do: Stay out of the line's path","推奨: 経路 の回線には近づかないでください。"
"LazyCrucible","","","","Do: Stay out of the marked lines","すべきこと: マークされた線からは外れないようにする"
"LazyCrucible","","","","Do: Stay out of the puddles","すべきこと: 水たまりには近づかないようにする"
"LazyCrucible","","","","Do: Stay out of the puddles; 8 stacks freezes you","すべきこと: 水たまりには近づかないでください。 8スタックでフリーズする"
"LazyCrucible","","","","Do: Stay out of their fronts","すべきこと: 彼らの前に近づかないようにする"
"LazyCrucible","","","","Do: Stay out of their lines and fronts","やるべきこと: 彼らの戦線や前線には近づかないようにする"
"LazyCrucible","","","","Do: Stay out; under the boss is safe","すべきこと: 外出しないでください。上司の下は安全です"
"LazyCrucible","","","","Do: Stay outside the triangle","すべきこと: 三角形の外側に留まる"
"LazyCrucible","","","","Do: Step away from the boss","やるべきこと：上司から離れる"
"LazyCrucible","","","","Do: Step away from the Slugs","やるべきこと：ナメクジから離れてください"
"LazyCrucible","","","","Do: Step into the first area right after it pops","やるべきこと: ポップしたらすぐに最初のエリアに足を踏み入れる"
"LazyCrucible","","","","Do: Step into the lane that just fired","実行: 発射されたばかりのレーンに足を踏み入れてください"
"LazyCrucible","","","","Do: Step onto a thorn patch just before the cast ends","やるべきこと: 詠唱 が終了する直前に棘パッチを踏む"
"LazyCrucible","","","","Do: Step out","やるべきこと：外へ出る"
"LazyCrucible","","","","Do: Step out of the Knight's circle","やるべきこと：騎士団から抜け出す"
"LazyCrucible","","","","Do: Step out of the line","やるべきこと：列から抜け出す"
"LazyCrucible","","","","Do: Step out of the line; Heavy can't be cleansed","実行: 列から外れてください。重いものは浄化できない"
"LazyCrucible","","","","Do: Step out of the lines","やるべきこと：列から出てください"
"LazyCrucible","","","","Do: Step out of the sword circles","やるべきこと：剣の輪から抜け出す"
"LazyCrucible","","","","Do: Step out; move away from low-HP bombs","やるべきこと：一歩出てください。低HP爆弾から遠ざかる"
"LazyCrucible","","","","Do: Stop attacking the Drake, or dispel it","実行: 停止 がドレイクを攻撃するか、それを払拭します"
"LazyCrucible","","","","Do: Stop attacking the Snoll, or dispel it","実行: 停止 が Snoll を攻撃するか、それを払拭します"
"LazyCrucible","","","","Do: Stop hitting it; poison still works","実行: 停止 をヒットします。毒はまだ効く"
"LazyCrucible","","","","Do: Stop hitting the Sahagin; swap to the Ymir","実行: 停止 がサハギンを攻撃します。ユミルと交換"
"LazyCrucible","","","","Do: Stretch the tether, then dodge front then rear","実行: 線／テザー を伸ばし、前方、後方に回避します。"
"LazyCrucible","","","","Do: Swap and AoE them; kill each pack before the 4th spawns","実行: それらを交換して AoE します。 4番目のスポーン前に各パックをキルする"
"LazyCrucible","","","","Do: Swap and burst the rooks: Parting Blows, fangs","実行: ルークを交換して バースト します: 別れの一撃、牙"
"LazyCrucible","","","","Do: Swap to the adds","実行: アドに切り替えます"
"LazyCrucible","","","","Do: Swap to them once targetable and AoE them","実行: ターゲット可能になったらそれらに切り替えて範囲攻撃します"
"LazyCrucible","","","","Do: Take it away from the pet","すべきこと：ペットから遠ざけてください"
"LazyCrucible","","","","Do: Take its aggro, walk it to Morphos; chip them first","実行: 敵視／感知 を持ってモルフォスまで歩いてください。最初にそれらをチップします"
"LazyCrucible","","","","Do: Take the hit, then dodge the circles and pools","やるべきこと: 攻撃を受けてから、円とプールを避けてください。"
"LazyCrucible","","","","Do: Top up HP before it lands","推奨: HP が着地する前に補充する"
"LazyCrucible","","","","Do: Touch a tower at 2 to reset it; 3 = stun + room-wide","実行: 2 で 塔 をタッチして リセット／初期化 します。 3 = スタン + 部屋全体"
"LazyCrucible","","","","Do: Touch the matching platform to transform, touch again after","実行: 一致するプラットフォームをタッチして変身し、その後もう一度タッチします。"
"LazyCrucible","","","","Do: Track the named kin: cloud Dodo, scale Puk, beast Opo-opo, wave Pugil","実行: 名前付きのキンを追跡します: 雲のドド、鱗のプク、獣のオポオポ、波のプギル"
"LazyCrucible","","","","Do: Track which hand absorbed; the boss turns","実行: どちらの手が吸収したかを追跡します。上司が向きを変える"
"LazyCrucible","","","","Do: Treat it as a tankbuster: mitigate","実行: タンク強攻撃 として扱います: 軽減します"
"LazyCrucible","","","","Do: Try a dispel; if it fails, kill the Golem","実行: ディスペルを試してください。失敗したらゴーレムを倒す"
"LazyCrucible","","","","Do: Turn away from the Ahrimans","やるべきこと：アーリマンから背を向ける"
"LazyCrucible","","","","Do: Vileskin, Shield Charge at the push, or stand upstream","行うべきこと: バイルスキン、シールド プッシュ時にチャージ、または上流に立つ"
"LazyCrucible","","","","Do: Wait at a ring edge, step in after it fires","行うべきこと: リングの端で待機し、発射後にステップインします。"
"LazyCrucible","","","","Do: Wait in set 2's lane, step into set 1's after it passes","行うべきこと: セット 2 のレーンで待機し、セット 2 が通過したらセット 1 のレーンに入る"
"LazyCrucible","","","","Do: Wait out the first bursts, then step into the origin","実行: 最初のバーストが終わるまで待ってから、原点に足を踏み入れます。"
"LazyCrucible","","","","Do: Watch each telegraph and move in or out","行うべきこと: 各電報を見て出入りする"
"LazyCrucible","","","","Do: Watch the turn direction and stay out of the cones","すべきこと: 回転方向に注意し、コーンに近づかないようにしてください。"
"LazyCrucible","","","","Do: Wrath: go behind the boss. Grief: go in front","行うこと: 怒り: ボスの後ろに行きます。悲しみ：前に出なさい"
"LazyCrucible","","","","Dodo",""
"LazyCrucible","","","","Dodo: crowd control","ドードー: 群衆 加工精度"
"LazyCrucible","","","","Dodo: earth","ドードー：地球"
"LazyCrucible","","","","Dodo: earth x2","ドードー：土×2"
"LazyCrucible","","","","Dodo: earth, crowd control","ドードー: 地球、群衆 加工精度"
"LazyCrucible","","","","Don't hit spiked targets; feed Morphos to the Abaddon (never kill them); dispel regen.","スパイクのあるターゲットを攻撃しないでください。モルフォスをアバドンに与えます（決して殺さないでください）。リジェネをディスペルします。"
"LazyCrucible","","","","Don't hit the eggs; kill Pullets first and keep every AoE away from eggs.","卵を叩かないでください。最初にプーレットを殺し、すべての範囲を卵から遠ざけます。"
"LazyCrucible","","","","Doom from Mortal Ray is cleared by lit floor tiles; look away from Ahriman gazes.","モータル レイのドゥームは床タイルが点灯すると解除されます。アーリマンの視線から目をそらしてください。"
"LazyCrucible","","","","Doubling (6 s)","倍加（6秒）"
"LazyCrucible","","","","Drake",""
"LazyCrucible","","","","drake piece (enemy)","ドレイクの駒（敵）"
"LazyCrucible","","","","Drake Piece + Barbmole Piece + Abaddon Piece + Morpho Piece","ドレイクの欠片 + バーブモールの欠片 + アバドンの欠片 + モルフォの欠片"
"LazyCrucible","","","","Drake Piece + Barbmole Piece + Abaddon Piece + Morpho Piece (enemy)","ドレイクの欠片 + バーブモールの欠片 + アバドンの欠片 + モルフォの欠片 (敵)"
"LazyCrucible","","","","drake piece: Wind; barbmole piece: Fire; abaddon piece: Water; morpho piece: Blunt","ドレイクの駒：風。バーブモールピース: 火;アバドンピース：水。モルフォピース：ブラント"
"LazyCrucible","","","","Drake, then remaining Barbmoles; Abaddon last, after every Morpho is eaten","ドレイク、次に 残り バーブモール。アバドンは最後、モルフォがすべて食べられた後"
"LazyCrucible","","","","Drake: fire x2","ドレイク：火×2"
"LazyCrucible","","","","Dreadwash (8 s)","ドレッドウォッシュ (8秒)"
"LazyCrucible","","","","Dullahan",""
"LazyCrucible","","","","Dullahan: slashing","デュラハン：斬撃"
"LazyCrucible","","","","Dullahan: Soul Crush","デュラハン ソウルクラッシュ"
"LazyCrucible","","","","Durga piece (elite)","ドゥルガーピース（エリート）"
"LazyCrucible","","","","Durga Piece + Spinner-rook Piece","ドゥルガ駒 + スピナールーク駒"
"LazyCrucible","","","","Durga Piece + Spinner-rook Piece (elite)","ドゥルガ駒 + スピナールーク駒 (エリート)"
"LazyCrucible","","","","Durga piece: Fire; spinner-rook piece: Blunt","ドゥルガーピース: 火;スピナールーク駒: ブラント"
"LazyCrucible","","","","During Burning Ward: nearest wisp first, smallest first","Burning Ward の間: 最も近いウィスプが最初、最小のウィスプが最初"
"LazyCrucible","","","","earth",""
"LazyCrucible","","","","Earth damage (weakness of both); Scouring Ash (Ashkin) for Erratic Blaster paralysis","土ダメージ（両方の弱点）。エラティック・ブラスター麻痺用の精練灰（アシュキン）"
"LazyCrucible","","","","Earth damage for Borgny, water for the Toxic Mass","ボルグニーには土ダメージ、毒塊には水ダメージ"
"LazyCrucible","","","","earth x2","土×2"
"LazyCrucible","","","","earth x2, crowd control","土×2、群衆 加工精度"
"LazyCrucible","","","","earth x2, Scouring Ash","土×2、精錬灰"
"LazyCrucible","","","","earth, crowd control","地球、群衆 加工精度"
"LazyCrucible","","","","earth, Soul Crush","アース、ソウルクラッシュ"
"LazyCrucible","","","","Earthen Ring (7 s)","土の指輪(7秒)"
"LazyCrucible","","","","Earthquake (5 s)","地震 (5秒)"
"LazyCrucible","","","","Earthrender (3 s)","アースレンダー (3秒)"
"LazyCrucible","","","","Earthshaker (4.2 s)","アースシェイカー (4.2秒)"
"LazyCrucible","","","","Ecliptic Meteor (11 s)","黄道流星 (11 秒)"
"LazyCrucible","","","","Eggs (10 s)","卵（10秒）"
"LazyCrucible","","","","elder tablitaur piece (elite)","エルダータブリタウロス作品（エリート）"
"LazyCrucible","","","","Elder Tablitaur Piece + Younger Tablitaur Piece","年長のタブリタウロスの駒 + 年下のタブリタウロスの駒"
"LazyCrucible","","","","Elder Tablitaur Piece + Younger Tablitaur Piece (elite)","年長のタブリタウロスのピース + 若いタブリタウロスのピース (エリート)"
"LazyCrucible","","","","elder tablitaur piece: Fire; younger tablitaur piece: Fire","年長のタブリタウロス作品: 火;若い頃のタブリトゥール作品: Fire"
"LazyCrucible","","","","Electric Shock (6 s)","感電(6秒)"
"LazyCrucible","","","","Endless Slashes (9 s)","エンドレススラッシュ(9秒)"
"LazyCrucible","","","","Endless Swing (6 s)","エンドレススイング(6秒)"
"LazyCrucible","","","","Endless Swipes (5.2 s)","エンドレススワイプ (5.2 秒)"
"LazyCrucible","","","","Enemy panel calls for: Cleanse","敵パネルの要求: 解除"
"LazyCrucible","","","","Enemy panel calls for: Dispel","敵パネルの要求: ディスペル"
"LazyCrucible","","","","Enemy panel calls for: Dispel, Cleanse","敵パネルの要求: ディスペル、解除"
"LazyCrucible","","","","Enemy panel calls for: Interrupt","敵パネルの要求: 詠唱中断"
"LazyCrucible","","","","Enemy panel calls for: Interrupt, Cleanse","敵パネルの呼び出し: 詠唱中断、解除"
"LazyCrucible","","","","Enemy panel calls for: Interrupt, Dispel","敵パネルの要求: 詠唱中断、ディスペル"
"LazyCrucible","","","","Enemy panel calls for: Interrupt, Dispel, Cleanse","敵パネルの呼び出し: 詠唱中断、Dispel、解除"
"LazyCrucible","","","","Enemy panel calls for: None","敵パネルの要求: なし"
"LazyCrucible","","","","Erratic Blaster (7 s)","不安定なブラスター (7秒)"
"LazyCrucible","","","","Evil Mist (4 s)","エビルミスト(4秒)"
"LazyCrucible","","","","Explosion (5 s)","爆発(5秒)"
"LazyCrucible","","","","Extremely Bad Breath (5 s)","極度の口臭 (5 秒)"
"LazyCrucible","","","","False Demon Eye","偽りの魔眼"
"LazyCrucible","","","","Fanaticism (9 s)","狂信（9秒）"
"LazyCrucible","","","","Fangs or Parting Blow for the Barbmoles","バーブモグラの牙または別れの一撃"
"LazyCrucible","","","","Feed the Bold (feed anything harmless)","Feed the Bold (無害なものを何でも与えます)"
"LazyCrucible","","","","Feral Lunge (4 s)","フェラルランジ (4秒)"
"LazyCrucible","","","","Fiery Fury (7.9 s)","激しい怒り (7.9 秒)"
"LazyCrucible","","","","Fill the Battlehorn slots before each fight","各戦闘の前にバトルホーンのスロットを埋める"
"LazyCrucible","","","","Fill the run roster at the Bentbranch Meadows entry menu","Bentbranch Meadows エントリー メニューで 周回／実行 名簿に記入します"
"LazyCrucible","","","","Final Sting (5 s)","ファイナルスティング(5秒)"
"LazyCrucible","","","","Finish both together; never kill Loosefrox first","両方を一緒に終了します。最初にルーズロックスを殺さないでください"
"LazyCrucible","","","","fire",""
"LazyCrucible","","","","Fire Call (4 s)","ファイヤーコール(4秒)"
"LazyCrucible","","","","Fire damage (their weakness); a fire-resistance-down release helps","火によるダメージ（弱点）。耐火性ダウンのリリースが役立ちます"
"LazyCrucible","","","","Fire damage; magic autos beat the sprite's physical defense","火災によるダメージ。魔法のオートがスプライトの物理防御を破る"
"LazyCrucible","","","","Fire II / Self-destruct (4 s)","ファイアII / 自爆(4秒)"
"LazyCrucible","","","","Fire III (8 s)","ファイアIII (8秒)"
"LazyCrucible","","","","fire x2","火×2"
"LazyCrucible","","","","fire x2, Soul Crush","ファイア×2、ソウルクラッシュ"
"LazyCrucible","","","","First Board of the Unbroken: L30, beast rank 5","Unbrokenの最初のボード：L30、ビーストランク5"
"LazyCrucible","","","","First Master's Board: L50 / iL120, beast rank 20","ファーストマスターボード：L50/iL120、獣ランク20"
"LazyCrucible","","","","Fivefold Fallout (3 s)","5 倍のフォールアウト (3 秒)"
"LazyCrucible","","","","Flame Shield gear (fire absorb) for Atomic Ray","原子線用フレイムシールドギア（炎吸収）"
"LazyCrucible","","","","Flame Thrower (7 s)","火炎放射器(7秒)"
"LazyCrucible","","","","Flare",""
"LazyCrucible","","","","Flauros piece (enemy)","フラウロスの駒（敵）"
"LazyCrucible","","","","Flauros Piece + Lightning Sprite","フラウロスの欠片＋ライトニングスプライト"
"LazyCrucible","","","","Flauros Piece + Lightning Sprite (enemy)","フラウロスの欠片＋ライトニングスプライト(敵)"
"LazyCrucible","","","","Flauros piece: Earth; lightning sprite: Earth","フラウロスの作品: 地球;ライトニングスプライト：地球"
"LazyCrucible","","","","Floods / Magical Mallet Theory (8 s)","フラッド/マジカルマレット理論(8秒)"
"LazyCrucible","","","","Floral Trap (5 s)","フローラルトラップ(5秒)"
"LazyCrucible","","","","Flowertender, then Guardia (once it guards), Soldado, Campeador, Sabotender","フラワーテンダー、次にガード（ガードしたら）、ソルジャー、カンピアドール、サボテンダー"
"LazyCrucible","","","","Flying Frenzy (8 s)","飛行 フレンジー (8 秒)"
"LazyCrucible","","","","Flying trap","飛行 トラップ"
"LazyCrucible","","","","Flying trap: ice x2","飛行トラップ：氷×2"
"LazyCrucible","","","","Flying trap: ice x2, crowd control","飛行トラップ：氷×2、群衆 加工精度"
"LazyCrucible","","","","Flying trap: ice, crowd control","飛行 トラップ: 氷、群衆 加工精度"
"LazyCrucible","","","","Follow the next fight","次の戦いに従う"
"LazyCrucible","","","","Fore Carve / Rear Carve (1 s)","フォアカーブ / リアカーブ (1秒)"
"LazyCrucible","","","","Forsaken Fount (5 s)","見捨てられた泉 (5秒)"
"LazyCrucible","","","","Forward Guard (5 s)","フォワードガード(5秒)"
"LazyCrucible","","","","Frontal blade line","前刃のライン"
"LazyCrucible","","","","Fuming Vomit (6 s)","発煙性嘔吐物 (6 秒)"
"LazyCrucible","","","","Gargoyle Piece","ガーゴイルの欠片"
"LazyCrucible","","","","Gargoyle Piece (elite)","ガーゴイルの欠片（エリート）"
"LazyCrucible","","","","gargoyle piece (elite)","ガーゴイルの欠片（エリート）"
"LazyCrucible","","","","gargoyle piece: None","ガーゴイルピース：なし"
"LazyCrucible","","","","Gaze debuffs","視線攻撃 デバフ"
"LazyCrucible","","","","Geshunpest",""
"LazyCrucible","","","","Geshunpest: lightning","ゲシュンペスト：稲妻"
"LazyCrucible","","","","Geshunpest: lightning x5, Scouring Ash","ゲシュンペスト：雷×5、灼熱の灰"
"LazyCrucible","","","","Ghost",""
"LazyCrucible","","","","Ghost: crowd control, Scouring Ash","ゴースト: 群衆 加工精度、Scouring Ash"
"LazyCrucible","","","","Ghost: wind","幽霊：風"
"LazyCrucible","","","","Ghost: wind x2, crowd control","ゴースト：風×2、群衆 加工精度"
"LazyCrucible","","","","Ghost: wind x3, crowd control, Scouring Ash","ゴースト：風×3、群衆加工精度、Scouring Ash"
"LazyCrucible","","","","Ghost: wind, crowd control","ゴースト: 風、群衆 加工精度"
"LazyCrucible","","","","Ghost: wind, crowd control, Scouring Ash",""
"LazyCrucible","","","","Gigantic Rage (6 s)","ギガンティック・レイジ（6秒）"
"LazyCrucible","","","","gigantis piece (enemy)","巨大なピース（敵）"
"LazyCrucible","","","","Gigantis Piece + Cyclops Piece + Congealed Lightning + Congealed Kindling","ギガンティスの欠片 + サイクロプスの欠片 + 凝結した稲妻 + 凝結した焚き付け"
"LazyCrucible","","","","Gigantis Piece + Cyclops Piece + Congealed Lightning + Congealed Kindling (enemy)","ギガンティスの欠片 + サイクロプスの欠片 + 凝結した稲妻 + 凝結した焚き付け(敵)"
"LazyCrucible","","","","gigantis piece: None; cyclops piece: None; congealed lightning: Earth; congealed kindling: Wind","ギガンティスピース: なし。サイクロプスのピース: なし。凝結した稲妻: 地球;固まった焚き付け：風"
"LazyCrucible","","","","Gigantoad",""
"LazyCrucible","","","","Gigantoad: blunt x2, Quelling Wave","ギガントード：鈍器×2、鎮波波"
"LazyCrucible","","","","Gigantoad: blunt x4, crowd control, Quelling Wave","ギガントード: ブラント x4、群衆 加工精度、クエリング ウェーブ"
"LazyCrucible","","","","Gigantoad: blunt, crowd control, Quelling Wave","ギガントード: 鈍い、群衆 加工精度、Quelling Wave"
"LazyCrucible","","","","Glower (4 s)","グローワー (4秒)"
"LazyCrucible","","","","Gluttonous Goring (11.6 s)","大食いのゴーリング (11.6 秒)"
"LazyCrucible","","","","Gluttonous Gutting (11.6 s)","大食いのガツガツ(11.6秒)"
"LazyCrucible","","","","Gluttonous Gutting / Goring (13.6 s)","大食いのガッツリ・ゴリング(13.6秒)"
"LazyCrucible","","","","Gobbieboom Barrage (3 s)","ゴビーブーム弾幕 (3秒)"
"LazyCrucible","","","","Gobspin Headlops (6 s)","ゴブスピンヘッドロップ(6秒)"
"LazyCrucible","","","","Golem",""
"LazyCrucible","","","","Golem Piece","ゴーレムピース"
"LazyCrucible","","","","Golem Piece (elite)","ゴーレムピース（エリート）"
"LazyCrucible","","","","golem piece (elite)","ゴーレムピース（エリート）"
"LazyCrucible","","","","Golem Piece first when it spawns","ゴーレムピースが最初に出現する"
"LazyCrucible","","","","golem piece: Water","ゴーレムピース：水"
"LazyCrucible","","","","Golem: earth, Soul Crush","ゴーレム：アース、ソウルクラッシュ"
"LazyCrucible","","","","Grab and Grow","掴んで育てる"
"LazyCrucible","","","","Grand Sword (4 s)","グランドソード(4秒)"
"LazyCrucible","","","","Greater Strength (3 s)","より大きな強度 (3 秒)"
"LazyCrucible","","","","Grenades first, then the other bombs, Progenitrix last","最初に手榴弾、次に他の爆弾、最後にプロジェニトリックス"
"LazyCrucible","","","","Grim Fate (5 s)","厳粛な FATE (5 秒)"
"LazyCrucible","","","","Grounding Jolt (5.2 s)","接地衝撃 (5.2 秒)"
"LazyCrucible","","","","Guttler the Gutter (boss)","ガトラー・ザ・ガター (ボス)"
"LazyCrucible","","","","Guttler the Gutter + Thanatos Piece","ガトラー・ザ・ガター + タナトスの欠片"
"LazyCrucible","","","","Guttler the Gutter + Thanatos Piece (boss)","ガトラー・ザ・ガター＋タナトス・ピース（ボス）"
"LazyCrucible","","","","Guttler the Gutter: None; Thanatos piece: Lightning","ガトラー・ザ・ガター: なし。タナトスの作品：ライトニング"
"LazyCrucible","","","","Gyrocleave (7 s)","ジャイロクリーブ (7秒)"
"LazyCrucible","","","","Hammerleap (8.1 s)","ハンマーリープ (8.1秒)"
"LazyCrucible","","","","Hardest B3 fight: keep the pet off her cleave, kill the Crawling Piece first, dodge songs.","最も難しい B3 の戦い: ペットを彼女の 扇範囲／前方範囲 から遠ざけ、最初に Crawling Piece を倒し、歌を避けます。"
"LazyCrucible","","","","Head breaths (7 s)","頭呼吸 (7 秒)"
"LazyCrucible","","","","Head Snatch","ヘッドスナッチ"
"LazyCrucible","","","","Heads and Tails (3.9 s)","表と裏 (3.9 秒)"
"LazyCrucible","","","","Healing Water (3 s)","ヒーリングウォーター(3秒)"
"LazyCrucible","","","","Heat Lightning (4 s)","ヒートライトニング(4秒)"
"LazyCrucible","","","","Hellish Breath (1.1 s)","地獄の息吹(1.1秒)"
"LazyCrucible","","","","Hold a TR and Parting Blow for the Wriggling Phlegm adds","TRを保持し、蠢く痰に別れの一撃を加える"
"LazyCrucible","","","","Hold a Trick and a Parting Blow for the Self-destruct window","自爆ウィンドウのトリックと別れの一撃を保持します。"
"LazyCrucible","","","","Homing circles","ホーミングサークル"
"LazyCrucible","","","","Horn picks","ホーンピック"
"LazyCrucible","","","","Hydra",""
"LazyCrucible","","","","Hydra: slashing x3, crowd control","ヒドラ：斬撃×3、群衆加工精度"
"LazyCrucible","","","","Hydra: slashing, crowd control","ヒドラ: 斬撃、群衆 加工精度"
"LazyCrucible","","","","Hypothermal Combustion","低熱燃焼"
"LazyCrucible","","","","ice",""
"LazyCrucible","","","","ice dragon piece (enemy, random space)","アイスドラゴンピース(敵、ランダム空間)"
"LazyCrucible","","","","Ice Dragon Piece + Ice Sprite","アイスドラゴンピース+アイススプライト"
"LazyCrucible","","","","Ice Dragon Piece + Ice Sprite (enemy, random)","アイスドラゴンピース+アイススプライト(敵、ランダム)"
"LazyCrucible","","","","ice dragon piece: Fire; ice sprite: Fire","アイスドラゴンピース: 火;氷のスプライト: 火"
"LazyCrucible","","","","Ice golem","アイスゴーレム"
"LazyCrucible","","","","Ice golem: ice x2, Soul Crush","アイスゴーレム：氷×2、ソウルクラッシュ"
"LazyCrucible","","","","Ice golem: ice, Soul Crush","アイスゴーレム：アイス、ソウルクラッシュ"
"LazyCrucible","","","","Ice Spikes (3 s)","アイススパイク(3秒)"
"LazyCrucible","","","","Ice Sprite first","まずはアイススプライト"
"LazyCrucible","","","","ice x2","氷×2"
"LazyCrucible","","","","ice x2, crowd control","氷×2、群衆 加工精度"
"LazyCrucible","","","","ice x2, Soul Crush","氷×2、ソウルクラッシュ"
"LazyCrucible","","","","ice, crowd control","氷、群衆 加工精度"
"LazyCrucible","","","","ice, Soul Crush","アイス、ソウルクラッシュ"
"LazyCrucible","","","","Icy Torment (6.5 s)","氷の拷問(6.5秒)"
"LazyCrucible","","","","If the loot would not fit (or repeats gear you own), shows the best items first and leaves the choice to you.","戦利品 が適合しない場合 (または所有しているギアを繰り返し使用する場合)、最初に最適なアイテムが表示され、選択はお客様に委ねられます。"
"LazyCrucible","","","","Impassion (8 s)","情熱 (8秒)"
"LazyCrucible","","","","Infernal Pain (8 s)","地獄の痛み (8秒)"
"LazyCrucible","","","","interrupt (Soul Crush): Aero III knockback (guide says Soul Crush stops it) — no horn pick brings it","詠唱中断 (ソウル クラッシュ): Aero III ノックバック (ガイドには、ソウル クラッシュが停止すると書かれています) — ホーン ピックがそれをもたらしません"
"LazyCrucible","","","","interrupt (Soul Crush): Camaraderie (Cyclops Piece)","詠唱中断 (ソウルクラッシュ): 仲間意識 (サイクロプスピース)"
"LazyCrucible","","","","interrupt (Soul Crush): Caustic Vomit (Pullet Piece)","詠唱中断 (ソウルクラッシュ): 苛性嘔吐物 (パレットピース)"
"LazyCrucible","","","","interrupt (Soul Crush): Confound (Administrator)","詠唱中断 (ソウルクラッシュ): Confound (管理者)"
"LazyCrucible","","","","interrupt (Soul Crush): Dreadwash (Sahagin Piece)","詠唱中断（ソウルクラッシュ）：ドレッドウォッシュ（サハギンピース）"
"LazyCrucible","","","","interrupt (Soul Crush): Fanaticism (Succubus Mage)","詠唱中断 (ソウルクラッシュ): ファナティシズム (サキュバスメイジ)"
"LazyCrucible","","","","interrupt (Soul Crush): Massive Explosion (Progenitrix)","詠唱中断 (ソウルクラッシュ): 大爆発 (プロジェニトリックス)"
"LazyCrucible","","","","interrupt (Soul Crush): Natural Nurture (Biloko Piece)","詠唱中断（ソウルクラッシュ）：自然育成（ビロコピース）"
"LazyCrucible","","","","interrupt (Soul Crush): Ossify (Knight, 8 s self buff)","詠唱中断（ソウルクラッシュ）：Ossify（ナイト、8秒セルフ強化効果／バフ）"
"LazyCrucible","","","","interrupt (Soul Crush): Raise (Lamia Piece) — no horn pick brings it","詠唱中断 (ソウルクラッシュ): 蘇生 (ラミアピース) — ホーンピックはありません"
"LazyCrucible","","","","interrupt (Soul Crush): Rallying Cheer (Younger Tablitaur)","詠唱中断 (ソウルクラッシュ): 応援を集める (若いタブリタウルス)"
"LazyCrucible","","","","interrupt (Soul Crush): Rupture (Congealed Lightning or Kindling)","詠唱中断（ソウルクラッシュ）：ラプチャー（凝結した稲妻またはキンドリング）"
"LazyCrucible","","","","Interrupt Confound or you get confused; kill Bugs before they reach and buff the boss.","詠唱中断 混乱しないと混乱します。バグが到達する前にバグを倒し、ボスを 強化効果／バフ します。"
"LazyCrucible","","","","Interrupt Dreadwash, never hit a spiked Sahagin, stun the Ymir once its shell breaks.","詠唱中断 ドレッドウォッシュ、スパイクされたサハギンには絶対に当たらないように、スタン は殻が壊れたらユミルに。"
"LazyCrucible","","","","Interrupt Natural Nurture, kill the healers and growers, dodge rings and breeze cones.","詠唱中断 自然に育て、ヒーラーとグロワーを殺し、リングとブリーズコーンを回避します。"
"LazyCrucible","","","","Interrupt Raise, never get petrified; aim the petrify cone at Cyclopes, not Lamias.","詠唱中断 蘇生、決して石化しないでください。石化コーンをラミアではなくサイクロプスに向けます。"
"LazyCrucible","","","","Interrupt Rupture and Camaraderie; aim Smashing Stamp through a gel; read the club pose.","詠唱中断 断裂と仲間意識;ジェルを通してスマッシングスタンプを狙います。クラブのポーズを読んでください。"
"LazyCrucible","","","","Invincibility",""
"LazyCrucible","","","","Inviting Verse (5 s)","誘いの詩 (5 秒)"
"LazyCrucible","","","","Jettatura",""
"LazyCrucible","","","","Karlabos",""
"LazyCrucible","","","","Karlabos: water x2, crowd control","カルラボス: 水 x2、群衆 加工精度"
"LazyCrucible","","","","Keep HP even: Younger to about 15%, then Elder, then finish both together","HP を均等に保つ: 若年層を約 15%、次に高齢者、その後両方を一緒に終了する"
"LazyCrucible","","","","Keep zombies grouped and AoE them; mind Wit's End stacks, revives and the forced march.","ゾンビをグループ化して範囲攻撃します。 Wit's End のスタック、復活、そして強制行進を心掛けてください。"
"LazyCrucible","","","","Keeps enough heals for the fights ahead, then buys what keeps you and your familiars alive: resistance to what those fights inflict, max HP and damage-taken gear, revives, and feed for the familiars the horns will use. Each purchase is confirmed only when the prompt names that item. Never sells and never leaves the shop; buying anything yourself hands the rest of the visit to you.","これからの戦いに備えて十分な回復を維持し、その後、あなたとあなたの使い魔を生かしておくものを購入します：それらの戦いが与えるものに対する耐性、最大HPとダメージを受けた装備、復活、角が使用する使い魔の餌。各購入は、プロンプトでそのアイテムに名前が付けられた場合にのみ確認されます。決して売らず、店を離れることもありません。自分で何かを買うと、残りの訪問はあなたに委ねられます。"
"LazyCrucible","","","","Kill a woken Thanatos Piece first","目覚めたタナトスのピースを最初に倒す"
"LazyCrucible","","","","Kill bombs, then the Deepeye during Oogle; aim a dying Light Sprite at the hidden boss.","爆弾を倒し、ウーグル中にディープアイを倒します。瀕死のライトスプライトを隠しボスに狙います。"
"LazyCrucible","","","","Kill both together; stop Rallying Cheer; dodge the brothers' casts in finish order.","両方を一緒に殺します。 停止 応援を集めます。兄弟のキャストを終了順にかわします。"
"LazyCrucible","","","","Kill Grenades first, interrupt Massive Explosion, never hit a Snoll under Ice Spikes.","最初に手榴弾を倒し、詠唱中断 大爆発を起こし、アイススパイクの下でスノールを攻撃しないでください。"
"LazyCrucible","","","","Kill Myconids on water puddles, get off water for Void Thunder III, cleanse paralysis.","水たまりでミコニッドを倒し、ヴォイドサンダーIII、解除麻痺のために水から降ります。"
"LazyCrucible","","","","Kill order","殺害命令"
"LazyCrucible","","","","Kill the Flowertender healers first; the Guardia shields an ally; read Campeador's pose.","まずフラワーテンダーのヒーラーを倒します。ガーディアは味方を守ります。カンピアドールのポーズを読んでください。"
"LazyCrucible","","","","Kill the Ice Sprite first, stay out of ice puddles, dodge lines and the landing.","まずアイススプライトを倒し、氷の水たまりに近づかず、ラインや着地を避けてください。"
"LazyCrucible","","","","Kill the Mage first, stop Fanaticism, cleanse poison, read Blood Rain.","まず魔術師を殺し、停止狂信、解除毒、ブラッドレインを読んでください。"
"LazyCrucible","","","","Kill the Mogmugger before it flees; killing the Kinged Swordsmog ends the fight.","モグマッガーが逃げる前に倒してください。キングド・ソードモッグを倒すと戦いが終わります。"
"LazyCrucible","","","","Kinborrow (4 s)","キンボロー (4秒)"
"LazyCrucible","","","","king ahriman piece (elite)","キングアーリマンピース（エリート）"
"LazyCrucible","","","","King Ahriman Piece + Hapalit Piece + Dirty Eye Piece","キングアーリマンピース + ハパリットピース + ダーティーアイピース"
"LazyCrucible","","","","King Ahriman Piece + Hapalit Piece + Dirty Eye Piece (elite)","キングアーリマンピース + ハパリットピース + ダーティアイピース (エリート)"
"LazyCrucible","","","","king ahriman piece: Ice; hapalit piece: Wind; dirty eye piece: Ice","アーリマン王の作品: 氷。ハパリット作品: 風;汚れた接眼レンズ: 氷"
"LazyCrucible","","","","Lakhamu piece (enemy)","ラカムピース（敵）"
"LazyCrucible","","","","Lakhamu Piece + Golem Piece","ラカムの欠片＋ゴーレムの欠片"
"LazyCrucible","","","","Lakhamu Piece + Golem Piece (enemy)","ラカムの欠片＋ゴーレムの欠片（敵）"
"LazyCrucible","","","","Lakhamu piece: Water; golem piece: Water","Lakhamu ピース: 水。ゴーレムピース：水"
"LazyCrucible","","","","Landslip (8 s)","地滑り (8 秒)"
"LazyCrucible","","","","Lauda the Spellcleaver (boss)","ラウダ・ザ・スペルクリーバー（ボス）"
"LazyCrucible","","","","Lauda the Spellcleaver + Thanatos Piece","呪術包丁ラウダ + タナトスの欠片"
"LazyCrucible","","","","Lauda the Spellcleaver + Thanatos Piece (boss)","呪術包丁ラウダ＋タナトスの欠片（ボス）"
"LazyCrucible","","","","Lauda the Spellcleaver: None; Thanatos piece: Lightning","ラウダ・ザ・スペルクリーバー：なし。タナトスの作品：ライトニング"
"LazyCrucible","","","","lightning",""
"LazyCrucible","","","","Lightning damage for a woken Thanatos","覚醒したタナトスに雷ダメージ"
"LazyCrucible","","","","Lightning damage plus Soul Crush (Soulkin) for Confound","雷撃ダメージ＋コンファウントのソウルクラッシュ（ソウルキン）"
"LazyCrucible","","","","lightning x3, crowd control","稲妻 x3、群衆 加工精度"
"LazyCrucible","","","","lightning x4","稲妻×4"
"LazyCrucible","","","","lightning x4, crowd control","稲妻 x4、群衆 加工精度"
"LazyCrucible","","","","lightning x5","稲妻×5"
"LazyCrucible","","","","lightning x5, Scouring Ash","稲妻×5、灼熱の灰"
"LazyCrucible","","","","lightning x5, Soul Crush","ライトニング×5、ソウルクラッシュ"
"LazyCrucible","","","","Line Voltage (2 s)","線間電圧 (2秒)"
"LazyCrucible","","","","Liquid Hell (6 s)","リキッドヘル(6秒)"
"LazyCrucible","","","","Loosefrox Inkyjots (boss)","ルーズフロックス・インクジョッツ (ボス)"
"LazyCrucible","","","","Loosefrox Inkyjots + Chewchum Popoto","Loosefrox Inkyjots + チェチュム ポポト"
"LazyCrucible","","","","Loosefrox Inkyjots + Chewchum Popoto (boss)","ルーズフロックス・インクジョッツ + チェチュム・ポポト (ボス)"
"LazyCrucible","","","","Loosefrox Inkyjots: Blunt; Chewchum Popoto: Water","Loosefrox Inkyjots: 鈍い。ポポト：水を手に入れました"
"LazyCrucible","","","","Lost Hope (3 s)","失われた希望 (3秒)"
"LazyCrucible","","","","Machina add attacks (3.5 s)","マキナ 雑魚敵／追加出現 攻撃 (3.5 秒)"
"LazyCrucible","","","","Malady orbs (5 s)","マレディオーブ(5秒)"
"LazyCrucible","","","","Mana Manifestation (4 s)","マナの顕現(4秒)"
"LazyCrucible","","","","Mandragora",""
"LazyCrucible","","","","Mandragora: blunt x3, crowd control","マンドラゴラ：鈍器×3、群衆加工精度"
"LazyCrucible","","","","Mangling Fang (5 s)","マングリングファング(5秒)"
"LazyCrucible","","","","Manticore Piece","マンティコアの欠片"
"LazyCrucible","","","","manticore piece (enemy)","マンティコアの欠片（敵）"
"LazyCrucible","","","","Manticore Piece (enemy)","マンティコアの欠片（敵）"
"LazyCrucible","","","","manticore piece: Wind","マンティコアの作品：風"
"LazyCrucible","","","","Mantis",""
"LazyCrucible","","","","Mantis: slashing","カマキリ：斬撃"
"LazyCrucible","","","","Marks the choice that helps most and says why. It does not click yet: which button belongs to which choice has not been recorded.","最も役立つ選択肢をマークし、その理由を示します。まだクリックしません。どの ボタン がどの選択肢に属するかは記録されていません。"
"LazyCrucible","","","","Massive Explosion (Grenade) (4 s)","大爆発（手榴弾）（4秒）"
"LazyCrucible","","","","Massive Explosion (Progenitrix) (7 s)","大爆発（プロジェニトリックス）（7秒）"
"LazyCrucible","","","","Mechanics",""
"LazyCrucible","","","","medusa piece (elite, random space)","メデューサピース（エリート、ランダムスペース）"
"LazyCrucible","","","","Medusa Piece + Lamia Piece + Cyclops Piece","メデューサの欠片 + ラミアの欠片 + サイクロプスの欠片"
"LazyCrucible","","","","Medusa Piece + Lamia Piece + Cyclops Piece (elite, random)","メデューサの欠片 + ラミアの欠片 + サイクロプスの欠片 (エリート、ランダム)"
"LazyCrucible","","","","medusa piece: Piercing; lamia piece: Piercing; cyclops piece: None","メデューサピース: ピアス;ラミアピース: ピアス;サイクロプスピース：なし"
"LazyCrucible","","","","Megalocrab",""
"LazyCrucible","","","","Megalocrab: water","メガロクラブ：水"
"LazyCrucible","","","","Megalocrab: water x2, Quelling Wave for wisps","メガロクラブ：水×2、ウィスプ用の鎮波波"
"LazyCrucible","","","","Meltdown",""
"LazyCrucible","","","","Meteor",""
"LazyCrucible","","","","Meteor Impact","メテオインパクト"
"LazyCrucible","","","","Might (5 s)","かもしれない (5秒)"
"LazyCrucible","","","","mindflayer piece (elite)","マインドフレイヤー ピース (エリート)"
"LazyCrucible","","","","Mindflayer Piece + Myconid Piece","マインドフレイヤーのピース + マイコニッドのピース"
"LazyCrucible","","","","Mindflayer Piece + Myconid Piece (elite)","マインドフレイヤーのピース + マイコニッドのピース (エリート)"
"LazyCrucible","","","","mindflayer piece: Slashing; myconid piece: Water","マインドフレイヤーピース: 斬撃;ミコニッドピース: 水"
"LazyCrucible","","","","Mindjack (4 s)","マインドジャック (4秒)"
"LazyCrucible","","","","Missiles",""
"LazyCrucible","","","","Miteling spawn","マイトリングスポーン"
"LazyCrucible","","","","Mnemonic Riddle (5 s)","記憶のなぞなぞ (5 秒)"
"LazyCrucible","","","","Moghemian Rhapsody","モゲミアン・ラプソディ"
"LazyCrucible","","","","Mogmugger, Melomogs, the casting Kinged healer or caster, then Kinged Swordsmog","Mogmugger、Melomogs、キャスト Kinged ヒーラー またはキャスター、次に Kinged Swordsmog"
"LazyCrucible","","","","Mogshield Swipe","モグシールドスワイプ"
"LazyCrucible","","","","Molten Metal (8.3 s)","溶融金属 (8.3 秒)"
"LazyCrucible","","","","Moogle Tempest (8 s)","モーグリのテンペスト (8秒)"
"LazyCrucible","","","","Morbol",""
"LazyCrucible","","","","morbol piece (enemy)","モルボルピース（敵）"
"LazyCrucible","","","","Morbol Piece + Seedling Piece + Ochu Piece + Carrion Broth","モルボルの欠片 + 苗の欠片 + オチューの欠片 + ハシボソのスープ"
"LazyCrucible","","","","Morbol Piece + Seedling Piece + Ochu Piece + Carrion Broth (enemy)","モルボルの欠片＋苗の欠片＋オチューの欠片＋死肉のスープ（敵）"
"LazyCrucible","","","","morbol piece: Slashing; seedling piece: Slashing; ochu piece: Slashing; carrion broth: Ice","モルボルピース: 斬撃;苗片：斬り込み。大中駒：斬撃。腐肉スープ：氷"
"LazyCrucible","","","","Morbol: blunt, crowd control","モルボル: 無愛想、群衆 加工精度"
"LazyCrucible","","","","Morpho Pieces (4 s)","モルフォピース (4秒)"
"LazyCrucible","","","","Mortal Gaze (4 s)","モータル 視線攻撃 (4 秒)"
"LazyCrucible","","","","Mortal Gaze (5 s)","モータル 視線攻撃 (5 秒)"
"LazyCrucible","","","","Mortal Ray (5 s)","モータル レイ (5 秒)"
"LazyCrucible","","","","Most movement-heavy B2 fight: stay central, dodge tornadoes, cones and the leap.","最も移動量の多い B2 戦闘: 中心に留まり、竜巻、コーン、ジャンプを避けます。"
"LazyCrucible","","","","Myconid Pieces","ミコニッドの欠片"
"LazyCrucible","","","","Natural Nurture (9 s)","自然の育成 (9 秒)"
"LazyCrucible","","","","Necropurge (1 s)","ネクロパージ(1秒)"
"LazyCrucible","","","","Needle Gnarl (4 s)","針節（4秒）"
"LazyCrucible","","","","Needles (8 s)","針（8秒）"
"LazyCrucible","","","","Needles Out (3 s)","ニードルアウト (3 秒)"
"LazyCrucible","","","","No camp before the boss: buy potions at the last shop","ボスの前にキャンプはありません: 最後の店でポーションを購入してください"
"LazyCrucible","","","","No familiar selection yet this session.","このセッションではまだおなじみの選択はありません。"
"LazyCrucible","","","","No guide covers it; all three can be stunned. Cleanse Void Paralyze.","それをカバーするガイドはありません。 3人全員が気絶する可能性があります。 解除 無効麻痺。"
"LazyCrucible","","","","Not covered by any source","入手先／取得元／ソース の対象外"
"LazyCrucible","","","","Noxious Explosion","有害な爆発"
"LazyCrucible","","","","Noxious Nova (8 s)","ノクシャス・ノヴァ(8秒)"
"LazyCrucible","","","","Numeric Riddle (5 s)","数字の謎 (5 秒)"
"LazyCrucible","","","","Object 199 (5 s)","オブジェクト 199 (5 秒)"
"LazyCrucible","","","","Obliterate (5 s)","消滅(5秒)"
"LazyCrucible","","","","ogre piece (elite)","オーガピース（エリート）"
"LazyCrucible","","","","Ogre Piece + Wisp Piece + Great Wisp Piece","オーガピース + ウィスプピース + グレートウィスプピース"
"LazyCrucible","","","","Ogre Piece + Wisp Piece + Great Wisp Piece (elite)","オーガピース + ウィスプピース + グレートウィスプピース (エリート)"
"LazyCrucible","","","","ogre piece: Wind; wisp piece: Water; great wisp piece: Water","鬼の駒：風。ウィスプピース: 水。グレートウィスプピース: 水"
"LazyCrucible","","","","On the formation screen before every fight, puts the three familiars that answer that fight's mechanics on the horns: elemental weakness, interrupts (Soul Crush), dispels (Quelling Wave), cleanses and crowd control the enemies are vulnerable to. Knocked-out familiars are never picked; badly hurt ones lose to a healthy one that fits nearly as well. Never starts the fight, never touches the shop's feeding screen, and stops for that screen as soon as a slot is changed by hand.","各戦闘の前のフォーメーション画面で、その戦闘のメカニズムに答える 3 人の使い魔を角に配置します: 要素の弱さ、中断 (ソウル クラッシュ)、ディスペル (クエリング ウェーブ)、敵が脆弱な 加工精度 の浄化と群衆。ノックアウトされた使い魔は決して選ばれません。重傷を負った人は、ほぼ同様に健康な状態にある人に負けます。決して戦闘を開始したり、ショップのフィード画面に触れたりせず、スロットが手動で変更されるとすぐにその画面で停止します。"
"LazyCrucible","","","","On the Properties of Darkness (8 s)","暗闇の性質について (8 秒)"
"LazyCrucible","","","","On the Properties of Quakes (8 s)","地震の性質について (8 秒)"
"LazyCrucible","","","","Once per visit to the entry menu, sets the ten familiars that cover the board's battles best. A roster changed by hand is left alone until the next run.","エントリーメニューへのアクセスごとに 1 回、ボードの戦いを最もよくカバーする 10 人の使い魔を設定します。手動で変更された名簿は、次の 周回／実行 まで放置されます。"
"LazyCrucible","","","","One chat line per fight naming each familiar and why it was picked.","戦いごとに 1 つのチャット ラインで、それぞれの使い魔の名前と、それが選ばれた理由を指定します。"
"LazyCrucible","","","","Oogle (10 s)","ウーグル (10秒)"
"LazyCrucible","","","","Open the fight guide","戦闘ガイドを開く"
"LazyCrucible","","","","Open the fight guide on the upcoming fight","今後の戦闘に関する戦闘ガイドを開く"
"LazyCrucible","","","","Opo-opo",""
"LazyCrucible","","","","Opo-opo: ",""
"LazyCrucible","","","","Opo-opo: blunt","複数：鈍い"
"LazyCrucible","","","","Opo-opo: blunt x2","複数:鈍器 x2"
"LazyCrucible","","","","Opo-opo: blunt x3, crowd control","ポップアップ: 鈍い x3、群衆 加工精度"
"LazyCrucible","","","","Opo-opo: blunt x4, crowd control","ポップアップ: 鈍い x4、群衆 加工精度"
"LazyCrucible","","","","Opo-opo: blunt, crowd control","オポオポ: 無愛想、群衆 加工精度"
"LazyCrucible","","","","Ossify (8 s)","骨化 (8秒)"
"LazyCrucible","","","","Outcrop (5 s)","露頭 (5 秒)"
"LazyCrucible","","","","Overdue (7 s)","期限切れ (7 秒)"
"LazyCrucible","","","","Overpowering Point (6.9 s)","圧倒的ポイント (6.9秒)"
"LazyCrucible","","","","Overpowering Point (8.4 s)","圧倒的ポイント(8.4秒)"
"LazyCrucible","","","","Paralyzing Spikes (3 s)","麻痺スパイク(3秒)"
"LazyCrucible","","","","Parting Blow Seedlings with the Morbol; dodge the rotating breath; cleanse paralysis.","モルボルによるパーティングブロー苗;回転するブレスを回避します。 解除 麻痺。"
"LazyCrucible","","","","Parting Blow the pet before Curtains for Rank 5; clear adds; face per the gaze debuff.","別れ ランク 5 の場合、カーテンの前でペットを吹き飛ばします。クリアは付け加えます。 視線攻撃 弱体効果／デバフ に準拠した顔。"
"LazyCrucible","","","","Pas de Seul (boss)","ノーアローン（ボス）"
"LazyCrucible","","","","Pas de Seul + Succubus Mage + Succubus Knight","ノーアローン + サキュバスメイジ + サキュバスナイト"
"LazyCrucible","","","","Pas de Seul + Succubus Mage + Succubus Knight (boss)","ノーアローン + サキュバスメイジ + サキュバスナイト (ボス)"
"LazyCrucible","","","","Pas de Seul: Piercing; succubus mage: Fire; succubus knight: Fire","いいえ: ピアスのみ。サキュバスメイジ: 火;サキュバスナイト：ファイアー"
"LazyCrucible","","","","Petrified Cyclops","石化したサイクロプス"
"LazyCrucible","","","","Petrifying Passion (3 s)","石化する情熱 (3秒)"
"LazyCrucible","","","","Petrifying Regard (3 s)","石化の敬意(3秒)"
"LazyCrucible","","","","Physical autos (it has 5-star magic defense)","物理オート (5 つ星の魔法防御力を備えています)"
"LazyCrucible","","","","Physical autos only; soak orbs up to 4 stacks; aim the knockback into a corner.","物理的な自動車のみ。オーブを最大 4 スタックまでソークします。 ノックバック をコーナーに向けます。"
"LazyCrucible","","","","Pick a landing column clear of the Golem line; kill the Golem; keep apart from the pet.","ゴーレムラインを避けて着地 列 を選択します。ゴーレムを殺します。ペットから遠ざけてください。"
"LazyCrucible","","","","Pick in or out from the roar, then the safe angle from the breathing head; cleanse poison.","咆哮から中または外を選び、次に呼吸する頭から安全な角度を選びます。 解除 毒。"
"LazyCrucible","","","","piercing",""
"LazyCrucible","","","","Piercing damage (its weakness)","貫通ダメージ（弱点）"
"LazyCrucible","","","","Piercing damage for the Siren, fire for the adds","セイレーンの貫通ダメージ、追加の炎"
"LazyCrucible","","","","Piercing Laser (6 s)","ピアシングレーザー(6秒)"
"LazyCrucible","","","","piercing x2, crowd control","ピアス×2、群衆 加工精度"
"LazyCrucible","","","","piercing x3, crowd control","ピアス x3、群衆 加工精度"
"LazyCrucible","","","","piercing, crowd control","ピアス、群衆 加工精度"
"LazyCrucible","","","","Piscodemon Piece","ピスコデーモンの欠片"
"LazyCrucible","","","","piscodemon piece (enemy)","ピスコデーモンのピース（敵）"
"LazyCrucible","","","","Piscodemon Piece (enemy)","ピスコデーモンピース（敵）"
"LazyCrucible","","","","piscodemon piece: Slashing","ピスコデーモンピース：斬撃"
"LazyCrucible","","","","Plaincracker (7 s)","プレーンクラッカー (7秒)"
"LazyCrucible","","","","Plummet (7.5 s)","急落 (7.5 秒)"
"LazyCrucible","","","","Poison (Seedkin borrow) still damages spiked moles","毒（シードキンの借用）は依然としてスパイクされたモグラにダメージを与えます"
"LazyCrucible","","","","Poison tankbuster, expanding rings and a web; AoE the Mitelings when they spawn.","タンク強攻撃 を毒し、リングとウェブを拡大します。ミテリングがスポーンするときにそれらを範囲指定します。"
"LazyCrucible","","","","Poison works here; a draining release plus Shield Charge on the adds heals you","ここでは毒が作用します。消耗するリリースと追加のシールドチャージがあなたを回復します"
"LazyCrucible","","","","Pom Flood / Pom Flare (10 s)","ポムフラッド/ポムフレア(10秒)"
"LazyCrucible","","","","Pom Holy (9 s)","ポムホーリー (9秒)"
"LazyCrucible","","","","Pom Meteorain (7.5 s)","ポム メテオライン (7.5 秒)"
"LazyCrucible","","","","Progenitrix piece (enemy, random space)","Progenitrix ピース (敵、ランダムスペース)"
"LazyCrucible","","","","Progenitrix Piece + Grenade Piece + Bomb Piece + Snoll Piece + Pyrobolus Piece","プロジェニトリックスのピース + グレネードのピース + 爆弾のピース + スノールのピース + パイロボルスのピース"
"LazyCrucible","","","","Progenitrix Piece + Grenade Piece + Bomb Piece + Snoll Piece + Pyrobolus Piece (enemy, random)","プロジェニトリックスのピース + グレネードのピース + ボムのピース + スノールのピース + パイロボルスのピース (敵、ランダム)"
"LazyCrucible","","","","Progenitrix piece: Wind; grenade piece: Wind; bomb piece: Wind; snoll piece: Fire; pyrobolus piece: Water","祖先の作品: 風;手榴弾の部分: 風;爆弾のピース: 風;スノールピース: 火。ピロボルスの欠片：水"
"LazyCrucible","","","","Pugil",""
"LazyCrucible","","","","Pugil: water","ボクサー：水"
"LazyCrucible","","","","Pugil: water x2","パギル：水×2"
"LazyCrucible","","","","Pullet Piece, then Cockerel Piece, then the Zu","プーレットピース、次に雄鶏ピース、そしてズー"
"LazyCrucible","","","","Pure movement fight; mechanics layer up the longer it lives, so burn it down.","純粋な動きの戦い。メカニックは寿命が長くなるほど層が厚くなるので、焼き払ってください。"
"LazyCrucible","","","","Queen Hawk Piece first","クイーンホークピース1位"
"LazyCrucible","","","","Queen Hawk trick","クイーンホークのトリック"
"LazyCrucible","","","","Quelling Wave (Wavekin borrow) for Ultimate Focus; a borrow lasts 90 s after the familiar leaves","究極の集中のためのQuelling Wave (Wavekinの借用)。借用は使い魔が去った後も90秒続く"
"LazyCrucible","","","","Quelling Wave (Wavekin) or Fang of Water for Kinborrow","キンボロー用の鎮波波（ウェイブキン）または水の牙"
"LazyCrucible","","","","Raise (10 s)","蘇生 (10秒)"
"LazyCrucible","","","","Rallying Cheer (7 s)","歓声を集める(7秒)"
"LazyCrucible","","","","Ray of Ignorance (6 s)","無知の光線 (6秒)"
"LazyCrucible","","","","Read the castbar name for in or out; kill the heart within its 20 s Self-destruct.","インまたはアウトのキャストバー名を読み取ります。 20秒以内に心臓を殺すと自己破壊します。"
"LazyCrucible","","","","Read the glowing arm, dodge the leap and dashes; tankbuster about 30 s in.","光る腕を読み、ジャンプやダッシュを避けてください。 タンク強攻撃 約 30 秒インチ"
"LazyCrucible","","","","Read-only. Writes every Crucible screen (path choice, spoils, treasure, shop, feeding, campsite, beast gear) and the buttons pressed on it to the Dalamud log, so those screens can be automated later. Never presses anything.","読み取り専用。すべてのクルーシブル画面 (経路 の選択、戦利品、宝物、ショップ、餌やり、キャンプ場、獣の装備) とその上で押されたボタンを Dalamud ログ に書き込むため、これらの画面を後で自動化できます。決して何も押しません。"
"LazyCrucible","","","","Record Crucible screens to the log","Crucible 画面を ログ に記録する"
"LazyCrucible","","","","Report a problem##lalatelemetry-report-button","問題を報告する##lalatelemetry-report-button"
"LazyCrucible","","","","Reset towers at 2, spread comets, hide behind a comet for Ecliptic Meteor.","リセット／初期化 は 2 にそびえ立っており、散開 彗星は黄道流星の彗星の後ろに隠れています。"
"LazyCrucible","","","","Resist or cure — blind: Crimson Ribbon (gear), Silver Specs (gear), Crucible Eye Drops, G1 Antiblind Soul Serum, G2 Antiblind Soul Serum, Black Truffle Simular (feed)","抵抗するか治療する — ブラインド：クリムゾンリボン（ギア）、シルバースペック（ギア）、クルーシブルアイドロップ、G1アンチブラインドソウルセラム、G2アンチブラインドソウルセラム、黒トリュフ模倣（フィード）"
"LazyCrucible","","","","Resist or cure — blind: Crimson Ribbon (gear), Silver Specs (gear), Crucible Eye Drops, G1 Antiblind Soul Serum, G2 Antiblind Soul Serum, Black Truffle Simular (feed); petrification: Crimson Ribbon (gear), Crucible Needle, G1 Antipetrification Soul Serum, G2 Antipetrification Soul Serum, White Truffle Simular (feed)","抵抗するか治療する — ブラインド：クリムゾンリボン（ギア）、シルバースペック（ギア）、クルーシブルアイドロップ、G1アンチブラインドソウルセラム、G2アンチブラインドソウルセラム、ブラックトリュフ模倣（フィード）。石化：クリムゾンリボン（装備）、るつぼニードル、G1反石化の魂血清、G2反石化の魂血清、白トリュフ模造品（餌）"
"LazyCrucible","","","","Resist or cure — doom: Soulreaper's Armor (gear)","抵抗するか治療するか — 破滅: Soulreaper's Armor (ギア)"
"LazyCrucible","","","","Resist or cure — paralysis: Crimson Ribbon (gear), Genji Gloves (gear), G1 Antiparalysis Soul Serum, G2 Antiparalysis Soul Serum, Morel Simular (feed)","抵抗または治療 - 麻痺：クリムゾンリボン（ギア）、ゲンジグローブ（ギア）、G1対麻痺魂血清、G2対麻痺魂血清、アミガサタケ模倣物（フィード）"
"LazyCrucible","","","","Resist or cure — paralysis: Crimson Ribbon (gear), Genji Gloves (gear), G1 Antiparalysis Soul Serum, G2 Antiparalysis Soul Serum, Morel Simular (feed); petrification: Crimson Ribbon (gear), Crucible Needle, G1 Antipetrification Soul Serum, G2 Antipetrification Soul Serum, White Truffle Simular (feed)","抵抗するか治療する - 麻痺：クリムゾンリボン（ギア）、ゲンジグローブ（ギア）、G1対麻痺ソウルセラム、G2対麻痺ソウルセラム、モレル模倣品（餌）;石化：クリムゾンリボン（装備）、るつぼニードル、G1反石化の魂血清、G2反石化の魂血清、白トリュフ模造品（餌）"
"LazyCrucible","","","","Resist or cure — petrification: Crimson Ribbon (gear), Crucible Needle, G1 Antipetrification Soul Serum, G2 Antipetrification Soul Serum, White Truffle Simular (feed)","抵抗または治療 - 石化：クリムゾンリボン（ギア）、クルーシブルニードル、G1反石化の魂血清、G2反石化の魂血清、白トリュフ模倣（餌）"
"LazyCrucible","","","","Resist or cure — poison: Angel Robe (gear), Crucible Antidote, G1 Antipoison Soul Serum, G2 Antipoison Soul Serum, Potion of Breathtaking Swiftness, Porcini Simular (feed)","抵抗するか治療する — 毒: エンジェルローブ (ギア)、クルーシブル解毒剤、G1 対毒魂血清、G2 対毒魂血清、息を呑むような素早さの 薬品、ポルチーニ模倣 (フィード)"
"LazyCrucible","","","","Resist or cure — poison: Angel Robe (gear), Crucible Antidote, G1 Antipoison Soul Serum, G2 Antipoison Soul Serum, Potion of Breathtaking Swiftness, Porcini Simular (feed); paralysis: Crimson Ribbon (gear), Genji Gloves (gear), G1 Antiparalysis Soul Serum, G2 Antiparalysis Soul Serum, Morel Simular (feed)","抵抗するか治療する - 毒: エンジェルローブ (装備)、クルーシブル解毒剤、G1 対毒魂血清、G2 対毒魂血清、息を呑むような素早さの 薬品、ポルチーニ模倣 (フィード);麻痺：クリムゾンリボン（装備）、ゲンジグローブ（装備）、G1対麻痺魂血清、G2対麻痺魂血清、モレル擬似（餌）"
"LazyCrucible","","","","Resist or cure — poison: Angel Robe (gear), Crucible Antidote, G1 Antipoison Soul Serum, G2 Antipoison Soul Serum, Potion of Breathtaking Swiftness, Porcini Simular (feed); sleep: Black Cowl (gear), G1 Antisleep Soul Serum, G2 Antisleep Soul Serum, Mushroom Simular (feed)","抵抗するか治療する - 毒: エンジェルローブ (装備)、クルーシブル解毒剤、G1 対毒魂血清、G2 対毒魂血清、息を呑むような素早さの 薬品、ポルチーニ模倣 (フィード);睡眠：ブラックカウル（ギア）、G1アンチスリープソウルセラム、G2アンチスリープソウルセラム、キノコ模擬（餌）"
"LazyCrucible","","","","Riddle result (3 s)","謎の結果 (3 秒)"
"LazyCrucible","","","","Rime Wreath (5 s)","ライムリース(5秒)"
"LazyCrucible","","","","Ripples of Gloom (5 s)","暗闇の波紋 (5秒)"
"LazyCrucible","","","","Rippling Evisceration (6 s)","波打つ内臓除去(6秒)"
"LazyCrucible","","","","Rock Wall (4 s)","岩壁 (4秒)"
"LazyCrucible","","","","Rockslide (7 s)","岩滑り（7秒）"
"LazyCrucible","","","","Roster (familiars in the most battles' picks, number of battles): Diremite (2), Coeurl (2), Behemoth (2), Ice golem (1), Golem (1), Salamander (1), Vulture (1), Squirrel (1), Dodo (1), Karlabos (1), Flying trap (1), Sabotender (1), Ghost (1), Spriggan (1)","名簿 (最も多くの戦闘でピックされた使い魔、戦闘数): ディレマイト (2)、クァール (2)、ベヒモス (2)、アイス ゴーレム (1)、ゴーレム (1)、サラマンダー (1)、ハゲワシ (1)、リス (1)、ドードー (1)、カルラボス (1)、飛行 トラップ (1)、サボテンダー (1)、ゴースト (1)、スプリガン (1)"
"LazyCrucible","","","","Roster (familiars in the most battles' picks, number of battles): Diremite (3), Opo-opo (3), Ghost (3), Vulture (3), Antling (1), Mandragora (1), Worm (1), Hydra (1), Salamander (1), Sabotender (1), Dodo (1), Ice golem (1)","名簿 (最も多くの戦闘でピックされた使い魔、戦闘数): ディレマイト (3)、オポオポ (3)、ゴースト (3)、ヴァルチャー (3)、アントリング (1)、マンドラゴラ (1)、ワーム (1)、ヒドラ (1)、サラマンダー (1)、サボテンダー (1)、ドードー (1)、アイスゴーレム (1)"
"LazyCrucible","","","","Roster (familiars in the most battles' picks, number of battles): Ghost (5), Dodo (3), Diremite (3), Mantis (2), Bat (2), Rotting goobbue (2), Flying trap (2), Worm (2), Coeurl (2), Opo-opo (2), Sabotender (2), Vulture (1), Hydra (1), Salamander (1), Golem (1)","名簿 (最も多くの戦闘でピックされた使い魔、戦闘数): ゴースト (5)、ドードー (3)、ダイレマイト (3)、カマキリ (2)、コウモリ (2)、腐ったグーブー (2)、飛行 トラップ (2)、ワーム (2)、クァール (2)、オポオポ (2)、サボテンダー (2)、ハゲワシ (1)、ヒドラ (1)、サラマンダー(1)、ゴーレム(1)"
"LazyCrucible","","","","Roster (familiars in the most battles' picks, number of battles): Vulture (2), Dodo (2), Ghost (2), Spriggan (1), Gigantoad (1), Worm (1), Cu Sith (1), Coeurl (1), Squirrel (1), Opo-opo (1), Diremite (1), Behemoth (1)","メンバー：ハゲワシ（2）、ドードー（2）、ゴースト（2）、スプリガン（1）、ギガントード（1）、ワーム（1）、クー・シス（1）、クァール（1）、リス（1）、オポオポ（1）、ディレマイト（1）、ベヒモス（1）。"
"LazyCrucible","","","","Roster (familiars in the most battles' picks, number of battles): Vulture (2), Gigantoad (1), Ziz (1), Spriggan (1), Coeurl (1), Hydra (1), Opo-opo (1), Flying trap (1), Salamander (1), Cu Sith (1)","名簿 (最も多くの戦闘でピックされた使い魔、戦闘数): ハゲタカ (2)、ギガントード (1)、ジズ (1)、スプリガン (1)、クァール (1)、ヒドラ (1)、オポオポ (1)、飛行 トラップ (1)、サラマンダー (1)、クー・シス (1)"
"LazyCrucible","","","","Rotten Breath / Tail Drive (5 s)","腐った息/テールドライブ(5秒)"
"LazyCrucible","","","","Rotten Stench (6 s)","腐った悪臭(6秒)"
"LazyCrucible","","","","Rotting goobbue","腐ったネチズン"
"LazyCrucible","","","","Rotting goobbue: earth x2, Scouring Ash","腐ったネバネバ：土×2、精錬灰"
"LazyCrucible","","","","Roulette (5 s)","ルーレット(5秒)"
"LazyCrucible","","","","row 1, enemy","行 1、敵"
"LazyCrucible","","","","row 10, boss","行 10、ボス"
"LazyCrucible","","","","row 10, enemy","行 10、敵"
"LazyCrucible","","","","row 10, random space (enemy)","行 10、ランダムスペース（敵）"
"LazyCrucible","","","","row 12, boss","行 12、ボス"
"LazyCrucible","","","","row 12, random space (enemy)","行 12、ランダムスペース（敵）"
"LazyCrucible","","","","row 13, elite","行 13、エリート"
"LazyCrucible","","","","row 13, random space (elite)","行 13、ランダムスペース（エリート）"
"LazyCrucible","","","","row 14, boss","行 14、ボス"
"LazyCrucible","","","","row 2, elite","行 2、エリート"
"LazyCrucible","","","","row 2, enemy","行 2、敵"
"LazyCrucible","","","","row 2, random space (enemy)","行 2、ランダムスペース（敵）"
"LazyCrucible","","","","row 3, elite","行 3、エリート"
"LazyCrucible","","","","row 3, enemy","行 3、敵"
"LazyCrucible","","","","row 3, random space (enemy)","行 3、ランダムスペース（敵）"
"LazyCrucible","","","","row 4, elite","行 4、エリート"
"LazyCrucible","","","","row 4, enemy","行 4、敵"
"LazyCrucible","","","","row 4, random space (enemy)","行 4、ランダムスペース（敵）"
"LazyCrucible","","","","row 5, elite","行 5、エリート"
"LazyCrucible","","","","row 5, enemy","行 5、敵"
"LazyCrucible","","","","row 6, elite","行 6、エリート"
"LazyCrucible","","","","row 6, enemy","行 6、敵"
"LazyCrucible","","","","row 6, random space (enemy)","行 6、ランダムスペース（敵）"
"LazyCrucible","","","","row 7, elite","行 7、エリート"
"LazyCrucible","","","","row 7, enemy","行 7、敵"
"LazyCrucible","","","","row 7, random space (elite)","行 7、ランダムスペース（エリート）"
"LazyCrucible","","","","row 8, elite","行 8、エリート"
"LazyCrucible","","","","row 8, random space (enemy)","行 8、ランダムスペース（敵）"
"LazyCrucible","","","","row 9, boss","行 9、ボス"
"LazyCrucible","","","","row 9, elite","行 9、エリート"
"LazyCrucible","","","","row 9, enemy","行 9、敵"
"LazyCrucible","","","","Ruinous Expansion / Contraction (6 s)","破滅的な拡張/収縮 (6 秒)"
"LazyCrucible","","","","Ruinous Ring / Ruinous Locus (6 s)","破滅のリング/破滅の軌跡(6秒)"
"LazyCrucible","","","","Rupture (7 s)","ラプチャー(7秒)"
"LazyCrucible","","","","Rushing Roar (5.9 s)","突進の咆哮(5.9秒)"
"LazyCrucible","","","","Rustling Breeze (7 s)","そよぐそよ風 (7秒)"
"LazyCrucible","","","","Sabotender",""
"LazyCrucible","","","","Sabotender: piercing","サボテンダー: ピアス"
"LazyCrucible","","","","Sabotender: piercing x2, crowd control","サボテンダー: ピアス x2、群衆 加工精度"
"LazyCrucible","","","","Sabotender: piercing x3, crowd control","サボテンダー: ピアス x3、群衆 加工精度"
"LazyCrucible","","","","Sabotender: piercing, crowd control","サボテンダー: ピアス、群衆 加工精度"
"LazyCrucible","","","","Salamander",""
"LazyCrucible","","","","Salamander: water","サラマンダー：水"
"LazyCrucible","","","","Salamander: water x2","サラマンダー：水×2"
"LazyCrucible","","","","Salamander: water x2, Quelling Wave for wisps","サラマンダー：水×2、ウィスプ用の鎮波波"
"LazyCrucible","","","","Sand Breath (9 s)","サンドブレス(9秒)"
"LazyCrucible","","","","Sand Tempest (5 s)","サンドテンペスト(5秒)"
"LazyCrucible","","","","Sapling spawn","苗木の出現"
"LazyCrucible","","","","Scalding Scolding (6 s)","やけどする 叱る（6秒）"
"LazyCrucible","","","","Scorched Earth","焦土"
"LazyCrucible","","","","Scorching Smite (6 s)","スコーチング・スマイト(6秒)"
"LazyCrucible","","","","Scorching Smite (teleport) (9.3 s)","スコーチング・スマイト（テレポート）（9.3秒）"
"LazyCrucible","","","","Score goal for feeding","フィードでゴールを決める"
"LazyCrucible","","","","Scouring Ash (Ashkin) or Ultrasonics (bat) for Windburn when convenient","必要に応じて、ウィンドバーン用の精練灰 (アシュキン) または超音波 (バット)"
"LazyCrucible","","","","Scouring Ash (Ashkin), Ultrasonics (bat) or an antidote for Cold Caress poison","精練灰（アシュキン）、超音波（バット）、またはコールド・ケアス毒の解毒剤"
"LazyCrucible","","","","Scouring Ash (Ashkin), Ultrasonics (bat) or Eye Drops for Sand Breath blind","磨き灰（アシュキン）、超音波（バット）、または砂息盲目用の目薬"
"LazyCrucible","","","","Scouring Ash for paralysis","麻痺を治すための灰を磨く"
"LazyCrucible","","","","Scouring Ash for Void Paralyze paralysis","ボイド麻痺麻痺用の精練灰"
"LazyCrucible","","","","Scouring Ash removes petrify","精錬灰は石化を除去します"
"LazyCrucible","","","","Sea of Pitch (3 s)","ピッチの海 (3 秒)"
"LazyCrucible","","","","Second add wave (3 s)","雑魚敵／追加出現 の 2 番目の波 (3 秒)"
"LazyCrucible","","","","Second Board of the Unbroken: L40, beast rank 10","Unbroken の第 2 ボード: L40、ビースト ランク 10"
"LazyCrucible","","","","Second Master's Board: L50 / iL135, beast rank 25","第二マスターズボード：L50/iL135、獣ランク25"
"LazyCrucible","","","","Seeding Needles (5 s)","播種針 (5 秒)"
"LazyCrucible","","","","Seeding Needles (6 s)","播種針 (6 秒)"
"LazyCrucible","","","","Seeding Needles (room-wide) (5 s)","シーディングニードル (部屋全体) (5 秒)"
"LazyCrucible","","","","Seedling Pieces","苗片"
"LazyCrucible","","","","Seedlings together with the Morbol; the Carrion Broth can be skipped","苗木とモルボル。 Carrion Brothはスキップできます"
"LazyCrucible","","","","Selection screens (only when you open them; never walks, starts a battle, rests, sells or leaves)","選択画面（開いたときのみ、決して歩くこと、戦闘を開始すること、休憩すること、売ること、離れることはありません）"
"LazyCrucible","","","","Self-destruct (20 s)","自爆(20秒)"
"LazyCrucible","","","","Self-destruct (8 s)","自爆(8秒)"
"LazyCrucible","","","","Sheet of Ice (5.5 s)","氷のシート (5.5 秒)"
"LazyCrucible","","","","Shockwave (6 s)","衝撃波 (6秒)"
"LazyCrucible","","","","Shop: buy what the fights ahead call for","ショップ: これからの戦いに必要なものを買う"
"LazyCrucible","","","","Silkscreen (3.5 s)","シルクスクリーン (3.5 秒)"
"LazyCrucible","","","","Silkscreen (5 s)","シルクスクリーン (5 秒)"
"LazyCrucible","","","","Sinister Gleam (6.5 s)","邪悪な輝き(6.5秒)"
"LazyCrucible","","","","siren piece (elite)","サイレンピース（エリート）"
"LazyCrucible","","","","Siren Piece + Shambling Piece + Crawling Piece","セイレンのピース + よろめきのピース + 這うピース"
"LazyCrucible","","","","Siren Piece + Shambling Piece + Crawling Piece (elite)","セイレンピース + シャンブリングピース + 這うピース (エリート)"
"LazyCrucible","","","","siren piece: Piercing; shambling piece: Fire; crawling piece: Fire","サイレンピース: ピアス;よろめきのピース: 火。這う駒：火"
"LazyCrucible","","","","Skip poison beasts: she resists poison","毒獣をスキップ: 彼女は毒に抵抗します"
"LazyCrucible","","","","Skip poison beasts: the Banemite resists poison","毒獣をスキップ: ベネマイトは毒に抵抗します"
"LazyCrucible","","","","Skull Splinter (5 s)","頭蓋骨の破片 (5秒)"
"LazyCrucible","","","","slashing",""
"LazyCrucible","","","","Slashing damage (its weakness) for the whole fight","戦闘全体に斬撃ダメージ（弱点）"
"LazyCrucible","","","","slashing x3, crowd control","斬撃×3、群衆 加工精度"
"LazyCrucible","","","","slashing, crowd control","斬撃、群衆 加工精度"
"LazyCrucible","","","","Smashing Stamp (3 s)","スマッシングスタンプ(3秒)"
"LazyCrucible","","","","Smite of Excessive Rage (7 s)","過剰な怒りの打撃(7秒)"
"LazyCrucible","","","","Snarl-parting Erratic Blaster, kill the sprites, get behind Charged Lightning.","うなり声を上げてエラティックブラスターを破壊し、スプライトを倒し、チャージドライトニングの後ろに回りましょう。"
"LazyCrucible","","","","Song of Torment (5 s)","苦しみの歌(5秒)"
"LazyCrucible","","","","Soul Crush","ソウルクラッシュ"
"LazyCrucible","","","","Soul Crush (Soulkin borrow) for Rupture; near-mandatory","ラプチャー用のソウルクラッシュ（ソウルキンの借用）。ほぼ必須"
"LazyCrucible","","","","Soul Crush (Soulkin borrow) taken before the pull, for Dreadwash","開戦／釣る の前に取得された Soul Crush (Soulkin の借用)、Dreadwash 用"
"LazyCrucible","","","","Soul Crush (Soulkin borrow) taken before the pull, for Rallying Cheer","開戦／釣る の前に撮影された Soul Crush (Soulkin の借用)、Rallying Cheer 用"
"LazyCrucible","","","","Soul Douse (5 s)","ソウルドーズ(5秒)"
"LazyCrucible","","","","Soulreaper's Armor gives full Doom resistance","ソウルリーパーの鎧は完全な破滅耐性を与えます"
"LazyCrucible","","","","Soulreaper's Armor: the only Doom resist","Soulreaper's Armor: 唯一のドゥーム耐性"
"LazyCrucible","","","","Sphinx Piece","スフィンクスの欠片"
"LazyCrucible","","","","sphinx piece (enemy)","スフィンクスのピース（敵）"
"LazyCrucible","","","","Sphinx Piece (enemy)","スフィンクスの欠片（敵）"
"LazyCrucible","","","","sphinx piece: Slashing","スフィンクスピース：斬撃"
"LazyCrucible","","","","Spinner-rook Pieces (3 s)","スピナールークの駒 (3 秒)"
"LazyCrucible","","","","Spirit of Pompetition (3 s)","スピリット・オブ・ポンペティション (3秒)"
"LazyCrucible","","","","Spoils: Take all when everything fits","スポイル: 全てが揃ったら全てを手に入れる"
"LazyCrucible","","","","Spriggan",""
"LazyCrucible","","","","Spriggan: fire","スプリガン：ファイアー"
"LazyCrucible","","","","Spriggan: fire x2","スプリガン：火×2"
"LazyCrucible","","","","Spriggan: fire x2, Soul Crush","スプリガン：火×2、ソウルクラッシュ"
"LazyCrucible","","","","Squirrel",""
"LazyCrucible","","","","Squirrel: fire","リス：火"
"LazyCrucible","","","","Squirrel: fire x2","リス：火×2"
"LazyCrucible","","","","Stand down while AutoDuty is running","AutoDuty が 実行中 である間はスタンドダウン"
"LazyCrucible","","","","Stand on thorns for Floral Trap, keep Snarl so frontals face the pet, AoE the Saplings.","フローラル トラップのとげの上に立ち、正面がペットに向くようにうなりを保ち、苗木を範囲指定します。"
"LazyCrucible","","","","Starve the Fever (never feed)","スターブ・ザ・フィーバー（決して食事を与えない）"
"LazyCrucible","","","","Steelripper (7 s)","スティールリッパー (7秒)"
"LazyCrucible","","","","Sticky Spit (2 s)","粘着性の唾(2秒)"
"LazyCrucible","","","","Stone",""
"LazyCrucible","","","","Stoneshower (1 s)","ストーンシャワー (1秒)"
"LazyCrucible","","","","Storm Trail (6 s)","ストームトレイル (6秒)"
"LazyCrucible","","","","Straight Punch","ストレートパンチ"
"LazyCrucible","","","","Straight Punch (5 s)","ストレートパンチ(5秒)"
"LazyCrucible","","","","Strix Piece","ストリックスピース"
"LazyCrucible","","","","Strix piece (enemy)","ストリックスピース（敵）"
"LazyCrucible","","","","Strix Piece (enemy)","ストリックスピース（敵）"
"LazyCrucible","","","","Strix piece: Piercing","ストリックスピース: ピアス"
"LazyCrucible","","","","Stronger Guttler: Challenge, pet behind her, 100% paralysis resist, lines off statues.","より強力なガトラー: チャレンジ、後ろにペット、100% 麻痺抵抗、彫像のラインをオフにします。"
"LazyCrucible","","","","Succubus Mage, then the Knights, then Pas de Seul","サキュバスメイジ、次に騎士団、そしてパ・ド・スル"
"LazyCrucible","","","","Summon (3 s)","召喚(3秒)"
"LazyCrucible","","","","Summon (4 s)","召喚(4秒)"
"LazyCrucible","","","","Summon waves","召喚波"
"LazyCrucible","","","","Survival first (default)","サバイバルファースト(デフォルト／初期設定)"
"LazyCrucible","","","","Sweeping Evisceration (7.9 s)","スイープ内臓除去 (7.9 秒)"
"LazyCrucible","","","","Sweet Steel (6 s)","スイートスティール (6秒)"
"LazyCrucible","","","","Swing Round (5 s)","スイングラウンド (5 秒)"
"LazyCrucible","","","","Swoop (3 s)",""
"LazyCrucible","","","","Swordsmog on standby",""
"LazyCrucible","","","","swordsmog piece (enemy, random space)",""
"LazyCrucible","","","","Swordsmog Piece + Mogbreaker Piece + Kinged Kupocurer + Kinged Kupocaster + Kupocurer Piece + Kupocaster Piece + Kinged Swordsmog + Melomog Piece + Mogmugger Piece",""
"LazyCrucible","","","","Swordsmog Piece + Mogbreaker Piece + Kinged Kupocurer + Kinged Kupocaster + Kupocurer Piece + Kupocaster Piece + Kinged Swordsmog + Melomog Piece + Mogmugger Piece (enemy, random)",""
"LazyCrucible","","","","swordsmog piece: Lightning; mogbreaker piece: Lightning; kinged kupocurer: Blunt; kinged kupocaster: Blunt; kupocurer piece: Blunt; kupocaster piece: Blunt; kinged swordsmog: Lightning; melomog piece: Water; mogmugger piece: Water",""
"LazyCrucible","","","","taurus piece (elite)",""
"LazyCrucible","","","","Taurus Piece + Ahriman Piece",""
"LazyCrucible","","","","Taurus Piece + Ahriman Piece (elite)",""
"LazyCrucible","","","","taurus piece: Piercing; ahriman piece: Ice",""
"LazyCrucible","","","","Tell: 1 Succubus Mage (north) + 2 Succubus Knights",""
"LazyCrucible","","","","Tell: 10 orbs; each soaked = 1 Growing Dread, 5 = Panic",""
"LazyCrucible","","","","Tell: 100y room-wide hit, can't be avoided",""
"LazyCrucible","","","","Tell: 10y ground circles",""
"LazyCrucible","","","","Tell: 10y knockback plus tornadoes crossing the arena",""
"LazyCrucible","","","","Tell: 120-degree frontal cleave auto",""
"LazyCrucible","","","","Tell: 120-degree frontal cone",""
"LazyCrucible","","","","Tell: 12y center circle, then rings expand out to 36y",""
"LazyCrucible","","","","Tell: 12y-wide frontal line aimed at a marked target",""
"LazyCrucible","","","","Tell: 12y-wide line at you with a tankbuster marker, 15y push",""
"LazyCrucible","","","","Tell: 13y circle, then a 13-30y donut 2 s later",""
"LazyCrucible","","","","Tell: 13y line in front",""
"LazyCrucible","","","","Tell: 2 Lamias; later 4 Cyclopes",""
"LazyCrucible","","","","Tell: 20y circle around a Barbmole",""
"LazyCrucible","","","","Tell: 20y circle; alternates with Earthen Ring",""
"LazyCrucible","","","","Tell: 20y-wide line",""
"LazyCrucible","","","","Tell: 20y-wide line across the arena, Toxin",""
"LazyCrucible","","","","Tell: 240-degree breath from the lion, goat or dragon head",""
"LazyCrucible","","","","Tell: 3 cones (60 degrees) marked by green sigils",""
"LazyCrucible","","","","Tell: 3 Miteling Pieces spawn around the end of Venom Web",""
"LazyCrucible","","","","Tell: 3 Sapling Pieces spawn mid-fight (not on the panel)",""
"LazyCrucible","","","","Tell: 3 Shambling + 1 Crawling Piece",""
"LazyCrucible","","","","Tell: 30y knockback plus a 6y circle",""
"LazyCrucible","","","","Tell: 3y circle on you, Nightmare (no resist)",""
"LazyCrucible","","","","Tell: 4 Ahriman Pieces appear in the corners",""
"LazyCrucible","","","","Tell: 4 dash lines, then the glowing-arm cleave at the end",""
"LazyCrucible","","","","Tell: 4 room-wide hits, then a 20y knockback",""
"LazyCrucible","","","","Tell: 4 successive 6y circles on you, leaving puddles",""
"LazyCrucible","","","","Tell: 4y-wide lines that track you",""
"LazyCrucible","","","","Tell: 5 comets placed in sequence",""
"LazyCrucible","","","","Tell: 5 rotating petrify cones, 30 degrees apart",""
"LazyCrucible","","","","Tell: 5 s cast; sprites tether to the boss",""
"LazyCrucible","","","","Tell: 5y circle, then 4 lines of circles march outward",""
"LazyCrucible","","","","Tell: 5y ground circles",""
"LazyCrucible","","","","Tell: 6 orbs roll in from the edges in pairs",""
"LazyCrucible","","","","Tell: 60-degree frontal cone",""
"LazyCrucible","","","","Tell: 60y room-wide hit",""
"LazyCrucible","","","","Tell: 6y circle at center, then rings expand out to 24y",""
"LazyCrucible","","","","Tell: 6y circle from the boss",""
"LazyCrucible","","","","Tell: 6y circle on you with a tankbuster marker",""
"LazyCrucible","","","","Tell: 6y circles chase you",""
"LazyCrucible","","","","Tell: 6y circles; 3 Lightning Sprites appear",""
"LazyCrucible","","","","Tell: 6y fire circles that leave puddles",""
"LazyCrucible","","","","Tell: 6y ground circles",""
"LazyCrucible","","","","Tell: 6y ground puddles",""
"LazyCrucible","","","","Tell: 6y targeted circle",""
"LazyCrucible","","","","Tell: 6y-wide line at the enmity target plus Paralysis",""
"LazyCrucible","","","","Tell: 6y-wide line at the enmity target, Paralysis",""
"LazyCrucible","","","","Tell: 7y-wide frontal line plus Growing Dread",""
"LazyCrucible","","","","Tell: 8y circles under you and the pet leave water puddles",""
"LazyCrucible","","","","Tell: 8y ground circles",""
"LazyCrucible","","","","Tell: 90-degree cone, then 4 more turning 50 degrees; Paralysis",""
"LazyCrucible","","","","Tell: 9y circles drop at center, then around the edge in order",""
"LazyCrucible","","","","Tell: 9y circles leave ice puddles that stack Freezing",""
"LazyCrucible","","","","Tell: A bomb in its pool knocks Chewchum up; it takes extra damage",""
"LazyCrucible","","","","Tell: A cloud on you adds 2 charges to a tower",""
"LazyCrucible","","","","Tell: A fire orb becomes a tornado; wide donut",""
"LazyCrucible","","","","Tell: A fireball tethers to you, chases, then explodes (10y)",""
"LazyCrucible","","","","Tell: A Golem spawns and fires a 10y-wide line down its column",""
"LazyCrucible","","","","Tell: A Lamia revives the dead one",""
"LazyCrucible","","","","Tell: A Strix Plume add casts a 25y knockback",""
"LazyCrucible","","","","Tell: Absorbing hand = 20y circle, other hand = 6y circle",""
"LazyCrucible","","","","Tell: Ahriman gaze: Doom if you face it",""
"LazyCrucible","","","","Tell: Another wave of adds spawns",""
"LazyCrucible","","","","Tell: Arena-wide 20 s cast at the end",""
"LazyCrucible","","","","Tell: At ~50-60% rooks spawn; Durga invulnerable; gauge fills",""
"LazyCrucible","","","","Tell: Axe held flat, boss grounded: huge 40y-wide cleave",""
"LazyCrucible","","","","Tell: Axe swing covers the front half",""
"LazyCrucible","","","","Tell: Axe thrown, boss jumps: 40y circle",""
"LazyCrucible","","","","Tell: Bands on the floor: the middle or the outer lanes",""
"LazyCrucible","","","","Tell: Barbmole reflects physical hits with a stacking bleed",""
"LazyCrucible","","","","Tell: Bavarois: room-wide 20y knockback; leaves water puddles",""
"LazyCrucible","","","","Tell: Behemoth crouching = in; arms raised = out",""
"LazyCrucible","","","","Tell: Big AoE hit that also hits the pet",""
"LazyCrucible","","","","Tell: Biloko heals the Treant",""
"LazyCrucible","","","","Tell: Bishop casts a donut (4-40y) around itself",""
"LazyCrucible","","","","Tell: Bishop fires an 8y-wide line; leaves Windburn",""
"LazyCrucible","","","","Tell: Bishop hits the enmity target",""
"LazyCrucible","","","","Tell: Bishop room-wide hit plus Damage Down",""
"LazyCrucible","","","","Tell: Blade combo: 5-60y donut, 6y circle, narrow cones",""
"LazyCrucible","","","","Tell: Bomb 5y ground circle; 6y blast when a bomb is low",""
"LazyCrucible","","","","Tell: Bomb 9y circle",""
"LazyCrucible","","","","Tell: Bomb room-wide blast on a timer",""
"LazyCrucible","","","","Tell: Boss and adds turn invisible; the boss can't be hit",""
"LazyCrucible","","","","Tell: Bubbles in 3 sets pop in order (9y)",""
"LazyCrucible","","","","Tell: Bugs tether to the boss and give it Damage Up and regen",""
"LazyCrucible","","","","Tell: Cages bind inside; yellow = 12y circle, green = cross",""
"LazyCrucible","","","","Tell: Carrion Broth hits you: Heavy (no resist)",""
"LazyCrucible","","","","Tell: Chained 6y circles follow you",""
"LazyCrucible","","","","Tell: Charges to the edge; club = 30y circle, sword = cone",""
"LazyCrucible","","","","Tell: Chewchum surfaces at a '!' pool; 90-degree frontal, Blind",""
"LazyCrucible","","","","Tell: Circle around a wave moogle",""
"LazyCrucible","","","","Tell: Circle on the boss",""
"LazyCrucible","","","","Tell: Circle then donut, or donut then circle, 3.5 s apart",""
"LazyCrucible","","","","Tell: Club = 20y knockback; sword = 12y circle on the boss",""
"LazyCrucible","","","","Tell: Club pose picks the shape: 15y circle or 180-degree cone",""
"LazyCrucible","","","","Tell: Cobra room-wide poison, not interruptible",""
"LazyCrucible","","","","Tell: Cones at you and the pet; with Snarl both hit the pet",""
"LazyCrucible","","","","Tell: Cones from the glowing part: 150 or 90 degrees",""
"LazyCrucible","","","","Tell: Crawling Piece tethers and chases; touch = Bind + Damage Down",""
"LazyCrucible","","","","Tell: Cross AoE with 10y-wide arms",""
"LazyCrucible","","","","Tell: Cross marker on you, 8y-wide arms",""
"LazyCrucible","","","","Tell: Cyclops 20y circles covering the arena",""
"LazyCrucible","","","","Tell: Cyclops 3y-wide line, Paralysis",""
"LazyCrucible","","","","Tell: Cyclops 6y-wide line, Paralysis",""
"LazyCrucible","","","","Tell: Cyclops heals the boss 5% if it finishes",""
"LazyCrucible","","","","Tell: Dead Bishops leave orbs; phantoms: center = 20y circle, edge = line",""
"LazyCrucible","","","","Tell: Deepeye room-wide petrify gaze",""
"LazyCrucible","","","","Tell: Demon frontal",""
"LazyCrucible","","","","Tell: Demon hits the enmity target, plus paralysis",""
"LazyCrucible","","","","Tell: Devilet room-wide hit, long cast",""
"LazyCrucible","","","","Tell: Diremite 4y-wide line, Heavy",""
"LazyCrucible","","","","Tell: Dirty Eye Doom gaze; you can turn while rooted",""
"LazyCrucible","","","","Tell: Dirty Eye hits the enmity target",""
"LazyCrucible","","","","Tell: Dodo, Opo-opo, Puk and Pugil turn into Mandragoras",""
"LazyCrucible","","","","Tell: Donut (8-50y) or 8y circle; they alternate",""
"LazyCrucible","","","","Tell: Donut, 5-50y",""
"LazyCrucible","","","","Tell: Donut; safe only right under the boss",""
"LazyCrucible","","","","Tell: Drake moves east or west; 120-degree cone to center",""
"LazyCrucible","","","","Tell: Drake reflect barrier",""
"LazyCrucible","","","","Tell: Draw-in toward the boss",""
"LazyCrucible","","","","Tell: Drone line, Footman 5y spin, Dreadnaught frontal",""
"LazyCrucible","","","","Tell: Elder: 8y-wide line at you with a tankbuster marker",""
"LazyCrucible","","","","Tell: Enrage: Chewchum spams it if Loosefrox dies first",""
"LazyCrucible","","","","Tell: Enrage: if one dies first, the other chains attacks",""
"LazyCrucible","","","","Tell: Evil Weapon: front+rear line, or a ring around itself",""
"LazyCrucible","","","","Tell: Faces a wall and leaps: huge 30y circle",""
"LazyCrucible","","","","Tell: Falling rocks: 8y circle or 3-11y donut",""
"LazyCrucible","","","","Tell: Five 8y-wide lanes fire one after another",""
"LazyCrucible","","","","Tell: Flan: 5y circle on you",""
"LazyCrucible","","","","Tell: Flies off; 23y-wide lines sweep the arena",""
"LazyCrucible","","","","Tell: Flowertender heals nearby allies",""
"LazyCrucible","","","","Tell: Forced march",""
"LazyCrucible","","","","Tell: Forced march (left or right face) on expiry",""
"LazyCrucible","","","","Tell: From the 2nd set, eye orbs gaze: facing them petrifies",""
"LazyCrucible","","","","Tell: Front half then back half, or back then front",""
"LazyCrucible","","","","Tell: Front-half cleave",""
"LazyCrucible","","","","Tell: Frontal bite after the pull; still hits if you resisted it",""
"LazyCrucible","","","","Tell: Frontal cleave auto that also hits the pet",""
"LazyCrucible","","","","Tell: Frontal cone",""
"LazyCrucible","","","","Tell: Frontal line",""
"LazyCrucible","","","","Tell: Gel room-wide hit plus Damage Down",""
"LazyCrucible","","","","Tell: Giant frontal cone",""
"LazyCrucible","","","","Tell: Glowing orb raised = 8y circle; sword held = donut",""
"LazyCrucible","","","","Tell: Golem self buff: Damage Up",""
"LazyCrucible","","","","Tell: Grenade arena-wide blast, not interruptible",""
"LazyCrucible","","","","Tell: Ground circles",""
"LazyCrucible","","","","Tell: Ground circles chase you",""
"LazyCrucible","","","","Tell: Guardia covers an ally, which then takes no damage",""
"LazyCrucible","","","","Tell: Half-arena frontal cone",""
"LazyCrucible","","","","Tell: Half-room cleave in its facing, one brother after the other",""
"LazyCrucible","","","","Tell: Hapalit hits the enmity target, Burns",""
"LazyCrucible","","","","Tell: Head low = 18y circle; head raised = donut; leap = half",""
"LazyCrucible","","","","Tell: Her auto-attack cleaves in front and hits the pet",""
"LazyCrucible","","","","Tell: Her auto-attack hits everything in front",""
"LazyCrucible","","","","Tell: Hit on the enmity target plus poison",""
"LazyCrucible","","","","Tell: Hitting an egg hatches it and makes the Zu stronger",""
"LazyCrucible","","","","Tell: Huge 18y circle on the boss",""
"LazyCrucible","","","","Tell: Huge 23y circle on each, one after the other",""
"LazyCrucible","","","","Tell: Ice marks the starts; 2 sets of 5y bursts march across",""
"LazyCrucible","","","","Tell: Ice Sprite hits the enmity target",""
"LazyCrucible","","","","Tell: Ice: 12y circle, Frostbite",""
"LazyCrucible","","","","Tell: Jumps to the edge, then fast cones toward the center",""
"LazyCrucible","","","","Tell: Jumps up = donut; dances on the floor = 9y circle",""
"LazyCrucible","","","","Tell: Killing a Morpho = room-wide Confusion; wings stack Wit's End",""
"LazyCrucible","","","","Tell: Kills only the familiar",""
"LazyCrucible","","","","Tell: Kinged Swordsmog frontal",""
"LazyCrucible","","","","Tell: Kinged Swordsmog self Damage Up",""
"LazyCrucible","","","","Tell: Knight 120-degree frontal cone, 10y",""
"LazyCrucible","","","","Tell: Knight casts a 6y circle on itself",""
"LazyCrucible","","","","Tell: Knight raises a shield that blocks hits from the front",""
"LazyCrucible","","","","Tell: Knight self buff: Physical Damage Up",""
"LazyCrucible","","","","Tell: Knight single-target hard hit",""
"LazyCrucible","","","","Tell: Lamia circle, Hysteria",""
"LazyCrucible","","","","Tell: Lances appear and fire 4y-wide lines at you, 2-3 times",""
"LazyCrucible","","","","Tell: Lands: 60y hit with a 30y knockback from the marker",""
"LazyCrucible","","","","Tell: Large 120-degree frontal cone",""
"LazyCrucible","","","","Tell: Large frontal, 40y wide",""
"LazyCrucible","","","","Tell: Leap: airborne = arena-wide circle; grounded = front half",""
"LazyCrucible","","","","Tell: Leaps to a corner; 20y knockback",""
"LazyCrucible","","","","Tell: Leaps to a wall; half-arena frontal",""
"LazyCrucible","","","","Tell: Left and right towers charge through 3 stages",""
"LazyCrucible","","","","Tell: Light Sprite fires a cone where it faces as it dies",""
"LazyCrucible","","","","Tell: Lightning club: tower under you; fire club: 6y AoE",""
"LazyCrucible","","","","Tell: Lightning Sprite cross, Paralysis",""
"LazyCrucible","","","","Tell: Lightning: donut, Electrocution",""
"LazyCrucible","","","","Tell: Line toward where you stood; wakes any statue it hits",""
"LazyCrucible","","","","Tell: Lines from the boss and 2 swords, all aimed at you",""
"LazyCrucible","","","","Tell: Long 15y-wide line",""
"LazyCrucible","","","","Tell: Long charge, then a 16y circle on the boss",""
"LazyCrucible","","","","Tell: Loosefrox self buff: Popoto Skin (damage taken down)",""
"LazyCrucible","","","","Tell: Mage casts Damage Up on the boss",""
"LazyCrucible","","","","Tell: Mage drops a 10y ground circle",""
"LazyCrucible","","","","Tell: Magic auto-attack on the enmity target",""
"LazyCrucible","","","","Tell: Marker on the enmity target; 40y knockback from the drop",""
"LazyCrucible","","","","Tell: Marker on you; drops an orb that pulses growing circles",""
"LazyCrucible","","","","Tell: Marker, then a 10y circle; zombies rise and walk to you",""
"LazyCrucible","","","","Tell: Marker, then a 5y-wide laser line",""
"LazyCrucible","","","","Tell: Marker; 8y-wide line from the boss to you, Knockdown",""
"LazyCrucible","","","","Tell: Marker; drops a 6y circle that spawns about 8 adds",""
"LazyCrucible","","","","Tell: Marker; leaves an 18y freezing puddle",""
"LazyCrucible","","","","Tell: Medusa self Damage Up",""
"LazyCrucible","","","","Tell: Melomogs give nearby allies Damage Up",""
"LazyCrucible","","","","Tell: Menacing Dahak: front cone and rear cone",""
"LazyCrucible","","","","Tell: Miteling line AoE, 4y wide, Heavy",""
"LazyCrucible","","","","Tell: Mogmugger steals coins, then flees",""
"LazyCrucible","","","","Tell: Moves to center; 20y-wide line through the arena",""
"LazyCrucible","","","","Tell: Ochu 6y circle",""
"LazyCrucible","","","","Tell: Ogre enters a fireball and is invulnerable",""
"LazyCrucible","","","","Tell: Ogre stands in a lava circle, then teleports to the other",""
"LazyCrucible","","","","Tell: On death: room-wide poison burst and a 6y circle",""
"LazyCrucible","","","","Tell: One arm glows; that half of the arena gets cleaved",""
"LazyCrucible","","","","Tell: Orbs fire lines; tethered orbs fire 10y-wide lines",""
"LazyCrucible","","","","Tell: Orbs that pulse circles",""
"LazyCrucible","","","","Tell: Petrified Cyclopes die to one physical hit",""
"LazyCrucible","","","","Tell: Petrify cone baited on you; petrified = dead",""
"LazyCrucible","","","","Tell: Progenitrix arena-wide blast, interruptible",""
"LazyCrucible","","","","Tell: Progenitrix is invulnerable while a Grenade is tethered",""
"LazyCrucible","","","","Tell: Proximity blast from a marked point",""
"LazyCrucible","","","","Tell: Proximity damage on you",""
"LazyCrucible","","","","Tell: Pudding stack marker on you (6y)",""
"LazyCrucible","","","","Tell: Pullet: 13 s cast at the enmity target, Heavy",""
"LazyCrucible","","","","Tell: Pyrobolus narrow cone, poison",""
"LazyCrucible","","","","Tell: Quake chapter; the fight usually opens with it",""
"LazyCrucible","","","","Tell: Queen Hawk hits the enmity target",""
"LazyCrucible","","","","Tell: Quicksand pushes you 20y (about 2 columns) forward",""
"LazyCrucible","","","","Tell: Red Gremlin: stacking Physical Vulnerability Up on you",""
"LazyCrucible","","","","Tell: Right = Damage Up for you; wrong = 4 adds",""
"LazyCrucible","","","","Tell: Ring marker: dead zombies inside it revive",""
"LazyCrucible","","","","Tell: Rises and lands at an edge with a 16y-wide line",""
"LazyCrucible","","","","Tell: Room-wide 16y knockback",""
"LazyCrucible","","","","Tell: Room-wide 20y knockback on you and the pet",""
"LazyCrucible","","","","Tell: Room-wide 20y knockback to both sides of a line",""
"LazyCrucible","","","","Tell: Room-wide Confusion (12 s, no resist)",""
"LazyCrucible","","","","Tell: Room-wide fire, then ground circles and lava pools",""
"LazyCrucible","","","","Tell: Room-wide hit",""
"LazyCrucible","","","","Tell: Room-wide hit plus Blind",""
"LazyCrucible","","","","Tell: Room-wide hit plus Doom (not cleansable)",""
"LazyCrucible","","","","Tell: Room-wide hit plus Frostbite",""
"LazyCrucible","","","","Tell: Room-wide hit plus poison",""
"LazyCrucible","","","","Tell: Room-wide hit, water or fire resist down",""
"LazyCrucible","","","","Tell: Room-wide Paralysis (no vuln or damage down)",""
"LazyCrucible","","","","Tell: Room-wide; heavier the fuller the gauge; pet cover fails",""
"LazyCrucible","","","","Tell: Rotating 60-degree cones, 13 hits, 30 degrees each",""
"LazyCrucible","","","","Tell: Round bombs (12y blast) can be pushed; spiky bombs blast a cross",""
"LazyCrucible","","","","Tell: Sahagin counter stance while the Ymir lives",""
"LazyCrucible","","","","Tell: Sahagin room-wide hit plus Hysteria",""
"LazyCrucible","","","","Tell: Sahagin: strong 35y push in one direction",""
"LazyCrucible","","","","Tell: Sand spheres explode, 12y",""
"LazyCrucible","","","","Tell: Sapling latches on and keeps growing",""
"LazyCrucible","","","","Tell: Second golem: 17y knockback",""
"LazyCrucible","","","","Tell: Seedlings are up at the start; their hits poison",""
"LazyCrucible","","","","Tell: Self buff: Damage Up",""
"LazyCrucible","","","","Tell: Self buff: Magic Damage Up; next chapter hurts more",""
"LazyCrucible","","","","Tell: Shambling frontal",""
"LazyCrucible","","","","Tell: Sigils fire 10y-wide lines, 2-3 at a time",""
"LazyCrucible","","","","Tell: Single-target cast on you with a tankbuster marker",""
"LazyCrucible","","","","Tell: Single-target hit on you plus poison",""
"LazyCrucible","","","","Tell: Single-target hit on you with a 15y knockback",""
"LazyCrucible","","","","Tell: Single-target hit on you; Snarl can't redirect it",""
"LazyCrucible","","","","Tell: Single-target hit that heals her if it connects",""
"LazyCrucible","","","","Tell: Sleep, then two tethered hearts meet and explode (24y)",""
"LazyCrucible","","","","Tell: Slow chasing lightning orb, Paralysis",""
"LazyCrucible","","","","Tell: Slug 5y circle",""
"LazyCrucible","","","","Tell: Small circles, or many circles with tiny safe spots",""
"LazyCrucible","","","","Tell: Snoll 10y blast",""
"LazyCrucible","","","","Tell: Snoll counter stance",""
"LazyCrucible","","","","Tell: Soldado: 15y circles, or numbered markers in order",""
"LazyCrucible","","","","Tell: Sprites fire lines at the enmity target (2y, or 6y)",""
"LazyCrucible","","","","Tell: Stack shared by you and the pet",""
"LazyCrucible","","","","Tell: Strong 6y hit on you plus a 10y-wide cross",""
"LazyCrucible","","","","Tell: Strong frontal line with no castbar",""
"LazyCrucible","","","","Tell: Strong hit on you plus Paralysis; Snarl can't retarget it",""
"LazyCrucible","","","","Tell: Strong hit on you; Snarl can't retarget it",""
"LazyCrucible","","","","Tell: Strong single-target hit on you",""
"LazyCrucible","","","","Tell: Strong single-target hit on you, about 30 s in",""
"LazyCrucible","","","","Tell: Sword cage binds anyone inside; then cross blasts",""
"LazyCrucible","","","","Tell: Sword drops where you stood; big blast",""
"LazyCrucible","","","","Tell: Sword drops where you stood; big proximity blast",""
"LazyCrucible","","","","Tell: Sword glowing = donut; not glowing = 8y circle",""
"LazyCrucible","","","","Tell: Sword markers drop delayed circles, also under your feet",""
"LazyCrucible","","","","Tell: Sword stabs you from front or back; 40y push",""
"LazyCrucible","","","","Tell: Swords drop 8y circles",""
"LazyCrucible","","","","Tell: Swords go invisible, then fire 5y lines along their blades",""
"LazyCrucible","","","","Tell: Targeted 8y circle",""
"LazyCrucible","","","","Tell: Targeted circle",""
"LazyCrucible","","","","Tell: Teleports; 15y knockback plus 6y circles",""
"LazyCrucible","","","","Tell: Temporary Misdirection on you",""
"LazyCrucible","","","","Tell: Tether to the enmity target, a charge, then a breath",""
"LazyCrucible","","","","Tell: Tether, then a 180-degree cleave to the front or rear",""
"LazyCrucible","","","","Tell: Tether; charge, then front-half and rear-half cleaves",""
"LazyCrucible","","","","Tell: The Abaddon eats Morphos and gains regen for 1 minute",""
"LazyCrucible","","","","Tell: The Atomos loses HP with each summon; 5 waves",""
"LazyCrucible","","","","Tell: The boss fetches a new weapon",""
"LazyCrucible","","","","Tell: The Cavalier keeps calling 2-3 Bone Bishops",""
"LazyCrucible","","","","Tell: The Floral Trap pull can hit the Queen Hawk",""
"LazyCrucible","","","","Tell: The standby Swordsmog only auto-attacks",""
"LazyCrucible","","","","Tell: The triangle between 3 moogles is the danger zone",""
"LazyCrucible","","","","Tell: Tiles 1-9; you get All Odds, Evens, Three or Primes",""
"LazyCrucible","","","","Tell: Tome Pieces cast 15y circles",""
"LazyCrucible","","","","Tell: Toxic Mass room-wide Toxin",""
"LazyCrucible","","","","Tell: Turns, jumps ~20y back, then a 120-degree cone",""
"LazyCrucible","","","","Tell: Two blades tether; a 28 s cast ends in a blast or push",""
"LazyCrucible","","","","Tell: Unavoidable room-wide hit",""
"LazyCrucible","","","","Tell: Unavoidable room-wide hit plus Blind",""
"LazyCrucible","","","","Tell: Unavoidable room-wide hit with a 10y knockback",""
"LazyCrucible","","","","Tell: Unavoidable room-wide; much bigger while Clear Mind is up",""
"LazyCrucible","","","","Tell: Untelegraphed 8y line, then a wind orb fires narrow cones",""
"LazyCrucible","","","","Tell: Vodoriga 6y ground circles",""
"LazyCrucible","","","","Tell: Water and hammer chapters",""
"LazyCrucible","","","","Tell: Wave 4: overlapping 12y and 6y circles",""
"LazyCrucible","","","","Tell: While adds are up, King Ahriman is invulnerable",""
"LazyCrucible","","","","Tell: Wide 130-degree frontal cone",""
"LazyCrucible","","","","Tell: Wind sprites fire 10y-wide lines for the rest of the fight",""
"LazyCrucible","","","","Tell: Wings wrapped = 12y circle; harp = donut with a tiny safe spot",""
"LazyCrucible","","","","Tell: Wisps that reach center explode room-wide, vuln up",""
"LazyCrucible","","","","Tell: Woken Thanatos Piece room-wide hit",""
"LazyCrucible","","","","Tell: Wrath or Grief debuff on you",""
"LazyCrucible","","","","Tell: Ymir instant frontal cleave auto",""
"LazyCrucible","","","","Tell: Ymir takes heavily reduced damage while shelled",""
"LazyCrucible","","","","Tell: Ymir unavoidable room-wide hit",""
"LazyCrucible","","","","Tell: You are rooted and thrown to a quadrant with an hourglass",""
"LazyCrucible","","","","Tell: Younger gives the Elder Damage Up",""
"LazyCrucible","","","","Tell: Younger spins and chases you (8y), untargetable",""
"LazyCrucible","","","","Tell: Zombie hits stack Wit's End; 12 stacks = confusion",""
"LazyCrucible","","","","Terror Eye (3 s)",""
"LazyCrucible","","","","Terrorizing Miasma (4 s)",""
"LazyCrucible","","","","Tethered blades first, then a woken Thanatos, then Lauda",""
"LazyCrucible","","","","The captured familiar list has not arrived yet (open the Master's Bestiary once); picks assume every familiar is captured.",""
"LazyCrucible","","","","The Dragon's Roar (7 s)",""
"LazyCrucible","","","","The Ram's Keeper (4.5 s)",""
"LazyCrucible","","","","The Ram's Roar (7 s)",""
"LazyCrucible","","","","The Storm's Grip (4 s)",""
"LazyCrucible","","","","Thermobaric Charge (5 s)",""
"LazyCrucible","","","","Third Board of the Unbroken: L50 / iL100, beast rank 15",""
"LazyCrucible","","","","Threats  adds",""
"LazyCrucible","","","","Threats  adds, big single hits",""
"LazyCrucible","","","","Threats  adds, room-wide hits",""
"LazyCrucible","","","","Threats  adds, room-wide hits, knockback, big single hits",""
"LazyCrucible","","","","Threats  big single hits",""
"LazyCrucible","","","","Threats  blind",""
"LazyCrucible","","","","Threats  blind, adds, room-wide hits, knockback",""
"LazyCrucible","","","","Threats  blind, petrification, knockback, room-wide hits, adds, invulnerable phases",""
"LazyCrucible","","","","Threats  confusion, adds",""
"LazyCrucible","","","","Threats  confusion, bind, adds, big single hits",""
"LazyCrucible","","","","Threats  confusion, counter stances, do-not-attack targets, adds, big single hits",""
"LazyCrucible","","","","Threats  confusion, poison, room-wide hits, adds",""
"LazyCrucible","","","","Threats  counter stances, paralysis, knockback, room-wide hits",""
"LazyCrucible","","","","Threats  doom, adds, invulnerable phases",""
"LazyCrucible","","","","Threats  doom, room-wide hits, adds",""
"LazyCrucible","","","","Threats  heavy, adds",""
"LazyCrucible","","","","Threats  heavy, adds, do-not-attack targets, big single hits, room-wide hits",""
"LazyCrucible","","","","Threats  knockback",""
"LazyCrucible","","","","Threats  knockback, big single hits",""
"LazyCrucible","","","","Threats  knockback, room-wide hits",""
"LazyCrucible","","","","Threats  knockback, room-wide hits, adds",""
"LazyCrucible","","","","Threats  knockback, room-wide hits, adds, invulnerable phases",""
"LazyCrucible","","","","Threats  knockback, room-wide hits, big single hits",""
"LazyCrucible","","","","Threats  paralysis, adds, room-wide hits",""
"LazyCrucible","","","","Threats  paralysis, big single hits, adds",""
"LazyCrucible","","","","Threats  paralysis, knockback, bind, room-wide hits, big single hits, adds",""
"LazyCrucible","","","","Threats  paralysis, poison, adds, room-wide hits, big single hits",""
"LazyCrucible","","","","Threats  paralysis, poison, heavy, knockback, room-wide hits, adds",""
"LazyCrucible","","","","Threats  paralysis, room-wide hits",""
"LazyCrucible","","","","Threats  paralysis, room-wide hits, adds",""
"LazyCrucible","","","","Threats  petrification, paralysis, adds",""
"LazyCrucible","","","","Threats  petrification, room-wide hits",""
"LazyCrucible","","","","Threats  poison, adds, knockback, room-wide hits",""
"LazyCrucible","","","","Threats  poison, heavy, big single hits, adds",""
"LazyCrucible","","","","Threats  poison, knockback, room-wide hits, adds, counter stances, invulnerable phases, big single hits",""
"LazyCrucible","","","","Threats  poison, paralysis, room-wide hits",""
"LazyCrucible","","","","Threats  poison, sleep, adds, big single hits",""
"LazyCrucible","","","","Threats  room-wide hits",""
"LazyCrucible","","","","Threats  room-wide hits, adds",""
"LazyCrucible","","","","Threats  room-wide hits, adds, invulnerable phases, big single hits",""
"LazyCrucible","","","","Thunder III (8 s)",""
"LazyCrucible","","","","Thunderbolt (5 s)",""
"LazyCrucible","","","","Thundercloud",""
"LazyCrucible","","","","Touchdown (0.5 s)",""
"LazyCrucible","","","","Touchdown (4 s)",""
"LazyCrucible","","","","Towers",""
"LazyCrucible","","","","Toxic Breath (3 s)",""
"LazyCrucible","","","","Toxic Fumes (4 s)",""
"LazyCrucible","","","","Toxic Tantrum (5 s)",""
"LazyCrucible","","","","Toxic Vomit (5 s)",""
"LazyCrucible","","","","Track the hands for Grounding Jolt; kill rooks fast; mitigate Atomic Ray yourself.",""
"LazyCrucible","","","","treant piece (enemy)",""
"LazyCrucible","","","","Treant Piece + Slug Piece + Sapling Piece + Diremite Piece + Biloko Piece",""
"LazyCrucible","","","","Treant Piece + Slug Piece + Sapling Piece + Diremite Piece + Biloko Piece (enemy)",""
"LazyCrucible","","","","treant piece: Blunt; slug piece: Blunt; sapling piece: Blunt; diremite piece: Ice; biloko piece: Ice",""
"LazyCrucible","","","","Treasure: suggest the best choice",""
"LazyCrucible","","","","Tremblor (5 s)",""
"LazyCrucible","","","","Tsunami (8 s)",""
"LazyCrucible","","","","Tumulus (5 s)",""
"LazyCrucible","","","","Two skeletons: dodge rings and lines, stop Ossify, hit the Knight from behind.",""
"LazyCrucible","","","","Typhoon (3 s)",""
"LazyCrucible","","","","Ultimate Focus (3 s)",""
"LazyCrucible","","","","Ultrasonics",""
"LazyCrucible","","","","Uncast frontal line",""
"LazyCrucible","","","","Unmooring Melody",""
"LazyCrucible","","","","Unseen Force (3 s)",""
"LazyCrucible","","","","Uragnite",""
"LazyCrucible","","","","Uragnite: ice, crowd control",""
"LazyCrucible","","","","Use leftover items and heal before the kill; remaining HP scores",""
"LazyCrucible","","","","Use leftover items and heal to full before the kill",""
"LazyCrucible","","","","Use the matching platform for each chapter, dispel Ultimate Focus, kill the Plume.",""
"LazyCrucible","","","","Vanishing Daggers (3 s)",""
"LazyCrucible","","","","Veil of Darkness (4 s)",""
"LazyCrucible","","","","Venom Web (6 s)",""
"LazyCrucible","","","","Vine Probe (5 s)",""
"LazyCrucible","","","","Void Aero II (4 s)",""
"LazyCrucible","","","","Void Aero III (6 s)",""
"LazyCrucible","","","","Void Blizzard III (6 s)",""
"LazyCrucible","","","","Void Fire II (6 s)",""
"LazyCrucible","","","","Void Fire III (10 s)",""
"LazyCrucible","","","","Void Flare Star (6 s)",""
"LazyCrucible","","","","Void Paralyze (5 s)",""
"LazyCrucible","","","","Void Paralyze III (7 s)",""
"LazyCrucible","","","","Void Thunder III (5 s)",""
"LazyCrucible","","","","Void Water III (5 s)",""
"LazyCrucible","","","","voidmancer piece (enemy)",""
"LazyCrucible","","","","Voidmancer Piece + Zombie Piece",""
"LazyCrucible","","","","Voidmancer Piece + Zombie Piece (enemy)",""
"LazyCrucible","","","","voidmancer piece: Earth; zombie piece: Ice",""
"LazyCrucible","","","","Vulture",""
"LazyCrucible","","","","Vulture: Bloodcurdling Caw",""
"LazyCrucible","","","","Vulture: wind",""
"LazyCrucible","","","","Vulture: wind x3, Bloodcurdling Caw",""
"LazyCrucible","","","","Vulture: wind, Bloodcurdling Caw",""
"LazyCrucible","","","","Wallop (2.5 s)",""
"LazyCrucible","","","","Water",""
"LazyCrucible","","","","water",""
"LazyCrucible","","","","Water damage (its weakness)",""
"LazyCrucible","","","","Water damage (weakness of both); Quelling Wave for Might",""
"LazyCrucible","","","","Water II (3 s)",""
"LazyCrucible","","","","Water III (2 s)",""
"LazyCrucible","","","","Water one-shots small wisps: Quelling Wave or a water auto axe",""
"LazyCrucible","","","","water x2",""
"LazyCrucible","","","","water x2, crowd control",""
"LazyCrucible","","","","water x2, Quelling Wave for wisps",""
"LazyCrucible","","","","Weak to  administrator piece: lightning; bug piece: lightning; footman piece: lightning; dreadnaught piece: lightning; drone piece: lightning; cobra piece: piercing",""
"LazyCrucible","","","","Weak to  arch demon piece: lightning",""
"LazyCrucible","","","","Weak to  Atomos piece: blunt; red gremlin piece: piercing; gremlin piece: piercing; pudding piece: wind; bavarois piece: lightning; flan piece: earth; vodoriga piece: piercing; menacing dahak piece: ice",""
"LazyCrucible","","","","Weak to  banemite piece: ice; miteling piece: ice",""
"LazyCrucible","","","","Weak to  behemoth piece: earth; giant piece: lightning; lightning sprite: earth",""
"LazyCrucible","","","","Weak to  bone knight: blunt; bone bishop: blunt",""
"LazyCrucible","","","","Weak to  boogyman piece: ice; deepeye piece: wind; bomb piece: wind; light sprite: no weakness",""
"LazyCrucible","","","","Weak to  Borgny the Venomous: earth; toxic mass: water",""
"LazyCrucible","","","","Weak to  campeador piece: lightning; sabotender piece: lightning; flowertender piece: lightning; soldado piece: lightning; guardia piece: ice",""
"LazyCrucible","","","","Weak to  catoblepas piece: wind",""
"LazyCrucible","","","","Weak to  cavalier piece: fire; bone bishop: blunt",""
"LazyCrucible","","","","Weak to  chimera piece: water",""
"LazyCrucible","","","","Weak to  corpse flower piece: wind; queen hawk piece: blunt",""
"LazyCrucible","","","","Weak to  demon piece: slashing; evil weapon piece: ice; devilet piece: earth",""
"LazyCrucible","","","","Weak to  drake piece: wind; barbmole piece: fire; abaddon piece: water; morpho piece: blunt",""
"LazyCrucible","","","","Weak to  Durga piece: fire; spinner-rook piece: blunt",""
"LazyCrucible","","","","Weak to  elder tablitaur piece: fire; younger tablitaur piece: fire",""
"LazyCrucible","","","","Weak to  Flauros piece: earth; lightning sprite: earth",""
"LazyCrucible","","","","Weak to  gargoyle piece: no weakness",""
"LazyCrucible","","","","Weak to  gigantis piece: no weakness; cyclops piece: no weakness; congealed lightning: earth; congealed kindling: wind",""
"LazyCrucible","","","","Weak to  golem piece: water",""
"LazyCrucible","","","","Weak to  Guttler the Gutter: no weakness; Thanatos piece: lightning",""
"LazyCrucible","","","","Weak to  ice dragon piece: fire; ice sprite: fire",""
"LazyCrucible","","","","Weak to  king ahriman piece: ice; hapalit piece: wind; dirty eye piece: ice",""
"LazyCrucible","","","","Weak to  Lakhamu piece: water; golem piece: water",""
"LazyCrucible","","","","Weak to  Lauda the Spellcleaver: no weakness; Thanatos piece: lightning",""
"LazyCrucible","","","","Weak to  Loosefrox Inkyjots: blunt; Chewchum Popoto: water",""
"LazyCrucible","","","","Weak to  manticore piece: wind",""
"LazyCrucible","","","","Weak to  medusa piece: piercing; lamia piece: piercing; cyclops piece: no weakness",""
"LazyCrucible","","","","Weak to  mindflayer piece: slashing; myconid piece: water",""
"LazyCrucible","","","","Weak to  morbol piece: slashing; seedling piece: slashing; ochu piece: slashing; carrion broth: ice",""
"LazyCrucible","","","","Weak to  ogre piece: wind; wisp piece: water; great wisp piece: water",""
"LazyCrucible","","","","Weak to  Pas de Seul: piercing; succubus mage: fire; succubus knight: fire",""
"LazyCrucible","","","","Weak to  piscodemon piece: slashing",""
"LazyCrucible","","","","Weak to  Progenitrix piece: wind; grenade piece: wind; bomb piece: wind; snoll piece: fire; pyrobolus piece: water",""
"LazyCrucible","","","","Weak to  siren piece: piercing; shambling piece: fire; crawling piece: fire",""
"LazyCrucible","","","","Weak to  sphinx piece: slashing",""
"LazyCrucible","","","","Weak to  Strix piece: piercing",""
"LazyCrucible","","","","Weak to  swordsmog piece: lightning; mogbreaker piece: lightning; kinged kupocurer: blunt; kinged kupocaster: blunt; kupocurer piece: blunt; kupocaster piece: blunt; kinged swordsmog: lightning; melomog piece: water; mogmugger piece: water",""
"LazyCrucible","","","","Weak to  taurus piece: piercing; ahriman piece: ice",""
"LazyCrucible","","","","Weak to  treant piece: blunt; slug piece: blunt; sapling piece: blunt; diremite piece: ice; biloko piece: ice",""
"LazyCrucible","","","","Weak to  voidmancer piece: earth; zombie piece: ice",""
"LazyCrucible","","","","Weak to  wyvern piece: lightning",""
"LazyCrucible","","","","Weak to  ymir piece: ice; Sahagin piece: blunt",""
"LazyCrucible","","","","Weak to  zu piece: earth; cockerel piece: blunt; pullet piece: blunt",""
"LazyCrucible","","","","Weapon swap (3 s)",""
"LazyCrucible","","","","Weighs your heal against the familiars' (resting familiars lose their feed unless they ate Lily Simular) and selects the familiars worth resting. Your self heal wins when you are low. Rest is always your button.",""
"LazyCrucible","","","","When a feed is bought, feeds it to the familiar it helps most in the fights ahead. Never a familiar whose kin cannot eat it, one that is full or knocked out, or one that already ate it. A feed that would hurt every familiar (for example max HP -80%) is left to you.",""
"LazyCrucible","","","","When the board layout or the Battlehorn screen points at a fight, the guide opens on it: horn picks and why, what the fight calls for, dangerous hits, mechanics and what to bring.",""
"LazyCrucible","","","","wind",""
"LazyCrucible","","","","Wind damage (its weakness)",""
"LazyCrucible","","","","Wind damage for the Corpse Flower",""
"LazyCrucible","","","","Wind Spiral",""
"LazyCrucible","","","","wind x2, crowd control",""
"LazyCrucible","","","","wind x3, Bloodcurdling Caw",""
"LazyCrucible","","","","wind x3, crowd control, Scouring Ash",""
"LazyCrucible","","","","wind, Bloodcurdling Caw",""
"LazyCrucible","","","","wind, crowd control",""
"LazyCrucible","","","","wind, crowd control, Scouring Ash",""
"LazyCrucible","","","","Withering Eternity (5 s)",""
"LazyCrucible","","","","Worm",""
"LazyCrucible","","","","Worm: earth x2, crowd control",""
"LazyCrucible","","","","Worm: earth, crowd control",""
"LazyCrucible","","","","Wriggling Phlegm (7.9 s)",""
"LazyCrucible","","","","Wyvern Piece",""
"LazyCrucible","","","","wyvern piece (enemy)",""
"LazyCrucible","","","","Wyvern Piece (enemy)",""
"LazyCrucible","","","","wyvern piece: Lightning",""
"LazyCrucible","","","","ymir piece (enemy)",""
"LazyCrucible","","","","Ymir Piece + Sahagin Piece",""
"LazyCrucible","","","","Ymir Piece + Sahagin Piece (enemy)",""
"LazyCrucible","","","","ymir piece: Ice; Sahagin piece: Blunt",""
"LazyCrucible","","","","Ymir shell",""
"LazyCrucible","","","","Ziz",""
"LazyCrucible","","","","Ziz: ice",""
"LazyCrucible","","","","Ziz: ice x2",""
"LazyCrucible","","","","Ziz: ice x2, crowd control",""
"LazyCrucible","","","","Ziz: ice, crowd control",""
"LazyCrucible","","","","Zombie Pieces",""
"LazyCrucible","","","","Zu",""
"LazyCrucible","","","","zu piece (elite)",""
"LazyCrucible","","","","Zu Piece + Cockerel Piece + Pullet Piece",""
"LazyCrucible","","","","Zu Piece + Cockerel Piece + Pullet Piece (elite)",""
"LazyCrucible","","","","zu piece: Earth; cockerel piece: Blunt; pullet piece: Blunt",""
"LazyCrucible","","","","Zu room-wide hit",""
"LazyCrucible","","","","Zu: slashing",""
"LazyCrucible","","","","[AS BMR NT R]",""
"LazyCrucible","","","","[AS BMR]",""
"LazyCrucible","","","","[AS CGW panel BMR]",""
"LazyCrucible","","","","[AS CHR LSB panel BMR]",""
"LazyCrucible","","","","[AS CHR panel BMR]",""
"LazyCrucible","","","","[AS G8 BMR]",""
"LazyCrucible","","","","[AS G8 CHR BMR]",""
"LazyCrucible","","","","[AS G8 MRB panel BMR]",""
"LazyCrucible","","","","[AS G8 panel BMR]",""
"LazyCrucible","","","","[AS G8 panel]",""
"LazyCrucible","","","","[AS G8]",""
"LazyCrucible","","","","[AS LSB BMR]",""
"LazyCrucible","","","","[AS LSB MRB panel BMR]",""
"LazyCrucible","","","","[AS LSB MRB panel]",""
"LazyCrucible","","","","[AS LSB panel BMR]",""
"LazyCrucible","","","","[AS LSB R panel BMR]",""
"LazyCrucible","","","","[AS LSB]",""
"LazyCrucible","","","","[AS MRB panel BMR]",""
"LazyCrucible","","","","[AS NT]",""
"LazyCrucible","","","","[AS panel BMR]",""
"LazyCrucible","","","","[AS panel]",""
"LazyCrucible","","","","[AS]",""
"LazyCrucible","","","","[BMR LSB AS]",""
"LazyCrucible","","","","[BMR]",""
"LazyCrucible","","","","[CHR LSB BMR]",""
"LazyCrucible","","","","[G8 AS]",""
"LazyCrucible","","","","[G8]",""
"LazyCrucible","","","","[IV BMR]",""
"LazyCrucible","","","","[IV MRB panel BMR]",""
"LazyCrucible","","","","[IV NT BMR]",""
"LazyCrucible","","","","[IV NT CHR BMR]",""
"LazyCrucible","","","","[IV NT CHR CGW MRB panel BMR]",""
"LazyCrucible","","","","[IV NT CHR R MRB panel BMR]",""
"LazyCrucible","","","","[IV NT CHR]",""
"LazyCrucible","","","","[IV NT MRB panel BMR]",""
"LazyCrucible","","","","[IV NT MRB panel]",""
"LazyCrucible","","","","[IV NT MRB R BMR]",""
"LazyCrucible","","","","[IV NT MRB R panel BMR]",""
"LazyCrucible","","","","[IV NT panel BMR]",""
"LazyCrucible","","","","[IV NT R BMR]",""
"LazyCrucible","","","","[IV NT]",""
"LazyCrucible","","","","[LSB BMR]",""
"LazyCrucible","","","","[LSB]",""
"LazyCrucible","","","","[MRB NT AS BMR]",""
"LazyCrucible","","","","[MRB NT AS panel BMR]",""
"LazyCrucible","","","","[MRB NT AS panel]",""
"LazyCrucible","","","","[MRB NT panel BMR]",""
"LazyCrucible","","","","[MRB R]",""
"LazyCrucible","","","","[NT AS BMR]",""
"LazyCrucible","","","","[NT AS MRB panel BMR]",""
"LazyCrucible","","","","[NT AS panel BMR]",""
"LazyCrucible","","","","[NT AS R BMR]",""
"LazyCrucible","","","","[NT AS]",""
"LazyCrucible","","","","[NT BMR]",""
"LazyCrucible","","","","[NT panel]",""
"LazyCrucible","","","","[NT R BMR]",""
"LazyCrucible","","","","[NT R]",""
"LazyCrucible","","","","[NT]",""
"LazyCrucible","","","","[panel AS]",""
"LazyCrucible","","","","[panel BMR]",""
"LazyCrucible","","","","[panel MRB]",""
"LazyCrucible","","","","[panel]",""
"LazyCrucible","","","","[R]",""
"LazyCrucible","","","","[sheet]",""
"LazyCrucible","","","","· 100-tonze Slash: IV says line AoE, NT says tankbuster; BMR shows a baited line tankbuster",""
"LazyCrucible","","","","· Aero III: AS says Soul Crush stops it; BMR shows the Plume add casts it and says kill it",""
"LazyCrucible","","","","· Aetherial Offering matched to the guides' 5 s sprite-bait cast by timing",""
"LazyCrucible","","","","· AS confirms only the interrupt; the rest is reconstructed from panels",""
"LazyCrucible","","","","· AS found no footage for this fight; details are reconstructed from panels",""
"LazyCrucible","","","","· AS found no footage; details are partly reconstructed",""
"LazyCrucible","","","","· AS is the only guide for this random space",""
"LazyCrucible","","","","· AS is the only guide; the chapter list confirms the fight exists",""
"LazyCrucible","","","","· AS reconstructed this fight from panels",""
"LazyCrucible","","","","· AS: one golem self-destructs at ~20% HP; BMR: two golems, then a heart casts it",""
"LazyCrucible","","","","· Black Eruption caster: IV and BMR say Bishop; NT and CHR say Knight",""
"LazyCrucible","","","","· BMR is unsure whether The Storm's Grip itself deals damage",""
"LazyCrucible","","","","· BMR module for this fight is incomplete (marked Dummy)",""
"LazyCrucible","","","","· BMR notes Blood Sword 'interrupt if possible'; the panel does not mark it interruptible",""
"LazyCrucible","","","","· BMR's AI kills the Carrion Broth first; guides say it can be skipped",""
"LazyCrucible","","","","· BMR's AI targets Loosefrox first; guides warn that triggers Earthquake",""
"LazyCrucible","","","","· Camaraderie: AS says dispel; panel and BMR say interrupt",""
"LazyCrucible","","","","· Cast times differ: panel lists Fanaticism 6 s, Void Fire II and Sweet Steel 4 s; BMR logs 9, 6, 6 s",""
"LazyCrucible","","","","· Club pose descriptions differ between AS and LSB",""
"LazyCrucible","","","","· Empowered blades: AS says the boss takes Damage Down, LSB says destroy the swords; BMR prioritizes them",""
"LazyCrucible","","","","· English names for Gyrocleave, Gutting/Goring, Deadly Demesne and Molten Metal matched to guide descriptions by timing and shape",""
"LazyCrucible","","","","· Grab and Grow: AS says dispellable; the panel says it is not",""
"LazyCrucible","","","","· Grim Fate appears only in BMR; no guide covers it",""
"LazyCrucible","","","","· Impassion: AS says dispellable; the panel says it is not",""
"LazyCrucible","","","","· Kill order differs between guides; all three orders are reported to work",""
"LazyCrucible","","","","· Kill order differs: AS puts the Biloko first, BMR the Sapling",""
"LazyCrucible","","","","· Kill order differs: AS says boss first; BMR kills Bug and Cobra adds first",""
"LazyCrucible","","","","· Kill order differs: guides put Guardia second, BMR puts Soldado second",""
"LazyCrucible","","","","· Might: panel says not dispellable; AS and NT say it can be removed",""
"LazyCrucible","","","","· No BMR module; AS is the only guide",""
"LazyCrucible","","","","· No guide and no BMR module cover this fight; panel data only",""
"LazyCrucible","","","","· Order after Grenades differs between AS and BMR",""
"LazyCrucible","","","","· Revives: IV says Death Drive revives zombies; NT names a separate ring marker",""
"LazyCrucible","","","","· Ripples of Gloom Blind: panel lists status 5389 (not cleansable); BMR logs 5381 (cleansable)",""
"LazyCrucible","","","","· Rook phase trigger: ~50% (AS) vs ~60% (LSB)",""
"LazyCrucible","","","","· Rushing Roar and The Ram's Keeper matched to guide descriptions by shape and timing",""
"LazyCrucible","","","","· Sand Tempest blind: panel says not cleansable; AS and NT say it can be",""
"LazyCrucible","","","","· Skull Splinter has no known action ID",""
"LazyCrucible","","","","· The 4-orb cap is from NT only; AS does not mention it",""
"LazyCrucible","","","","· The Zu's circle/ring and room-wide casts have no known name or ID",""
"LazyCrucible","","","","· Thermobaric Charge drop spot: BMR says a corner, guides say the edge",""
"LazyCrucible","","","","· Thunderbolt paralysis: panel says not cleansable; guides cleanse it; pre-resist to be safe",""
"LazyCrucible","","","","· Touchdown: AS says get far from the landing; BMR adds a 30y push from it",""
"LazyCrucible","","","","· Tower, comet and cloud casts have no known IDs",""
"LazyCrucible","","","","· Toxin: the panel marks it not cleansable while guides cleanse it; resist it instead",""
"LazyCrucible","","","","· Untested: whether killing the Devilet during its 10 s cast stops Void Fire III",""
"LazyCrucible","","","","· Wave order and AoE sizes are not documented",""
