Plugin,Menu,Section,Type,English,Japanese
Pawprint,,,@Window,Pawprint,
Pawprint,DLLSourceScan,,,"
战斗内补血已单独启用","
戦闘中のHP回復は個別に有効です"
Pawprint,DLLSourceScan,,,"
战斗内补血已单独禁用","
戦闘中のHP回復は個別に無効です"
Pawprint,DLLSourceScan,,,"
自定义规则：","
カスタムルール："
Pawprint,DLLSourceScan,,,"
战斗内补血已单独启用","
戦闘中のHP回復は個別に有効です"
Pawprint,DLLSourceScan,,,"
战斗内补血已单独禁用","
戦闘中のHP回復は個別に無効です"
Pawprint,DLLSourceScan,,,"
自定义规则：","
カスタムルール："
Pawprint,DLLSourceScan,,, / 副本 , / コンテンツ 
Pawprint,DLLSourceScan,,, / 未捕获 ,／未捕獲 
Pawprint,DLLSourceScan,,, / 未知 ,／未知 
Pawprint,DLLSourceScan,,, AI 未停止, AI 未停止
Pawprint,DLLSourceScan,,, AI 未启动, AI 未起動
Pawprint,DLLSourceScan,,, · 兽核晶 +, · 獣核晶 +
Pawprint,DLLSourceScan,,, · 已写入文件位于 , · 保存先：
Pawprint,DLLSourceScan,,, · 高纯度兽核晶 , · 高純度獣核晶 
Pawprint,DLLSourceScan,,, 个界面 · 第 ,画面 · 第
Pawprint,DLLSourceScan,,, 件, 件
Pawprint,DLLSourceScan,,, 分, 分
Pawprint,DLLSourceScan,,, 卖, 売却
Pawprint,DLLSourceScan,,, 卷, 巻
Pawprint,DLLSourceScan,,, 号, 号
Pawprint,DLLSourceScan,,, 失败：, 失敗：
Pawprint,DLLSourceScan,,, 尚未解锁，无法编组, は未開放のため編成できません
Pawprint,DLLSourceScan,,, 局 · 失败 ,戦 · 失敗 
Pawprint,DLLSourceScan,,, 局 · 最高 ,戦 · 最高 
Pawprint,DLLSourceScan,,, 未提交, 未送信
Pawprint,ScreenshotFix,,, 格 · ,マス目 · 
Pawprint,DLLSourceScan,,, 的操作控件不唯一（,の操作部品が一意ではありません（
Pawprint,DLLSourceScan,,, 秒, 秒
Pawprint,DLLSourceScan,,, 秒可触发，已开始的动作继续完成,秒間のみ発動可能。開始済みの動作は完了まで続行します
Pawprint,DLLSourceScan,,, 缺少 AI 移动或预设接口, にAI移動またはプリセット用インターフェースがありません
Pawprint,DLLSourceScan,,, 设置失败：, 設定失敗：
Pawprint,DLLSourceScan,,, 页，已确认 ,ページ、確認済み：
Pawprint,DLLSourceScan,,, 项,件
Pawprint,DLLSourceScan,,, 项（,件（
Pawprint,,,,#02 スクウィレル → スクウィレル · NameId 37,#02 スクウィレル → スクウィレル · NameId 37
Pawprint,,,,#02 松鼠,#02 スクウィレル
Pawprint,,,,#02 松鼠 → 松鼠 · NameId 37,#02 スクウィレル → スクウィレル · NameId 37
Pawprint,DLLSourceScan,,,% 以下,%以下
Pawprint,DLLSourceScan,,,/50 项。,/50件。
Pawprint,DLLSourceScan,,,/pr hotkey 执行起手,/pr hotkey 执行起手
Pawprint,DLLSourceScan,,,/pr hotkey 最后一击,/pr hotkey 最后一击
Pawprint,DLLSourceScan,,,/pr qt 捕捉模式 ,/pr qt 捕捉模式 
Pawprint,DLLSourceScan,,,/交互=,/操作=
Pawprint,DLLSourceScan,,,/战斗=,/戦闘=
Pawprint,DLLSourceScan,,,/驯兽师 倒计时 10,/驯兽师 倒计时 10
Pawprint,DLLSourceScan,,,0 ·（最强敌人/全部敌人）,0 ·（最強の敵／すべての敵）
Pawprint,,,,01 クーシー##arena1###01 库西##arena1,01 クーシー##arena1###01 库西##arena1
Pawprint,AssociatedWindowCapture,,,01 库西,01 クーシー
Pawprint,,,,01 库西##arena1,01 クーシー##arena1
Pawprint,,,,01 库西##monster1,01 クーシー##monster1
Pawprint,Captured,,,01 库西（未编入）,01 クーシー（未編入）
Pawprint,,,,02 スクウィレル##arena2###02 松鼠##arena2,02 スクウィレル##arena2###02 松鼠##arena2
Pawprint,AssociatedWindowCapture,,,02 松鼠,02 スクウィレル
Pawprint,,,,02 松鼠##arena2,02 スクウィレル##arena2
Pawprint,,,,02 松鼠##monster2,02 スクウィレル##monster2
Pawprint,Captured,,,02 松鼠（未编入）,02 スクウィレル（未編入）
Pawprint,,,,03 ロストラム##arena3###03 迷途羊羔##arena3,03 シープ##arena3###03 迷途羊羔##arena3
Pawprint,AssociatedWindowCapture,,,03 迷途羊羔,03 シープ
Pawprint,,,,03 迷途羊羔##arena3,03 シープ##arena3
Pawprint,,,,03 迷途羊羔##monster3,03 シープ##monster3
Pawprint,Captured,,,03 迷途羊羔（未编入）,03 シープ（未編入）
Pawprint,,,,04 プギル##arena4###04 陆鱼##arena4,04 プギル##arena4###04 陆鱼##arena4
Pawprint,AssociatedWindowCapture,,,04 陆鱼,04 プギル
Pawprint,,,,04 陆鱼##arena4,04 プギル##arena4
Pawprint,,,,04 陆鱼##monster4,04 プギル##monster4
Pawprint,Captured,,,04 陆鱼（未编入）,04 プギル（未編入）
Pawprint,,,,05 オポオポ##arena5###05 奥猴##arena5,05 オポオポ##arena5###05 奥猴##arena5
Pawprint,AssociatedWindowCapture,,,05 奥猴,05 オポオポ
Pawprint,,,,05 奥猴##arena5,05 オポオポ##arena5
Pawprint,,,,05 奥猴##monster5,05 オポオポ##monster5
Pawprint,Captured,,,05 奥猴（未编入）,05 オポオポ（未編入）
Pawprint,,,,06 ドードー##arena6###06 渡渡鸟##arena6,06 ドードー##arena6###06 渡渡鸟##arena6
Pawprint,AssociatedWindowCapture,,,06 渡渡鸟,06 ドードー
Pawprint,,,,06 渡渡鸟##arena6,06 ドードー##arena6
Pawprint,,,,06 渡渡鸟##monster6,06 ドードー##monster6
Pawprint,Captured,,,06 渡渡鸟（未编入）,06 ドードー（未編入）
Pawprint,,,,07 コブラン##arena7###07 矿爬虫##arena7,07 コブラン##arena7###07 矿爬虫##arena7
Pawprint,AssociatedWindowCapture,,,07 矿爬虫,07 コブラン
Pawprint,,,,07 矿爬虫##arena7,07 コブラン##arena7
Pawprint,Captured,,,07 矿爬虫（未编入）,07 コブラン（未編入）
Pawprint,,,,07 锈蚀矿爬虫##monster7,07 錆びたコブラン##monster7
Pawprint,,,,08 ダイアマイト##arena8###08 凶蛛蝎##arena8,08 ダイアマイト##arena8###08 凶蛛蝎##arena8
Pawprint,AssociatedWindowCapture,,,08 凶蛛蝎,08 ダイアマイト
Pawprint,,,,08 凶蛛蝎##arena8,08 ダイアマイト##arena8
Pawprint,,,,08 凶蛛蝎##monster8,08 ダイアマイト##monster8
Pawprint,Captured,,,08 凶蛛蝎（未编入）,08 ダイアマイト（未編入）
Pawprint,,,,09 メガロクラブ##arena9###09 巨型陆蟹##arena9,09 メガロクラブ##arena9###09 巨型陆蟹##arena9
Pawprint,AssociatedWindowCapture,,,09 巨型陆蟹,09 メガロクラブ
Pawprint,,,,09 巨型陆蟹##arena9,09 メガロクラブ##arena9
Pawprint,,,,09 巨型陆蟹##monster9,09 メガロクラブ##monster9
Pawprint,Captured,,,09 巨型陆蟹（未编入）,09 メガロクラブ（未編入）
Pawprint,Captured,,,1  奇美拉,1  キマイラ
Pawprint,Captured,,,1  奥猴,1  オポオポ
Pawprint,Captured,,,1  库西,1  クーシー
Pawprint,Captured,,,1  灯心蜻蛉,1  ダムゼルフライ
Pawprint,Captured,,,1  灵蚁,1  アントリング
Pawprint,Captured,,,1  胡蜂,1  ヴェスパ
Pawprint,,,,1  螳螂,1  マンティス
Pawprint,AssociatedWindowCapture,,,1 号,1 号
Pawprint,DLLSourceScan,,,1 号魔兽,ペット1
Pawprint,DLLSourceScan,,,1 号魔獣,ペット1
Pawprint,Captured,,,1. 胡蜂,1. ヴェスパ
Pawprint,,,,1. 螳螂,1. マンティス
Pawprint,,,,10 ヴェスパ##arena10###10 胡蜂##arena10,10 ヴェスパ##arena10###10 胡蜂##arena10
Pawprint,,,,10 大黄蜂##monster10,10 ホーネット##monster10
Pawprint,AssociatedWindowCapture,,,10 胡蜂,10 ヴェスパ
Pawprint,,,,10 胡蜂##arena10,10 ヴェスパ##arena10
Pawprint,Captured,,,10. 奇美拉,10. キマイラ
Pawprint,Captured,,,10道具 · 不使用,10アイテム · 不使用
Pawprint,,,,11 バザード##arena11###11 兀鹫##arena11,11 ヴァルチャー##arena11###11 兀鹫##arena11
Pawprint,AssociatedWindowCapture,,,11 兀鹫,11 ヴァルチャー
Pawprint,,,,11 兀鹫##arena11,11 ヴァルチャー##arena11
Pawprint,Captured,,,11 兀鹫（未编入）,11 ヴァルチャー（未編入）
Pawprint,,,,11 筑巢秃鹫##monster11,11 ネストバザード##monster11
Pawprint,Captured,,,11. 灵蚁,11. アントリング
Pawprint,,,,12 マンドラゴラ##arena12###12 蔓德拉##arena12,12 マンドラゴラ##arena12###12 蔓德拉##arena12
Pawprint,,,,12 小蔓德拉##monster12,12 マンドラゴラ##monster12
Pawprint,AssociatedWindowCapture,,,12 蔓德拉,12 マンドラゴラ
Pawprint,,,,12 蔓德拉##arena12,12 マンドラゴラ##arena12
Pawprint,Captured,,,12 蔓德拉（未编入）,12 マンドラゴラ（未編入）
Pawprint,Captured,,,12. 树精,12. トレント
Pawprint,,,,13 ゲシュンペスト##arena13###13 死魂##arena13,13 ゲシュンペスト##arena13###13 死魂##arena13
Pawprint,AssociatedWindowCapture,,,13 死魂,13 ゲシュンペスト
Pawprint,,,,13 死魂##arena13,13 ゲシュンペスト##arena13
Pawprint,,,,13 死魂##monster13,13 ゲシュンペスト##monster13
Pawprint,Captured,,,13 死魂（未编入）,13 ゲシュンペスト（未編入）
Pawprint,,,,14 ヤーゾン##arena14###14 跳蜥##arena14,14 プーク##arena14###14 跳蜥##arena14
Pawprint,AssociatedWindowCapture,,,14 跳蜥,14 プーク
Pawprint,,,,14 跳蜥##arena14,14 プーク##arena14
Pawprint,,,,14 跳蜥幼体##monster14,14 ヤーゾン##monster14
Pawprint,Captured,,,14 跳蜥（未编入）,14 プーク（未編入）
Pawprint,,,,143 / 143 件,143／143 件
Pawprint,,,,143／143 件,143／143 件
Pawprint,,,,15 シェルクラブ##arena15###15 壳蟹##arena15,15 クラブ##arena15###15 壳蟹##arena15
Pawprint,AssociatedWindowCapture,,,15 壳蟹,15 クラブ
Pawprint,,,,15 壳蟹##arena15,15 クラブ##arena15
Pawprint,Captured,,,15 壳蟹（未编入）,15 クラブ（未編入）
Pawprint,,,,15 薄壳蟹##monster15,15 シェルクラブ##monster15
Pawprint,,,,16 マンティス##arena16###16 螳螂##arena16,16 マンティス##arena16###16 螳螂##arena16
Pawprint,AssociatedWindowCapture,,,16 螳螂,16 マンティス
Pawprint,,,,16 螳螂##arena16,16 マンティス##arena16
Pawprint,,,,16 螳螂杀手##monster16,16 マンティス##monster16
Pawprint,,,,17 スライム##arena17###17 粘液怪##arena17,17 スライム##arena17###17 粘液怪##arena17
Pawprint,,,,17 怒水腐液##monster17,17 スライム##monster17
Pawprint,AssociatedWindowCapture,,,17 粘液怪,17 スライム
Pawprint,,,,17 粘液怪##arena17,17 スライム##arena17
Pawprint,Captured,,,17 粘液怪（未编入）,17 スライム（未編入）
Pawprint,,,,18 ヘッドレス##arena18###18 无头骑士##arena18,18 デュラハン##arena18###18 无头骑士##arena18
Pawprint,,,,18 无头教练##monster18,18 ヘッドレス##monster18
Pawprint,AssociatedWindowCapture,,,18 无头骑士,18 デュラハン
Pawprint,,,,18 无头骑士##arena18,18 デュラハン##arena18
Pawprint,Captured,,,18 无头骑士（未编入）,18 デュラハン（未編入）
Pawprint,,,,19 バット##arena19###19 蝙蝠##arena19,19 バット##arena19###19 蝙蝠##arena19
Pawprint,,,,19 洞穴蝙蝠##monster19,19 ケイブバット##monster19
Pawprint,AssociatedWindowCapture,,,19 蝙蝠,19 バット
Pawprint,,,,19 蝙蝠##arena19,19 バット##arena19
Pawprint,Captured,,,19 蝙蝠（未编入）,19 バット（未編入）
Pawprint,AssociatedWindowCapture2,,,1番,1番
Pawprint,,,,2  库西,2  クーシー
Pawprint,Captured,,,2  渡渡鸟,2  ドードー
Pawprint,,,,2  胡蜂,2  ヴェスパ
Pawprint,,,,2  蜂鸟,2  コリブリ
Pawprint,Captured,,,2  螳螂,2  マンティス
Pawprint,Captured,,,2  陆鱼,2  プギル
Pawprint,AssociatedWindowCapture,,,2 号,2 号
Pawprint,DLLSourceScan,,,2 号魔兽,ペット2
Pawprint,DLLSourceScan,,,2 号魔獣,ペット2
Pawprint,,,,2. 库西,2. クーシー
Pawprint,,,,2. 胡蜂,2. ヴェスパ
Pawprint,Captured,,,2. 螳螂,2. マンティス
Pawprint,,,,20 フライトラップ##arena20###20 陷阱草##arena20,20 フライングトラップ##arena20###20 陷阱草##arena20
Pawprint,,,,20 小红花##monster20,20 フライトラップ##monster20
Pawprint,AssociatedWindowCapture,,,20 陷阱草,20 フライングトラップ
Pawprint,,,,20 陷阱草##arena20,20 フライングトラップ##arena20
Pawprint,Captured,,,20 陷阱草（未编入）,20 フライングトラップ（未編入）
Pawprint,,,,203 / 203 件,203／203 件
Pawprint,,,,203／203 件,203／203 件
Pawprint,,,,21 ジズ##arena21###21 席兹##arena21,21 ジズ##arena21###21 席兹##arena21
Pawprint,AssociatedWindowCapture,,,21 席兹,21 ジズ
Pawprint,,,,21 席兹##arena21,21 ジズ##arena21
Pawprint,Captured,,,21 席兹（未编入）,21 ジズ（未編入）
Pawprint,,,,21 罗斯利特鹈鹕##monster21,21 ジズ##monster21
Pawprint,,,,22 サボテンダー##arena22###22 仙人刺##arena22,22 サボテンダー##arena22###22 仙人刺##arena22
Pawprint,AssociatedWindowCapture,,,22 仙人刺,22 サボテンダー
Pawprint,,,,22 仙人刺##arena22,22 サボテンダー##arena22
Pawprint,Captured,,,22 仙人刺（未编入）,22 サボテンダー（未編入）
Pawprint,,,,22 仙人掌##monster22,22 サボテンダー##monster22
Pawprint,,,,23 ゴーレム##arena23###23 巨像##arena23,23 ゴーレム##arena23###23 巨像##arena23
Pawprint,AssociatedWindowCapture,,,23 巨像,23 ゴーレム
Pawprint,,,,23 巨像##arena23,23 ゴーレム##arena23
Pawprint,Captured,,,23 巨像（未编入）,23 ゴーレム（未編入）
Pawprint,,,,23 砂石巨像##monster23,23 ゴーレム##monster23
Pawprint,,,,24 アプカル##arena24###24 碧企鹅##arena24,24 アプカル##arena24###24 碧企鹅##arena24
Pawprint,AssociatedWindowCapture,,,24 碧企鹅,24 アプカル
Pawprint,,,,24 碧企鹅##arena24,24 アプカル##arena24
Pawprint,,,,24 碧企鹅##monster24,24 アプカル##monster24
Pawprint,Captured,,,24 碧企鹅（未编入）,24 アプカル（未編入）
Pawprint,,,,25 アダマンタス##arena25###25 精金龟##arena25,25 アダマンタス##arena25###25 精金龟##arena25
Pawprint,,,,25 巨龟##monster25,25 アダマンタス##monster25
Pawprint,AssociatedWindowCapture,,,25 精金龟,25 アダマンタス
Pawprint,,,,25 精金龟##arena25,25 アダマンタス##arena25
Pawprint,Captured,,,25 精金龟（未编入）,25 アダマンタス（未編入）
Pawprint,,,,26 オーロックス##arena26###26 大水牛##arena26,26 バッファロー##arena26###26 大水牛##arena26
Pawprint,AssociatedWindowCapture,,,26 大水牛,26 バッファロー
Pawprint,,,,26 大水牛##arena26,26 バッファロー##arena26
Pawprint,Captured,,,26 大水牛（未编入）,26 バッファロー（未編入）
Pawprint,,,,26 负伤原牛##monster26,26 オーロックス##monster26
Pawprint,,,,27 アンモナイト##arena27###27 乌菊石##arena27,27 ウラグナイト##arena27###27 乌菊石##arena27
Pawprint,AssociatedWindowCapture,,,27 乌菊石,27 ウラグナイト
Pawprint,,,,27 乌菊石##arena27,27 ウラグナイト##arena27
Pawprint,Captured,,,27 乌菊石（未编入）,27 ウラグナイト（未編入）
Pawprint,,,,27 船菊石##monster27,27 アンモナイト##monster27
Pawprint,,,,28 サンドウォーム##arena28###28 巨虫##arena28,28 ジャイアントウォーム##arena28###28 巨虫##arena28
Pawprint,AssociatedWindowCapture,,,28 巨虫,28 ジャイアントウォーム
Pawprint,,,,28 巨虫##arena28,28 ジャイアントウォーム##arena28
Pawprint,Captured,,,28 巨虫（未编入）,28 ジャイアントウォーム（未編入）
Pawprint,,,,28 沙地巨虫##monster28,28 サンドウォーム##monster28
Pawprint,,,,29 スプリガン##arena29###29 魔石精##arena29,29 スプリガン##arena29###29 魔石精##arena29
Pawprint,,,,29 盗墓魔石精##monster29,29 スプリガン##monster29
Pawprint,AssociatedWindowCapture,,,29 魔石精,29 スプリガン
Pawprint,,,,29 魔石精##arena29,29 スプリガン##arena29
Pawprint,Captured,,,29 魔石精（未编入）,29 スプリガン（未編入）
Pawprint,AssociatedWindowCapture2,,,2番,2番
Pawprint,Captured,,,3  奇美拉,3  キマイラ
Pawprint,Captured,,,3  幽灵,3  ゴースト
Pawprint,Captured,,,3  松鼠,3  スクウィレル
Pawprint,Captured,,,3  树精,3  トレント
Pawprint,Captured,,,3  灯心蜻蛉,3  ダムゼルフライ
Pawprint,Captured,,,3  矿爬虫,3  コブラン
Pawprint,,,,3  胡蜂,3  ヴェスパ
Pawprint,,,,3  蜂鸟,3  コリブリ
Pawprint,AssociatedWindowCapture,,,3 号,3 号
Pawprint,DLLSourceScan,,,3 号魔兽,ペット3
Pawprint,DLLSourceScan,,,3 号魔獣,ペット3
Pawprint,Captured,,,3. 灯心蜻蛉,3. ダムゼルフライ
Pawprint,,,,3. 胡蜂,3. ヴェスパ
Pawprint,,,,3. 蜂鸟,3. コリブリ
Pawprint,,,,30 グゥーブー##arena30###30 古菩猩猩##arena30,30 グゥーブー##arena30###30 古菩猩猩##arena30
Pawprint,AssociatedWindowCapture,,,30 古菩猩猩,30 グゥーブー
Pawprint,,,,30 古菩猩猩##arena30,30 グゥーブー##arena30
Pawprint,Captured,,,30 古菩猩猩（未编入）,30 グゥーブー（未編入）
Pawprint,,,,30 无苔古菩猩猩##monster30,30 グゥーブー##monster30
Pawprint,,,,31 ギガントード##arena31###31 巨蟾蜍##arena31,31 ギガントード##arena31###31 巨蟾蜍##arena31
Pawprint,AssociatedWindowCapture,,,31 巨蟾蜍,31 ギガントード
Pawprint,,,,31 巨蟾蜍##arena31,31 ギガントード##arena31
Pawprint,Captured,,,31 巨蟾蜍（未编入）,31 ギガントード（未編入）
Pawprint,,,,31 沙蟾蜍##monster31,31 ギガントード##monster31
Pawprint,,,,32 ハミングバード##arena32###32 蜂鸟##arena32,32 コリブリ##arena32###32 蜂鸟##arena32
Pawprint,AssociatedWindowCapture,,,32 蜂鸟,32 コリブリ
Pawprint,,,,32 蜂鸟##arena32,32 コリブリ##arena32
Pawprint,,,,32 蜂鸟##monster32,32 コリブリ##monster32
Pawprint,Captured,,,32 蜂鸟（未编入）,32 コリブリ（未編入）
Pawprint,,,,33 クァール##arena33###33 长须豹##arena33,33 クァール##arena33###33 长须豹##arena33
Pawprint,AssociatedWindowCapture,,,33 长须豹,33 クァール
Pawprint,,,,33 长须豹##arena33,33 クァール##arena33
Pawprint,,,,33 长须豹##monster33,33 クァール##monster33
Pawprint,Captured,,,33 长须豹（未编入）,33 クァール（未編入）
Pawprint,,,,34 ラプトル##arena34###34 盗龙##arena34,34 ラプトル##arena34###34 盗龙##arena34
Pawprint,,,,34 森疾龙##monster34,34 ラプトル##monster34
Pawprint,AssociatedWindowCapture,,,34 盗龙,34 ラプトル
Pawprint,,,,34 盗龙##arena34,34 ラプトル##arena34
Pawprint,Captured,,,34 盗龙（未编入）,34 ラプトル（未編入）
Pawprint,,,,35 サンドレイク##arena35###35 烈阳火蛟##arena35,35 ドレイク##arena35###35 烈阳火蛟##arena35
Pawprint,AssociatedWindowCapture,,,35 烈阳火蛟,35 ドレイク
Pawprint,,,,35 烈阳火蛟##arena35,35 ドレイク##arena35
Pawprint,,,,35 烈阳火蛟##monster35,35 ドレイク##monster35
Pawprint,Captured,,,35 烈阳火蛟（未编入）,35 ドレイク（未編入）
Pawprint,,,,36 トレント##arena36###36 树精##arena36,36 トレント##arena36###36 树精##arena36
Pawprint,,,,36 幼体树精##monster36,36 トレント##monster36
Pawprint,AssociatedWindowCapture,,,36 树精,36 トレント
Pawprint,,,,36 树精##arena36,36 トレント##arena36
Pawprint,,,,37 アントリング##arena37###37 灵蚁##arena37,37 アントリング##arena37###37 灵蚁##arena37
Pawprint,AssociatedWindowCapture,,,37 灵蚁,37 アントリング
Pawprint,,,,37 灵蚁##arena37,37 アントリング##arena37
Pawprint,,,,37 灵蚁禁军士兵 / 灵蚁禁军警卫##monster37,37 アントリング兵 / アントリング警備兵##monster37
Pawprint,,,,38 キマイラ##arena38###38 奇美拉##arena38,38 キマイラ##arena38###38 奇美拉##arena38
Pawprint,AssociatedWindowCapture,,,38 奇美拉,38 キマイラ
Pawprint,,,,38 奇美拉##arena38,38 キマイラ##arena38
Pawprint,,,,38 奇美拉##monster38,38 キマイラ##monster38
Pawprint,,,,39 モルボル##arena39###39 魔界花##arena39,39 モルボル##arena39###39 魔界花##arena39
Pawprint,,,,39 套索花##monster39,39 モルボル##monster39
Pawprint,AssociatedWindowCapture,,,39 魔界花,39 モルボル
Pawprint,,,,39 魔界花##arena39,39 モルボル##arena39
Pawprint,AssociatedWindowCapture2,,,3番,3番
Pawprint,Captured,,,4. 祖,4. ズー
Pawprint,,,,40 ゴースト##arena40###40 幽灵##arena40,40 ゴースト##arena40###40 幽灵##arena40
Pawprint,,,,40 妖魂##monster40,40 ゴースト##monster40
Pawprint,AssociatedWindowCapture,,,40 幽灵,40 ゴースト
Pawprint,,,,40 幽灵##arena40,40 ゴースト##arena40
Pawprint,,,,41 サラマンダー##arena41###41 蝾螈##arena41,41 サラマンダー##arena41###41 蝾螈##arena41
Pawprint,,,,41 深黑水蜥##monster41,41 サラマンダー##monster41
Pawprint,AssociatedWindowCapture,,,41 蝾螈,41 サラマンダー
Pawprint,,,,41 蝾螈##arena41,41 サラマンダー##arena41
Pawprint,,,,42 コブラ##arena42###42 眼镜蛇##arena42,42 コブラ##arena42###42 眼镜蛇##arena42
Pawprint,,,,42 湖畔眼镜蛇##monster42,42 コブラ##monster42
Pawprint,AssociatedWindowCapture,,,42 眼镜蛇,42 コブラ
Pawprint,,,,42 眼镜蛇##arena42,42 コブラ##arena42
Pawprint,,,,43 ハイドラ##arena43###43 海德拉##arena43,43 ハイドラ##arena43###43 海德拉##arena43
Pawprint,AssociatedWindowCapture,,,43 海德拉,43 ハイドラ
Pawprint,,,,43 海德拉##arena43,43 ハイドラ##arena43
Pawprint,,,,43 海德拉##monster43,43 ハイドラ##monster43
Pawprint,,,,44 ダムゼルフライ##arena44###44 灯心蜻蛉##arena44,44 ダムゼルフライ##arena44###44 灯心蜻蛉##arena44
Pawprint,AssociatedWindowCapture,,,44 灯心蜻蛉,44 ダムゼルフライ
Pawprint,,,,44 灯心蜻蛉##arena44,44 ダムゼルフライ##arena44
Pawprint,,,,44 虻蜻蜓##monster44,44 ダムゼルフライ##monster44
Pawprint,AssociatedWindowCapture,,,45 腐坏古菩猩猩,45 ロッティンググゥーブー
Pawprint,,,,45 腐坏古菩猩猩##arena45,45 ロッティンググゥーブー##arena45
Pawprint,Captured,,,45 腐坏古菩猩猩（未编入）,45 ロッティンググゥーブー（未編入）
Pawprint,,,,45 腐坏贪吃鬼##monster45,45 グラットン##monster45
Pawprint,,,,46 ズー##arena46###46 祖##arena46,46 ズー##arena46###46 祖##arena46
Pawprint,AssociatedWindowCapture,,,46 祖,46 ズー
Pawprint,,,,46 祖##arena46,46 ズー##arena46
Pawprint,,,,46 祖##monster46,46 ズー##monster46
Pawprint,,,,47 冰锥万迪尔##monster47,47 ヴァンディル##monster47
Pawprint,AssociatedWindowCapture,,,47 寒冰巨像,47 アイスゴーレム
Pawprint,,,,47 寒冰巨像##arena47,47 アイスゴーレム##arena47
Pawprint,Captured,,,47 寒冰巨像（未编入）,47 アイスゴーレム（未編入）
Pawprint,AssociatedWindowCapture,,,48 真红龙虾,48 カーラボス
Pawprint,,,,48 真红龙虾##arena48,48 カーラボス##arena48
Pawprint,,,,48 真红龙虾##monster48,48 カーラボス##monster48
Pawprint,Captured,,,48 真红龙虾（未编入）,48 カーラボス（未編入）
Pawprint,AssociatedWindowCapture,,,49 大王花,49 ラフレシア
Pawprint,,,,49 大王花##arena49,49 ラフレシア##arena49
Pawprint,,,,49 大王花##monster49,49 ラフレシア##monster49
Pawprint,Captured,,,49 大王花（未编入）,49 ラフレシア（未編入）
Pawprint,DLLSourceScan,,,49、50 所在多人副本暂不支持,49・50のマルチコンテンツには現在対応していません
Pawprint,Captured,,,5. 海德拉,5. ハイドラ
Pawprint,AssociatedWindowCapture,,,50 贝希摩斯,50 ベヒーモス
Pawprint,,,,50 贝希摩斯##arena50,50 ベヒーモス##arena50
Pawprint,,,,50 贝希摩斯王##monster50,50 キングベヒーモス##monster50
Pawprint,Captured,,,50 贝希摩斯（未编入）,50 ベヒーモス（未編入）
Pawprint,Captured,,,6. 眼镜蛇,6. コブラ
Pawprint,,,,7 / 7 件,7／7 件
Pawprint,Captured,,,7. 蝾螈,7. サラマンダー
Pawprint,,,,7／7 件,7／7 件
Pawprint,Captured,,,8. 幽灵,8. ゴースト
Pawprint,Captured,,,9. 魔界花,9. モルボル
Pawprint,DLLSourceScan,,,A · 优先,A · 優先
Pawprint,MixedTooltipFix,,,A · 優先,A · 優先
Pawprint,DLLSourceScan,,,AI 移动接口已就绪,AI移動インターフェース準備完了
Pawprint,DLLSourceScan,,,Arena rule: /pr hotkey 最后一击,闘獣練ルール：/pr hotkey 最后一击
Pawprint,,,,AutoDuty · IPC 不可用或版本不匹配：IpcNotReadyError,AutoDuty · IPCが利用できないか、バージョンが一致しません：IpcNotReadyError
Pawprint,MixedTooltipFix,,,AutoDuty · 必要時 · 準備完了,AutoDuty · 必要時 · 準備完了
Pawprint,Captured,,,AutoDuty · 必要時使用 · 準備完了,AutoDuty · 必要時使用 · 準備完了
Pawprint,Captured,,,AutoDuty · 按需 · 已就绪,AutoDuty · 必要時使用 · 準備完了
Pawprint,,,,AutoDuty · 按需 · 待配置,AutoDuty · 必要時使用 · 未設定
Pawprint,Captured,,,AutoDuty · 运行：False；已停止：True,AutoDuty · 実行中：False／停止済み：True
Pawprint,DLLSourceScan,,,AutoDuty 副本捕猎已关闭,AutoDutyのコンテンツ捕獲は無効です
Pawprint,DLLSourceScan,,,AutoDuty 捕获配置仍被占用,AutoDutyの捕獲設定がまだ使用中です
Pawprint,DLLSourceScan,,,AutoDuty 未就绪或没有该副本路线，请先在 AutoDuty 中配置,AutoDutyの準備ができていないか、対象コンテンツのルートがありません。先にAutoDutyで設定してください
Pawprint,DLLSourceScan,,,B · 替补,B · 予備
Pawprint,MixedTooltipFix,,,B · 補欠,B · 補欠
Pawprint,DLLSourceScan,,,BossMod AI 已在外部改变，任务已停止,BossMod AIが外部で変更されたため、タスクを停止しました
Pawprint,DLLSourceScan,,,BossMod AI 已在运行，请先关闭后启动 Pawprint 任务,BossMod AIがすでに実行中です。停止してからPawprintのタスクを開始してください
Pawprint,DLLSourceScan,,,BossMod AI 未启动,BossMod AIが起動していません
Pawprint,DLLSourceScan,,,BossMod AI 未能停止,BossMod AIを停止できませんでした
Pawprint,,,,BossMod · IPC 不可用或版本不匹配：IpcNotReadyError,BossMod · IPCが利用できないか、バージョンが一致しません：IpcNotReadyError
Pawprint,Captured,,,BossMod · 当前预设：无（或多个）,BossMod · 現在のプリセット：なし（または複数）
Pawprint,DLLSource,,,BossMod · 必需 · 待配置,BossMod · 必須 · 未設定
Pawprint,DLLSourceScan,,,BossMod 不支持设置 ,BossModで未対応の設定：
Pawprint,DLLSourceScan,,,BossMod 外部预设恢复失败,BossModの外部プリセットを復元できませんでした
Pawprint,DLLSourceScan,,,BossMod 无法设置 ,BossModで設定できません：
Pawprint,DLLSourceScan,,,BossMod 配置接口读取 ,BossModの設定インターフェース読み込み：
Pawprint,,,,BossModReborn,BossModReborn
Pawprint,DLLSource,,,BossModReborn · 必需 · 已就绪,BossModReborn · 必須 · 準備完了
Pawprint,,,,BossModReborn · 必需 · 待配置,BossModReborn · 必須 · 未設定
Pawprint,AssociatedWindowCapture2,,,BossModReborn · 必需 · 检测失败,BossModReborn · 必須 · 検出失敗
Pawprint,FullCaptureReview,,,BossModReborn · 必須 · 検出失敗,BossModReborn · 必須 · 検出失敗
Pawprint,DLLSourceScan,,,ContextMenu/清空整个队伍,ContextMenu／パーティをすべて解除
Pawprint,Capture0923,,,f1b1,f1b1
Pawprint,DLLSourceScan,,,IPC 不可用或版本不匹配：,IPCが利用できないか、バージョンが一致しません：
Pawprint,DLLSourceScan,,,IPC 可用，当前网格未就绪,IPC 利用可能、現在のナビメッシュ未準備
Pawprint,Capture0923,,,l1r1,l1r1
Pawprint,,,,Lifestream · 必需 · 已就绪,Lifestream · 必須 · 準備完了
Pawprint,,,,Lifestream · 必須 · 準備完了,Lifestream · 必須 · 準備完了
Pawprint,,,,Lifestream · 移動処理実行中：False,Lifestream · 移動処理実行中：False
Pawprint,,,,Lifestream · 行程运行：False,Lifestream · 移動処理実行中：False
Pawprint,DLLSourceScan,,,Lifestream 正在执行其他行程,Lifestreamが別の移動処理を実行中です
Pawprint,DLLSourceScan,,,Lifestream 正在执行其他行程，请等待结束。,Lifestreamが別の移動処理を実行中です。完了まで待ってください。
Pawprint,,,,OMNI · 未認証,OMNI · 未認証
Pawprint,,,,OMNI · 未认证,OMNI · 未認証
Pawprint,DLLSourceScan,,,Omni 尚未允许此版本接入，请联系发布者,Omniではこのバージョンの接続がまだ許可されていません。配布者に連絡してください
Pawprint,DLLSourceScan,,,Omni 已授权,Omni 認証済み
Pawprint,DLLSourceScan,,,Omni 已授权 · 永久,Omni 認証済み · 無期限
Pawprint,DLLSourceScan,,,Omni 已授权 · 至 ,Omni 認証済み · 期限：
Pawprint,DLLSourceScan,,,Omni 授权受限,Omni認証が制限されています
Pawprint,DLLSourceScan,,,Omni 授权已到期,Omni認証の有効期限が切れています
Pawprint,DLLSourceScan,,,Omni 授权已撤销,Omni認証が取り消されています
Pawprint,DLLSourceScan,,,Omni 接口凭据被拒绝，请联系发布者,Omniインターフェースの認証情報が拒否されました。配布者へ連絡してください
Pawprint,DLLSourceScan,,,Omni 接口版本不兼容，请联系发布者,Omniのインターフェースバージョンに互換性がありません。配布者に連絡してください
Pawprint,DLLSourceScan,,,Omni 连接配置缺失，请联系发布者,Omniの接続設定がありません。配布者に連絡してください
Pawprint,Captured,,,Omni 验证中,Omni 認証中
Pawprint,DLLSourceScan,,,Omni 验证服务暂时不可用,Omni認証サービスは一時的に利用できません
Pawprint,DLLSourceScan,,,Omni 验证未完成，请重新加载插件或联系发布者,Omni認証が完了していません。プラグインを再読み込みするか、配布者へ連絡してください
Pawprint,Captured,,,Pawprint 0.5.12,Pawprint 0.5.12
Pawprint,,,,Pawprint 0.5.14,Pawprint 0.5.14
Pawprint,,,,PR · XSZYYS ACR,PR · XSZYYS ACR
Pawprint,DLLSourceScan,,,PR 启停接口未就绪,PRの開始／停止インターフェースが準備できていません
Pawprint,DLLSourceScan,,,PR 命令接口未就绪,PR コマンドインターフェース未準備
Pawprint,DLLSourceScan,,,PR 已切换 ACR，任务已停止,PRのACRが切り替わったため、タスクを停止しました
Pawprint,DLLSourceScan,,,PR 已重载，任务已停止,PRが再読み込みされたため、タスクを停止しました
Pawprint,DLLSourceScan,,,PR 未在运行,PRは実行されていません
Pawprint,DLLSourceScan,,,PR 未接受捕捉模式命令,PRが捕獲モードのコマンドを受け付けませんでした
Pawprint,DLLSourceScan,,,PR 未接受最后一击命令,PRがさいごのいちげきコマンドを受け付けませんでした
Pawprint,DLLSourceScan,,,PR 未接受起手命令,PRが開幕処理コマンドを受け付けませんでした
Pawprint,DLLSourceScan,,,PR 未接受驯兽师助手起手命令,PRが魔獣使いアシスタントの開幕処理コマンドを受け付けませんでした
Pawprint,DLLSourceScan,,,PR 未能停止,PRを停止できませんでした
Pawprint,DLLSourceScan,,,PR 未能启动，请检查验证状态和当前 ACR,PRを開始できません。認証状態と現在のACRを確認してください
Pawprint,DLLSourceScan,,,PR 正在运行，请停止 PR 或在插件配置选择 PR ACR,PRが実行中です。PRを停止するか、プラグイン設定でPR ACRを選択してください
Pawprint,DLLSourceScan,,,PR 缺少设置：,PRで不足している設定：
Pawprint,DLLSourceScan,,,PR 设置读取接口不兼容,PRの設定読み込みインターフェースに互換性がありません
Pawprint,Captured,,,Prome GreenMove · IPC 不可用或版本不匹配：IpcNotReadyError,Prome GreenMove · IPCが利用できないか、バージョンが一致しません：IpcNotReadyError
Pawprint,,,,Prome GreenMove · 移动运行：False,Prome GreenMove · 移動処理実行中：False
Pawprint,Captured,,,PromeRotation · IPC 不可用或版本不匹配：IpcNotReadyError,PromeRotation · IPCが利用できないか、バージョンが一致しません：IpcNotReadyError
Pawprint,,,,PromeRotation · 循环运行：False；ACR：,PromeRotation · ローテーション実行中：False；ACR：
Pawprint,MixedTooltipFix,,,PromeRotation · 必需 · 待配置,PromeRotation · 必須 · 未設定
Pawprint,,,,PromeRotation · 必需 · 检测失败,PromeRotation · 必須 · 検出失敗
Pawprint,DLLSourceScan,,,PromeRotation 尚未加载,PromeRotationがまだロードされていません
Pawprint,DLLSourceScan,,,PR最后一击,PR「さいごのいちげき」
Pawprint,,,,vnavmesh · ナビメッシュ準備完了,vnavmesh · ナビメッシュ準備完了
Pawprint,,,,vnavmesh · 必需 · 已就绪,vnavmesh · 必須 · 準備完了
Pawprint,,,,vnavmesh · 必須 · 準備完了,vnavmesh · 必須 · 準備完了
Pawprint,,,,vnavmesh · 网格就绪,vnavmesh · ナビメッシュ準備完了
Pawprint,DLLSourceScan,,,vnavmesh 正在执行其他路径,vnavmeshが別の経路を実行中です
Pawprint,DLLSourceScan,,,vnavmesh 正在执行其他路径，请等待结束。,vnavmeshが別の経路を実行中です。完了まで待ってください。
Pawprint,DLLSourceScan,,,XSZYYS 与捕捉模式已就绪,XSZYYSと捕獲モードの準備ができました
Pawprint,DLLSourceScan,,,XSZYYS 驯兽师 ACR,XSZYYS 魔獣使い ACR
Pawprint,Captured,,,≡ 1级完美食事,≡ パーフェクトフィードG1
Pawprint,,,,≡ 1级完美食料,≡ パーフェクトフィードG1
Pawprint,,,,≡ 1级魔兽复活药,≡ ビーストリレイザーG1
Pawprint,,,,≡ 1级魔兽恢复药,≡ ビーストポーションG1
Pawprint,,,,≡ 1级魔兽抗失明药,≡ 魔獣の抗暗闇薬G1
Pawprint,,,,≡ 1级魔兽抗毒药,≡ 魔獣の抗毒薬G1
Pawprint,,,,≡ 1级魔兽抗睡眠药,≡ 魔獣の抗睡眠薬G1
Pawprint,,,,≡ 1级魔兽抗石化药,≡ 魔獣の抗石化薬G1
Pawprint,,,,≡ 1级魔兽抗麻痹药,≡ 魔獣の抗麻痺薬G1
Pawprint,,,,≡ 1级魔兽耐冰药,≡ 魔獣の耐氷薬G1
Pawprint,,,,≡ 1级魔兽耐土药,≡ 魔獣の耐地薬G1
Pawprint,,,,≡ 1级魔兽耐水药,≡ 魔獣の耐水薬G1
Pawprint,,,,≡ 1级魔兽耐火药,≡ 魔獣の耐火薬G1
Pawprint,,,,≡ 1级魔兽耐雷药,≡ 魔獣の耐雷薬G1
Pawprint,,,,≡ 1级魔兽耐风药,≡ 魔獣の耐風薬G1
Pawprint,,,,≡ 1级魔兽药粉,≡ ビーストパウダーG1
Pawprint,Captured,,,≡ 1级魔獣复活药,≡ ビーストリレイザーG1
Pawprint,Captured,,,≡ 1级魔獣恢复药,≡ ビーストポーションG1
Pawprint,Captured,,,≡ 1级魔獣抗失明药,≡ 魔獣の抗暗闇薬G1
Pawprint,Captured,,,≡ 1级魔獣抗毒药,≡ 魔獣の抗毒薬G1
Pawprint,Captured,,,≡ 1级魔獣抗睡眠药,≡ 魔獣の抗睡眠薬G1
Pawprint,Captured,,,≡ 1级魔獣抗石化药,≡ 魔獣の抗石化薬G1
Pawprint,Captured,,,≡ 1级魔獣抗麻痹药,≡ 魔獣の抗麻痺薬G1
Pawprint,Captured,,,≡ 1级魔獣耐冰药,≡ 魔獣の耐氷薬G1
Pawprint,Captured,,,≡ 1级魔獣耐土药,≡ 魔獣の耐地薬G1
Pawprint,Captured,,,≡ 1级魔獣耐水药,≡ 魔獣の耐水薬G1
Pawprint,Captured,,,≡ 1级魔獣耐火药,≡ 魔獣の耐火薬G1
Pawprint,Captured,,,≡ 1级魔獣耐雷药,≡ 魔獣の耐雷薬G1
Pawprint,Captured,,,≡ 1级魔獣耐风药,≡ 魔獣の耐風薬G1
Pawprint,Captured,,,≡ 1级魔獣药粉,≡ ビーストパウダーG1
Pawprint,Captured,,,≡ 2级完美食事,≡ パーフェクトフィードG2
Pawprint,,,,≡ 2级完美食料,≡ パーフェクトフィードG2
Pawprint,,,,≡ 2级魔兽复活药,≡ ビーストリレイザーG2
Pawprint,,,,≡ 2级魔兽恢复药,≡ ビーストポーションG2
Pawprint,,,,≡ 2级魔兽抗失明药,≡ 魔獣の抗暗闇薬G2
Pawprint,,,,≡ 2级魔兽抗毒药,≡ 魔獣の抗毒薬G2
Pawprint,,,,≡ 2级魔兽抗睡眠药,≡ 魔獣の抗睡眠薬G2
Pawprint,,,,≡ 2级魔兽抗石化药,≡ 魔獣の抗石化薬G2
Pawprint,,,,≡ 2级魔兽抗麻痹药,≡ 魔獣の抗麻痺薬G2
Pawprint,,,,≡ 2级魔兽耐冰药,≡ 魔獣の耐氷薬G2
Pawprint,,,,≡ 2级魔兽耐土药,≡ 魔獣の耐地薬G2
Pawprint,,,,≡ 2级魔兽耐水药,≡ 魔獣の耐水薬G2
Pawprint,,,,≡ 2级魔兽耐火药,≡ 魔獣の耐火薬G2
Pawprint,,,,≡ 2级魔兽耐雷药,≡ 魔獣の耐雷薬G2
Pawprint,,,,≡ 2级魔兽耐风药,≡ 魔獣の耐風薬G2
Pawprint,,,,≡ 2级魔兽药粉,≡ ビーストパウダーG2
Pawprint,Captured,,,≡ 2级魔獣复活药,≡ ビーストリレイザーG2
Pawprint,Captured,,,≡ 2级魔獣恢复药,≡ ビーストポーションG2
Pawprint,Captured,,,≡ 2级魔獣抗失明药,≡ 魔獣の抗暗闇薬G2
Pawprint,Captured,,,≡ 2级魔獣抗毒药,≡ 魔獣の抗毒薬G2
Pawprint,Captured,,,≡ 2级魔獣抗睡眠药,≡ 魔獣の抗睡眠薬G2
Pawprint,Captured,,,≡ 2级魔獣抗石化药,≡ 魔獣の抗石化薬G2
Pawprint,Captured,,,≡ 2级魔獣抗麻痹药,≡ 魔獣の抗麻痺薬G2
Pawprint,Captured,,,≡ 2级魔獣耐冰药,≡ 魔獣の耐氷薬G2
Pawprint,Captured,,,≡ 2级魔獣耐土药,≡ 魔獣の耐地薬G2
Pawprint,Captured,,,≡ 2级魔獣耐水药,≡ 魔獣の耐水薬G2
Pawprint,Captured,,,≡ 2级魔獣耐火药,≡ 魔獣の耐火薬G2
Pawprint,Captured,,,≡ 2级魔獣耐雷药,≡ 魔獣の耐雷薬G2
Pawprint,Captured,,,≡ 2级魔獣耐风药,≡ 魔獣の耐風薬G2
Pawprint,Captured,,,≡ 2级魔獣药粉,≡ ビーストパウダーG2
Pawprint,,,,≡ 3级魔兽恢复药,≡ ビーストポーションG3
Pawprint,,,,≡ 3级魔兽药粉,≡ ビーストパウダーG3
Pawprint,Captured,,,≡ 3级魔獣恢复药,≡ ビーストポーションG3
Pawprint,Captured,,,≡ 3级魔獣药粉,≡ ビーストパウダーG3
Pawprint,,,,≡ 4级魔兽恢复药,≡ ビーストポーションG4
Pawprint,Captured,,,≡ 4级魔獣恢复药,≡ ビーストポーションG4
Pawprint,,,,≡ 体力腰带,≡ HPベルト
Pawprint,,,,≡ 冰之牙,≡ 氷の牙
Pawprint,,,,≡ 力量护臂,≡ パワーアームガード
Pawprint,,,,≡ 加速腰带,≡ ヘイストベルト
Pawprint,,,,≡ 原力之盾,≡ フォースシールド
Pawprint,,,,≡ 反射之书,≡ リフレクの書
Pawprint,,,,≡ 吸血鬼之牙,≡ 吸血鬼の牙
Pawprint,,,,≡ 商人上衣,≡ 商人の胴衣
Pawprint,,,,≡ 商人之眼,≡ 商人の目
Pawprint,,,,≡ 商人帽子,≡ 商人の帽子
Pawprint,,,,≡ 商人靴,≡ 商人の靴
Pawprint,,,,≡ 回唤兽笛,≡ 呼び戻しの笛
Pawprint,,,,≡ 土之牙,≡ 土の牙
Pawprint,,,,≡ 土地盾,≡ アースシールド
Pawprint,,,,≡ 坚守戒指,≡ 堅守の指輪
Pawprint,,,,≡ 大师盾,≡ マスターシールド
Pawprint,,,,≡ 天使白衣,≡ 天使の白衣
Pawprint,,,,≡ 奇仙子莓奶酪,≡ シム・ベリーチーズ
Pawprint,,,,≡ 奇伞蘑,≡ シム・モリーユ
Pawprint,,,,≡ 奇农家奶酪,≡ シム・コテージチーズ
Pawprint,,,,≡ 奇吐司,≡ シム・トースト
Pawprint,,,,≡ 奇圣水,≡ シム・ホーリーウォーター
Pawprint,,,,≡ 奇奶油奶酪,≡ シム・クリームチーズ
Pawprint,,,,≡ 奇山莓,≡ シム・ベリー
Pawprint,,,,≡ 奇柠檬,≡ シム・レモン
Pawprint,,,,≡ 奇橙汁,≡ シム・オレンジジュース
Pawprint,,,,≡ 奇水,≡ シム・ウォーター
Pawprint,,,,≡ 奇汁液,≡ シム・サップ
Pawprint,,,,≡ 奇沙蚕,≡ シム・ラグワーム
Pawprint,,,,≡ 奇洋葱,≡ シム・オニオン
Pawprint,,,,≡ 奇激昂油,≡ シム・テンションオイル
Pawprint,,,,≡ 奇激昂液,≡ シム・テンションリキッド
Pawprint,,,,≡ 奇炸鱼饼,≡ シム・フィッシュボール
Pawprint,,,,≡ 奇烤串,≡ シム・スキュアー
Pawprint,,,,≡ 奇牛奶,≡ シム・ミルク
Pawprint,,,,≡ 奇牛肝菌,≡ シム・ポルチーニ
Pawprint,,,,≡ 奇牡蛎,≡ シム・オイスター
Pawprint,,,,≡ 奇狼蛛,≡ シム・タランチュラ
Pawprint,,,,≡ 奇玉米面包,≡ シム・コーンブレッド
Pawprint,,,,≡ 奇番茄,≡ シム・トマト
Pawprint,,,,≡ 奇白松露,≡ シム・ホワイトトリュフ
Pawprint,,,,≡ 奇白蝎,≡ シム・ホワイトスコーピオン
Pawprint,,,,≡ 奇百合,≡ シム・リリー
Pawprint,,,,≡ 奇盐,≡ シム・ソルト
Pawprint,,,,≡ 奇神仙鱼,≡ シム・エンジェルフィッシュ
Pawprint,,,,≡ 奇粘液,≡ シム・ミューカス
Pawprint,,,,≡ 奇糖浆,≡ シム・シロップ
Pawprint,,,,≡ 奇红壳蛋,≡ シム・レッドエッグ
Pawprint,,,,≡ 奇肉,≡ シム・ミート
Pawprint,,,,≡ 奇肉排,≡ シム・ステーキ
Pawprint,,,,≡ 奇胡萝卜,≡ シム・カロット
Pawprint,,,,≡ 奇花茶,≡ シム・ハーブティー
Pawprint,,,,≡ 奇莴苣,≡ シム・レタス
Pawprint,,,,≡ 奇菠萝汁,≡ シム・パインジュース
Pawprint,,,,≡ 奇葡萄,≡ シム・グレープ
Pawprint,,,,≡ 奇葡萄汁,≡ シム・グレープジュース
Pawprint,,,,≡ 奇蓝纹奶酪,≡ シム・ブルーチーズ
Pawprint,,,,≡ 奇蘑菇,≡ シム・マッシュルーム
Pawprint,,,,≡ 奇蛋,≡ シム・エッグ
Pawprint,,,,≡ 奇蜂巢,≡ シム・ビーハイブ
Pawprint,,,,≡ 奇蜂蜜,≡ シム・ハニー
Pawprint,,,,≡ 奇酸奶昔,≡ シム・ラッシー
Pawprint,,,,≡ 奇颠茄,≡ シム・ベラドンナ
Pawprint,,,,≡ 奇风茄,≡ シム・マンドレイク
Pawprint,,,,≡ 奇香橙,≡ シム・オレンジ
Pawprint,,,,≡ 奇香蕉,≡ シム・バナナ
Pawprint,,,,≡ 奇高贵鲜血,≡ シム・ノーブルブラッド
Pawprint,,,,≡ 奇鱼籽,≡ シム・フィッシュエッグ
Pawprint,,,,≡ 奇鲜血,≡ シム・ブラッド
Pawprint,,,,≡ 奇鲱鱼,≡ シム・ヘリング
Pawprint,,,,≡ 奇鲽鱼,≡ シム・フロウンダー
Pawprint,,,,≡ 奇鳎,≡ シム・ソール
Pawprint,,,,≡ 奇黄壳蛋,≡ シム・イエローエッグ
Pawprint,,,,≡ 奇黑松露,≡ シム・ブラックトリュフ
Pawprint,,,,≡ 奇黑蝎,≡ シム・ブラックスコーピオン
Pawprint,,,,≡ 女帝飞虫的薄翼发饰,≡ 姫帝羽虫の髪飾り
Pawprint,,,,≡ 寒冰盾,≡ アイスシールド
Pawprint,,,,≡ 幻影背心,≡ ファントムベスト
Pawprint,,,,≡ 忍者手甲,≡ 忍の手甲
Pawprint,,,,≡ 忍者服,≡ 忍の衣
Pawprint,,,,≡ 忍者眼带,≡ 忍の眼帯
Pawprint,,,,≡ 恶魔头盔,≡ デーモンヘルム
Pawprint,,,,≡ 恶魔铠甲,≡ デーモンアーマー
Pawprint,,,,≡ 战士圆盾,≡ ウォリアーシールド
Pawprint,,,,≡ 时之沙,≡ 時の砂
Pawprint,,,,≡ 星之沙,≡ 星の砂
Pawprint,,,,≡ 星极上衣,≡ 星極の胴衣
Pawprint,,,,≡ 星极戒指,≡ 星極の指輪
Pawprint,,,,≡ 星极手镯,≡ 星極の腕輪
Pawprint,,,,≡ 替身戒指,≡ 身代わりの指輪
Pawprint,,,,≡ 死神铠甲,≡ 死神の鎧
Pawprint,,,,≡ 水之牙,≡ 水の牙
Pawprint,,,,≡ 水流盾,≡ ウォーターシールド
Pawprint,,,,≡ 治愈戒指,≡ 癒やしの指輪
Pawprint,,,,≡ 深红缎带,≡ クリムゾンリボン
Pawprint,,,,≡ 源氏之护手,≡ 源氏の小手
Pawprint,,,,≡ 源氏之盾,≡ 源氏の盾
Pawprint,,,,≡ 源氏之铠,≡ 源氏の鎧
Pawprint,,,,≡ 火之牙,≡ 火の牙
Pawprint,,,,≡ 火焰匕首,≡ フレイムダガー
Pawprint,,,,≡ 火焰盾,≡ フレイムシールド
Pawprint,,,,≡ 灵极上衣,≡ 霊極の胴衣
Pawprint,,,,≡ 灵极戒指,≡ 霊極の指輪
Pawprint,,,,≡ 灵极手镯,≡ 霊極の腕輪
Pawprint,,,,≡ 烈风盾,≡ ゲイルシールド
Pawprint,,,,≡ 烈风铠甲,≡ ゲイルアーマー
Pawprint,,,,≡ 烈风面罩,≡ ゲイルマスク
Pawprint,,,,≡ 猛兽短刀,≡ ビーストダガー
Pawprint,,,,≡ 猛兽耳饰,≡ ビーストイヤリング
Pawprint,,,,≡ 猛兽面具,≡ ビーストマスク
Pawprint,,,,≡ 理性之杖,≡ 理性の杖
Pawprint,,,,≡ 盗贼上衣,≡ 盗賊の胴衣
Pawprint,,,,≡ 盗贼之眼,≡ 盗賊の目
Pawprint,,,,≡ 盗贼匕首,≡ 盗賊のナイフ
Pawprint,,,,≡ 盗贼手套,≡ 盗賊の手袋
Pawprint,,,,≡ 盗贼靴,≡ 盗賊の靴
Pawprint,,,,≡ 神秘面纱,≡ 神秘のヴェール
Pawprint,,,,≡ 神秘鞋,≡ 神秘の靴
Pawprint,,,,≡ 秘银护手,≡ ミスリルガントレット
Pawprint,,,,≡ 秘银足铠,≡ ミスリルサバトン
Pawprint,,,,≡ 秘银铠甲,≡ ミスリルアーマー
Pawprint,,,,≡ 绿色贝雷帽,≡ グリーンベレー
Pawprint,,,,≡ 缠冰斧,≡ 氷纏いの斧
Pawprint,,,,≡ 缠土斧,≡ 地纏いの斧
Pawprint,,,,≡ 缠头带,≡ ねじりはちまき
Pawprint,,,,≡ 缠水斧,≡ 水纏いの斧
Pawprint,,,,≡ 缠火斧,≡ 火纏いの斧
Pawprint,,,,≡ 缠雷斧,≡ 雷纏いの斧
Pawprint,,,,≡ 缠风斧,≡ 風纏いの斧
Pawprint,,,,≡ 胆小者的匕首,≡ 臆病者のナイフ
Pawprint,,,,≡ 英雄王冠,≡ 英雄の王冠
Pawprint,,,,≡ 荆棘铠甲,≡ いばらの鎧
Pawprint,,,,≡ 药师腰包,≡ 薬師のカバン
Pawprint,,,,≡ 退魔盾,≡ 退魔の盾
Pawprint,,,,≡ 重斧,≡ ヘヴィアクス
Pawprint,,,,≡ 野生头冠,≡ ワイルドクラウン
Pawprint,,,,≡ 钢刺之书,≡ スチールスティングの書
Pawprint,,,,≡ 钢铁铠甲,≡ 鋼鉄の鎧
Pawprint,,,,≡ 银框眼镜,≡ 銀縁眼鏡
Pawprint,,,,≡ 铸魔之书,≡ スペルフォージの書
Pawprint,,,,≡ 闪躲之书,≡ ブリンクの書
Pawprint,,,,≡ 闪雷斧,≡ サンダーアクス
Pawprint,,,,≡ 闪雷铠,≡ サンダーアーマー
Pawprint,,,,≡ 雷之牙,≡ 雷の牙
Pawprint,,,,≡ 风之牙,≡ 風の牙
Pawprint,,,,≡ 高昂戒指,≡ 高揚の指輪
Pawprint,,,,≡ 魔兽刚力猛药,≡ 魔獣の剛力劇薬
Pawprint,,,,≡ 魔兽刚力药,≡ 魔獣の剛力薬
Pawprint,,,,≡ 魔兽加速药,≡ 魔獣の俊足薬
Pawprint,,,,≡ 魔兽吸血药,≡ 魔獣の吸血薬
Pawprint,,,,≡ 魔兽恢复药套装,≡ ビーストポーションキット
Pawprint,,,,≡ 魔兽敏捷猛药,≡ 魔獣の敏捷劇薬
Pawprint,,,,≡ 魔兽敏捷药,≡ 魔獣の敏捷薬
Pawprint,,,,≡ 魔兽治愈套装,≡ ビーストレメディキット
Pawprint,,,,≡ 魔兽烟雾弹,≡ 魔獣の煙玉
Pawprint,,,,≡ 魔兽特攻猛药,≡ 魔獣の特攻劇薬
Pawprint,,,,≡ 魔兽特攻药,≡ 魔獣の特攻薬
Pawprint,,,,≡ 魔兽眼药,≡ 魔獣の目薬
Pawprint,,,,≡ 魔兽硬肤药,≡ 魔獣の硬皮薬
Pawprint,,,,≡ 魔兽缩时药,≡ 魔獣の短縮薬
Pawprint,,,,≡ 魔兽羽毛,≡ 魔獣の羽根
Pawprint,,,,≡ 魔兽耐力猛药,≡ 魔獣のHP劇薬
Pawprint,,,,≡ 魔兽耐力药,≡ 魔獣のHP薬
Pawprint,,,,≡ 魔兽解毒药,≡ 魔獣の毒消し
Pawprint,,,,≡ 魔兽金针,≡ 魔獣の金針
Pawprint,,,,≡ 魔兽魔力猛药,≡ 魔獣の魔力劇薬
Pawprint,,,,≡ 魔兽魔力药,≡ 魔獣の魔力薬
Pawprint,,,,≡ 魔咒帽子,≡ まじないの帽子
Pawprint,Captured,,,≡ 魔獣刚力猛药,≡ 魔獣の剛力劇薬
Pawprint,Captured,,,≡ 魔獣刚力药,≡ 魔獣の剛力薬
Pawprint,Captured,,,≡ 魔獣加速药,≡ 魔獣の俊足薬
Pawprint,Captured,,,≡ 魔獣吸血药,≡ 魔獣の吸血薬
Pawprint,Captured,,,≡ 魔獣恢复药套装,≡ ビーストポーションキット
Pawprint,Captured,,,≡ 魔獣敏捷猛药,≡ 魔獣の敏捷劇薬
Pawprint,Captured,,,≡ 魔獣敏捷药,≡ 魔獣の敏捷薬
Pawprint,Captured,,,≡ 魔獣治愈套装,≡ ビーストレメディキット
Pawprint,Captured,,,≡ 魔獣烟雾弹,≡ 魔獣の煙玉
Pawprint,Captured,,,≡ 魔獣特攻猛药,≡ 魔獣の特攻劇薬
Pawprint,Captured,,,≡ 魔獣特攻药,≡ 魔獣の特攻薬
Pawprint,Captured,,,≡ 魔獣眼药,≡ 魔獣の目薬
Pawprint,Captured,,,≡ 魔獣硬肤药,≡ 魔獣の硬皮薬
Pawprint,Captured,,,≡ 魔獣缩时药,≡ 魔獣の短縮薬
Pawprint,Captured,,,≡ 魔獣羽毛,≡ 魔獣の羽根
Pawprint,Captured,,,≡ 魔獣耐力猛药,≡ 魔獣のHP劇薬
Pawprint,Captured,,,≡ 魔獣耐力药,≡ 魔獣のHP薬
Pawprint,Captured,,,≡ 魔獣解毒药,≡ 魔獣の毒消し
Pawprint,Captured,,,≡ 魔獣金针,≡ 魔獣の金針
Pawprint,Captured,,,≡ 魔獣魔力猛药,≡ 魔獣の魔力劇薬
Pawprint,Captured,,,≡ 魔獣魔力药,≡ 魔獣の魔力薬
Pawprint,,,,≡ 黄金发饰,≡ 金の髪飾り
Pawprint,,,,≡ 黑头巾,≡ 黒頭巾
Pawprint,ExactFix,,,★ 优先攻击大鬼，大小火焰怪为备选目标（启用）,★ 大鬼を優先攻撃し、大小の火炎系を予備ターゲットにする（有効）
Pawprint,ExactFix,,,★ 开局45秒内对已召唤魔兽使用吸引注意，重新召唤后补用（启用）,★ 戦闘開始から45秒以内に召喚済み魔獣へ「ちゅういをひく」を使用し、再召喚後も使用する（有効）
Pawprint,ExactFix,,,★ 开局45秒内对已召唤魔獣使用吸引注意，重新召唤后补用（启用）,★ 戦闘開始から45秒以内に召喚済み魔獣へ「ちゅういをひく」を使用し、再召喚後も使用する（有効）
Pawprint,,,,この店での予算##shoplimit###本店预算##shoplimit,この店での予算##shoplimit###本店预算##shoplimit
Pawprint,,,,アイテム/功能,アイテム／補助
Pawprint,,,,アイテム/属性耐性,アイテム／属性耐性
Pawprint,,,,アイテム購入###道具购买,アイテム購入###道具购买
Pawprint,,,,アイテム／強化・攻撃,アイテム／強化・攻撃
Pawprint,,,,アイテム／強化・生存,アイテム／強化・生存
Pawprint,,,,アイテム／攻撃,アイテム／攻撃
Pawprint,,,,アイテム／薬品・回復,アイテム／薬品・回復
Pawprint,,,,アイテム／薬品・状態異常耐性,アイテム／薬品・状態異常耐性
Pawprint,,,,アイテム／薬品・状態異常解除,アイテム／薬品・状態異常解除
Pawprint,,,,アイテム／薬品・蘇生,アイテム／薬品・蘇生
Pawprint,,,,アクション効果および見破る／捕獲メッセージIDの監視準備完了,アクション効果および見破る／捕獲メッセージIDの監視準備完了
Pawprint,,,,インストール済みですが未読み込みです。プラグインインストーラーで有効にしてください,インストール済みですが未読み込みです。プラグインインストーラーで有効にしてください
Pawprint,,,,クルーシブルアイテムを使用しない###不使用道具,クルーシブルアイテムを使用しない###不使用道具
Pawprint,,,,クルーシブルアイテムを取得###获得道具,クルーシブルアイテムを取得###获得道具
Pawprint,,,,クルーシブルアイテムを購入###购买道具,クルーシブルアイテムを購入###购买道具
Pawprint,,,,コンテンツ捕獲（AutoDuty）###副本捕获（AutoDuty）,コンテンツ捕獲（AutoDuty）###副本捕获（AutoDuty）
Pawprint,,,,テントで休憩###在帐篷休息,テントで休憩###在帐篷休息
Pawprint,,,,テントで休憩しない###不在帐篷休息,テントで休憩しない###不在帐篷休息
Pawprint,,,,ビーストギアを取得###获得装备,ビーストギアを取得###获得装备
Pawprint,,,,ビーストギアを取得しない###不获得装备,ビーストギアを取得しない###不获得装备
Pawprint,,,,ビーストギアを購入###购买装备,ビーストギアを購入###购买装备
Pawprint,,,,ビーストギア購入###装备购买,ビーストギア購入###装备购买
Pawprint,,,,ビーストコインを消費しない###不花费斗兽币,ビーストコインを消費しない###不花费斗兽币
Pawprint,,,,フィードを与えない###不喂食,フィードを与えない###不喂食
Pawprint,,,,フィードを使用###使用食物,プレイヤー用の食事を使用###使用食物
Pawprint,,,,フィードを購入###购买食料,フィードを購入###购买食料
Pawprint,,,,フィード購入###食料购买,フィード購入###食料购买
Pawprint,,,,フィールド回避###野外躲避,フィールド回避###野外躲避
Pawprint,,,,プリセット###预设,プリセット###预设
Pawprint,,,,ワンタイム認証コード · 発行後30秒間有効,ワンタイム認証コード · 発行後30秒間有効
Pawprint,,,,一次性凭证 · 签发后 30 秒有效,ワンタイム認証コード · 発行後30秒間有効
Pawprint,ExactFix,,,一次性凭证：30 秒有效,ワンタイム認証：30秒間有効
Pawprint,DLLSourceScan,,,上局 ,前回 
Pawprint,,,,"上局 高段第一盘 · 15,159 分 · 特級魔獣使い · 兽核晶 +10","前回 特一盤 · 15,159点 · 特級魔獣使い · 獣核晶 +10"
Pawprint,DLLSourceScan,,,上移,上へ
Pawprint,Captured,,,上級 第1戦###高段第一盘,特一盤###高段第一盘
Pawprint,,,,上級 第2戦###高段第二盘,特二盤###高段第二盘
Pawprint,DLLSourceScan,,,下移,下へ
Pawprint,,,,不使用道具,クルーシブルアイテムを使用しない
Pawprint,DLLSourceScan,,,不勾选 = 仅本来源不购买、不获取，其他来源不受影响,チェックなし＝この入手元からのみ購入・取得しません。他の入手元には影響しません
Pawprint,,,,不喂食,フィードを与えない
Pawprint,,,,不在帐篷休息,テントで休憩しない
Pawprint,Captured,,,不明,不明
Pawprint,DLLSourceScan,,,不是商店重复持有提示,ショップの重複所持警告ではありません
Pawprint,Captured,,,不自动开怪,自動で戦闘を開始しない
Pawprint,,,,不花费斗兽币,ビーストコインを消費しない
Pawprint,FullCaptureReview,,,不花费闘獣币###不花费斗兽币,ビーストコインを消費しない###不花费斗兽币
Pawprint,FullCaptureReview,,,不获得装備###不获得装备,装備を取得しない###不获得装备
Pawprint,,,,不获得装备,ビーストギアを取得しない
Pawprint,Captured,,,不限制##shoplimit,制限なし##shoplimit
Pawprint,AssociatedWindowCapture,,,不限制##shoplimit###不限制##shoplimit,制限なし##shoplimit###不限制##shoplimit
Pawprint,DLLSourceScan,,,不限次数,回数制限なし
Pawprint,,,,东拉诺西亚,東ラノシア
Pawprint,,,,中拉诺西亚,中央ラノシア
Pawprint,,,,"中毒耐性+100%
受到伤害-10%
适于以下魔兽食用：
百兽纲 百虫纲 有翼纲 草木纲 水栖纲 甲鳞纲 咒具纲 死尸纲","毒耐性＋100％
被ダメージ－10％
[食事可能な魔獣]
百獣綱 百蟲綱 有翼綱 草木綱 水棲綱 甲鱗綱 呪具綱 死屍綱"
Pawprint,Captured,,,"中毒耐性+100%
受到伤害-10%
适于以下魔獣食用：
百兽纲 百虫纲 有翼纲 草木纲 水栖纲 甲鳞纲 咒具纲 死尸纲","毒耐性＋100％
被ダメージ－10％
[食事可能な魔獣]
百獣綱 百蟲綱 有翼綱 草木綱 水棲綱 甲鱗綱 呪具綱 死屍綱"
Pawprint,Captured,,,"中毒耐性+100%
受到伤害-10%
适于以下魔兽食用：
百兽纲 百虫纲 有翼纲 草木纲 水栖纲 甲鳞纲 咒具纲 死尸纲","毒耐性＋100％
被ダメージ－10％
[食事可能な魔獣]
百獣綱 百蟲綱 有翼綱 草木綱 水棲綱 甲鱗綱 呪具綱 死屍綱"
Pawprint,Captured,,,"中毒耐性+100%
受到伤害-10%
适于以下魔獣食用：
百兽纲 百虫纲 有翼纲 草木纲 水栖纲 甲鳞纲 咒具纲 死尸纲","毒耐性＋100％
被ダメージ－10％
[食事可能な魔獣]
百獣綱 百蟲綱 有翼綱 草木綱 水棲綱 甲鱗綱 呪具綱 死屍綱"
Pawprint,,,,中萨纳兰,中央ザナラーン
Pawprint,,,,"为自身及周围队员附加“耐冰药”状态
耐冰药效果：50%几率使冰属性伤害无效并吸收
持续时间：15秒
该道具仅可在战斗地图中使用","自身と周囲の味方に「耐氷薬」を付与する。
耐氷薬効果：50％の確率で氷属性ダメージを無効化し、吸収する。
効果時間：15秒
このアイテムはバトルマップのみで使用できる。"
Pawprint,,,,"为自身及周围队员附加“耐冰药”状态
耐冰药效果：70%几率使冰属性伤害无效并吸收
持续时间：15秒
该道具仅可在战斗地图中使用","自身と周囲の味方に「耐氷薬」を付与する。
耐氷薬効果：70％の確率で氷属性ダメージを無効化し、吸収する。
効果時間：15秒
このアイテムはバトルマップのみで使用できる。"
Pawprint,Captured,,,"为自身及周围队员附加“耐冰药”状态
耐冰药效果：50%几率使冰属性伤害无效并吸收
持续时间：15秒
该道具仅可在战斗地图中使用","自身と周囲の味方に「耐氷薬」を付与する。
耐氷薬効果：50％の確率で氷属性ダメージを無効化し、吸収する。
効果時間：15秒
このアイテムはバトルマップのみで使用できる。"
Pawprint,Captured,,,"为自身及周围队员附加“耐冰药”状态
耐冰药效果：70%几率使冰属性伤害无效并吸收
持续时间：15秒
该道具仅可在战斗地图中使用","自身と周囲の味方に「耐氷薬」を付与する。
耐氷薬効果：70％の確率で氷属性ダメージを無効化し、吸収する。
効果時間：15秒
このアイテムはバトルマップのみで使用できる。"
Pawprint,,,,"为自身及周围队员附加“耐土药”状态
耐土药效果：50%几率使土属性伤害无效并吸收
持续时间：15秒
该道具仅可在战斗地图中使用","自身と周囲の味方に「耐地薬」を付与する。
耐地薬効果：50％の確率で土属性ダメージを無効化し、吸収する。
効果時間：15秒
このアイテムはバトルマップのみで使用できる。"
Pawprint,,,,"为自身及周围队员附加“耐土药”状态
耐土药效果：70%几率使土属性伤害无效并吸收
持续时间：15秒
该道具仅可在战斗地图中使用","自身と周囲の味方に「耐地薬」を付与する。
耐地薬効果：70％の確率で土属性ダメージを無効化し、吸収する。
効果時間：15秒
このアイテムはバトルマップのみで使用できる。"
Pawprint,Captured,,,"为自身及周围队员附加“耐土药”状态
耐土药效果：50%几率使土属性伤害无效并吸收
持续时间：15秒
该道具仅可在战斗地图中使用","自身と周囲の味方に「耐地薬」を付与する。
耐地薬効果：50％の確率で土属性ダメージを無効化し、吸収する。
効果時間：15秒
このアイテムはバトルマップのみで使用できる。"
Pawprint,Captured,,,"为自身及周围队员附加“耐土药”状态
耐土药效果：70%几率使土属性伤害无效并吸收
持续时间：15秒
该道具仅可在战斗地图中使用","自身と周囲の味方に「耐地薬」を付与する。
耐地薬効果：70％の確率で土属性ダメージを無効化し、吸収する。
効果時間：15秒
このアイテムはバトルマップのみで使用できる。"
Pawprint,,,,"为自身及周围队员附加“耐水药”状态
耐水药效果：50%几率使水属性伤害无效并吸收
持续时间：15秒
该道具仅可在战斗地图中使用","自身と周囲の味方に「耐水薬」を付与する。
耐水薬効果：50％の確率で水属性ダメージを無効化し、吸収する。
効果時間：15秒
このアイテムはバトルマップのみで使用できる。"
Pawprint,,,,"为自身及周围队员附加“耐水药”状态
耐水药效果：70%几率使水属性伤害无效并吸收
持续时间：15秒
该道具仅可在战斗地图中使用","自身と周囲の味方に「耐水薬」を付与する。
耐水薬効果：70％の確率で水属性ダメージを無効化し、吸収する。
効果時間：15秒
このアイテムはバトルマップのみで使用できる。"
Pawprint,Captured,,,"为自身及周围队员附加“耐水药”状态
耐水药效果：50%几率使水属性伤害无效并吸收
持续时间：15秒
该道具仅可在战斗地图中使用","自身と周囲の味方に「耐水薬」を付与する。
耐水薬効果：50％の確率で水属性ダメージを無効化し、吸収する。
効果時間：15秒
このアイテムはバトルマップのみで使用できる。"
Pawprint,Captured,,,"为自身及周围队员附加“耐水药”状态
耐水药效果：70%几率使水属性伤害无效并吸收
持续时间：15秒
该道具仅可在战斗地图中使用","自身と周囲の味方に「耐水薬」を付与する。
耐水薬効果：70％の確率で水属性ダメージを無効化し、吸収する。
効果時間：15秒
このアイテムはバトルマップのみで使用できる。"
Pawprint,,,,"为自身及周围队员附加“耐火药”状态
耐火药效果：50%几率使火属性伤害无效并吸收
持续时间：15秒
该道具仅可在战斗地图中使用","自身と周囲の味方に「耐火薬」を付与する。
耐火薬効果：50％の確率で火属性ダメージを無効化し、吸収する。
効果時間：15秒
このアイテムはバトルマップのみで使用できる。"
Pawprint,,,,"为自身及周围队员附加“耐火药”状态
耐火药效果：70%几率使火属性伤害无效并吸收
持续时间：15秒
该道具仅可在战斗地图中使用","自身と周囲の味方に「耐火薬」を付与する。
耐火薬効果：70％の確率で火属性ダメージを無効化し、吸収する。
効果時間：15秒
このアイテムはバトルマップのみで使用できる。"
Pawprint,Captured,,,"为自身及周围队员附加“耐火药”状态
耐火药效果：50%几率使火属性伤害无效并吸收
持续时间：15秒
该道具仅可在战斗地图中使用","自身と周囲の味方に「耐火薬」を付与する。
耐火薬効果：50％の確率で火属性ダメージを無効化し、吸収する。
効果時間：15秒
このアイテムはバトルマップのみで使用できる。"
Pawprint,Captured,,,"为自身及周围队员附加“耐火药”状态
耐火药效果：70%几率使火属性伤害无效并吸收
持续时间：15秒
该道具仅可在战斗地图中使用","自身と周囲の味方に「耐火薬」を付与する。
耐火薬効果：70％の確率で火属性ダメージを無効化し、吸収する。
効果時間：15秒
このアイテムはバトルマップのみで使用できる。"
Pawprint,,,,"为自身及周围队员附加“耐雷药”状态
耐雷药效果：50%几率使雷属性伤害无效并吸收
持续时间：15秒
该道具仅可在战斗地图中使用","自身と周囲の味方に「耐雷薬」を付与する。
耐雷薬効果：50％の確率で雷属性ダメージを無効化し、吸収する。
効果時間：15秒
このアイテムはバトルマップのみで使用できる。"
Pawprint,,,,"为自身及周围队员附加“耐雷药”状态
耐雷药效果：70%几率使雷属性伤害无效并吸收
持续时间：15秒
该道具仅可在战斗地图中使用","自身と周囲の味方に「耐雷薬」を付与する。
耐雷薬効果：70％の確率で雷属性ダメージを無効化し、吸収する。
効果時間：15秒
このアイテムはバトルマップのみで使用できる。"
Pawprint,Captured,,,"为自身及周围队员附加“耐雷药”状态
耐雷药效果：50%几率使雷属性伤害无效并吸收
持续时间：15秒
该道具仅可在战斗地图中使用","自身と周囲の味方に「耐雷薬」を付与する。
耐雷薬効果：50％の確率で雷属性ダメージを無効化し、吸収する。
効果時間：15秒
このアイテムはバトルマップのみで使用できる。"
Pawprint,Captured,,,"为自身及周围队员附加“耐雷药”状态
耐雷药效果：70%几率使雷属性伤害无效并吸收
持续时间：15秒
该道具仅可在战斗地图中使用","自身と周囲の味方に「耐雷薬」を付与する。
耐雷薬効果：70％の確率で雷属性ダメージを無効化し、吸収する。
効果時間：15秒
このアイテムはバトルマップのみで使用できる。"
Pawprint,,,,"为自身及周围队员附加“耐风药”状态
耐风药效果：50%几率使风属性伤害无效并吸收
持续时间：15秒
该道具仅可在战斗地图中使用","自身と周囲の味方に「耐風薬」を付与する。
耐風薬効果：50％の確率で風属性ダメージを無効化し、吸収する。
効果時間：15秒
このアイテムはバトルマップのみで使用できる。"
Pawprint,,,,"为自身及周围队员附加“耐风药”状态
耐风药效果：70%几率使风属性伤害无效并吸收
持续时间：15秒
该道具仅可在战斗地图中使用","自身と周囲の味方に「耐風薬」を付与する。
耐風薬効果：70％の確率で風属性ダメージを無効化し、吸収する。
効果時間：15秒
このアイテムはバトルマップのみで使用できる。"
Pawprint,Captured,,,"为自身及周围队员附加“耐风药”状态
耐风药效果：50%几率使风属性伤害无效并吸收
持续时间：15秒
该道具仅可在战斗地图中使用","自身と周囲の味方に「耐風薬」を付与する。
耐風薬効果：50％の確率で風属性ダメージを無効化し、吸収する。
効果時間：15秒
このアイテムはバトルマップのみで使用できる。"
Pawprint,Captured,,,"为自身及周围队员附加“耐风药”状态
耐风药效果：70%几率使风属性伤害无效并吸收
持续时间：15秒
该道具仅可在战斗地图中使用","自身と周囲の味方に「耐風薬」を付与する。
耐風薬効果：70％の確率で風属性ダメージを無効化し、吸収する。
効果時間：15秒
このアイテムはバトルマップのみで使用できる。"
Pawprint,,,,"为自身附加“商人之眼”状态
商人之眼效果：下一次完成战斗时的斗兽币获得量将变为2倍
持续时间：30分
该道具仅可在战斗地图中使用","自身に「商人の目」を付与する。
商人の目効果：次のエネミーイベントクリア時のビーストコイン獲得量が2倍になる。
効果時間：30分
このアイテムはバトルマップのみで使用できる。"
Pawprint,Captured,,,"为自身附加“商人之眼”状态
商人之眼效果：下一次完成战斗时的斗兽币获得量将变为2倍
持续时间：30分
该道具仅可在战斗地图中使用","自身に「商人の目」を付与する。
商人の目効果：次のエネミーイベントクリア時のビーストコイン獲得量が2倍になる。
効果時間：30分
このアイテムはバトルマップのみで使用できる。"
Pawprint,,,,"为自身附加“时之沙”状态
时之沙效果：战斗中败北后，会回到战斗开始前
持续时间：永久
该道具仅可在战斗地图中使用","自身に「時の砂」を付与する。
時の砂効果：バトルイベントで敗北したとき、戦闘開始直前からやりなおすことができる。
効果時間：永続
このアイテムは非戦闘中のみ使用できる。"
Pawprint,Captured,,,"为自身附加“时之沙”状态
时之沙效果：战斗中败北后，会回到战斗开始前
持续时间：永久
该道具仅可在战斗地图中使用","自身に「時の砂」を付与する。
時の砂効果：バトルイベントで敗北したとき、戦闘開始直前からやりなおすことができる。
効果時間：永続
このアイテムは非戦闘中のみ使用できる。"
Pawprint,,,,"为自身附加“盗贼之眼”状态
盗贼之眼效果：下一次完成战斗时的战利品掉落率将变为3倍
持续时间：30分
该道具仅可在战斗地图中使用","自身に「盗賊の目」を付与する。
盗賊の目効果：次のエネミーイベントクリア時の戦利品ドロップ率が3倍になる。
効果時間：30分
このアイテムはバトルマップのみで使用できる。"
Pawprint,Captured,,,"为自身附加“盗贼之眼”状态
盗贼之眼效果：下一次完成战斗时的战利品掉落率将变为3倍
持续时间：30分
该道具仅可在战斗地图中使用","自身に「盗賊の目」を付与する。
盗賊の目効果：次のエネミーイベントクリア時の戦利品ドロップ率が3倍になる。
効果時間：30分
このアイテムはバトルマップのみで使用できる。"
Pawprint,,,,"为自身附加“盗贼的药”状态
盗贼的药效果：移动速度提高20%，回避率提高5%，中毒耐性提高100%
持续时间：永久，完成1次战斗后效果消失
该道具仅可在战斗地图中使用","自身に「盗賊の薬」を付与する。
盗賊の薬効果：移動速度を20％上昇させ、かつ回避率を5％向上、かつ毒耐性を100％向上させる。
効果時間：永続、ただしバトルイベントを1回終えると効果がきれる。
このアイテムはバトルマップのみで使用できる。"
Pawprint,Captured,,,"为自身附加“盗贼的药”状态
盗贼的药效果：移动速度提高20%，回避率提高5%，中毒耐性提高100%
持续时间：永久，完成1次战斗后效果消失
该道具仅可在战斗地图中使用","自身に「盗賊の薬」を付与する。
盗賊の薬効果：移動速度を20％上昇させ、かつ回避率を5％向上、かつ毒耐性を100％向上させる。
効果時間：永続、ただしバトルイベントを1回終えると効果がきれる。
このアイテムはバトルマップのみで使用できる。"
Pawprint,,,,"为自身附加“自动恢复药”状态
自动恢复药效果：体力低于50%时自动恢复40%的体力，发动恢复效果后有50%的几率解除该状态，盗贼的药状态中解除几率变为10%
持续时间：150秒
追加效果：持有“盗贼上衣”时，持续时间将变为240秒
该道具仅可在战斗地图中使用","自身に「オートポーション」を付与する。
オートポーション効果：ＨＰが50％以下になると自動的にＨＰを40％回復する。回復が発生すると50％の確率で効果が切れる。盗賊の薬効果中は確率が10％になる。
効果時間：150秒
追加効果：「盗賊の胴衣」を所持している場合、効果時間が240秒になる。
このアイテムはバトルマップのみで使用できる。"
Pawprint,Captured,,,"为自身附加“自动恢复药”状态
自动恢复药效果：体力低于50%时自动恢复40%的体力，发动恢复效果后有50%的几率解除该状态，盗贼的药状态中解除几率变为10%
持续时间：150秒
追加效果：持有“盗贼上衣”时，持续时间将变为240秒
该道具仅可在战斗地图中使用","自身に「オートポーション」を付与する。
オートポーション効果：ＨＰが50％以下になると自動的にＨＰを40％回復する。回復が発生すると50％の確率で効果が切れる。盗賊の薬効果中は確率が10％になる。
効果時間：150秒
追加効果：「盗賊の胴衣」を所持している場合、効果時間が240秒になる。
このアイテムはバトルマップのみで使用できる。"
Pawprint,,,,"为自身附加“自动治愈”状态
自动治愈效果：可免疫一次目标所受到的部分异常状态效果
持续时间：240秒
该道具仅可在战斗地图中使用","自身に「オートレメディ」を付与する。
オートレメディ効果：次に受ける一部の状態異常効果を防ぐ状態。
効果時間：240秒
このアイテムはバトルマップのみで使用できる。"
Pawprint,Captured,,,"为自身附加“自动治愈”状态
自动治愈效果：可免疫一次目标所受到的部分异常状态效果
持续时间：240秒
该道具仅可在战斗地图中使用","自身に「オートレメディ」を付与する。
オートレメディ効果：次に受ける一部の状態異常効果を防ぐ状態。
効果時間：240秒
このアイテムはバトルマップのみで使用できる。"
Pawprint,,,,"为自身附加“重生”状态
重生效果：陷入无法战斗状态时有70%的几率自动复活
持续时间：永久","自身に「リレイズ」を付与する。
リレイズ効果：戦闘不能になったときに70％の確率で自動的に蘇生する。
効果時間：永続"
Pawprint,,,,"为自身附加“重生”状态
重生效果：陷入无法战斗状态时有95%的几率自动复活
持续时间：永久","自身に「リレイズ」を付与する。
リレイズ効果：戦闘不能になったときに95％の確率で自動的に蘇生する。
効果時間：永続"
Pawprint,Captured,,,"为自身附加“重生”状态
重生效果：陷入无法战斗状态时有70%的几率自动复活
持续时间：永久","自身に「リレイズ」を付与する。
リレイズ効果：戦闘不能になったときに70％の確率で自動的に蘇生する。
効果時間：永続"
Pawprint,Captured,,,"为自身附加“重生”状态
重生效果：陷入无法战斗状态时有95%的几率自动复活
持续时间：永久","自身に「リレイズ」を付与する。
リレイズ効果：戦闘不能になったときに95％の確率で自動的に蘇生する。
効果時間：永続"
Pawprint,,,,"为自身附加“钢刺”状态
钢刺效果：所有攻击均附带物理属性
该效果也会附加到魔兽身上
持续时间：180秒
该道具仅可在战斗地图中使用","自身に「スチールスティング」を付与する。
スチールスティング効果：すべての攻撃が物理属性になる。
この効果はペットにもコピーされる。
効果時間：180秒
このアイテムはバトルマップのみで使用できる。"
Pawprint,Captured,,,"为自身附加“钢刺”状态
钢刺效果：所有攻击均附带物理属性
该效果也会附加到魔獣身上
持续时间：180秒
该道具仅可在战斗地图中使用","自身に「スチールスティング」を付与する。
スチールスティング効果：すべての攻撃が物理属性になる。
この効果はペットにもコピーされる。
効果時間：180秒
このアイテムはバトルマップのみで使用できる。"
Pawprint,Captured,,,"为自身附加“钢刺”状态
钢刺效果：所有攻击均附带物理属性
该效果也会附加到魔兽身上
持续时间：180秒
该道具仅可在战斗地图中使用","自身に「スチールスティング」を付与する。
スチールスティング効果：すべての攻撃が物理属性になる。
この効果はペットにもコピーされる。
効果時間：180秒
このアイテムはバトルマップのみで使用できる。"
Pawprint,Captured,,,"为自身附加“钢刺”状态
钢刺效果：所有攻击均附带物理属性
该效果也会附加到魔獣身上
持续时间：180秒
该道具仅可在战斗地图中使用","自身に「スチールスティング」を付与する。
スチールスティング効果：すべての攻撃が物理属性になる。
この効果はペットにもコピーされる。
効果時間：180秒
このアイテムはバトルマップのみで使用できる。"
Pawprint,,,,"为自身附加“铸魔”状态
铸魔效果：所有攻击均附带魔法属性
该效果也会附加到魔兽身上
持续时间：180秒
该道具仅可在战斗地图中使用","自身に「スペルフォージ」を付与する。
スペルフォージ効果：すべての攻撃が魔法属性になる。
この効果はペットにもコピーされる。
効果時間：180秒
このアイテムはバトルマップのみで使用できる。"
Pawprint,Captured,,,"为自身附加“铸魔”状态
铸魔效果：所有攻击均附带魔法属性
该效果也会附加到魔獣身上
持续时间：180秒
该道具仅可在战斗地图中使用","自身に「スペルフォージ」を付与する。
スペルフォージ効果：すべての攻撃が魔法属性になる。
この効果はペットにもコピーされる。
効果時間：180秒
このアイテムはバトルマップのみで使用できる。"
Pawprint,Captured,,,"为自身附加“铸魔”状态
铸魔效果：所有攻击均附带魔法属性
该效果也会附加到魔兽身上
持续时间：180秒
该道具仅可在战斗地图中使用","自身に「スペルフォージ」を付与する。
スペルフォージ効果：すべての攻撃が魔法属性になる。
この効果はペットにもコピーされる。
効果時間：180秒
このアイテムはバトルマップのみで使用できる。"
Pawprint,Captured,,,"为自身附加“铸魔”状态
铸魔效果：所有攻击均附带魔法属性
该效果也会附加到魔獣身上
持续时间：180秒
该道具仅可在战斗地图中使用","自身に「スペルフォージ」を付与する。
スペルフォージ効果：すべての攻撃が魔法属性になる。
この効果はペットにもコピーされる。
効果時間：180秒
このアイテムはバトルマップのみで使用できる。"
Pawprint,,,,为达成个数目标预留道具（背包≤目标时不用药）,所持数目標を満たすまでアイテムを温存する（所持数が目標以下なら使用しない）
Pawprint,,,,仅寻找选中,選択対象のみ探索
Pawprint,DLLSourceScan,,,仅开战后前,戦闘開始後の最初の
Pawprint,DLLSourceScan,,,仅开战后前 ,戦闘開始後の最初の 
Pawprint,DLLSourceScan,,,仅条件成立时生效,条件成立中のみ有効
Pawprint,DLLSourceScan,,,从下方选择要优先攻击的敌人,下から優先攻撃する敵を選択
Pawprint,DLLSourceScan,,,从本场战斗场景就绪开始计时，包含起手等待；时之沙回溯后重新计时。,この戦闘画面の準備完了から計測します。開幕待機も含みます。「時の砂」で巻き戻った場合は再計測します。
Pawprint,Captured,,,"以太爆发威力+10%
特殊効果：暴击时为自身附加1档“造成物理伤害提高”状态
造成物理伤害提高效果：发动物理攻击造成的伤害提高10%
持续时间：30秒
最大档数：5档
适于以下魔兽食用：
百兽纲 百虫纲 有翼纲 草木纲 水栖纲 甲鳞纲 死尸纲","エーテルバースト威力＋10％
特殊効果：クリティカル発生時、自身に「物理ダメージ上昇」を1スタック付与する。
物理ダメージ上昇効果：物理与ダメージを10％上昇させる。
効果時間：30秒
最大スタック：5
[食事可能な魔獣]
百獣綱 百蟲綱 有翼綱 草木綱 水棲綱 甲鱗綱 死屍綱"
Pawprint,Captured,,,"以太爆发威力+10%
特殊効果：暴击时为自身附加1档“造成物理伤害提高”状态
造成物理伤害提高效果：发动物理攻击造成的伤害提高10%
持续时间：30秒
最大档数：5档
适于以下魔獣食用：
百兽纲 百虫纲 有翼纲 草木纲 水栖纲 甲鳞纲 死尸纲","エーテルバースト威力＋10％
特殊効果：クリティカル発生時、自身に「物理ダメージ上昇」を1スタック付与する。
物理ダメージ上昇効果：物理与ダメージを10％上昇させる。
効果時間：30秒
最大スタック：5
[食事可能な魔獣]
百獣綱 百蟲綱 有翼綱 草木綱 水棲綱 甲鱗綱 死屍綱"
Pawprint,Captured,,,"以太爆发威力+10%
特殊効果：暴击时为自身附加1档“闪躲”状态
闪躲效果：除特定攻击之外其他所有物理攻击均无效化，无效化时消耗1档闪躲
持续时间：120秒
最大档数：5档
适于以下魔兽食用：
百兽纲 百虫纲 有翼纲 草木纲 水栖纲 甲鳞纲 死尸纲","エーテルバースト威力＋10％
特殊効果：クリティカル発生時、自身に「ブリンク」を1スタック付与する。
ブリンク効果：一部を除くすべての物理攻撃を無効化する。無効化するとスタックを1消費する。
効果時間：120秒
最大スタック：5
[食事可能な魔獣]
百獣綱 百蟲綱 有翼綱 草木綱 水棲綱 甲鱗綱 死屍綱"
Pawprint,Captured,,,"以太爆发威力+10%
特殊効果：暴击时为自身附加1档“闪躲”状态
闪躲效果：除特定攻击之外其他所有物理攻击均无效化，无效化时消耗1档闪躲
持续时间：120秒
最大档数：5档
适于以下魔獣食用：
百兽纲 百虫纲 有翼纲 草木纲 水栖纲 甲鳞纲 死尸纲","エーテルバースト威力＋10％
特殊効果：クリティカル発生時、自身に「ブリンク」を1スタック付与する。
ブリンク効果：一部を除くすべての物理攻撃を無効化する。無効化するとスタックを1消費する。
効果時間：120秒
最大スタック：5
[食事可能な魔獣]
百獣綱 百蟲綱 有翼綱 草木綱 水棲綱 甲鱗綱 死屍綱"
Pawprint,Captured,,,"以太爆发威力+10%
特殊効果：魔兽发动战技触发兽心协作技时，有30%的几率恢复一部分消耗的技力
适于以下魔兽食用：
百兽纲 百虫纲 草木纲 水栖纲 甲鳞纲 死尸纲","エーテルバースト威力＋10％
特殊効果：ペットのウェポンスキル実行時に獣心技連携に成功すると、30％の確率で消費したＴＰの一部が回復する。
[食事可能な魔獣]
百獣綱 百蟲綱 草木綱 水棲綱 甲鱗綱 死屍綱"
Pawprint,Captured,,,"以太爆发威力+10%
特殊効果：魔獣发动战技触发兽心协作技时，有30%的几率恢复一部分消耗的技力
适于以下魔獣食用：
百兽纲 百虫纲 草木纲 水栖纲 甲鳞纲 死尸纲","エーテルバースト威力＋10％
特殊効果：ペットのウェポンスキル実行時に獣心技連携に成功すると、30％の確率で消費したＴＰの一部が回復する。
[食事可能な魔獣]
百獣綱 百蟲綱 草木綱 水棲綱 甲鱗綱 死屍綱"
Pawprint,,,,"以太爆发威力+10%
特殊效果：暴击时为自身附加1档“造成物理伤害提高”状态
造成物理伤害提高效果：发动物理攻击造成的伤害提高10%
持续时间：30秒
最大档数：5档
适于以下魔兽食用：
百兽纲 百虫纲 有翼纲 草木纲 水栖纲 甲鳞纲 死尸纲","エーテルバースト威力＋10％
特殊効果：クリティカル発生時、自身に「物理ダメージ上昇」を1スタック付与する。
物理ダメージ上昇効果：物理与ダメージを10％上昇させる。
効果時間：30秒
最大スタック：5
[食事可能な魔獣]
百獣綱 百蟲綱 有翼綱 草木綱 水棲綱 甲鱗綱 死屍綱"
Pawprint,Captured,,,"以太爆发威力+10%
特殊效果：暴击时为自身附加1档“造成物理伤害提高”状态
造成物理伤害提高效果：发动物理攻击造成的伤害提高10%
持续时间：30秒
最大档数：5档
适于以下魔獣食用：
百兽纲 百虫纲 有翼纲 草木纲 水栖纲 甲鳞纲 死尸纲","エーテルバースト威力＋10％
特殊効果：クリティカル発生時、自身に「物理ダメージ上昇」を1スタック付与する。
物理ダメージ上昇効果：物理与ダメージを10％上昇させる。
効果時間：30秒
最大スタック：5
[食事可能な魔獣]
百獣綱 百蟲綱 有翼綱 草木綱 水棲綱 甲鱗綱 死屍綱"
Pawprint,,,,"以太爆发威力+10%
特殊效果：暴击时为自身附加1档“闪躲”状态
闪躲效果：除特定攻击之外其他所有物理攻击均无效化，无效化时消耗1档闪躲
持续时间：120秒
最大档数：5档
适于以下魔兽食用：
百兽纲 百虫纲 有翼纲 草木纲 水栖纲 甲鳞纲 死尸纲","エーテルバースト威力＋10％
特殊効果：クリティカル発生時、自身に「ブリンク」を1スタック付与する。
ブリンク効果：一部を除くすべての物理攻撃を無効化する。無効化するとスタックを1消費する。
効果時間：120秒
最大スタック：5
[食事可能な魔獣]
百獣綱 百蟲綱 有翼綱 草木綱 水棲綱 甲鱗綱 死屍綱"
Pawprint,Captured,,,"以太爆发威力+10%
特殊效果：暴击时为自身附加1档“闪躲”状态
闪躲效果：除特定攻击之外其他所有物理攻击均无效化，无效化时消耗1档闪躲
持续时间：120秒
最大档数：5档
适于以下魔獣食用：
百兽纲 百虫纲 有翼纲 草木纲 水栖纲 甲鳞纲 死尸纲","エーテルバースト威力＋10％
特殊効果：クリティカル発生時、自身に「ブリンク」を1スタック付与する。
ブリンク効果：一部を除くすべての物理攻撃を無効化する。無効化するとスタックを1消費する。
効果時間：120秒
最大スタック：5
[食事可能な魔獣]
百獣綱 百蟲綱 有翼綱 草木綱 水棲綱 甲鱗綱 死屍綱"
Pawprint,,,,"以太爆发威力+10%
特殊效果：魔兽发动战技触发兽心协作技时，有30%的几率恢复一部分消耗的技力
适于以下魔兽食用：
百兽纲 百虫纲 草木纲 水栖纲 甲鳞纲 死尸纲","エーテルバースト威力＋10％
特殊効果：ペットのウェポンスキル実行時に獣心技連携に成功すると、30％の確率で消費したＴＰの一部が回復する。
[食事可能な魔獣]
百獣綱 百蟲綱 草木綱 水棲綱 甲鱗綱 死屍綱"
Pawprint,Captured,,,"以太爆发威力+10%
特殊效果：魔獣发动战技触发兽心协作技时，有30%的几率恢复一部分消耗的技力
适于以下魔獣食用：
百兽纲 百虫纲 草木纲 水栖纲 甲鳞纲 死尸纲","エーテルバースト威力＋10％
特殊効果：ペットのウェポンスキル実行時に獣心技連携に成功すると、30％の確率で消費したＴＰの一部が回復する。
[食事可能な魔獣]
百獣綱 百蟲綱 草木綱 水棲綱 甲鱗綱 死屍綱"
Pawprint,Captured,,,"以太爆发威力+10%
特殊効果：暴击时为自身附加1档“造成物理伤害提高”状态
造成物理伤害提高效果：发动物理攻击造成的伤害提高10%
持续时间：30秒
最大档数：5档
适于以下魔兽食用：
百兽纲 百虫纲 有翼纲 草木纲 水栖纲 甲鳞纲 死尸纲","エーテルバースト威力＋10％
特殊効果：クリティカル発生時、自身に「物理ダメージ上昇」を1スタック付与する。
物理ダメージ上昇効果：物理与ダメージを10％上昇させる。
効果時間：30秒
最大スタック：5
[食事可能な魔獣]
百獣綱 百蟲綱 有翼綱 草木綱 水棲綱 甲鱗綱 死屍綱"
Pawprint,Captured,,,"以太爆发威力+10%
特殊効果：暴击时为自身附加1档“造成物理伤害提高”状态
造成物理伤害提高效果：发动物理攻击造成的伤害提高10%
持续时间：30秒
最大档数：5档
适于以下魔獣食用：
百兽纲 百虫纲 有翼纲 草木纲 水栖纲 甲鳞纲 死尸纲","エーテルバースト威力＋10％
特殊効果：クリティカル発生時、自身に「物理ダメージ上昇」を1スタック付与する。
物理ダメージ上昇効果：物理与ダメージを10％上昇させる。
効果時間：30秒
最大スタック：5
[食事可能な魔獣]
百獣綱 百蟲綱 有翼綱 草木綱 水棲綱 甲鱗綱 死屍綱"
Pawprint,Captured,,,"以太爆发威力+10%
特殊効果：暴击时为自身附加1档“闪躲”状态
闪躲效果：除特定攻击之外其他所有物理攻击均无效化，无效化时消耗1档闪躲
持续时间：120秒
最大档数：5档
适于以下魔兽食用：
百兽纲 百虫纲 有翼纲 草木纲 水栖纲 甲鳞纲 死尸纲","エーテルバースト威力＋10％
特殊効果：クリティカル発生時、自身に「ブリンク」を1スタック付与する。
ブリンク効果：一部を除くすべての物理攻撃を無効化する。無効化するとスタックを1消費する。
効果時間：120秒
最大スタック：5
[食事可能な魔獣]
百獣綱 百蟲綱 有翼綱 草木綱 水棲綱 甲鱗綱 死屍綱"
Pawprint,Captured,,,"以太爆发威力+10%
特殊効果：暴击时为自身附加1档“闪躲”状态
闪躲效果：除特定攻击之外其他所有物理攻击均无效化，无效化时消耗1档闪躲
持续时间：120秒
最大档数：5档
适于以下魔獣食用：
百兽纲 百虫纲 有翼纲 草木纲 水栖纲 甲鳞纲 死尸纲","エーテルバースト威力＋10％
特殊効果：クリティカル発生時、自身に「ブリンク」を1スタック付与する。
ブリンク効果：一部を除くすべての物理攻撃を無効化する。無効化するとスタックを1消費する。
効果時間：120秒
最大スタック：5
[食事可能な魔獣]
百獣綱 百蟲綱 有翼綱 草木綱 水棲綱 甲鱗綱 死屍綱"
Pawprint,Captured,,,"以太爆发威力+10%
特殊効果：魔兽发动战技触发兽心协作技时，有30%的几率恢复一部分消耗的技力
适于以下魔兽食用：
百兽纲 百虫纲 草木纲 水栖纲 甲鳞纲 死尸纲","エーテルバースト威力＋10％
特殊効果：ペットのウェポンスキル実行時に獣心技連携に成功すると、30％の確率で消費したＴＰの一部が回復する。
[食事可能な魔獣]
百獣綱 百蟲綱 草木綱 水棲綱 甲鱗綱 死屍綱"
Pawprint,Captured,,,"以太爆发威力+10%
特殊効果：魔獣发动战技触发兽心协作技时，有30%的几率恢复一部分消耗的技力
适于以下魔獣食用：
百兽纲 百虫纲 草木纲 水栖纲 甲鳞纲 死尸纲","エーテルバースト威力＋10％
特殊効果：ペットのウェポンスキル実行時に獣心技連携に成功すると、30％の確率で消費したＴＰの一部が回復する。
[食事可能な魔獣]
百獣綱 百蟲綱 草木綱 水棲綱 甲鱗綱 死屍綱"
Pawprint,Captured,,,"以太爆发威力+10%
特殊效果：暴击时为自身附加1档“造成物理伤害提高”状态
造成物理伤害提高效果：发动物理攻击造成的伤害提高10%
持续时间：30秒
最大档数：5档
适于以下魔兽食用：
百兽纲 百虫纲 有翼纲 草木纲 水栖纲 甲鳞纲 死尸纲","エーテルバースト威力＋10％
特殊効果：クリティカル発生時、自身に「物理ダメージ上昇」を1スタック付与する。
物理ダメージ上昇効果：物理与ダメージを10％上昇させる。
効果時間：30秒
最大スタック：5
[食事可能な魔獣]
百獣綱 百蟲綱 有翼綱 草木綱 水棲綱 甲鱗綱 死屍綱"
Pawprint,Captured,,,"以太爆发威力+10%
特殊效果：暴击时为自身附加1档“造成物理伤害提高”状态
造成物理伤害提高效果：发动物理攻击造成的伤害提高10%
持续时间：30秒
最大档数：5档
适于以下魔獣食用：
百兽纲 百虫纲 有翼纲 草木纲 水栖纲 甲鳞纲 死尸纲","エーテルバースト威力＋10％
特殊効果：クリティカル発生時、自身に「物理ダメージ上昇」を1スタック付与する。
物理ダメージ上昇効果：物理与ダメージを10％上昇させる。
効果時間：30秒
最大スタック：5
[食事可能な魔獣]
百獣綱 百蟲綱 有翼綱 草木綱 水棲綱 甲鱗綱 死屍綱"
Pawprint,Captured,,,"以太爆发威力+10%
特殊效果：暴击时为自身附加1档“闪躲”状态
闪躲效果：除特定攻击之外其他所有物理攻击均无效化，无效化时消耗1档闪躲
持续时间：120秒
最大档数：5档
适于以下魔兽食用：
百兽纲 百虫纲 有翼纲 草木纲 水栖纲 甲鳞纲 死尸纲","エーテルバースト威力＋10％
特殊効果：クリティカル発生時、自身に「ブリンク」を1スタック付与する。
ブリンク効果：一部を除くすべての物理攻撃を無効化する。無効化するとスタックを1消費する。
効果時間：120秒
最大スタック：5
[食事可能な魔獣]
百獣綱 百蟲綱 有翼綱 草木綱 水棲綱 甲鱗綱 死屍綱"
Pawprint,Captured,,,"以太爆发威力+10%
特殊效果：暴击时为自身附加1档“闪躲”状态
闪躲效果：除特定攻击之外其他所有物理攻击均无效化，无效化时消耗1档闪躲
持续时间：120秒
最大档数：5档
适于以下魔獣食用：
百兽纲 百虫纲 有翼纲 草木纲 水栖纲 甲鳞纲 死尸纲","エーテルバースト威力＋10％
特殊効果：クリティカル発生時、自身に「ブリンク」を1スタック付与する。
ブリンク効果：一部を除くすべての物理攻撃を無効化する。無効化するとスタックを1消費する。
効果時間：120秒
最大スタック：5
[食事可能な魔獣]
百獣綱 百蟲綱 有翼綱 草木綱 水棲綱 甲鱗綱 死屍綱"
Pawprint,Captured,,,"以太爆发威力+10%
特殊效果：魔兽发动战技触发兽心协作技时，有30%的几率恢复一部分消耗的技力
适于以下魔兽食用：
百兽纲 百虫纲 草木纲 水栖纲 甲鳞纲 死尸纲","エーテルバースト威力＋10％
特殊効果：ペットのウェポンスキル実行時に獣心技連携に成功すると、30％の確率で消費したＴＰの一部が回復する。
[食事可能な魔獣]
百獣綱 百蟲綱 草木綱 水棲綱 甲鱗綱 死屍綱"
Pawprint,Captured,,,"以太爆发威力+10%
特殊效果：魔獣发动战技触发兽心协作技时，有30%的几率恢复一部分消耗的技力
适于以下魔獣食用：
百兽纲 百虫纲 草木纲 水栖纲 甲鳞纲 死尸纲","エーテルバースト威力＋10％
特殊効果：ペットのウェポンスキル実行時に獣心技連携に成功すると、30％の確率で消費したＴＰの一部が回復する。
[食事可能な魔獣]
百獣綱 百蟲綱 草木綱 水棲綱 甲鱗綱 死屍綱"
Pawprint,Captured,,,"以太爆发威力+25%
特殊効果：魔兽发动战技触发兽心协作技时，有35%的几率恢复一部分消耗的技力
适于以下魔兽食用：
有翼纲","エーテルバースト威力＋25％
特殊効果：ペットのウェポンスキル実行時に獣心技連携に成功すると、35％の確率で消費したＴＰの一部が回復する。
[食事可能な魔獣]
有翼綱"
Pawprint,Captured,,,"以太爆发威力+25%
特殊効果：魔獣发动战技触发兽心协作技时，有35%的几率恢复一部分消耗的技力
适于以下魔獣食用：
有翼纲","エーテルバースト威力＋25％
特殊効果：ペットのウェポンスキル実行時に獣心技連携に成功すると、35％の確率で消費したＴＰの一部が回復する。
[食事可能な魔獣]
有翼綱"
Pawprint,,,,"以太爆发威力+25%
特殊效果：魔兽发动战技触发兽心协作技时，有35%的几率恢复一部分消耗的技力
适于以下魔兽食用：
有翼纲","エーテルバースト威力＋25％
特殊効果：ペットのウェポンスキル実行時に獣心技連携に成功すると、35％の確率で消費したＴＰの一部が回復する。
[食事可能な魔獣]
有翼綱"
Pawprint,Captured,,,"以太爆发威力+25%
特殊效果：魔獣发动战技触发兽心协作技时，有35%的几率恢复一部分消耗的技力
适于以下魔獣食用：
有翼纲","エーテルバースト威力＋25％
特殊効果：ペットのウェポンスキル実行時に獣心技連携に成功すると、35％の確率で消費したＴＰの一部が回復する。
[食事可能な魔獣]
有翼綱"
Pawprint,Captured,,,"以太爆发威力+25%
特殊効果：魔兽发动战技触发兽心协作技时，有35%的几率恢复一部分消耗的技力
适于以下魔兽食用：
有翼纲","エーテルバースト威力＋25％
特殊効果：ペットのウェポンスキル実行時に獣心技連携に成功すると、35％の確率で消費したＴＰの一部が回復する。
[食事可能な魔獣]
有翼綱"
Pawprint,Captured,,,"以太爆发威力+25%
特殊効果：魔獣发动战技触发兽心协作技时，有35%的几率恢复一部分消耗的技力
适于以下魔獣食用：
有翼纲","エーテルバースト威力＋25％
特殊効果：ペットのウェポンスキル実行時に獣心技連携に成功すると、35％の確率で消費したＴＰの一部が回復する。
[食事可能な魔獣]
有翼綱"
Pawprint,Captured,,,"以太爆发威力+25%
特殊效果：魔兽发动战技触发兽心协作技时，有35%的几率恢复一部分消耗的技力
适于以下魔兽食用：
有翼纲","エーテルバースト威力＋25％
特殊効果：ペットのウェポンスキル実行時に獣心技連携に成功すると、35％の確率で消費したＴＰの一部が回復する。
[食事可能な魔獣]
有翼綱"
Pawprint,Captured,,,"以太爆发威力+25%
特殊效果：魔獣发动战技触发兽心协作技时，有35%的几率恢复一部分消耗的技力
适于以下魔獣食用：
有翼纲","エーテルバースト威力＋25％
特殊効果：ペットのウェポンスキル実行時に獣心技連携に成功すると、35％の確率で消費したＴＰの一部が回復する。
[食事可能な魔獣]
有翼綱"
Pawprint,,,,"以太爆发威力+35%
适于以下魔兽食用：
百兽纲 百虫纲 有翼纲 草木纲 水栖纲 甲鳞纲 死尸纲","エーテルバースト威力＋35％
[食事可能な魔獣]
百獣綱 百蟲綱 有翼綱 草木綱 水棲綱 甲鱗綱 死屍綱"
Pawprint,Captured,,,"以太爆发威力+35%
适于以下魔獣食用：
百兽纲 百虫纲 有翼纲 草木纲 水栖纲 甲鳞纲 死尸纲","エーテルバースト威力＋35％
[食事可能な魔獣]
百獣綱 百蟲綱 有翼綱 草木綱 水棲綱 甲鱗綱 死屍綱"
Pawprint,Captured,,,"以太爆发威力+35%
适于以下魔兽食用：
百兽纲 百虫纲 有翼纲 草木纲 水栖纲 甲鳞纲 死尸纲","エーテルバースト威力＋35％
[食事可能な魔獣]
百獣綱 百蟲綱 有翼綱 草木綱 水棲綱 甲鱗綱 死屍綱"
Pawprint,Captured,,,"以太爆发威力+35%
适于以下魔獣食用：
百兽纲 百虫纲 有翼纲 草木纲 水栖纲 甲鳞纲 死尸纲","エーテルバースト威力＋35％
[食事可能な魔獣]
百獣綱 百蟲綱 有翼綱 草木綱 水棲綱 甲鱗綱 死屍綱"
Pawprint,ExactFix,,,以自身或魔兽为对象，恢复10%的体力,自分または魔獣を対象に、HPを10%回復する
Pawprint,ExactFix,,,以自身或魔兽为对象，恢复23%的体力,自分または魔獣を対象に、HPを23%回復する
Pawprint,ExactFix,,,以自身或魔兽为对象，恢复36%的体力,自分または魔獣を対象に、HPを36%回復する
Pawprint,ExactFix,,,以自身或魔兽为对象，恢复50%的体力,自分または魔獣を対象に、HPを50%回復する
Pawprint,,,,"以自身或魔兽为目标，以噩梦为代价，附加“魔力药”状态
魔力药效果：令目标造成的魔法伤害提高50%
噩梦持续时间：30秒
魔力药持续时间：30秒
该道具仅可在战斗地图中使用","自身かペットを対象とし、悪夢を付与する代わりに、「魔力薬」を付与する。
魔力薬効果：対象が与える魔法ダメージを50％上昇させる。
悪夢の効果時間：30秒
魔力薬の効果時間：30秒
このアイテムはバトルマップのみで使用できる。"
Pawprint,Captured,,,"以自身或魔兽为目标，以噩梦为代价，附加“魔力药”状态
魔力药效果：令目标造成的魔法伤害提高50%
噩梦持续时间：30秒
魔力药持续时间：30秒
该道具仅可在战斗地图中使用","自身かペットを対象とし、悪夢を付与する代わりに、「魔力薬」を付与する。
魔力薬効果：対象が与える魔法ダメージを50％上昇させる。
悪夢の効果時間：30秒
魔力薬の効果時間：30秒
このアイテムはバトルマップのみで使用できる。"
Pawprint,,,,"以自身或魔兽为目标，以失明为代价，附加“敏捷药”状态
敏捷药效果：令目标的回避率提高25%
失明持续时间：30秒
敏捷药持续时间：60秒
该道具仅可在战斗地图中使用","自身かペットを対象とし、暗闇を付与する代わりに、「敏捷薬」を付与する。
敏捷薬効果：対象の回避率を25％上昇させる。
暗闇の効果時間：30秒
敏捷薬の効果時間：60秒
このアイテムはバトルマップのみで使用できる。"
Pawprint,Captured,,,"以自身或魔兽为目标，以失明为代价，附加“敏捷药”状态
敏捷药效果：令目标的回避率提高25%
失明持续时间：30秒
敏捷药持续时间：60秒
该道具仅可在战斗地图中使用","自身かペットを対象とし、暗闇を付与する代わりに、「敏捷薬」を付与する。
敏捷薬効果：対象の回避率を25％上昇させる。
暗闇の効果時間：30秒
敏捷薬の効果時間：60秒
このアイテムはバトルマップのみで使用できる。"
Pawprint,Captured,,,"以自身或魔兽为目标，以猛毒为代价，附加“耐力药”状态，恢复10%的体力
耐力药效果：令最大HP提高30%
猛毒持续时间：180秒
耐力药持续时间：永久，完成1次战斗后效果消失
该道具仅可在战斗地图中使用","自身かペットを対象とし、猛毒を付与する代わりに、「体力薬」を付与し、ＨＰを10％回復する。
体力薬効果：最大ＨＰを30％上昇させる。
猛毒の効果時間：180秒
体力薬効果時間：永続、ただしバトルイベントを1回終えると効果がきれる。
このアイテムはバトルマップのみで使用できる。"
Pawprint,,,,"以自身或魔兽为目标，以猛毒为代价，附加“耐力药”状态，恢复10%的体力
耐力药效果：令最大体力提高30%
猛毒持续时间：180秒
耐力药持续时间：永久，完成1次战斗后效果消失
该道具仅可在战斗地图中使用","自身かペットを対象とし、猛毒を付与する代わりに、「体力薬」を付与し、ＨＰを10％回復する。
体力薬効果：最大ＨＰを30％上昇させる。
猛毒の効果時間：180秒
体力薬効果時間：永続、ただしバトルイベントを1回終えると効果がきれる。
このアイテムはバトルマップのみで使用できる。"
Pawprint,Captured,,,"以自身或魔兽为目标，以猛毒为代价，附加“耐力药”状态，恢复10%的体力
耐力药效果：令最大HP提高30%
猛毒持续时间：180秒
耐力药持续时间：永久，完成1次战斗后效果消失
该道具仅可在战斗地图中使用","自身かペットを対象とし、猛毒を付与する代わりに、「体力薬」を付与し、ＨＰを10％回復する。
体力薬効果：最大ＨＰを30％上昇させる。
猛毒の効果時間：180秒
体力薬効果時間：永続、ただしバトルイベントを1回終えると効果がきれる。
このアイテムはバトルマップのみで使用できる。"
Pawprint,Captured,,,"以自身或魔兽为目标，以猛毒为代价，附加“耐力药”状态，恢复10%的体力
耐力药效果：令最大体力提高30%
猛毒持续时间：180秒
耐力药持续时间：永久，完成1次战斗后效果消失
该道具仅可在战斗地图中使用","自身かペットを対象とし、猛毒を付与する代わりに、「体力薬」を付与し、ＨＰを10％回復する。
体力薬効果：最大ＨＰを30％上昇させる。
猛毒の効果時間：180秒
体力薬効果時間：永続、ただしバトルイベントを1回終えると効果がきれる。
このアイテムはバトルマップのみで使用できる。"
Pawprint,,,,"以自身或魔兽为目标，以眩晕为代价，附加“刚力药”状态
刚力药效果：令目标造成的物理伤害提高45%
眩晕持续时间：15秒
刚力药持续时间：30秒
该道具仅可在战斗地图中使用","自身かペットを対象とし、スタンを付与する代わりに、「剛力薬」を付与する。
剛力薬効果：対象が与える物理ダメージを45％上昇させる。
スタンの効果時間：15秒
剛力薬の効果時間：30秒
このアイテムはバトルマップのみで使用できる。"
Pawprint,Captured,,,"以自身或魔兽为目标，以眩晕为代价，附加“刚力药”状态
刚力药效果：令目标造成的物理伤害提高45%
眩晕持续时间：15秒
刚力药持续时间：30秒
该道具仅可在战斗地图中使用","自身かペットを対象とし、スタンを付与する代わりに、「剛力薬」を付与する。
剛力薬効果：対象が与える物理ダメージを45％上昇させる。
スタンの効果時間：15秒
剛力薬の効果時間：30秒
このアイテムはバトルマップのみで使用できる。"
Pawprint,,,,"以自身或魔兽为目标，以石化为代价，附加“特攻药”状态
特攻药效果：令目标的暴击发动率提高50%
石化持续时间：15秒
特攻药持续时间：30秒
追加效果：持有“银框眼镜”时，持续时间将变为60秒
该道具仅可在战斗地图中使用","自身かペットを対象とし、石化を付与する代わりに、「特攻薬」を付与する。
特攻薬効果：対象のクリティカル発動率を50％上昇させる。
石化の効果時間：15秒
特攻薬の効果時間：30秒
追加効果：「銀縁眼鏡」を所持している場合、特攻薬の効果時間が60秒になる。
このアイテムはバトルマップのみで使用できる。"
Pawprint,Captured,,,"以自身或魔兽为目标，以石化为代价，附加“特攻药”状态
特攻药效果：令目标的暴击发动率提高50%
石化持续时间：15秒
特攻药持续时间：30秒
追加效果：持有“银框眼镜”时，持续时间将变为60秒
该道具仅可在战斗地图中使用","自身かペットを対象とし、石化を付与する代わりに、「特攻薬」を付与する。
特攻薬効果：対象のクリティカル発動率を50％上昇させる。
石化の効果時間：15秒
特攻薬の効果時間：30秒
追加効果：「銀縁眼鏡」を所持している場合、特攻薬の効果時間が60秒になる。
このアイテムはバトルマップのみで使用できる。"
Pawprint,,,,"以自身或魔兽为目标，增加100点技力
追加效果：持有“高昂戒指”时，技力增加量将变为250点
该道具仅可在战斗地图中使用","自身かペットを対象とし、ＴＰを100増加させる。
追加効果：「高揚の指輪」を所持している場合、ＴＰ増加量が250になる。
このアイテムはバトルマップのみで使用できる。"
Pawprint,Captured,,,"以自身或魔兽为目标，增加100点技力
追加效果：持有“高昂戒指”时，技力增加量将变为250点
该道具仅可在战斗地图中使用","自身かペットを対象とし、ＴＰを100増加させる。
追加効果：「高揚の指輪」を所持している場合、ＴＰ増加量が250になる。
このアイテムはバトルマップのみで使用できる。"
Pawprint,Captured,,,"以自身或魔兽为目标，将中毒耐性提高100%
持续时间：180秒
追加效果：持有深红缎带时，恢复目标最大HP的50%
该道具仅可在战斗地图中使用","自身かペットを対象とし、毒耐性を100％向上させる。
効果時間：180秒
追加効果：「クリムゾンリボン」を所持している場合、対象のＨＰを最大ＨＰの50％分回復する。
このアイテムはバトルマップのみで使用できる。"
Pawprint,,,,"以自身或魔兽为目标，将中毒耐性提高100%
持续时间：180秒
追加效果：持有深红缎带时，恢复目标最大体力的50%
该道具仅可在战斗地图中使用","自身かペットを対象とし、毒耐性を100％向上させる。
効果時間：180秒
追加効果：「クリムゾンリボン」を所持している場合、対象のＨＰを最大ＨＰの50％分回復する。
このアイテムはバトルマップのみで使用できる。"
Pawprint,Captured,,,"以自身或魔兽为目标，将中毒耐性提高100%
持续时间：180秒
追加效果：持有深红缎带时，恢复目标最大HP的50%
该道具仅可在战斗地图中使用","自身かペットを対象とし、毒耐性を100％向上させる。
効果時間：180秒
追加効果：「クリムゾンリボン」を所持している場合、対象のＨＰを最大ＨＰの50％分回復する。
このアイテムはバトルマップのみで使用できる。"
Pawprint,Captured,,,"以自身或魔兽为目标，将中毒耐性提高100%
持续时间：180秒
追加效果：持有深红缎带时，恢复目标最大体力的50%
该道具仅可在战斗地图中使用","自身かペットを対象とし、毒耐性を100％向上させる。
効果時間：180秒
追加効果：「クリムゾンリボン」を所持している場合、対象のＨＰを最大ＨＰの50％分回復する。
このアイテムはバトルマップのみで使用できる。"
Pawprint,Captured,,,"以自身或魔兽为目标，将失明耐性提高100%
持续时间：180秒
追加效果：持有深红缎带时，恢复目标最大HP的50%
该道具仅可在战斗地图中使用","自身かペットを対象とし、暗闇耐性を100％向上させる。
効果時間：180秒
追加効果：「クリムゾンリボン」を所持している場合、対象のＨＰを最大ＨＰの50％分回復する。
このアイテムはバトルマップのみで使用できる。"
Pawprint,,,,"以自身或魔兽为目标，将失明耐性提高100%
持续时间：180秒
追加效果：持有深红缎带时，恢复目标最大体力的50%
该道具仅可在战斗地图中使用","自身かペットを対象とし、暗闇耐性を100％向上させる。
効果時間：180秒
追加効果：「クリムゾンリボン」を所持している場合、対象のＨＰを最大ＨＰの50％分回復する。
このアイテムはバトルマップのみで使用できる。"
Pawprint,Captured,,,"以自身或魔兽为目标，将失明耐性提高100%
持续时间：180秒
追加效果：持有深红缎带时，恢复目标最大HP的50%
该道具仅可在战斗地图中使用","自身かペットを対象とし、暗闇耐性を100％向上させる。
効果時間：180秒
追加効果：「クリムゾンリボン」を所持している場合、対象のＨＰを最大ＨＰの50％分回復する。
このアイテムはバトルマップのみで使用できる。"
Pawprint,Captured,,,"以自身或魔兽为目标，将失明耐性提高100%
持续时间：180秒
追加效果：持有深红缎带时，恢复目标最大体力的50%
该道具仅可在战斗地图中使用","自身かペットを対象とし、暗闇耐性を100％向上させる。
効果時間：180秒
追加効果：「クリムゾンリボン」を所持している場合、対象のＨＰを最大ＨＰの50％分回復する。
このアイテムはバトルマップのみで使用できる。"
Pawprint,Captured,,,"以自身或魔兽为目标，将睡眠耐性提高100%
持续时间：180秒
追加效果：持有深红缎带时，恢复目标最大HP的50%
该道具仅可在战斗地图中使用","自身かペットを対象とし、睡眠耐性を100％向上させる。
効果時間：180秒
追加効果：「クリムゾンリボン」を所持している場合、対象のＨＰを最大ＨＰの50％分回復する。
このアイテムはバトルマップのみで使用できる。"
Pawprint,,,,"以自身或魔兽为目标，将睡眠耐性提高100%
持续时间：180秒
追加效果：持有深红缎带时，恢复目标最大体力的50%
该道具仅可在战斗地图中使用","自身かペットを対象とし、睡眠耐性を100％向上させる。
効果時間：180秒
追加効果：「クリムゾンリボン」を所持している場合、対象のＨＰを最大ＨＰの50％分回復する。
このアイテムはバトルマップのみで使用できる。"
Pawprint,Captured,,,"以自身或魔兽为目标，将睡眠耐性提高100%
持续时间：180秒
追加效果：持有深红缎带时，恢复目标最大HP的50%
该道具仅可在战斗地图中使用","自身かペットを対象とし、睡眠耐性を100％向上させる。
効果時間：180秒
追加効果：「クリムゾンリボン」を所持している場合、対象のＨＰを最大ＨＰの50％分回復する。
このアイテムはバトルマップのみで使用できる。"
Pawprint,Captured,,,"以自身或魔兽为目标，将睡眠耐性提高100%
持续时间：180秒
追加效果：持有深红缎带时，恢复目标最大体力的50%
该道具仅可在战斗地图中使用","自身かペットを対象とし、睡眠耐性を100％向上させる。
効果時間：180秒
追加効果：「クリムゾンリボン」を所持している場合、対象のＨＰを最大ＨＰの50％分回復する。
このアイテムはバトルマップのみで使用できる。"
Pawprint,Captured,,,"以自身或魔兽为目标，将石化耐性提高100%
持续时间：180秒
追加效果：持有深红缎带时，恢复目标最大HP的50%
该道具仅可在战斗地图中使用","自身かペットを対象とし、石化耐性を100％向上させる。
効果時間：180秒
追加効果：「クリムゾンリボン」を所持している場合、対象のＨＰを最大ＨＰの50％分回復する。
このアイテムはバトルマップのみで使用できる。"
Pawprint,,,,"以自身或魔兽为目标，将石化耐性提高100%
持续时间：180秒
追加效果：持有深红缎带时，恢复目标最大体力的50%
该道具仅可在战斗地图中使用","自身かペットを対象とし、石化耐性を100％向上させる。
効果時間：180秒
追加効果：「クリムゾンリボン」を所持している場合、対象のＨＰを最大ＨＰの50％分回復する。
このアイテムはバトルマップのみで使用できる。"
Pawprint,Captured,,,"以自身或魔兽为目标，将石化耐性提高100%
持续时间：180秒
追加效果：持有深红缎带时，恢复目标最大HP的50%
该道具仅可在战斗地图中使用","自身かペットを対象とし、石化耐性を100％向上させる。
効果時間：180秒
追加効果：「クリムゾンリボン」を所持している場合、対象のＨＰを最大ＨＰの50％分回復する。
このアイテムはバトルマップのみで使用できる。"
Pawprint,Captured,,,"以自身或魔兽为目标，将石化耐性提高100%
持续时间：180秒
追加效果：持有深红缎带时，恢复目标最大体力的50%
该道具仅可在战斗地图中使用","自身かペットを対象とし、石化耐性を100％向上させる。
効果時間：180秒
追加効果：「クリムゾンリボン」を所持している場合、対象のＨＰを最大ＨＰの50％分回復する。
このアイテムはバトルマップのみで使用できる。"
Pawprint,Captured,,,"以自身或魔兽为目标，将麻痹耐性提高100%
持续时间：180秒
追加效果：持有深红缎带时，恢复目标最大HP的50%
该道具仅可在战斗地图中使用","自身かペットを対象とし、麻痺耐性を100％向上させる。
効果時間：180秒
追加効果：「クリムゾンリボン」を所持している場合、対象のＨＰを最大ＨＰの50％分回復する。
このアイテムはバトルマップのみで使用できる。"
Pawprint,,,,"以自身或魔兽为目标，将麻痹耐性提高100%
持续时间：180秒
追加效果：持有深红缎带时，恢复目标最大体力的50%
该道具仅可在战斗地图中使用","自身かペットを対象とし、麻痺耐性を100％向上させる。
効果時間：180秒
追加効果：「クリムゾンリボン」を所持している場合、対象のＨＰを最大ＨＰの50％分回復する。
このアイテムはバトルマップのみで使用できる。"
Pawprint,Captured,,,"以自身或魔兽为目标，将麻痹耐性提高100%
持续时间：180秒
追加效果：持有深红缎带时，恢复目标最大HP的50%
该道具仅可在战斗地图中使用","自身かペットを対象とし、麻痺耐性を100％向上させる。
効果時間：180秒
追加効果：「クリムゾンリボン」を所持している場合、対象のＨＰを最大ＨＰの50％分回復する。
このアイテムはバトルマップのみで使用できる。"
Pawprint,Captured,,,"以自身或魔兽为目标，将麻痹耐性提高100%
持续时间：180秒
追加效果：持有深红缎带时，恢复目标最大体力的50%
该道具仅可在战斗地图中使用","自身かペットを対象とし、麻痺耐性を100％向上させる。
効果時間：180秒
追加効果：「クリムゾンリボン」を所持している場合、対象のＨＰを最大ＨＰの50％分回復する。
このアイテムはバトルマップのみで使用できる。"
Pawprint,,,,以自身或魔兽为目标，恢复10%的体力,自身かペットを対象とし、ＨＰを10％回復する。
Pawprint,,,,以自身或魔兽为目标，恢复23%的体力,自身かペットを対象とし、ＨＰを23％回復する。
Pawprint,,,,以自身或魔兽为目标，恢复36%的体力,自身かペットを対象とし、ＨＰを36％回復する。
Pawprint,,,,以自身或魔兽为目标，恢复50%的体力,自身かペットを対象とし、ＨＰを50％回復する。
Pawprint,Captured,,,"以自身或魔兽为目标，解除除特定攻击之外其他所有中毒状态
治愈成功后，恢复目标最大HP的25%
该道具仅可在战斗地图中使用","自身かペットを対象とし、一部を除くすべての毒を解除する。
治癒に成功すると、対象のＨＰを最大ＨＰの25％分回復する。
このアイテムはバトルマップのみで使用できる。"
Pawprint,,,,"以自身或魔兽为目标，解除除特定攻击之外其他所有中毒状态
治愈成功后，恢复目标最大体力的25%
该道具仅可在战斗地图中使用","自身かペットを対象とし、一部を除くすべての毒を解除する。
治癒に成功すると、対象のＨＰを最大ＨＰの25％分回復する。
このアイテムはバトルマップのみで使用できる。"
Pawprint,Captured,,,"以自身或魔兽为目标，解除除特定攻击之外其他所有中毒状态
治愈成功后，恢复目标最大HP的25%
该道具仅可在战斗地图中使用","自身かペットを対象とし、一部を除くすべての毒を解除する。
治癒に成功すると、対象のＨＰを最大ＨＰの25％分回復する。
このアイテムはバトルマップのみで使用できる。"
Pawprint,Captured,,,"以自身或魔兽为目标，解除除特定攻击之外其他所有中毒状态
治愈成功后，恢复目标最大体力的25%
该道具仅可在战斗地图中使用","自身かペットを対象とし、一部を除くすべての毒を解除する。
治癒に成功すると、対象のＨＰを最大ＨＰの25％分回復する。
このアイテムはバトルマップのみで使用できる。"
Pawprint,Captured,,,"以自身或魔兽为目标，解除除特定攻击之外其他所有失明状态
治愈成功后，恢复目标最大HP的25%
该道具仅可在战斗地图中使用","自身かペットを対象とし、一部を除くすべての暗闇を解除する。
治癒に成功すると、対象のＨＰを最大ＨＰの25％分回復する。
このアイテムはバトルマップのみで使用できる。"
Pawprint,,,,"以自身或魔兽为目标，解除除特定攻击之外其他所有失明状态
治愈成功后，恢复目标最大体力的25%
该道具仅可在战斗地图中使用","自身かペットを対象とし、一部を除くすべての暗闇を解除する。
治癒に成功すると、対象のＨＰを最大ＨＰの25％分回復する。
このアイテムはバトルマップのみで使用できる。"
Pawprint,Captured,,,"以自身或魔兽为目标，解除除特定攻击之外其他所有失明状态
治愈成功后，恢复目标最大HP的25%
该道具仅可在战斗地图中使用","自身かペットを対象とし、一部を除くすべての暗闇を解除する。
治癒に成功すると、対象のＨＰを最大ＨＰの25％分回復する。
このアイテムはバトルマップのみで使用できる。"
Pawprint,Captured,,,"以自身或魔兽为目标，解除除特定攻击之外其他所有失明状态
治愈成功后，恢复目标最大体力的25%
该道具仅可在战斗地图中使用","自身かペットを対象とし、一部を除くすべての暗闇を解除する。
治癒に成功すると、対象のＨＰを最大ＨＰの25％分回復する。
このアイテムはバトルマップのみで使用できる。"
Pawprint,,,,"以自身或魔兽为目标，附加5档“闪躲”状态
闪躲效果：除特定攻击之外其他所有物理攻击均无效化，无效化时消耗1档闪躲
持续时间：120秒
追加效果：“盗贼的药”状态中时，再附加3档闪躲
该道具仅可在战斗地图中使用","自身かペットを対象に「ブリンク」を5スタック付与する。
ブリンク効果：一部を除くすべての物理攻撃を無効化する。無効化するとスタックを1消費する。
効果時間：120秒
追加効果：「盗賊の薬」効果中は、さらにブリンクを3スタック付与する。
このアイテムはバトルマップのみで使用できる。"
Pawprint,Captured,,,"以自身或魔兽为目标，附加5档“闪躲”状态
闪躲效果：除特定攻击之外其他所有物理攻击均无效化，无效化时消耗1档闪躲
持续时间：120秒
追加效果：“盗贼的药”状态中时，再附加3档闪躲
该道具仅可在战斗地图中使用","自身かペットを対象に「ブリンク」を5スタック付与する。
ブリンク効果：一部を除くすべての物理攻撃を無効化する。無効化するとスタックを1消費する。
効果時間：120秒
追加効果：「盗賊の薬」効果中は、さらにブリンクを3スタック付与する。
このアイテムはバトルマップのみで使用できる。"
Pawprint,,,,"以自身或魔兽为目标，附加“刚力药”状态
刚力药效果：令目标造成的物理伤害提高30%
持续时间：15秒
该道具仅可在战斗地图中使用","自身かペットを対象とし、「剛力薬」を付与する。
剛力薬効果：対象が与える物理ダメージを30％上昇させる。
効果時間：15秒
このアイテムはバトルマップのみで使用できる。"
Pawprint,Captured,,,"以自身或魔兽为目标，附加“刚力药”状态
刚力药效果：令目标造成的物理伤害提高30%
持续时间：15秒
该道具仅可在战斗地图中使用","自身かペットを対象とし、「剛力薬」を付与する。
剛力薬効果：対象が与える物理ダメージを30％上昇させる。
効果時間：15秒
このアイテムはバトルマップのみで使用できる。"
Pawprint,,,,"以自身或魔兽为目标，附加“反射”状态
反射效果：反射除特定攻击之外的所有魔法攻击
持续时间：30秒
追加效果：持有“魔咒帽子”时，持续时间将变为60秒
该道具仅可在战斗地图中使用","自身かペットを対象に「リフレク」を付与する。
リフレク効果：一部を除くすべての魔法攻撃を反射する。
効果時間：30秒
追加効果：「まじないの帽子」を所持している場合、効果時間が60秒になる。
このアイテムはバトルマップのみで使用できる。"
Pawprint,Captured,,,"以自身或魔兽为目标，附加“反射”状态
反射效果：反射除特定攻击之外的所有魔法攻击
持续时间：30秒
追加效果：持有“魔咒帽子”时，持续时间将变为60秒
该道具仅可在战斗地图中使用","自身かペットを対象に「リフレク」を付与する。
リフレク効果：一部を除くすべての魔法攻撃を反射する。
効果時間：30秒
追加効果：「まじないの帽子」を所持している場合、効果時間が60秒になる。
このアイテムはバトルマップのみで使用できる。"
Pawprint,,,,"以自身或魔兽为目标，附加“吸血攻击”状态
吸血攻击效果：恢复造成伤害10%的体力
持续时间：60秒
追加效果：持有“恶魔铠甲”时，持续时间将变为90秒
该道具仅可在战斗地图中使用","自身かペットを対象に「ＨＰ吸収攻撃」を付与する。
ＨＰ吸収攻撃効果：与えたダメージの10％分のＨＰを回復する。
効果時間：60秒
追加効果：「悪魔の鎧」を所持している場合、効果時間が90秒になる。
このアイテムはバトルマップのみで使用できる。"
Pawprint,Captured,,,"以自身或魔兽为目标，附加“吸血攻击”状态
吸血攻击效果：恢复造成伤害10%的体力
持续时间：60秒
追加效果：持有“恶魔铠甲”时，持续时间将变为90秒
该道具仅可在战斗地图中使用","自身かペットを対象に「ＨＰ吸収攻撃」を付与する。
ＨＰ吸収攻撃効果：与えたダメージの10％分のＨＰを回復する。
効果時間：60秒
追加効果：「悪魔の鎧」を所持している場合、効果時間が90秒になる。
このアイテムはバトルマップのみで使用できる。"
Pawprint,,,,"以自身或魔兽为目标，附加“敏捷药”状态
敏捷药效果：令目标的回避率提高25%
持续时间：30秒
该道具仅可在战斗地图中使用","自身かペットを対象とし、「敏捷薬」を付与する。
敏捷薬効果：対象の回避率を25％上昇させる。
効果時間：30秒
このアイテムはバトルマップのみで使用できる。"
Pawprint,Captured,,,"以自身或魔兽为目标，附加“敏捷药”状态
敏捷药效果：令目标的回避率提高25%
持续时间：30秒
该道具仅可在战斗地图中使用","自身かペットを対象とし、「敏捷薬」を付与する。
敏捷薬効果：対象の回避率を25％上昇させる。
効果時間：30秒
このアイテムはバトルマップのみで使用できる。"
Pawprint,,,,"以自身或魔兽为目标，附加“特攻药”状态
特攻药效果：令目标的暴击发动率提高30%
持续时间：30秒
追加效果：持有“银框眼镜”时，持续时间将变为60秒
该道具仅可在战斗地图中使用","自身かペットを対象とし、「特攻薬」を付与する。
特攻薬効果：対象のクリティカル発動率を30％上昇させる。
効果時間：30秒
追加効果：「銀縁眼鏡」を所持している場合、効果時間が60秒になる。
このアイテムはバトルマップのみで使用できる。"
Pawprint,Captured,,,"以自身或魔兽为目标，附加“特攻药”状态
特攻药效果：令目标的暴击发动率提高30%
持续时间：30秒
追加效果：持有“银框眼镜”时，持续时间将变为60秒
该道具仅可在战斗地图中使用","自身かペットを対象とし、「特攻薬」を付与する。
特攻薬効果：対象のクリティカル発動率を30％上昇させる。
効果時間：30秒
追加効果：「銀縁眼鏡」を所持している場合、効果時間が60秒になる。
このアイテムはバトルマップのみで使用できる。"
Pawprint,,,,"以自身或魔兽为目标，附加“硬肤药”状态
硬肤药效果：所受伤害减轻20%
持续时间：60秒
追加效果：持有“寒冰盾”时，持续时间将变为90秒
该道具仅可在战斗地图中使用","自身かペットを対象とし、「硬皮薬」を付与する。
硬皮薬効果：受けるダメージを20％軽減する。
効果時間：60秒
追加効果：「アイスシールド」を所持している場合、効果時間が90秒になる。
このアイテムはバトルマップのみで使用できる。"
Pawprint,Captured,,,"以自身或魔兽为目标，附加“硬肤药”状态
硬肤药效果：所受伤害减轻20%
持续时间：60秒
追加效果：持有“寒冰盾”时，持续时间将变为90秒
该道具仅可在战斗地图中使用","自身かペットを対象とし、「硬皮薬」を付与する。
硬皮薬効果：受けるダメージを20％軽減する。
効果時間：60秒
追加効果：「アイスシールド」を所持している場合、効果時間が90秒になる。
このアイテムはバトルマップのみで使用できる。"
Pawprint,,,,"以自身或魔兽为目标，附加“缩时药”状态
缩时药效果：自动攻击间隔、战技与魔法的咏唱及复唱时间缩短15%
持续时间：60秒
追加效果：持有“盗贼手套”时，持续时间将变为90秒
该道具仅可在战斗地图中使用","自身かペットを対象とし、「短縮薬」を付与する。
短縮薬効果：オートアタックの攻撃間隔と、ウェポンスキルおよび魔法のキャストタイムとリキャストタイムを15％短縮する。
効果時間：60秒
追加効果：「盗賊の手袋」を所持している場合、効果時間が90秒になる。
このアイテムはバトルマップのみで使用できる。"
Pawprint,Captured,,,"以自身或魔兽为目标，附加“缩时药”状态
缩时药效果：自动攻击间隔、战技与魔法的咏唱及复唱时间缩短15%
持续时间：60秒
追加效果：持有“盗贼手套”时，持续时间将变为90秒
该道具仅可在战斗地图中使用","自身かペットを対象とし、「短縮薬」を付与する。
短縮薬効果：オートアタックの攻撃間隔と、ウェポンスキルおよび魔法のキャストタイムとリキャストタイムを15％短縮する。
効果時間：60秒
追加効果：「盗賊の手袋」を所持している場合、効果時間が90秒になる。
このアイテムはバトルマップのみで使用できる。"
Pawprint,Captured,,,"以自身或魔兽为目标，附加“耐力药”状态，恢复10%的体力
耐力药效果：令最大HP提高20%
持续时间：永久，完成1次战斗后效果消失
该道具仅可在战斗地图中使用","自身かペットを対象とし、「体力薬」を付与し、ＨＰを10％回復する。
体力薬効果：最大ＨＰを20％上昇させる。
効果時間：永続、ただしバトルイベントを1回終えると効果がきれる。
このアイテムはバトルマップのみで使用できる。"
Pawprint,,,,"以自身或魔兽为目标，附加“耐力药”状态，恢复10%的体力
耐力药效果：令最大体力提高20%
持续时间：永久，完成1次战斗后效果消失
该道具仅可在战斗地图中使用","自身かペットを対象とし、「体力薬」を付与し、ＨＰを10％回復する。
体力薬効果：最大ＨＰを20％上昇させる。
効果時間：永続、ただしバトルイベントを1回終えると効果がきれる。
このアイテムはバトルマップのみで使用できる。"
Pawprint,Captured,,,"以自身或魔兽为目标，附加“耐力药”状态，恢复10%的体力
耐力药效果：令最大HP提高20%
持续时间：永久，完成1次战斗后效果消失
该道具仅可在战斗地图中使用","自身かペットを対象とし、「体力薬」を付与し、ＨＰを10％回復する。
体力薬効果：最大ＨＰを20％上昇させる。
効果時間：永続、ただしバトルイベントを1回終えると効果がきれる。
このアイテムはバトルマップのみで使用できる。"
Pawprint,Captured,,,"以自身或魔兽为目标，附加“耐力药”状态，恢复10%的体力
耐力药效果：令最大体力提高20%
持续时间：永久，完成1次战斗后效果消失
该道具仅可在战斗地图中使用","自身かペットを対象とし、「体力薬」を付与し、ＨＰを10％回復する。
体力薬効果：最大ＨＰを20％上昇させる。
効果時間：永続、ただしバトルイベントを1回終えると効果がきれる。
このアイテムはバトルマップのみで使用できる。"
Pawprint,,,,"以自身或魔兽为目标，附加“魔力药”状态
魔力药效果：令目标造成的魔法伤害提高30%
持续时间：15秒
该道具仅可在战斗地图中使用","自身かペットを対象とし、「魔力薬」を付与する。
魔力薬効果：対象が与える魔法ダメージを30％上昇させる。
効果時間：15秒
このアイテムはバトルマップのみで使用できる。"
Pawprint,Captured,,,"以自身或魔兽为目标，附加“魔力药”状态
魔力药效果：令目标造成的魔法伤害提高30%
持续时间：15秒
该道具仅可在战斗地图中使用","自身かペットを対象とし、「魔力薬」を付与する。
魔力薬効果：対象が与える魔法ダメージを30％上昇させる。
効果時間：15秒
このアイテムはバトルマップのみで使用できる。"
Pawprint,ExactFix,,,以自身或魔獣为对象，恢复10%的体力,自分または魔獣を対象に、HPを10%回復する
Pawprint,ExactFix,,,以自身或魔獣为对象，恢复23%的体力,自分または魔獣を対象に、HPを23%回復する
Pawprint,ExactFix,,,以自身或魔獣为对象，恢复36%的体力,自分または魔獣を対象に、HPを36%回復する
Pawprint,ExactFix,,,以自身或魔獣为对象，恢复50%的体力,自分または魔獣を対象に、HPを50%回復する
Pawprint,AssociatedWindowCapture2,,,以自身或魔獣为対象，復元10%的体力,自分または魔獣を対象に、HPを10%回復する
Pawprint,AssociatedWindowCapture2,,,以自身或魔獣为対象，復元23%的体力,自分または魔獣を対象に、HPを23%回復する
Pawprint,AssociatedWindowCapture2,,,以自身或魔獣为対象，復元36%的体力,自分または魔獣を対象に、HPを36%回復する
Pawprint,AssociatedWindowCapture2,,,以自身或魔獣为対象，復元50%的体力,自分または魔獣を対象に、HPを50%回復する
Pawprint,Captured,,,"以自身或魔獣为目标，以噩梦为代价，附加“魔力药”状态
魔力药效果：令目标造成的魔法伤害提高50%
噩梦持续时间：30秒
魔力药持续时间：30秒
该道具仅可在战斗地图中使用","自身かペットを対象とし、悪夢を付与する代わりに、「魔力薬」を付与する。
魔力薬効果：対象が与える魔法ダメージを50％上昇させる。
悪夢の効果時間：30秒
魔力薬の効果時間：30秒
このアイテムはバトルマップのみで使用できる。"
Pawprint,Captured,,,"以自身或魔獣为目标，以噩梦为代价，附加“魔力药”状态
魔力药效果：令目标造成的魔法伤害提高50%
噩梦持续时间：30秒
魔力药持续时间：30秒
该道具仅可在战斗地图中使用","自身かペットを対象とし、悪夢を付与する代わりに、「魔力薬」を付与する。
魔力薬効果：対象が与える魔法ダメージを50％上昇させる。
悪夢の効果時間：30秒
魔力薬の効果時間：30秒
このアイテムはバトルマップのみで使用できる。"
Pawprint,Captured,,,"以自身或魔獣为目标，以失明为代价，附加“敏捷药”状态
敏捷药效果：令目标的回避率提高25%
失明持续时间：30秒
敏捷药持续时间：60秒
该道具仅可在战斗地图中使用","自身かペットを対象とし、暗闇を付与する代わりに、「敏捷薬」を付与する。
敏捷薬効果：対象の回避率を25％上昇させる。
暗闇の効果時間：30秒
敏捷薬の効果時間：60秒
このアイテムはバトルマップのみで使用できる。"
Pawprint,Captured,,,"以自身或魔獣为目标，以失明为代价，附加“敏捷药”状态
敏捷药效果：令目标的回避率提高25%
失明持续时间：30秒
敏捷药持续时间：60秒
该道具仅可在战斗地图中使用","自身かペットを対象とし、暗闇を付与する代わりに、「敏捷薬」を付与する。
敏捷薬効果：対象の回避率を25％上昇させる。
暗闇の効果時間：30秒
敏捷薬の効果時間：60秒
このアイテムはバトルマップのみで使用できる。"
Pawprint,Captured,,,"以自身或魔獣为目标，以猛毒为代价，附加“耐力药”状态，恢复10%的体力
耐力药效果：令最大HP提高30%
猛毒持续时间：180秒
耐力药持续时间：永久，完成1次战斗后效果消失
该道具仅可在战斗地图中使用","自身かペットを対象とし、猛毒を付与する代わりに、「体力薬」を付与し、ＨＰを10％回復する。
体力薬効果：最大ＨＰを30％上昇させる。
猛毒の効果時間：180秒
体力薬効果時間：永続、ただしバトルイベントを1回終えると効果がきれる。
このアイテムはバトルマップのみで使用できる。"
Pawprint,Captured,,,"以自身或魔獣为目标，以猛毒为代价，附加“耐力药”状态，恢复10%的体力
耐力药效果：令最大体力提高30%
猛毒持续时间：180秒
耐力药持续时间：永久，完成1次战斗后效果消失
该道具仅可在战斗地图中使用","自身かペットを対象とし、猛毒を付与する代わりに、「体力薬」を付与し、ＨＰを10％回復する。
体力薬効果：最大ＨＰを30％上昇させる。
猛毒の効果時間：180秒
体力薬効果時間：永続、ただしバトルイベントを1回終えると効果がきれる。
このアイテムはバトルマップのみで使用できる。"
Pawprint,Captured,,,"以自身或魔獣为目标，以猛毒为代价，附加“耐力药”状态，恢复10%的体力
耐力药效果：令最大HP提高30%
猛毒持续时间：180秒
耐力药持续时间：永久，完成1次战斗后效果消失
该道具仅可在战斗地图中使用","自身かペットを対象とし、猛毒を付与する代わりに、「体力薬」を付与し、ＨＰを10％回復する。
体力薬効果：最大ＨＰを30％上昇させる。
猛毒の効果時間：180秒
体力薬効果時間：永続、ただしバトルイベントを1回終えると効果がきれる。
このアイテムはバトルマップのみで使用できる。"
Pawprint,Captured,,,"以自身或魔獣为目标，以猛毒为代价，附加“耐力药”状态，恢复10%的体力
耐力药效果：令最大体力提高30%
猛毒持续时间：180秒
耐力药持续时间：永久，完成1次战斗后效果消失
该道具仅可在战斗地图中使用","自身かペットを対象とし、猛毒を付与する代わりに、「体力薬」を付与し、ＨＰを10％回復する。
体力薬効果：最大ＨＰを30％上昇させる。
猛毒の効果時間：180秒
体力薬効果時間：永続、ただしバトルイベントを1回終えると効果がきれる。
このアイテムはバトルマップのみで使用できる。"
Pawprint,Captured,,,"以自身或魔獣为目标，以眩晕为代价，附加“刚力药”状态
刚力药效果：令目标造成的物理伤害提高45%
眩晕持续时间：15秒
刚力药持续时间：30秒
该道具仅可在战斗地图中使用","自身かペットを対象とし、スタンを付与する代わりに、「剛力薬」を付与する。
剛力薬効果：対象が与える物理ダメージを45％上昇させる。
スタンの効果時間：15秒
剛力薬の効果時間：30秒
このアイテムはバトルマップのみで使用できる。"
Pawprint,Captured,,,"以自身或魔獣为目标，以眩晕为代价，附加“刚力药”状态
刚力药效果：令目标造成的物理伤害提高45%
眩晕持续时间：15秒
刚力药持续时间：30秒
该道具仅可在战斗地图中使用","自身かペットを対象とし、スタンを付与する代わりに、「剛力薬」を付与する。
剛力薬効果：対象が与える物理ダメージを45％上昇させる。
スタンの効果時間：15秒
剛力薬の効果時間：30秒
このアイテムはバトルマップのみで使用できる。"
Pawprint,Captured,,,"以自身或魔獣为目标，以石化为代价，附加“特攻药”状态
特攻药效果：令目标的暴击发动率提高50%
石化持续时间：15秒
特攻药持续时间：30秒
追加效果：持有“银框眼镜”时，持续时间将变为60秒
该道具仅可在战斗地图中使用","自身かペットを対象とし、石化を付与する代わりに、「特攻薬」を付与する。
特攻薬効果：対象のクリティカル発動率を50％上昇させる。
石化の効果時間：15秒
特攻薬の効果時間：30秒
追加効果：「銀縁眼鏡」を所持している場合、特攻薬の効果時間が60秒になる。
このアイテムはバトルマップのみで使用できる。"
Pawprint,Captured,,,"以自身或魔獣为目标，以石化为代价，附加“特攻药”状态
特攻药效果：令目标的暴击发动率提高50%
石化持续时间：15秒
特攻药持续时间：30秒
追加效果：持有“银框眼镜”时，持续时间将变为60秒
该道具仅可在战斗地图中使用","自身かペットを対象とし、石化を付与する代わりに、「特攻薬」を付与する。
特攻薬効果：対象のクリティカル発動率を50％上昇させる。
石化の効果時間：15秒
特攻薬の効果時間：30秒
追加効果：「銀縁眼鏡」を所持している場合、特攻薬の効果時間が60秒になる。
このアイテムはバトルマップのみで使用できる。"
Pawprint,Captured,,,"以自身或魔獣为目标，增加100点技力
追加效果：持有“高昂戒指”时，技力增加量将变为250点
该道具仅可在战斗地图中使用","自身かペットを対象とし、ＴＰを100増加させる。
追加効果：「高揚の指輪」を所持している場合、ＴＰ増加量が250になる。
このアイテムはバトルマップのみで使用できる。"
Pawprint,Captured,,,"以自身或魔獣为目标，增加100点技力
追加效果：持有“高昂戒指”时，技力增加量将变为250点
该道具仅可在战斗地图中使用","自身かペットを対象とし、ＴＰを100増加させる。
追加効果：「高揚の指輪」を所持している場合、ＴＰ増加量が250になる。
このアイテムはバトルマップのみで使用できる。"
Pawprint,Captured,,,"以自身或魔獣为目标，将中毒耐性提高100%
持续时间：180秒
追加效果：持有深红缎带时，恢复目标最大HP的50%
该道具仅可在战斗地图中使用","自身かペットを対象とし、毒耐性を100％向上させる。
効果時間：180秒
追加効果：「クリムゾンリボン」を所持している場合、対象のＨＰを最大ＨＰの50％分回復する。
このアイテムはバトルマップのみで使用できる。"
Pawprint,Captured,,,"以自身或魔獣为目标，将中毒耐性提高100%
持续时间：180秒
追加效果：持有深红缎带时，恢复目标最大体力的50%
该道具仅可在战斗地图中使用","自身かペットを対象とし、毒耐性を100％向上させる。
効果時間：180秒
追加効果：「クリムゾンリボン」を所持している場合、対象のＨＰを最大ＨＰの50％分回復する。
このアイテムはバトルマップのみで使用できる。"
Pawprint,Captured,,,"以自身或魔獣为目标，将中毒耐性提高100%
持续时间：180秒
追加效果：持有深红缎带时，恢复目标最大HP的50%
该道具仅可在战斗地图中使用","自身かペットを対象とし、毒耐性を100％向上させる。
効果時間：180秒
追加効果：「クリムゾンリボン」を所持している場合、対象のＨＰを最大ＨＰの50％分回復する。
このアイテムはバトルマップのみで使用できる。"
Pawprint,Captured,,,"以自身或魔獣为目标，将中毒耐性提高100%
持续时间：180秒
追加效果：持有深红缎带时，恢复目标最大体力的50%
该道具仅可在战斗地图中使用","自身かペットを対象とし、毒耐性を100％向上させる。
効果時間：180秒
追加効果：「クリムゾンリボン」を所持している場合、対象のＨＰを最大ＨＰの50％分回復する。
このアイテムはバトルマップのみで使用できる。"
Pawprint,Captured,,,"以自身或魔獣为目标，将失明耐性提高100%
持续时间：180秒
追加效果：持有深红缎带时，恢复目标最大HP的50%
该道具仅可在战斗地图中使用","自身かペットを対象とし、暗闇耐性を100％向上させる。
効果時間：180秒
追加効果：「クリムゾンリボン」を所持している場合、対象のＨＰを最大ＨＰの50％分回復する。
このアイテムはバトルマップのみで使用できる。"
Pawprint,Captured,,,"以自身或魔獣为目标，将失明耐性提高100%
持续时间：180秒
追加效果：持有深红缎带时，恢复目标最大体力的50%
该道具仅可在战斗地图中使用","自身かペットを対象とし、暗闇耐性を100％向上させる。
効果時間：180秒
追加効果：「クリムゾンリボン」を所持している場合、対象のＨＰを最大ＨＰの50％分回復する。
このアイテムはバトルマップのみで使用できる。"
Pawprint,Captured,,,"以自身或魔獣为目标，将失明耐性提高100%
持续时间：180秒
追加效果：持有深红缎带时，恢复目标最大HP的50%
该道具仅可在战斗地图中使用","自身かペットを対象とし、暗闇耐性を100％向上させる。
効果時間：180秒
追加効果：「クリムゾンリボン」を所持している場合、対象のＨＰを最大ＨＰの50％分回復する。
このアイテムはバトルマップのみで使用できる。"
Pawprint,Captured,,,"以自身或魔獣为目标，将失明耐性提高100%
持续时间：180秒
追加效果：持有深红缎带时，恢复目标最大体力的50%
该道具仅可在战斗地图中使用","自身かペットを対象とし、暗闇耐性を100％向上させる。
効果時間：180秒
追加効果：「クリムゾンリボン」を所持している場合、対象のＨＰを最大ＨＰの50％分回復する。
このアイテムはバトルマップのみで使用できる。"
Pawprint,Captured,,,"以自身或魔獣为目标，将睡眠耐性提高100%
持续时间：180秒
追加效果：持有深红缎带时，恢复目标最大HP的50%
该道具仅可在战斗地图中使用","自身かペットを対象とし、睡眠耐性を100％向上させる。
効果時間：180秒
追加効果：「クリムゾンリボン」を所持している場合、対象のＨＰを最大ＨＰの50％分回復する。
このアイテムはバトルマップのみで使用できる。"
Pawprint,Captured,,,"以自身或魔獣为目标，将睡眠耐性提高100%
持续时间：180秒
追加效果：持有深红缎带时，恢复目标最大体力的50%
该道具仅可在战斗地图中使用","自身かペットを対象とし、睡眠耐性を100％向上させる。
効果時間：180秒
追加効果：「クリムゾンリボン」を所持している場合、対象のＨＰを最大ＨＰの50％分回復する。
このアイテムはバトルマップのみで使用できる。"
Pawprint,Captured,,,"以自身或魔獣为目标，将睡眠耐性提高100%
持续时间：180秒
追加效果：持有深红缎带时，恢复目标最大HP的50%
该道具仅可在战斗地图中使用","自身かペットを対象とし、睡眠耐性を100％向上させる。
効果時間：180秒
追加効果：「クリムゾンリボン」を所持している場合、対象のＨＰを最大ＨＰの50％分回復する。
このアイテムはバトルマップのみで使用できる。"
Pawprint,Captured,,,"以自身或魔獣为目标，将睡眠耐性提高100%
持续时间：180秒
追加效果：持有深红缎带时，恢复目标最大体力的50%
该道具仅可在战斗地图中使用","自身かペットを対象とし、睡眠耐性を100％向上させる。
効果時間：180秒
追加効果：「クリムゾンリボン」を所持している場合、対象のＨＰを最大ＨＰの50％分回復する。
このアイテムはバトルマップのみで使用できる。"
Pawprint,Captured,,,"以自身或魔獣为目标，将石化耐性提高100%
持续时间：180秒
追加效果：持有深红缎带时，恢复目标最大HP的50%
该道具仅可在战斗地图中使用","自身かペットを対象とし、石化耐性を100％向上させる。
効果時間：180秒
追加効果：「クリムゾンリボン」を所持している場合、対象のＨＰを最大ＨＰの50％分回復する。
このアイテムはバトルマップのみで使用できる。"
Pawprint,Captured,,,"以自身或魔獣为目标，将石化耐性提高100%
持续时间：180秒
追加效果：持有深红缎带时，恢复目标最大体力的50%
该道具仅可在战斗地图中使用","自身かペットを対象とし、石化耐性を100％向上させる。
効果時間：180秒
追加効果：「クリムゾンリボン」を所持している場合、対象のＨＰを最大ＨＰの50％分回復する。
このアイテムはバトルマップのみで使用できる。"
Pawprint,Captured,,,"以自身或魔獣为目标，将石化耐性提高100%
持续时间：180秒
追加效果：持有深红缎带时，恢复目标最大HP的50%
该道具仅可在战斗地图中使用","自身かペットを対象とし、石化耐性を100％向上させる。
効果時間：180秒
追加効果：「クリムゾンリボン」を所持している場合、対象のＨＰを最大ＨＰの50％分回復する。
このアイテムはバトルマップのみで使用できる。"
Pawprint,Captured,,,"以自身或魔獣为目标，将石化耐性提高100%
持续时间：180秒
追加效果：持有深红缎带时，恢复目标最大体力的50%
该道具仅可在战斗地图中使用","自身かペットを対象とし、石化耐性を100％向上させる。
効果時間：180秒
追加効果：「クリムゾンリボン」を所持している場合、対象のＨＰを最大ＨＰの50％分回復する。
このアイテムはバトルマップのみで使用できる。"
Pawprint,Captured,,,"以自身或魔獣为目标，将麻痹耐性提高100%
持续时间：180秒
追加效果：持有深红缎带时，恢复目标最大HP的50%
该道具仅可在战斗地图中使用","自身かペットを対象とし、麻痺耐性を100％向上させる。
効果時間：180秒
追加効果：「クリムゾンリボン」を所持している場合、対象のＨＰを最大ＨＰの50％分回復する。
このアイテムはバトルマップのみで使用できる。"
Pawprint,Captured,,,"以自身或魔獣为目标，将麻痹耐性提高100%
持续时间：180秒
追加效果：持有深红缎带时，恢复目标最大体力的50%
该道具仅可在战斗地图中使用","自身かペットを対象とし、麻痺耐性を100％向上させる。
効果時間：180秒
追加効果：「クリムゾンリボン」を所持している場合、対象のＨＰを最大ＨＰの50％分回復する。
このアイテムはバトルマップのみで使用できる。"
Pawprint,Captured,,,"以自身或魔獣为目标，将麻痹耐性提高100%
持续时间：180秒
追加效果：持有深红缎带时，恢复目标最大HP的50%
该道具仅可在战斗地图中使用","自身かペットを対象とし、麻痺耐性を100％向上させる。
効果時間：180秒
追加効果：「クリムゾンリボン」を所持している場合、対象のＨＰを最大ＨＰの50％分回復する。
このアイテムはバトルマップのみで使用できる。"
Pawprint,Captured,,,"以自身或魔獣为目标，将麻痹耐性提高100%
持续时间：180秒
追加效果：持有深红缎带时，恢复目标最大体力的50%
该道具仅可在战斗地图中使用","自身かペットを対象とし、麻痺耐性を100％向上させる。
効果時間：180秒
追加効果：「クリムゾンリボン」を所持している場合、対象のＨＰを最大ＨＰの50％分回復する。
このアイテムはバトルマップのみで使用できる。"
Pawprint,Captured,,,以自身或魔獣为目标，恢复10%的体力,自身かペットを対象とし、ＨＰを10％回復する。
Pawprint,Captured,,,以自身或魔獣为目标，恢复23%的体力,自身かペットを対象とし、ＨＰを23％回復する。
Pawprint,Captured,,,以自身或魔獣为目标，恢复36%的体力,自身かペットを対象とし、ＨＰを36％回復する。
Pawprint,Captured,,,以自身或魔獣为目标，恢复50%的体力,自身かペットを対象とし、ＨＰを50％回復する。
Pawprint,Captured,,,"以自身或魔獣为目标，解除除特定攻击之外其他所有中毒状态
治愈成功后，恢复目标最大HP的25%
该道具仅可在战斗地图中使用","自身かペットを対象とし、一部を除くすべての毒を解除する。
治癒に成功すると、対象のＨＰを最大ＨＰの25％分回復する。
このアイテムはバトルマップのみで使用できる。"
Pawprint,Captured,,,"以自身或魔獣为目标，解除除特定攻击之外其他所有中毒状态
治愈成功后，恢复目标最大体力的25%
该道具仅可在战斗地图中使用","自身かペットを対象とし、一部を除くすべての毒を解除する。
治癒に成功すると、対象のＨＰを最大ＨＰの25％分回復する。
このアイテムはバトルマップのみで使用できる。"
Pawprint,Captured,,,"以自身或魔獣为目标，解除除特定攻击之外其他所有中毒状态
治愈成功后，恢复目标最大HP的25%
该道具仅可在战斗地图中使用","自身かペットを対象とし、一部を除くすべての毒を解除する。
治癒に成功すると、対象のＨＰを最大ＨＰの25％分回復する。
このアイテムはバトルマップのみで使用できる。"
Pawprint,Captured,,,"以自身或魔獣为目标，解除除特定攻击之外其他所有中毒状态
治愈成功后，恢复目标最大体力的25%
该道具仅可在战斗地图中使用","自身かペットを対象とし、一部を除くすべての毒を解除する。
治癒に成功すると、対象のＨＰを最大ＨＰの25％分回復する。
このアイテムはバトルマップのみで使用できる。"
Pawprint,Captured,,,"以自身或魔獣为目标，解除除特定攻击之外其他所有失明状态
治愈成功后，恢复目标最大HP的25%
该道具仅可在战斗地图中使用","自身かペットを対象とし、一部を除くすべての暗闇を解除する。
治癒に成功すると、対象のＨＰを最大ＨＰの25％分回復する。
このアイテムはバトルマップのみで使用できる。"
Pawprint,Captured,,,"以自身或魔獣为目标，解除除特定攻击之外其他所有失明状态
治愈成功后，恢复目标最大体力的25%
该道具仅可在战斗地图中使用","自身かペットを対象とし、一部を除くすべての暗闇を解除する。
治癒に成功すると、対象のＨＰを最大ＨＰの25％分回復する。
このアイテムはバトルマップのみで使用できる。"
Pawprint,Captured,,,"以自身或魔獣为目标，解除除特定攻击之外其他所有失明状态
治愈成功后，恢复目标最大HP的25%
该道具仅可在战斗地图中使用","自身かペットを対象とし、一部を除くすべての暗闇を解除する。
治癒に成功すると、対象のＨＰを最大ＨＰの25％分回復する。
このアイテムはバトルマップのみで使用できる。"
Pawprint,Captured,,,"以自身或魔獣为目标，解除除特定攻击之外其他所有失明状态
治愈成功后，恢复目标最大体力的25%
该道具仅可在战斗地图中使用","自身かペットを対象とし、一部を除くすべての暗闇を解除する。
治癒に成功すると、対象のＨＰを最大ＨＰの25％分回復する。
このアイテムはバトルマップのみで使用できる。"
Pawprint,Captured,,,"以自身或魔獣为目标，附加5档“闪躲”状态
闪躲效果：除特定攻击之外其他所有物理攻击均无效化，无效化时消耗1档闪躲
持续时间：120秒
追加效果：“盗贼的药”状态中时，再附加3档闪躲
该道具仅可在战斗地图中使用","自身かペットを対象に「ブリンク」を5スタック付与する。
ブリンク効果：一部を除くすべての物理攻撃を無効化する。無効化するとスタックを1消費する。
効果時間：120秒
追加効果：「盗賊の薬」効果中は、さらにブリンクを3スタック付与する。
このアイテムはバトルマップのみで使用できる。"
Pawprint,Captured,,,"以自身或魔獣为目标，附加5档“闪躲”状态
闪躲效果：除特定攻击之外其他所有物理攻击均无效化，无效化时消耗1档闪躲
持续时间：120秒
追加效果：“盗贼的药”状态中时，再附加3档闪躲
该道具仅可在战斗地图中使用","自身かペットを対象に「ブリンク」を5スタック付与する。
ブリンク効果：一部を除くすべての物理攻撃を無効化する。無効化するとスタックを1消費する。
効果時間：120秒
追加効果：「盗賊の薬」効果中は、さらにブリンクを3スタック付与する。
このアイテムはバトルマップのみで使用できる。"
Pawprint,Captured,,,"以自身或魔獣为目标，附加“刚力药”状态
刚力药效果：令目标造成的物理伤害提高30%
持续时间：15秒
该道具仅可在战斗地图中使用","自身かペットを対象とし、「剛力薬」を付与する。
剛力薬効果：対象が与える物理ダメージを30％上昇させる。
効果時間：15秒
このアイテムはバトルマップのみで使用できる。"
Pawprint,Captured,,,"以自身或魔獣为目标，附加“刚力药”状态
刚力药效果：令目标造成的物理伤害提高30%
持续时间：15秒
该道具仅可在战斗地图中使用","自身かペットを対象とし、「剛力薬」を付与する。
剛力薬効果：対象が与える物理ダメージを30％上昇させる。
効果時間：15秒
このアイテムはバトルマップのみで使用できる。"
Pawprint,Captured,,,"以自身或魔獣为目标，附加“反射”状态
反射效果：反射除特定攻击之外的所有魔法攻击
持续时间：30秒
追加效果：持有“魔咒帽子”时，持续时间将变为60秒
该道具仅可在战斗地图中使用","自身かペットを対象に「リフレク」を付与する。
リフレク効果：一部を除くすべての魔法攻撃を反射する。
効果時間：30秒
追加効果：「まじないの帽子」を所持している場合、効果時間が60秒になる。
このアイテムはバトルマップのみで使用できる。"
Pawprint,Captured,,,"以自身或魔獣为目标，附加“反射”状态
反射效果：反射除特定攻击之外的所有魔法攻击
持续时间：30秒
追加效果：持有“魔咒帽子”时，持续时间将变为60秒
该道具仅可在战斗地图中使用","自身かペットを対象に「リフレク」を付与する。
リフレク効果：一部を除くすべての魔法攻撃を反射する。
効果時間：30秒
追加効果：「まじないの帽子」を所持している場合、効果時間が60秒になる。
このアイテムはバトルマップのみで使用できる。"
Pawprint,Captured,,,"以自身或魔獣为目标，附加“吸血攻击”状态
吸血攻击效果：恢复造成伤害10%的体力
持续时间：60秒
追加效果：持有“恶魔铠甲”时，持续时间将变为90秒
该道具仅可在战斗地图中使用","自身かペットを対象に「ＨＰ吸収攻撃」を付与する。
ＨＰ吸収攻撃効果：与えたダメージの10％分のＨＰを回復する。
効果時間：60秒
追加効果：「悪魔の鎧」を所持している場合、効果時間が90秒になる。
このアイテムはバトルマップのみで使用できる。"
Pawprint,Captured,,,"以自身或魔獣为目标，附加“吸血攻击”状态
吸血攻击效果：恢复造成伤害10%的体力
持续时间：60秒
追加效果：持有“恶魔铠甲”时，持续时间将变为90秒
该道具仅可在战斗地图中使用","自身かペットを対象に「ＨＰ吸収攻撃」を付与する。
ＨＰ吸収攻撃効果：与えたダメージの10％分のＨＰを回復する。
効果時間：60秒
追加効果：「悪魔の鎧」を所持している場合、効果時間が90秒になる。
このアイテムはバトルマップのみで使用できる。"
Pawprint,Captured,,,"以自身或魔獣为目标，附加“敏捷药”状态
敏捷药效果：令目标的回避率提高25%
持续时间：30秒
该道具仅可在战斗地图中使用","自身かペットを対象とし、「敏捷薬」を付与する。
敏捷薬効果：対象の回避率を25％上昇させる。
効果時間：30秒
このアイテムはバトルマップのみで使用できる。"
Pawprint,Captured,,,"以自身或魔獣为目标，附加“敏捷药”状态
敏捷药效果：令目标的回避率提高25%
持续时间：30秒
该道具仅可在战斗地图中使用","自身かペットを対象とし、「敏捷薬」を付与する。
敏捷薬効果：対象の回避率を25％上昇させる。
効果時間：30秒
このアイテムはバトルマップのみで使用できる。"
Pawprint,Captured,,,"以自身或魔獣为目标，附加“特攻药”状态
特攻药效果：令目标的暴击发动率提高30%
持续时间：30秒
追加效果：持有“银框眼镜”时，持续时间将变为60秒
该道具仅可在战斗地图中使用","自身かペットを対象とし、「特攻薬」を付与する。
特攻薬効果：対象のクリティカル発動率を30％上昇させる。
効果時間：30秒
追加効果：「銀縁眼鏡」を所持している場合、効果時間が60秒になる。
このアイテムはバトルマップのみで使用できる。"
Pawprint,Captured,,,"以自身或魔獣为目标，附加“特攻药”状态
特攻药效果：令目标的暴击发动率提高30%
持续时间：30秒
追加效果：持有“银框眼镜”时，持续时间将变为60秒
该道具仅可在战斗地图中使用","自身かペットを対象とし、「特攻薬」を付与する。
特攻薬効果：対象のクリティカル発動率を30％上昇させる。
効果時間：30秒
追加効果：「銀縁眼鏡」を所持している場合、効果時間が60秒になる。
このアイテムはバトルマップのみで使用できる。"
Pawprint,Captured,,,"以自身或魔獣为目标，附加“硬肤药”状态
硬肤药效果：所受伤害减轻20%
持续时间：60秒
追加效果：持有“寒冰盾”时，持续时间将变为90秒
该道具仅可在战斗地图中使用","自身かペットを対象とし、「硬皮薬」を付与する。
硬皮薬効果：受けるダメージを20％軽減する。
効果時間：60秒
追加効果：「アイスシールド」を所持している場合、効果時間が90秒になる。
このアイテムはバトルマップのみで使用できる。"
Pawprint,Captured,,,"以自身或魔獣为目标，附加“硬肤药”状态
硬肤药效果：所受伤害减轻20%
持续时间：60秒
追加效果：持有“寒冰盾”时，持续时间将变为90秒
该道具仅可在战斗地图中使用","自身かペットを対象とし、「硬皮薬」を付与する。
硬皮薬効果：受けるダメージを20％軽減する。
効果時間：60秒
追加効果：「アイスシールド」を所持している場合、効果時間が90秒になる。
このアイテムはバトルマップのみで使用できる。"
Pawprint,Captured,,,"以自身或魔獣为目标，附加“缩时药”状态
缩时药效果：自动攻击间隔、战技与魔法的咏唱及复唱时间缩短15%
持续时间：60秒
追加效果：持有“盗贼手套”时，持续时间将变为90秒
该道具仅可在战斗地图中使用","自身かペットを対象とし、「短縮薬」を付与する。
短縮薬効果：オートアタックの攻撃間隔と、ウェポンスキルおよび魔法のキャストタイムとリキャストタイムを15％短縮する。
効果時間：60秒
追加効果：「盗賊の手袋」を所持している場合、効果時間が90秒になる。
このアイテムはバトルマップのみで使用できる。"
Pawprint,Captured,,,"以自身或魔獣为目标，附加“缩时药”状态
缩时药效果：自动攻击间隔、战技与魔法的咏唱及复唱时间缩短15%
持续时间：60秒
追加效果：持有“盗贼手套”时，持续时间将变为90秒
该道具仅可在战斗地图中使用","自身かペットを対象とし、「短縮薬」を付与する。
短縮薬効果：オートアタックの攻撃間隔と、ウェポンスキルおよび魔法のキャストタイムとリキャストタイムを15％短縮する。
効果時間：60秒
追加効果：「盗賊の手袋」を所持している場合、効果時間が90秒になる。
このアイテムはバトルマップのみで使用できる。"
Pawprint,Captured,,,"以自身或魔獣为目标，附加“耐力药”状态，恢复10%的体力
耐力药效果：令最大HP提高20%
持续时间：永久，完成1次战斗后效果消失
该道具仅可在战斗地图中使用","自身かペットを対象とし、「体力薬」を付与し、ＨＰを10％回復する。
体力薬効果：最大ＨＰを20％上昇させる。
効果時間：永続、ただしバトルイベントを1回終えると効果がきれる。
このアイテムはバトルマップのみで使用できる。"
Pawprint,Captured,,,"以自身或魔獣为目标，附加“耐力药”状态，恢复10%的体力
耐力药效果：令最大体力提高20%
持续时间：永久，完成1次战斗后效果消失
该道具仅可在战斗地图中使用","自身かペットを対象とし、「体力薬」を付与し、ＨＰを10％回復する。
体力薬効果：最大ＨＰを20％上昇させる。
効果時間：永続、ただしバトルイベントを1回終えると効果がきれる。
このアイテムはバトルマップのみで使用できる。"
Pawprint,Captured,,,"以自身或魔獣为目标，附加“耐力药”状态，恢复10%的体力
耐力药效果：令最大HP提高20%
持续时间：永久，完成1次战斗后效果消失
该道具仅可在战斗地图中使用","自身かペットを対象とし、「体力薬」を付与し、ＨＰを10％回復する。
体力薬効果：最大ＨＰを20％上昇させる。
効果時間：永続、ただしバトルイベントを1回終えると効果がきれる。
このアイテムはバトルマップのみで使用できる。"
Pawprint,Captured,,,"以自身或魔獣为目标，附加“耐力药”状态，恢复10%的体力
耐力药效果：令最大体力提高20%
持续时间：永久，完成1次战斗后效果消失
该道具仅可在战斗地图中使用","自身かペットを対象とし、「体力薬」を付与し、ＨＰを10％回復する。
体力薬効果：最大ＨＰを20％上昇させる。
効果時間：永続、ただしバトルイベントを1回終えると効果がきれる。
このアイテムはバトルマップのみで使用できる。"
Pawprint,Captured,,,"以自身或魔獣为目标，附加“魔力药”状态
魔力药效果：令目标造成的魔法伤害提高30%
持续时间：15秒
该道具仅可在战斗地图中使用","自身かペットを対象とし、「魔力薬」を付与する。
魔力薬効果：対象が与える魔法ダメージを30％上昇させる。
効果時間：15秒
このアイテムはバトルマップのみで使用できる。"
Pawprint,Captured,,,"以自身或魔獣为目标，附加“魔力药”状态
魔力药效果：令目标造成的魔法伤害提高30%
持续时间：15秒
该道具仅可在战斗地图中使用","自身かペットを対象とし、「魔力薬」を付与する。
魔力薬効果：対象が与える魔法ダメージを30％上昇させる。
効果時間：15秒
このアイテムはバトルマップのみで使用できる。"
Pawprint,Captured,,,"以魔兽为目标，解除除特定攻击之外其他所有石化状态
治愈成功后，恢复目标最大HP的50%，同时附加“石肤”状态
石肤效果：抵消相当于最大HP50%的伤害量
石肤持续时间：60秒
该道具仅可在战斗地图中使用","ペットを対象とし、一部を除くすべての石化を解除する。
治癒に成功すると、対象のＨＰを最大ＨＰの50％分回復し、さらに「ストンスキン」を付与する。
ストンスキン効果：最大ＨＰの50％分のダメージを軽減する。
ストンスキン効果時間：60秒
このアイテムはバトルマップのみで使用できる。"
Pawprint,,,,"以魔兽为目标，解除除特定攻击之外其他所有石化状态
治愈成功后，恢复目标最大体力的50%，同时附加“石肤”状态
石肤效果：抵消相当于最大体力50%的伤害量
石肤持续时间：60秒
该道具仅可在战斗地图中使用","ペットを対象とし、一部を除くすべての石化を解除する。
治癒に成功すると、対象のＨＰを最大ＨＰの50％分回復し、さらに「ストンスキン」を付与する。
ストンスキン効果：最大ＨＰの50％分のダメージを軽減する。
ストンスキン効果時間：60秒
このアイテムはバトルマップのみで使用できる。"
Pawprint,Captured,,,"以魔兽为目标，解除除特定攻击之外其他所有石化状态
治愈成功后，恢复目标最大HP的50%，同时附加“石肤”状态
石肤效果：抵消相当于最大HP50%的伤害量
石肤持续时间：60秒
该道具仅可在战斗地图中使用","ペットを対象とし、一部を除くすべての石化を解除する。
治癒に成功すると、対象のＨＰを最大ＨＰの50％分回復し、さらに「ストンスキン」を付与する。
ストンスキン効果：最大ＨＰの50％分のダメージを軽減する。
ストンスキン効果時間：60秒
このアイテムはバトルマップのみで使用できる。"
Pawprint,Captured,,,"以魔兽为目标，解除除特定攻击之外其他所有石化状态
治愈成功后，恢复目标最大体力的50%，同时附加“石肤”状态
石肤效果：抵消相当于最大体力50%的伤害量
石肤持续时间：60秒
该道具仅可在战斗地图中使用","ペットを対象とし、一部を除くすべての石化を解除する。
治癒に成功すると、対象のＨＰを最大ＨＰの50％分回復し、さらに「ストンスキン」を付与する。
ストンスキン効果：最大ＨＰの50％分のダメージを軽減する。
ストンスキン効果時間：60秒
このアイテムはバトルマップのみで使用できる。"
Pawprint,Captured,,,"以魔獣为目标，解除除特定攻击之外其他所有石化状态
治愈成功后，恢复目标最大HP的50%，同时附加“石肤”状态
石肤效果：抵消相当于最大HP50%的伤害量
石肤持续时间：60秒
该道具仅可在战斗地图中使用","ペットを対象とし、一部を除くすべての石化を解除する。
治癒に成功すると、対象のＨＰを最大ＨＰの50％分回復し、さらに「ストンスキン」を付与する。
ストンスキン効果：最大ＨＰの50％分のダメージを軽減する。
ストンスキン効果時間：60秒
このアイテムはバトルマップのみで使用できる。"
Pawprint,Captured,,,"以魔獣为目标，解除除特定攻击之外其他所有石化状态
治愈成功后，恢复目标最大体力的50%，同时附加“石肤”状态
石肤效果：抵消相当于最大体力50%的伤害量
石肤持续时间：60秒
该道具仅可在战斗地图中使用","ペットを対象とし、一部を除くすべての石化を解除する。
治癒に成功すると、対象のＨＰを最大ＨＰの50％分回復し、さらに「ストンスキン」を付与する。
ストンスキン効果：最大ＨＰの50％分のダメージを軽減する。
ストンスキン効果時間：60秒
このアイテムはバトルマップのみで使用できる。"
Pawprint,Captured,,,"以魔獣为目标，解除除特定攻击之外其他所有石化状态
治愈成功后，恢复目标最大HP的50%，同时附加“石肤”状态
石肤效果：抵消相当于最大HP50%的伤害量
石肤持续时间：60秒
该道具仅可在战斗地图中使用","ペットを対象とし、一部を除くすべての石化を解除する。
治癒に成功すると、対象のＨＰを最大ＨＰの50％分回復し、さらに「ストンスキン」を付与する。
ストンスキン効果：最大ＨＰの50％分のダメージを軽減する。
ストンスキン効果時間：60秒
このアイテムはバトルマップのみで使用できる。"
Pawprint,Captured,,,"以魔獣为目标，解除除特定攻击之外其他所有石化状态
治愈成功后，恢复目标最大体力的50%，同时附加“石肤”状态
石肤效果：抵消相当于最大体力50%的伤害量
石肤持续时间：60秒
该道具仅可在战斗地图中使用","ペットを対象とし、一部を除くすべての石化を解除する。
治癒に成功すると、対象のＨＰを最大ＨＰの50％分回復し、さらに「ストンスキン」を付与する。
ストンスキン効果：最大ＨＰの50％分のダメージを軽減する。
ストンスキン効果時間：60秒
このアイテムはバトルマップのみで使用できる。"
Pawprint,DLLSourceScan,,,件（0=全部）,件（0＝すべて）
Pawprint,DLLSourceScan,,,任务搜索器尚未就绪,コンテンツファインダーの準備がまだできていません
Pawprint,DLLSourceScan,,,任务未授权 PR 战斗,このタスクではPRによる戦闘が許可されていません
Pawprint,DLLSourceScan,,,任意魔兽,任意のペット
Pawprint,DLLSourceScan,,,任意魔獣,任意のペット
Pawprint,DLLSourceScan,,,休息任务、角色或奇盘已变化,休憩処理中にタスク、キャラクター、または盤面が変わりました
Pawprint,DLLSourceScan,,,休息列表点击事件不唯一,休憩一覧のクリックイベントが一意ではありません
Pawprint,DLLSourceScan,,,休息按钮事件不唯一,休憩ボタンのイベントが一意ではありません
Pawprint,DLLSourceScan,,,休息确认待识别,休憩確認の識別待ち
Pawprint,AssociatedWindowCapture,,,优先攻击大鬼，大小火焰怪为备选目标,大鬼を優先攻撃し、大小の火炎系を予備ターゲットにする
Pawprint,,,,优先级,優先順位
Pawprint,,,,优先飞行,飛行を優先
Pawprint,,,,位于副本内,コンテンツ内
Pawprint,,,,位置,位置
Pawprint,,,,低3仅通关蜗牛手动打,第三盤・クリアのみ（カタツムリは手動）
Pawprint,Captured,,,低价凑齐装备／道具,安価なビーストギア／アイテムから揃える
Pawprint,DLLSourceScan,,,低段,通常
Pawprint,,,,低段第一盘,第一盤
Pawprint,,,,低段第三盘,第三盤
Pawprint,,,,低段第二盘,第二盤
Pawprint,MixedTooltipFix,,,低純度獣核晶 0 · 高純度獣核晶 0,低純度獣核晶 0 · 高純度獣核晶 0
Pawprint,DLLSourceScan,,,低纯度兽核晶 ,低純度獣核晶 
Pawprint,Captured,,,低纯度兽核晶 0 · 高纯度兽核晶 0,低純度獣核晶 0 · 高純度獣核晶 0
Pawprint,,,,"低纯度兽核晶 0 · 高纯度兽核晶 2,419","低純度獣核晶 0 · 高純度獣核晶 2,419"
Pawprint,,,,"使用星体风暴，对目标及其周围18米以内的敌人造成火属性魔法伤害　威力：3000
追加效果：增加自身技力
技力增加量：每命中1名敌人增加50点
追加效果：令目标的火属性耐性降低20%
持续时间：60秒
该道具的伤害受到其他斗兽装备、道具或能力类技能的魔法伤害提高的影响
该道具仅可在战斗地图中使用","プチメテオを使用し、対象とその周囲18m以内の敵に魔法火属性ダメージ。　威力：3000
追加効果：自身のＴＰを増加させる。
ＴＰ増加量：ヒットした敵1体につき50
追加効果：対象の火属性耐性を20％低下させる。
効果時間：60秒
このアイテムのダメージは他のビーストギアなどのアイテムやアビリティによる魔法与ダメージアップの影響を受ける。
このアイテムはバトルマップのみで使用できる。"
Pawprint,Captured,,,"使用星体风暴，对目标及其周围18米以内的敌人造成火属性魔法伤害　威力：3000
追加效果：增加自身技力
技力增加量：每命中1名敌人增加50点
追加效果：令目标的火属性耐性降低20%
持续时间：60秒
该道具的伤害受到其他斗兽装备、道具或能力类技能的魔法伤害提高的影响
该道具仅可在战斗地图中使用","プチメテオを使用し、対象とその周囲18m以内の敵に魔法火属性ダメージ。　威力：3000
追加効果：自身のＴＰを増加させる。
ＴＰ増加量：ヒットした敵1体につき50
追加効果：対象の火属性耐性を20％低下させる。
効果時間：60秒
このアイテムのダメージは他のビーストギアなどのアイテムやアビリティによる魔法与ダメージアップの影響を受ける。
このアイテムはバトルマップのみで使用できる。"
Pawprint,DLLSourceScan,,,使用职责技,ロールアクションを使用
Pawprint,DLLSourceScan,,,使用道具,アイテムを使用
Pawprint,,,,使用食物,プレイヤー用の食事を使用
Pawprint,,,,保存済みの図鑑記録を表示,保存済みの図鑑記録を表示
Pawprint,DLLSourceScan,,,倒计时,カウントダウン
Pawprint,,,,停止,停止
Pawprint,,,,停止##arena,停止##arena
Pawprint,DLLSourceScan,,,停止并保存斗兽记录,停止して闘獣練の記録を保存
Pawprint,DLLSourceScan,,,停用,無効
Pawprint,,,,先に魔獣使いへ切り替えてください,先に魔獣使いへ切り替えてください
Pawprint,Captured,,,免费奖励,無料報酬
Pawprint,DLLSourceScan,,,入场确认时编组图鉴仍打开,突入確認時に編成図鑑が開いたままです
Pawprint,,,,入场编组,突入編成
Pawprint,DLLSourceScan,,,入场编组 ,突入編成 
Pawprint,Captured,,,入场编组 0/10,突入編成 0/10
Pawprint,AssociatedWindowCapture2,,,入场编组 0/15,突入編成 0/15
Pawprint,Captured,,,入场编组 12/12,突入編成 12/12
Pawprint,,,,入场编组 3/12,突入編成 3/12
Pawprint,,,,入场编组 3/15,突入編成 3/15
Pawprint,DLLSourceScan,,,入场编组尚未加载,突入編成がまだ読み込まれていません
Pawprint,,,,入场顺序／补位顺序,突入順序／補充順序
Pawprint,,,,全体制限,全体制限
Pawprint,MixedTooltipFix,,,全体：累計0戦 · 失敗0戦 · 最高0点,全体：累計0戦 · 失敗0戦 · 最高0点
Pawprint,DLLSourceScan,,,全局：累计 ,全体：累計 
Pawprint,AssociatedWindowCapture2,,,全局：累计 0 局 · 失敗 0 局 · 最高 0 分,全体：累計0戦 · 失敗0戦 · 最高0点
Pawprint,Captured,,,全局：累计 0 局 · 失败 0 局 · 最高 0 分,全体：累計0戦 · 失敗0戦 · 最高0点
Pawprint,,,,"全局：累计 301 局 · 失败 4 局 · 最高 19,375 分","全体：累計301戦 · 失敗4戦 · 最高19,375点"
Pawprint,,,,全程限制,全体制限
Pawprint,,,,全部,すべて
Pawprint,,,,全部启用,すべて有効化
Pawprint,,,,全部禁用,すべて無効化
Pawprint,Captured,,,全部道具,すべてのアイテム
Pawprint,ExactFix,,,其他设定,その他設定
Pawprint,,,,其他设置,その他の設定
Pawprint,DLLSourceScan,,,兽笛编队界面或魔兽行已变化,獣笛編成画面またはペット行が変わりました
Pawprint,DLLSourceScan,,,兽笛编队界面或魔獣行已变化,獣笛編成画面またはペット行が変わりました
Pawprint,DLLSourceScan,,,兽角,獣角
Pawprint,Captured,,,内置简单战斗,内蔵簡易戦闘
Pawprint,DLLSourceScan,,,内置：,内蔵：
Pawprint,Captured,,,内蔵簡易戦闘,内蔵簡易戦闘
Pawprint,DLLSourceScan,,,冷却,クールダウン
Pawprint,,,,"减速+200%
造成物理伤害+50%
适于以下魔兽食用：
百兽纲 百虫纲 有翼纲 草木纲 水栖纲 甲鳞纲 死尸纲","スロウ＋200％
物理与ダメージ＋50％
[食事可能な魔獣]
百獣綱 百蟲綱 有翼綱 草木綱 水棲綱 甲鱗綱 死屍綱"
Pawprint,Captured,,,"减速+200%
造成物理伤害+50%
适于以下魔獣食用：
百兽纲 百虫纲 有翼纲 草木纲 水栖纲 甲鳞纲 死尸纲","スロウ＋200％
物理与ダメージ＋50％
[食事可能な魔獣]
百獣綱 百蟲綱 有翼綱 草木綱 水棲綱 甲鱗綱 死屍綱"
Pawprint,,,,"减速+200%
造成魔法伤害+50%
适于以下魔兽食用：
百兽纲 百虫纲 有翼纲 草木纲 水栖纲 甲鳞纲 死尸纲","スロウ＋200％
魔法与ダメージ＋50％
[食事可能な魔獣]
百獣綱 百蟲綱 有翼綱 草木綱 水棲綱 甲鱗綱 死屍綱"
Pawprint,Captured,,,"减速+200%
造成魔法伤害+50%
适于以下魔獣食用：
百兽纲 百虫纲 有翼纲 草木纲 水栖纲 甲鳞纲 死尸纲","スロウ＋200％
魔法与ダメージ＋50％
[食事可能な魔獣]
百獣綱 百蟲綱 有翼綱 草木綱 水棲綱 甲鱗綱 死屍綱"
Pawprint,Captured,,,"减速+200%
造成物理伤害+50%
适于以下魔兽食用：
百兽纲 百虫纲 有翼纲 草木纲 水栖纲 甲鳞纲 死尸纲","スロウ＋200％
物理与ダメージ＋50％
[食事可能な魔獣]
百獣綱 百蟲綱 有翼綱 草木綱 水棲綱 甲鱗綱 死屍綱"
Pawprint,Captured,,,"减速+200%
造成物理伤害+50%
适于以下魔獣食用：
百兽纲 百虫纲 有翼纲 草木纲 水栖纲 甲鳞纲 死尸纲","スロウ＋200％
物理与ダメージ＋50％
[食事可能な魔獣]
百獣綱 百蟲綱 有翼綱 草木綱 水棲綱 甲鱗綱 死屍綱"
Pawprint,Captured,,,"减速+200%
造成魔法伤害+50%
适于以下魔兽食用：
百兽纲 百虫纲 有翼纲 草木纲 水栖纲 甲鳞纲 死尸纲","スロウ＋200％
魔法与ダメージ＋50％
[食事可能な魔獣]
百獣綱 百蟲綱 有翼綱 草木綱 水棲綱 甲鱗綱 死屍綱"
Pawprint,Captured,,,"减速+200%
造成魔法伤害+50%
适于以下魔獣食用：
百兽纲 百虫纲 有翼纲 草木纲 水栖纲 甲鳞纲 死尸纲","スロウ＋200％
魔法与ダメージ＋50％
[食事可能な魔獣]
百獣綱 百蟲綱 有翼綱 草木綱 水棲綱 甲鱗綱 死屍綱"
Pawprint,,,,凛冽洞天披雪大冰壁,氷結潜窟 スノークローク大氷壁
Pawprint,DLLSourceScan,,,出发准备,出発準備
Pawprint,DLLSourceScan,,,出售未勾选的物品,チェックしていないアイテムを売却
Pawprint,,,,出售测试,売却テスト
Pawprint,DLLSourceScan,,,出售测试：买,売却テスト：購入
Pawprint,DLLSourceScan,,,出售目标不在当前持有列表中,売却対象が現在の所持リストにありません
Pawprint,Captured,,,出现未预期确认窗口，请手动处理,予期しない確認ウィンドウが表示されました。手動で処理してください
Pawprint,DLLSourceScan,,,分布坐标附近没有可达地面,分布座標の付近に到達可能な地面がありません
Pawprint,,,,初始伙伴,初期ペット
Pawprint,AssociatedWindowCapture2,,,初始伙伴（图片备注，待図鑑確認）,初期ペット（画像メモ。図鑑で要確認）
Pawprint,,,,初始伙伴（图片备注，待图鉴确认）,初期ペット（画像メモ。図鑑で要確認）
Pawprint,,,,初期ペット,初期ペット
Pawprint,,,,初期ペット（画像メモ。図鑑で要確認）,初期ペット（画像メモ。図鑑で要確認）
Pawprint,,,,删除预设,プリセットを削除
Pawprint,,,,制限なし##shoplimit###不限制##shoplimit,制限なし##shoplimit###不限制##shoplimit
Pawprint,,,,刷新图鉴,図鑑を更新
Pawprint,DLLSourceScan,,,前往爱发电赞助,愛発電の支援ページを開く
Pawprint,DLLSourceScan,,,剩余 ,残り 
Pawprint,Captured,,,剩余 28 秒,残り 28 秒
Pawprint,Captured,,,剩余 29 秒,残り 29 秒
Pawprint,Captured,,,剩余 30 秒,残り 30 秒
Pawprint,Captured,,,剩余 31 秒,残り 31 秒
Pawprint,Captured,,,剩余 32 秒,残り 32 秒
Pawprint,Captured,,,剩余 33 秒,残り 33 秒
Pawprint,Captured,,,剩余 34 秒,残り 34 秒
Pawprint,Captured,,,剩余 35 秒,残り 35 秒
Pawprint,Captured,,,剩余 36 秒,残り 36 秒
Pawprint,Captured,,,剩余 37 秒,残り 37 秒
Pawprint,Captured,,,剩余 38 秒,残り 38 秒
Pawprint,DLLSourceScan,,,副本捕猎设置已变更,コンテンツ捕獲設定を変更しました
Pawprint,ExactFix,,,副本捕猎（AutoDuty）,コンテンツ捕獲（AutoDuty）
Pawprint,,,,副本捕获（AutoDuty）,コンテンツ捕獲（AutoDuty）
Pawprint,,,,加载时打开窗口,読み込み時にウィンドウを開く
Pawprint,Captured,,,"加速+1%
特殊効果：寻宝时可以选择2个道具","ヘイスト＋1％
特殊効果：トレジャーイベントでアイテムを2つ選択できる。"
Pawprint,,,,"加速+1%
特殊效果：寻宝时可以选择2个道具","ヘイスト＋1％
特殊効果：トレジャーイベントでアイテムを2つ選択できる。"
Pawprint,Captured,,,"加速+1%
特殊効果：寻宝时可以选择2个道具","ヘイスト＋1％
特殊効果：トレジャーイベントでアイテムを2つ選択できる。"
Pawprint,Captured,,,"加速+1%
特殊效果：寻宝时可以选择2个道具","ヘイスト＋1％
特殊効果：トレジャーイベントでアイテムを2つ選択できる。"
Pawprint,Captured,,,"加速+15%
造成伤害+30%
特殊効果：每隔一段时间受到伤害
适于以下魔兽食用：
百兽纲 百虫纲 有翼纲 水栖纲 甲鳞纲","ヘイスト＋15％
与ダメージ＋30％
特殊効果：一定時間ごとにダメージを受ける。
[食事可能な魔獣]
百獣綱 百蟲綱 有翼綱 水棲綱 甲鱗綱"
Pawprint,Captured,,,"加速+15%
造成伤害+30%
特殊効果：每隔一段时间受到伤害
适于以下魔獣食用：
百兽纲 百虫纲 有翼纲 水栖纲 甲鳞纲","ヘイスト＋15％
与ダメージ＋30％
特殊効果：一定時間ごとにダメージを受ける。
[食事可能な魔獣]
百獣綱 百蟲綱 有翼綱 水棲綱 甲鱗綱"
Pawprint,,,,"加速+15%
造成伤害+30%
特殊效果：每隔一段时间受到伤害
适于以下魔兽食用：
百兽纲 百虫纲 有翼纲 水栖纲 甲鳞纲","ヘイスト＋15％
与ダメージ＋30％
特殊効果：一定時間ごとにダメージを受ける。
[食事可能な魔獣]
百獣綱 百蟲綱 有翼綱 水棲綱 甲鱗綱"
Pawprint,Captured,,,"加速+15%
造成伤害+30%
特殊效果：每隔一段时间受到伤害
适于以下魔獣食用：
百兽纲 百虫纲 有翼纲 水栖纲 甲鳞纲","ヘイスト＋15％
与ダメージ＋30％
特殊効果：一定時間ごとにダメージを受ける。
[食事可能な魔獣]
百獣綱 百蟲綱 有翼綱 水棲綱 甲鱗綱"
Pawprint,Captured,,,"加速+15%
造成伤害+5%
最大HP+35%
特殊効果：将此食事喂给魔兽后，可以恢复20%的体力
适于以下魔兽食用：
草木纲","ヘイスト＋15％
与ダメージアップ＋5％
最大ＨＰ＋35％
特殊効果：この餌をペットに与えると、ＨＰを20％回復する。
[食事可能な魔獣]
草木綱"
Pawprint,Captured,,,"加速+15%
造成伤害+5%
最大HP+35%
特殊効果：将此食事喂给魔獣后，可以恢复20%的体力
适于以下魔獣食用：
草木纲","ヘイスト＋15％
与ダメージアップ＋5％
最大ＨＰ＋35％
特殊効果：この餌をペットに与えると、ＨＰを20％回復する。
[食事可能な魔獣]
草木綱"
Pawprint,Captured,,,"加速+15%
造成伤害+5%
最大HP+35%
特殊効果：将此食料喂给魔兽后，可以恢复20%的体力
适于以下魔兽食用：
草木纲","ヘイスト＋15％
与ダメージアップ＋5％
最大ＨＰ＋35％
特殊効果：この餌をペットに与えると、ＨＰを20％回復する。
[食事可能な魔獣]
草木綱"
Pawprint,Captured,,,"加速+15%
造成伤害+5%
最大HP+35%
特殊効果：将此食料喂给魔獣后，可以恢复20%的体力
适于以下魔獣食用：
草木纲","ヘイスト＋15％
与ダメージアップ＋5％
最大ＨＰ＋35％
特殊効果：この餌をペットに与えると、ＨＰを20％回復する。
[食事可能な魔獣]
草木綱"
Pawprint,Captured,,,"加速+15%
造成伤害+5%
最大HP+35%
特殊效果：将此食事喂给魔兽后，可以恢复20%的体力
适于以下魔兽食用：
草木纲","ヘイスト＋15％
与ダメージアップ＋5％
最大ＨＰ＋35％
特殊効果：この餌をペットに与えると、ＨＰを20％回復する。
[食事可能な魔獣]
草木綱"
Pawprint,Captured,,,"加速+15%
造成伤害+5%
最大HP+35%
特殊效果：将此食事喂给魔獣后，可以恢复20%的体力
适于以下魔獣食用：
草木纲","ヘイスト＋15％
与ダメージアップ＋5％
最大ＨＰ＋35％
特殊効果：この餌をペットに与えると、ＨＰを20％回復する。
[食事可能な魔獣]
草木綱"
Pawprint,Captured,,,"加速+15%
造成伤害+5%
最大HP+35%
特殊效果：将此食料喂给魔兽后，可以恢复20%的体力
适于以下魔兽食用：
草木纲","ヘイスト＋15％
与ダメージアップ＋5％
最大ＨＰ＋35％
特殊効果：この餌をペットに与えると、ＨＰを20％回復する。
[食事可能な魔獣]
草木綱"
Pawprint,Captured,,,"加速+15%
造成伤害+5%
最大HP+35%
特殊效果：将此食料喂给魔獣后，可以恢复20%的体力
适于以下魔獣食用：
草木纲","ヘイスト＋15％
与ダメージアップ＋5％
最大ＨＰ＋35％
特殊効果：この餌をペットに与えると、ＨＰを20％回復する。
[食事可能な魔獣]
草木綱"
Pawprint,Captured,,,"加速+15%
造成伤害+5%
最大体力+35%
特殊効果：将此食事喂给魔兽后，可以恢复20%的体力
适于以下魔兽食用：
草木纲","ヘイスト＋15％
与ダメージアップ＋5％
最大ＨＰ＋35％
特殊効果：この餌をペットに与えると、ＨＰを20％回復する。
[食事可能な魔獣]
草木綱"
Pawprint,Captured,,,"加速+15%
造成伤害+5%
最大体力+35%
特殊効果：将此食事喂给魔獣后，可以恢复20%的体力
适于以下魔獣食用：
草木纲","ヘイスト＋15％
与ダメージアップ＋5％
最大ＨＰ＋35％
特殊効果：この餌をペットに与えると、ＨＰを20％回復する。
[食事可能な魔獣]
草木綱"
Pawprint,Captured,,,"加速+15%
造成伤害+5%
最大体力+35%
特殊効果：将此食料喂给魔兽后，可以恢复20%的体力
适于以下魔兽食用：
草木纲","ヘイスト＋15％
与ダメージアップ＋5％
最大ＨＰ＋35％
特殊効果：この餌をペットに与えると、ＨＰを20％回復する。
[食事可能な魔獣]
草木綱"
Pawprint,Captured,,,"加速+15%
造成伤害+5%
最大体力+35%
特殊効果：将此食料喂给魔獣后，可以恢复20%的体力
适于以下魔獣食用：
草木纲","ヘイスト＋15％
与ダメージアップ＋5％
最大ＨＰ＋35％
特殊効果：この餌をペットに与えると、ＨＰを20％回復する。
[食事可能な魔獣]
草木綱"
Pawprint,Captured,,,"加速+15%
造成伤害+5%
最大体力+35%
特殊效果：将此食事喂给魔兽后，可以恢复20%的体力
适于以下魔兽食用：
草木纲","ヘイスト＋15％
与ダメージアップ＋5％
最大ＨＰ＋35％
特殊効果：この餌をペットに与えると、ＨＰを20％回復する。
[食事可能な魔獣]
草木綱"
Pawprint,Captured,,,"加速+15%
造成伤害+5%
最大体力+35%
特殊效果：将此食事喂给魔獣后，可以恢复20%的体力
适于以下魔獣食用：
草木纲","ヘイスト＋15％
与ダメージアップ＋5％
最大ＨＰ＋35％
特殊効果：この餌をペットに与えると、ＨＰを20％回復する。
[食事可能な魔獣]
草木綱"
Pawprint,,,,"加速+15%
造成伤害+5%
最大体力+35%
特殊效果：将此食料喂给魔兽后，可以恢复20%的体力
适于以下魔兽食用：
草木纲","ヘイスト＋15％
与ダメージアップ＋5％
最大ＨＰ＋35％
特殊効果：この餌をペットに与えると、ＨＰを20％回復する。
[食事可能な魔獣]
草木綱"
Pawprint,Captured,,,"加速+15%
造成伤害+5%
最大体力+35%
特殊效果：将此食料喂给魔獣后，可以恢复20%的体力
适于以下魔獣食用：
草木纲","ヘイスト＋15％
与ダメージアップ＋5％
最大ＨＰ＋35％
特殊効果：この餌をペットに与えると、ＨＰを20％回復する。
[食事可能な魔獣]
草木綱"
Pawprint,Captured,,,"加速+15%
造成伤害+30%
特殊効果：每隔一段时间受到伤害
适于以下魔兽食用：
百兽纲 百虫纲 有翼纲 水栖纲 甲鳞纲","ヘイスト＋15％
与ダメージ＋30％
特殊効果：一定時間ごとにダメージを受ける。
[食事可能な魔獣]
百獣綱 百蟲綱 有翼綱 水棲綱 甲鱗綱"
Pawprint,Captured,,,"加速+15%
造成伤害+30%
特殊効果：每隔一段时间受到伤害
适于以下魔獣食用：
百兽纲 百虫纲 有翼纲 水栖纲 甲鳞纲","ヘイスト＋15％
与ダメージ＋30％
特殊効果：一定時間ごとにダメージを受ける。
[食事可能な魔獣]
百獣綱 百蟲綱 有翼綱 水棲綱 甲鱗綱"
Pawprint,Captured,,,"加速+15%
造成伤害+30%
特殊效果：每隔一段时间受到伤害
适于以下魔兽食用：
百兽纲 百虫纲 有翼纲 水栖纲 甲鳞纲","ヘイスト＋15％
与ダメージ＋30％
特殊効果：一定時間ごとにダメージを受ける。
[食事可能な魔獣]
百獣綱 百蟲綱 有翼綱 水棲綱 甲鱗綱"
Pawprint,Captured,,,"加速+15%
造成伤害+30%
特殊效果：每隔一段时间受到伤害
适于以下魔獣食用：
百兽纲 百虫纲 有翼纲 水栖纲 甲鳞纲","ヘイスト＋15％
与ダメージ＋30％
特殊効果：一定時間ごとにダメージを受ける。
[食事可能な魔獣]
百獣綱 百蟲綱 有翼綱 水棲綱 甲鱗綱"
Pawprint,Captured,,,"加速+15%
造成伤害+5%
最大HP+35%
特殊効果：将此食事喂给魔兽后，可以恢复20%的体力
适于以下魔兽食用：
草木纲","ヘイスト＋15％
与ダメージアップ＋5％
最大ＨＰ＋35％
特殊効果：この餌をペットに与えると、ＨＰを20％回復する。
[食事可能な魔獣]
草木綱"
Pawprint,Captured,,,"加速+15%
造成伤害+5%
最大HP+35%
特殊効果：将此食事喂给魔獣后，可以恢复20%的体力
适于以下魔獣食用：
草木纲","ヘイスト＋15％
与ダメージアップ＋5％
最大ＨＰ＋35％
特殊効果：この餌をペットに与えると、ＨＰを20％回復する。
[食事可能な魔獣]
草木綱"
Pawprint,Captured,,,"加速+15%
造成伤害+5%
最大HP+35%
特殊効果：将此食料喂给魔兽后，可以恢复20%的体力
适于以下魔兽食用：
草木纲","ヘイスト＋15％
与ダメージアップ＋5％
最大ＨＰ＋35％
特殊効果：この餌をペットに与えると、ＨＰを20％回復する。
[食事可能な魔獣]
草木綱"
Pawprint,Captured,,,"加速+15%
造成伤害+5%
最大HP+35%
特殊効果：将此食料喂给魔獣后，可以恢复20%的体力
适于以下魔獣食用：
草木纲","ヘイスト＋15％
与ダメージアップ＋5％
最大ＨＰ＋35％
特殊効果：この餌をペットに与えると、ＨＰを20％回復する。
[食事可能な魔獣]
草木綱"
Pawprint,Captured,,,"加速+15%
造成伤害+5%
最大HP+35%
特殊效果：将此食事喂给魔兽后，可以恢复20%的体力
适于以下魔兽食用：
草木纲","ヘイスト＋15％
与ダメージアップ＋5％
最大ＨＰ＋35％
特殊効果：この餌をペットに与えると、ＨＰを20％回復する。
[食事可能な魔獣]
草木綱"
Pawprint,Captured,,,"加速+15%
造成伤害+5%
最大HP+35%
特殊效果：将此食事喂给魔獣后，可以恢复20%的体力
适于以下魔獣食用：
草木纲","ヘイスト＋15％
与ダメージアップ＋5％
最大ＨＰ＋35％
特殊効果：この餌をペットに与えると、ＨＰを20％回復する。
[食事可能な魔獣]
草木綱"
Pawprint,Captured,,,"加速+15%
造成伤害+5%
最大HP+35%
特殊效果：将此食料喂给魔兽后，可以恢复20%的体力
适于以下魔兽食用：
草木纲","ヘイスト＋15％
与ダメージアップ＋5％
最大ＨＰ＋35％
特殊効果：この餌をペットに与えると、ＨＰを20％回復する。
[食事可能な魔獣]
草木綱"
Pawprint,Captured,,,"加速+15%
造成伤害+5%
最大HP+35%
特殊效果：将此食料喂给魔獣后，可以恢复20%的体力
适于以下魔獣食用：
草木纲","ヘイスト＋15％
与ダメージアップ＋5％
最大ＨＰ＋35％
特殊効果：この餌をペットに与えると、ＨＰを20％回復する。
[食事可能な魔獣]
草木綱"
Pawprint,Captured,,,"加速+15%
造成伤害+5%
最大体力+35%
特殊効果：将此食事喂给魔兽后，可以恢复20%的体力
适于以下魔兽食用：
草木纲","ヘイスト＋15％
与ダメージアップ＋5％
最大ＨＰ＋35％
特殊効果：この餌をペットに与えると、ＨＰを20％回復する。
[食事可能な魔獣]
草木綱"
Pawprint,Captured,,,"加速+15%
造成伤害+5%
最大体力+35%
特殊効果：将此食事喂给魔獣后，可以恢复20%的体力
适于以下魔獣食用：
草木纲","ヘイスト＋15％
与ダメージアップ＋5％
最大ＨＰ＋35％
特殊効果：この餌をペットに与えると、ＨＰを20％回復する。
[食事可能な魔獣]
草木綱"
Pawprint,Captured,,,"加速+15%
造成伤害+5%
最大体力+35%
特殊効果：将此食料喂给魔兽后，可以恢复20%的体力
适于以下魔兽食用：
草木纲","ヘイスト＋15％
与ダメージアップ＋5％
最大ＨＰ＋35％
特殊効果：この餌をペットに与えると、ＨＰを20％回復する。
[食事可能な魔獣]
草木綱"
Pawprint,Captured,,,"加速+15%
造成伤害+5%
最大体力+35%
特殊効果：将此食料喂给魔獣后，可以恢复20%的体力
适于以下魔獣食用：
草木纲","ヘイスト＋15％
与ダメージアップ＋5％
最大ＨＰ＋35％
特殊効果：この餌をペットに与えると、ＨＰを20％回復する。
[食事可能な魔獣]
草木綱"
Pawprint,Captured,,,"加速+15%
造成伤害+5%
最大体力+35%
特殊效果：将此食事喂给魔兽后，可以恢复20%的体力
适于以下魔兽食用：
草木纲","ヘイスト＋15％
与ダメージアップ＋5％
最大ＨＰ＋35％
特殊効果：この餌をペットに与えると、ＨＰを20％回復する。
[食事可能な魔獣]
草木綱"
Pawprint,Captured,,,"加速+15%
造成伤害+5%
最大体力+35%
特殊效果：将此食事喂给魔獣后，可以恢复20%的体力
适于以下魔獣食用：
草木纲","ヘイスト＋15％
与ダメージアップ＋5％
最大ＨＰ＋35％
特殊効果：この餌をペットに与えると、ＨＰを20％回復する。
[食事可能な魔獣]
草木綱"
Pawprint,Captured,,,"加速+15%
造成伤害+5%
最大体力+35%
特殊效果：将此食料喂给魔兽后，可以恢复20%的体力
适于以下魔兽食用：
草木纲","ヘイスト＋15％
与ダメージアップ＋5％
最大ＨＰ＋35％
特殊効果：この餌をペットに与えると、ＨＰを20％回復する。
[食事可能な魔獣]
草木綱"
Pawprint,Captured,,,"加速+15%
造成伤害+5%
最大体力+35%
特殊效果：将此食料喂给魔獣后，可以恢复20%的体力
适于以下魔獣食用：
草木纲","ヘイスト＋15％
与ダメージアップ＋5％
最大ＨＰ＋35％
特殊効果：この餌をペットに与えると、ＨＰを20％回復する。
[食事可能な魔獣]
草木綱"
Pawprint,,,,"加速+2%
造成物理伤害+3%","ヘイスト＋2％
物理与ダメージ＋3％"
Pawprint,Captured,,,"加速+2%
造成物理伤害+3%","ヘイスト＋2％
物理与ダメージ＋3％"
Pawprint,Captured,,,"加速+20%
特殊効果：魔兽发动战技触发兽心协作技时，为自身附加1档“激昂”状态
激昂效果：造成伤害+15%、受到伤害-8%
激昂持续时间：60秒
最大档数：4档
适于以下魔兽食用：
咒具纲","ヘイスト＋20％
特殊効果：ペットのウェポンスキル実行時に獣心技連携に成功すると、自身に「ハイテンション」を1スタック付与する。
ハイテンション効果：与ダメージ＋15％、被ダメージ－8％
ハイテンション効果時間：60秒
最大スタック：4
[食事可能な魔獣]
呪具綱"
Pawprint,Captured,,,"加速+20%
特殊効果：魔獣发动战技触发兽心协作技时，为自身附加1档“激昂”状态
激昂效果：造成伤害+15%、受到伤害-8%
激昂持续时间：60秒
最大档数：4档
适于以下魔獣食用：
咒具纲","ヘイスト＋20％
特殊効果：ペットのウェポンスキル実行時に獣心技連携に成功すると、自身に「ハイテンション」を1スタック付与する。
ハイテンション効果：与ダメージ＋15％、被ダメージ－8％
ハイテンション効果時間：60秒
最大スタック：4
[食事可能な魔獣]
呪具綱"
Pawprint,,,,"加速+20%
特殊效果：魔兽发动战技触发兽心协作技时，为自身附加1档“激昂”状态
激昂效果：造成伤害+15%、受到伤害-8%
激昂持续时间：60秒
最大档数：4档
适于以下魔兽食用：
咒具纲","ヘイスト＋20％
特殊効果：ペットのウェポンスキル実行時に獣心技連携に成功すると、自身に「ハイテンション」を1スタック付与する。
ハイテンション効果：与ダメージ＋15％、被ダメージ－8％
ハイテンション効果時間：60秒
最大スタック：4
[食事可能な魔獣]
呪具綱"
Pawprint,Captured,,,"加速+20%
特殊效果：魔獣发动战技触发兽心协作技时，为自身附加1档“激昂”状态
激昂效果：造成伤害+15%、受到伤害-8%
激昂持续时间：60秒
最大档数：4档
适于以下魔獣食用：
咒具纲","ヘイスト＋20％
特殊効果：ペットのウェポンスキル実行時に獣心技連携に成功すると、自身に「ハイテンション」を1スタック付与する。
ハイテンション効果：与ダメージ＋15％、被ダメージ－8％
ハイテンション効果時間：60秒
最大スタック：4
[食事可能な魔獣]
呪具綱"
Pawprint,Captured,,,"加速+20%
特殊効果：魔兽发动战技触发兽心协作技时，为自身附加1档“激昂”状态
激昂效果：造成伤害+15%、受到伤害-8%
激昂持续时间：60秒
最大档数：4档
适于以下魔兽食用：
咒具纲","ヘイスト＋20％
特殊効果：ペットのウェポンスキル実行時に獣心技連携に成功すると、自身に「ハイテンション」を1スタック付与する。
ハイテンション効果：与ダメージ＋15％、被ダメージ－8％
ハイテンション効果時間：60秒
最大スタック：4
[食事可能な魔獣]
呪具綱"
Pawprint,Captured,,,"加速+20%
特殊効果：魔獣发动战技触发兽心协作技时，为自身附加1档“激昂”状态
激昂效果：造成伤害+15%、受到伤害-8%
激昂持续时间：60秒
最大档数：4档
适于以下魔獣食用：
咒具纲","ヘイスト＋20％
特殊効果：ペットのウェポンスキル実行時に獣心技連携に成功すると、自身に「ハイテンション」を1スタック付与する。
ハイテンション効果：与ダメージ＋15％、被ダメージ－8％
ハイテンション効果時間：60秒
最大スタック：4
[食事可能な魔獣]
呪具綱"
Pawprint,Captured,,,"加速+20%
特殊效果：魔兽发动战技触发兽心协作技时，为自身附加1档“激昂”状态
激昂效果：造成伤害+15%、受到伤害-8%
激昂持续时间：60秒
最大档数：4档
适于以下魔兽食用：
咒具纲","ヘイスト＋20％
特殊効果：ペットのウェポンスキル実行時に獣心技連携に成功すると、自身に「ハイテンション」を1スタック付与する。
ハイテンション効果：与ダメージ＋15％、被ダメージ－8％
ハイテンション効果時間：60秒
最大スタック：4
[食事可能な魔獣]
呪具綱"
Pawprint,Captured,,,"加速+20%
特殊效果：魔獣发动战技触发兽心协作技时，为自身附加1档“激昂”状态
激昂效果：造成伤害+15%、受到伤害-8%
激昂持续时间：60秒
最大档数：4档
适于以下魔獣食用：
咒具纲","ヘイスト＋20％
特殊効果：ペットのウェポンスキル実行時に獣心技連携に成功すると、自身に「ハイテンション」を1スタック付与する。
ハイテンション効果：与ダメージ＋15％、被ダメージ－8％
ハイテンション効果時間：60秒
最大スタック：4
[食事可能な魔獣]
呪具綱"
Pawprint,,,,"加速+5%
以太爆发威力+25%
适于以下魔兽食用：
百兽纲 百虫纲 有翼纲 水栖纲 甲鳞纲","ヘイスト＋5％
エーテルバースト威力＋25％
[食事可能な魔獣]
百獣綱 百蟲綱 有翼綱 水棲綱 甲鱗綱"
Pawprint,Captured,,,"加速+5%
以太爆发威力+25%
适于以下魔獣食用：
百兽纲 百虫纲 有翼纲 水栖纲 甲鳞纲","ヘイスト＋5％
エーテルバースト威力＋25％
[食事可能な魔獣]
百獣綱 百蟲綱 有翼綱 水棲綱 甲鱗綱"
Pawprint,,,,"加速+5%
暴击发动率+5%","ヘイスト＋5％
クリティカル発動率＋5％"
Pawprint,Captured,,,"加速+5%
最大HP+50%
特殊効果：将此食事喂给魔兽后，可以恢复26%的体力
适于以下魔兽食用：
百兽纲 百虫纲 有翼纲 水栖纲 甲鳞纲","ヘイスト＋5％
最大ＨＰ＋50％
特殊効果：この餌をペットに与えると、ＨＰを26％回復する。
[食事可能な魔獣]
百獣綱 百蟲綱 有翼綱 水棲綱 甲鱗綱"
Pawprint,Captured,,,"加速+5%
最大HP+50%
特殊効果：将此食事喂给魔獣后，可以恢复26%的体力
适于以下魔獣食用：
百兽纲 百虫纲 有翼纲 水栖纲 甲鳞纲","ヘイスト＋5％
最大ＨＰ＋50％
特殊効果：この餌をペットに与えると、ＨＰを26％回復する。
[食事可能な魔獣]
百獣綱 百蟲綱 有翼綱 水棲綱 甲鱗綱"
Pawprint,Captured,,,"加速+5%
最大HP+50%
特殊効果：将此食料喂给魔兽后，可以恢复26%的体力
适于以下魔兽食用：
百兽纲 百虫纲 有翼纲 水栖纲 甲鳞纲","ヘイスト＋5％
最大ＨＰ＋50％
特殊効果：この餌をペットに与えると、ＨＰを26％回復する。
[食事可能な魔獣]
百獣綱 百蟲綱 有翼綱 水棲綱 甲鱗綱"
Pawprint,Captured,,,"加速+5%
最大HP+50%
特殊効果：将此食料喂给魔獣后，可以恢复26%的体力
适于以下魔獣食用：
百兽纲 百虫纲 有翼纲 水栖纲 甲鳞纲","ヘイスト＋5％
最大ＨＰ＋50％
特殊効果：この餌をペットに与えると、ＨＰを26％回復する。
[食事可能な魔獣]
百獣綱 百蟲綱 有翼綱 水棲綱 甲鱗綱"
Pawprint,Captured,,,"加速+5%
最大HP+50%
特殊效果：将此食事喂给魔兽后，可以恢复26%的体力
适于以下魔兽食用：
百兽纲 百虫纲 有翼纲 水栖纲 甲鳞纲","ヘイスト＋5％
最大ＨＰ＋50％
特殊効果：この餌をペットに与えると、ＨＰを26％回復する。
[食事可能な魔獣]
百獣綱 百蟲綱 有翼綱 水棲綱 甲鱗綱"
Pawprint,Captured,,,"加速+5%
最大HP+50%
特殊效果：将此食事喂给魔獣后，可以恢复26%的体力
适于以下魔獣食用：
百兽纲 百虫纲 有翼纲 水栖纲 甲鳞纲","ヘイスト＋5％
最大ＨＰ＋50％
特殊効果：この餌をペットに与えると、ＨＰを26％回復する。
[食事可能な魔獣]
百獣綱 百蟲綱 有翼綱 水棲綱 甲鱗綱"
Pawprint,Captured,,,"加速+5%
最大HP+50%
特殊效果：将此食料喂给魔兽后，可以恢复26%的体力
适于以下魔兽食用：
百兽纲 百虫纲 有翼纲 水栖纲 甲鳞纲","ヘイスト＋5％
最大ＨＰ＋50％
特殊効果：この餌をペットに与えると、ＨＰを26％回復する。
[食事可能な魔獣]
百獣綱 百蟲綱 有翼綱 水棲綱 甲鱗綱"
Pawprint,Captured,,,"加速+5%
最大HP+50%
特殊效果：将此食料喂给魔獣后，可以恢复26%的体力
适于以下魔獣食用：
百兽纲 百虫纲 有翼纲 水栖纲 甲鳞纲","ヘイスト＋5％
最大ＨＰ＋50％
特殊効果：この餌をペットに与えると、ＨＰを26％回復する。
[食事可能な魔獣]
百獣綱 百蟲綱 有翼綱 水棲綱 甲鱗綱"
Pawprint,Captured,,,"加速+5%
最大体力+50%
特殊効果：将此食事喂给魔兽后，可以恢复26%的体力
适于以下魔兽食用：
百兽纲 百虫纲 有翼纲 水栖纲 甲鳞纲","ヘイスト＋5％
最大ＨＰ＋50％
特殊効果：この餌をペットに与えると、ＨＰを26％回復する。
[食事可能な魔獣]
百獣綱 百蟲綱 有翼綱 水棲綱 甲鱗綱"
Pawprint,Captured,,,"加速+5%
最大体力+50%
特殊効果：将此食事喂给魔獣后，可以恢复26%的体力
适于以下魔獣食用：
百兽纲 百虫纲 有翼纲 水栖纲 甲鳞纲","ヘイスト＋5％
最大ＨＰ＋50％
特殊効果：この餌をペットに与えると、ＨＰを26％回復する。
[食事可能な魔獣]
百獣綱 百蟲綱 有翼綱 水棲綱 甲鱗綱"
Pawprint,Captured,,,"加速+5%
最大体力+50%
特殊効果：将此食料喂给魔兽后，可以恢复26%的体力
适于以下魔兽食用：
百兽纲 百虫纲 有翼纲 水栖纲 甲鳞纲","ヘイスト＋5％
最大ＨＰ＋50％
特殊効果：この餌をペットに与えると、ＨＰを26％回復する。
[食事可能な魔獣]
百獣綱 百蟲綱 有翼綱 水棲綱 甲鱗綱"
Pawprint,Captured,,,"加速+5%
最大体力+50%
特殊効果：将此食料喂给魔獣后，可以恢复26%的体力
适于以下魔獣食用：
百兽纲 百虫纲 有翼纲 水栖纲 甲鳞纲","ヘイスト＋5％
最大ＨＰ＋50％
特殊効果：この餌をペットに与えると、ＨＰを26％回復する。
[食事可能な魔獣]
百獣綱 百蟲綱 有翼綱 水棲綱 甲鱗綱"
Pawprint,Captured,,,"加速+5%
最大体力+50%
特殊效果：将此食事喂给魔兽后，可以恢复26%的体力
适于以下魔兽食用：
百兽纲 百虫纲 有翼纲 水栖纲 甲鳞纲","ヘイスト＋5％
最大ＨＰ＋50％
特殊効果：この餌をペットに与えると、ＨＰを26％回復する。
[食事可能な魔獣]
百獣綱 百蟲綱 有翼綱 水棲綱 甲鱗綱"
Pawprint,Captured,,,"加速+5%
最大体力+50%
特殊效果：将此食事喂给魔獣后，可以恢复26%的体力
适于以下魔獣食用：
百兽纲 百虫纲 有翼纲 水栖纲 甲鳞纲","ヘイスト＋5％
最大ＨＰ＋50％
特殊効果：この餌をペットに与えると、ＨＰを26％回復する。
[食事可能な魔獣]
百獣綱 百蟲綱 有翼綱 水棲綱 甲鱗綱"
Pawprint,,,,"加速+5%
最大体力+50%
特殊效果：将此食料喂给魔兽后，可以恢复26%的体力
适于以下魔兽食用：
百兽纲 百虫纲 有翼纲 水栖纲 甲鳞纲","ヘイスト＋5％
最大ＨＰ＋50％
特殊効果：この餌をペットに与えると、ＨＰを26％回復する。
[食事可能な魔獣]
百獣綱 百蟲綱 有翼綱 水棲綱 甲鱗綱"
Pawprint,Captured,,,"加速+5%
最大体力+50%
特殊效果：将此食料喂给魔獣后，可以恢复26%的体力
适于以下魔獣食用：
百兽纲 百虫纲 有翼纲 水栖纲 甲鳞纲","ヘイスト＋5％
最大ＨＰ＋50％
特殊効果：この餌をペットに与えると、ＨＰを26％回復する。
[食事可能な魔獣]
百獣綱 百蟲綱 有翼綱 水棲綱 甲鱗綱"
Pawprint,,,,"加速+5%
造成物理伤害+25%
适于以下魔兽食用：
百兽纲 百虫纲 有翼纲 水栖纲 甲鳞纲","ヘイスト＋5％
物理与ダメージアップ＋25％
[食事可能な魔獣]
百獣綱 百蟲綱 有翼綱 水棲綱 甲鱗綱"
Pawprint,Captured,,,"加速+5%
造成物理伤害+25%
适于以下魔獣食用：
百兽纲 百虫纲 有翼纲 水栖纲 甲鳞纲","ヘイスト＋5％
物理与ダメージアップ＋25％
[食事可能な魔獣]
百獣綱 百蟲綱 有翼綱 水棲綱 甲鱗綱"
Pawprint,Captured,,,"加速+5%
以太爆发威力+25%
适于以下魔兽食用：
百兽纲 百虫纲 有翼纲 水栖纲 甲鳞纲","ヘイスト＋5％
エーテルバースト威力＋25％
[食事可能な魔獣]
百獣綱 百蟲綱 有翼綱 水棲綱 甲鱗綱"
Pawprint,Captured,,,"加速+5%
以太爆发威力+25%
适于以下魔獣食用：
百兽纲 百虫纲 有翼纲 水栖纲 甲鳞纲","ヘイスト＋5％
エーテルバースト威力＋25％
[食事可能な魔獣]
百獣綱 百蟲綱 有翼綱 水棲綱 甲鱗綱"
Pawprint,Captured,,,"加速+5%
暴击发动率+5%","ヘイスト＋5％
クリティカル発動率＋5％"
Pawprint,Captured,,,"加速+5%
最大HP+50%
特殊効果：将此食事喂给魔兽后，可以恢复26%的体力
适于以下魔兽食用：
百兽纲 百虫纲 有翼纲 水栖纲 甲鳞纲","ヘイスト＋5％
最大ＨＰ＋50％
特殊効果：この餌をペットに与えると、ＨＰを26％回復する。
[食事可能な魔獣]
百獣綱 百蟲綱 有翼綱 水棲綱 甲鱗綱"
Pawprint,Captured,,,"加速+5%
最大HP+50%
特殊効果：将此食事喂给魔獣后，可以恢复26%的体力
适于以下魔獣食用：
百兽纲 百虫纲 有翼纲 水栖纲 甲鳞纲","ヘイスト＋5％
最大ＨＰ＋50％
特殊効果：この餌をペットに与えると、ＨＰを26％回復する。
[食事可能な魔獣]
百獣綱 百蟲綱 有翼綱 水棲綱 甲鱗綱"
Pawprint,Captured,,,"加速+5%
最大HP+50%
特殊効果：将此食料喂给魔兽后，可以恢复26%的体力
适于以下魔兽食用：
百兽纲 百虫纲 有翼纲 水栖纲 甲鳞纲","ヘイスト＋5％
最大ＨＰ＋50％
特殊効果：この餌をペットに与えると、ＨＰを26％回復する。
[食事可能な魔獣]
百獣綱 百蟲綱 有翼綱 水棲綱 甲鱗綱"
Pawprint,Captured,,,"加速+5%
最大HP+50%
特殊効果：将此食料喂给魔獣后，可以恢复26%的体力
适于以下魔獣食用：
百兽纲 百虫纲 有翼纲 水栖纲 甲鳞纲","ヘイスト＋5％
最大ＨＰ＋50％
特殊効果：この餌をペットに与えると、ＨＰを26％回復する。
[食事可能な魔獣]
百獣綱 百蟲綱 有翼綱 水棲綱 甲鱗綱"
Pawprint,Captured,,,"加速+5%
最大HP+50%
特殊效果：将此食事喂给魔兽后，可以恢复26%的体力
适于以下魔兽食用：
百兽纲 百虫纲 有翼纲 水栖纲 甲鳞纲","ヘイスト＋5％
最大ＨＰ＋50％
特殊効果：この餌をペットに与えると、ＨＰを26％回復する。
[食事可能な魔獣]
百獣綱 百蟲綱 有翼綱 水棲綱 甲鱗綱"
Pawprint,Captured,,,"加速+5%
最大HP+50%
特殊效果：将此食事喂给魔獣后，可以恢复26%的体力
适于以下魔獣食用：
百兽纲 百虫纲 有翼纲 水栖纲 甲鳞纲","ヘイスト＋5％
最大ＨＰ＋50％
特殊効果：この餌をペットに与えると、ＨＰを26％回復する。
[食事可能な魔獣]
百獣綱 百蟲綱 有翼綱 水棲綱 甲鱗綱"
Pawprint,Captured,,,"加速+5%
最大HP+50%
特殊效果：将此食料喂给魔兽后，可以恢复26%的体力
适于以下魔兽食用：
百兽纲 百虫纲 有翼纲 水栖纲 甲鳞纲","ヘイスト＋5％
最大ＨＰ＋50％
特殊効果：この餌をペットに与えると、ＨＰを26％回復する。
[食事可能な魔獣]
百獣綱 百蟲綱 有翼綱 水棲綱 甲鱗綱"
Pawprint,Captured,,,"加速+5%
最大HP+50%
特殊效果：将此食料喂给魔獣后，可以恢复26%的体力
适于以下魔獣食用：
百兽纲 百虫纲 有翼纲 水栖纲 甲鳞纲","ヘイスト＋5％
最大ＨＰ＋50％
特殊効果：この餌をペットに与えると、ＨＰを26％回復する。
[食事可能な魔獣]
百獣綱 百蟲綱 有翼綱 水棲綱 甲鱗綱"
Pawprint,Captured,,,"加速+5%
最大体力+50%
特殊効果：将此食事喂给魔兽后，可以恢复26%的体力
适于以下魔兽食用：
百兽纲 百虫纲 有翼纲 水栖纲 甲鳞纲","ヘイスト＋5％
最大ＨＰ＋50％
特殊効果：この餌をペットに与えると、ＨＰを26％回復する。
[食事可能な魔獣]
百獣綱 百蟲綱 有翼綱 水棲綱 甲鱗綱"
Pawprint,Captured,,,"加速+5%
最大体力+50%
特殊効果：将此食事喂给魔獣后，可以恢复26%的体力
适于以下魔獣食用：
百兽纲 百虫纲 有翼纲 水栖纲 甲鳞纲","ヘイスト＋5％
最大ＨＰ＋50％
特殊効果：この餌をペットに与えると、ＨＰを26％回復する。
[食事可能な魔獣]
百獣綱 百蟲綱 有翼綱 水棲綱 甲鱗綱"
Pawprint,Captured,,,"加速+5%
最大体力+50%
特殊効果：将此食料喂给魔兽后，可以恢复26%的体力
适于以下魔兽食用：
百兽纲 百虫纲 有翼纲 水栖纲 甲鳞纲","ヘイスト＋5％
最大ＨＰ＋50％
特殊効果：この餌をペットに与えると、ＨＰを26％回復する。
[食事可能な魔獣]
百獣綱 百蟲綱 有翼綱 水棲綱 甲鱗綱"
Pawprint,Captured,,,"加速+5%
最大体力+50%
特殊効果：将此食料喂给魔獣后，可以恢复26%的体力
适于以下魔獣食用：
百兽纲 百虫纲 有翼纲 水栖纲 甲鳞纲","ヘイスト＋5％
最大ＨＰ＋50％
特殊効果：この餌をペットに与えると、ＨＰを26％回復する。
[食事可能な魔獣]
百獣綱 百蟲綱 有翼綱 水棲綱 甲鱗綱"
Pawprint,Captured,,,"加速+5%
最大体力+50%
特殊效果：将此食事喂给魔兽后，可以恢复26%的体力
适于以下魔兽食用：
百兽纲 百虫纲 有翼纲 水栖纲 甲鳞纲","ヘイスト＋5％
最大ＨＰ＋50％
特殊効果：この餌をペットに与えると、ＨＰを26％回復する。
[食事可能な魔獣]
百獣綱 百蟲綱 有翼綱 水棲綱 甲鱗綱"
Pawprint,Captured,,,"加速+5%
最大体力+50%
特殊效果：将此食事喂给魔獣后，可以恢复26%的体力
适于以下魔獣食用：
百兽纲 百虫纲 有翼纲 水栖纲 甲鳞纲","ヘイスト＋5％
最大ＨＰ＋50％
特殊効果：この餌をペットに与えると、ＨＰを26％回復する。
[食事可能な魔獣]
百獣綱 百蟲綱 有翼綱 水棲綱 甲鱗綱"
Pawprint,Captured,,,"加速+5%
最大体力+50%
特殊效果：将此食料喂给魔兽后，可以恢复26%的体力
适于以下魔兽食用：
百兽纲 百虫纲 有翼纲 水栖纲 甲鳞纲","ヘイスト＋5％
最大ＨＰ＋50％
特殊効果：この餌をペットに与えると、ＨＰを26％回復する。
[食事可能な魔獣]
百獣綱 百蟲綱 有翼綱 水棲綱 甲鱗綱"
Pawprint,Captured,,,"加速+5%
最大体力+50%
特殊效果：将此食料喂给魔獣后，可以恢复26%的体力
适于以下魔獣食用：
百兽纲 百虫纲 有翼纲 水栖纲 甲鳞纲","ヘイスト＋5％
最大ＨＰ＋50％
特殊効果：この餌をペットに与えると、ＨＰを26％回復する。
[食事可能な魔獣]
百獣綱 百蟲綱 有翼綱 水棲綱 甲鱗綱"
Pawprint,Captured,,,"加速+5%
造成物理伤害+25%
适于以下魔兽食用：
百兽纲 百虫纲 有翼纲 水栖纲 甲鳞纲","ヘイスト＋5％
物理与ダメージアップ＋25％
[食事可能な魔獣]
百獣綱 百蟲綱 有翼綱 水棲綱 甲鱗綱"
Pawprint,Captured,,,"加速+5%
造成物理伤害+25%
适于以下魔獣食用：
百兽纲 百虫纲 有翼纲 水栖纲 甲鳞纲","ヘイスト＋5％
物理与ダメージアップ＋25％
[食事可能な魔獣]
百獣綱 百蟲綱 有翼綱 水棲綱 甲鱗綱"
Pawprint,,,,加速+6%,ヘイスト＋6％
Pawprint,DLLSourceScan,,,动作,動作
Pawprint,DLLSourceScan,,,劳妲,ラウダ
Pawprint,DLLSourceScan,,,劳妲不在交互范围内,ラウダが操作可能範囲内にいません
Pawprint,DLLSourceScan,,,劳妲坐标附近没有找到 NPC,ラウダの座標付近にNPCが見つかりません
Pawprint,DLLSourceScan,,,劳妲菜单未找到斗兽选项：,ラウダのメニューに闘獣練の項目が見つかりません：
Pawprint,DLLSourceScan,,,勾选后可针对本节点单独调整，未勾选时跟随本盘默认,チェックするとこのマスを個別設定できます。未チェック時はこの戦闘の既定設定に従います
Pawprint,,,,区域 / 副本,エリア／コンテンツ
Pawprint,DLLSourceScan,,,区域发生变化,エリアが変わりました
Pawprint,DLLSourceScan,,,区域发生变化，任务已停止,エリアが変わったため、タスクを停止しました
Pawprint,,,,单只捕获时自动练级,単体捕獲時に自動レベル上げ
Pawprint,AssociatedWindowCapture2,,,单只捕获时自動练级###单只捕获时自动练级,単体捕獲時に自動レベル上げ###单只捕获时自动练级
Pawprint,,,,南萨纳兰,南ザナラーン
Pawprint,,,,単体捕獲時に自動レベル上げ###单只捕获时自动练级,単体捕獲時に自動レベル上げ###单只捕获时自动练级
Pawprint,DLLSourceScan,,,取消,キャンセル
Pawprint,Captured,,,"受到伤害-10%
最大HP+5%","被ダメージ－10％
最大ＨＰ＋5％"
Pawprint,Captured,,,"受到伤害-10%
最大HP+7%","被ダメージ－10％
最大ＨＰ＋7％"
Pawprint,,,,"受到伤害-10%
最大体力+5%","被ダメージ－10％
最大ＨＰ＋5％"
Pawprint,,,,"受到伤害-10%
最大体力+7%","被ダメージ－10％
最大ＨＰ＋7％"
Pawprint,Captured,,,"受到伤害-10%
特殊効果：技力累积量提高30%
适于以下魔兽食用：
百兽纲 百虫纲 草木纲 水栖纲 死尸纲","被ダメージ－10％
特殊効果：ＴＰ蓄積量を30％上昇させる。
[食事可能な魔獣]
百獣綱 百蟲綱 草木綱 水棲綱 死屍綱"
Pawprint,Captured,,,"受到伤害-10%
特殊効果：技力累积量提高30%
适于以下魔獣食用：
百兽纲 百虫纲 草木纲 水栖纲 死尸纲","被ダメージ－10％
特殊効果：ＴＰ蓄積量を30％上昇させる。
[食事可能な魔獣]
百獣綱 百蟲綱 草木綱 水棲綱 死屍綱"
Pawprint,,,,"受到伤害-10%
特殊效果：技力累积量提高30%
适于以下魔兽食用：
百兽纲 百虫纲 草木纲 水栖纲 死尸纲","被ダメージ－10％
特殊効果：ＴＰ蓄積量を30％上昇させる。
[食事可能な魔獣]
百獣綱 百蟲綱 草木綱 水棲綱 死屍綱"
Pawprint,Captured,,,"受到伤害-10%
特殊效果：技力累积量提高30%
适于以下魔獣食用：
百兽纲 百虫纲 草木纲 水栖纲 死尸纲","被ダメージ－10％
特殊効果：ＴＰ蓄積量を30％上昇させる。
[食事可能な魔獣]
百獣綱 百蟲綱 草木綱 水棲綱 死屍綱"
Pawprint,Captured,,,"受到伤害-10%
最大HP+5%","被ダメージ－10％
最大ＨＰ＋5％"
Pawprint,Captured,,,"受到伤害-10%
最大HP+7%","被ダメージ－10％
最大ＨＰ＋7％"
Pawprint,Captured,,,"受到伤害-10%
最大体力+5%","被ダメージ－10％
最大ＨＰ＋5％"
Pawprint,Captured,,,"受到伤害-10%
最大体力+7%","被ダメージ－10％
最大ＨＰ＋7％"
Pawprint,Captured,,,"受到伤害-10%
特殊効果：技力累积量提高30%
适于以下魔兽食用：
百兽纲 百虫纲 草木纲 水栖纲 死尸纲","被ダメージ－10％
特殊効果：ＴＰ蓄積量を30％上昇させる。
[食事可能な魔獣]
百獣綱 百蟲綱 草木綱 水棲綱 死屍綱"
Pawprint,Captured,,,"受到伤害-10%
特殊効果：技力累积量提高30%
适于以下魔獣食用：
百兽纲 百虫纲 草木纲 水栖纲 死尸纲","被ダメージ－10％
特殊効果：ＴＰ蓄積量を30％上昇させる。
[食事可能な魔獣]
百獣綱 百蟲綱 草木綱 水棲綱 死屍綱"
Pawprint,Captured,,,"受到伤害-10%
特殊效果：技力累积量提高30%
适于以下魔兽食用：
百兽纲 百虫纲 草木纲 水栖纲 死尸纲","被ダメージ－10％
特殊効果：ＴＰ蓄積量を30％上昇させる。
[食事可能な魔獣]
百獣綱 百蟲綱 草木綱 水棲綱 死屍綱"
Pawprint,Captured,,,"受到伤害-10%
特殊效果：技力累积量提高30%
适于以下魔獣食用：
百兽纲 百虫纲 草木纲 水栖纲 死尸纲","被ダメージ－10％
特殊効果：ＴＰ蓄積量を30％上昇させる。
[食事可能な魔獣]
百獣綱 百蟲綱 草木綱 水棲綱 死屍綱"
Pawprint,Captured,,,"受到伤害-15%
最大HP+15%","被ダメージ－15％
最大ＨＰ＋15％"
Pawprint,,,,"受到伤害-15%
最大体力+15%","被ダメージ－15％
最大ＨＰ＋15％"
Pawprint,Captured,,,"受到伤害-15%
造成魔法伤害+20%
特殊効果：自身使用技能及奇弈道具的体力恢复效果提高30%","被ダメージ－15％
魔法与ダメージ＋20％
特殊効果：自身が使用するアクションおよびクルーシブルアイテムのＨＰ回復効果が30％上昇する。"
Pawprint,,,,"受到伤害-15%
造成魔法伤害+20%
特殊效果：自身使用技能及奇弈道具的体力恢复效果提高30%","被ダメージ－15％
魔法与ダメージ＋20％
特殊効果：自身が使用するアクションおよびクルーシブルアイテムのＨＰ回復効果が30％上昇する。"
Pawprint,Captured,,,"受到伤害-15%
最大HP+15%","被ダメージ－15％
最大ＨＰ＋15％"
Pawprint,Captured,,,"受到伤害-15%
最大体力+15%","被ダメージ－15％
最大ＨＰ＋15％"
Pawprint,Captured,,,"受到伤害-15%
造成魔法伤害+20%
特殊効果：自身使用技能及奇弈道具的体力恢复效果提高30%","被ダメージ－15％
魔法与ダメージ＋20％
特殊効果：自身が使用するアクションおよびクルーシブルアイテムのＨＰ回復効果が30％上昇する。"
Pawprint,Captured,,,"受到伤害-15%
造成魔法伤害+20%
特殊效果：自身使用技能及奇弈道具的体力恢复效果提高30%","被ダメージ－15％
魔法与ダメージ＋20％
特殊効果：自身が使用するアクションおよびクルーシブルアイテムのＨＰ回復効果が30％上昇する。"
Pawprint,Captured,,,"受到伤害-30%
减速+10%
特殊効果：30%几率使冰属性伤害无效并吸收","被ダメージ－30％
スロウ＋10％
特殊効果：30％の確率で氷属性ダメージを無効化し、吸収する。"
Pawprint,,,,"受到伤害-30%
减速+10%
特殊效果：30%几率使冰属性伤害无效并吸收","被ダメージ－30％
スロウ＋10％
特殊効果：30％の確率で氷属性ダメージを無効化し、吸収する。"
Pawprint,Captured,,,"受到伤害-30%
最大HP+30%
特殊効果：受到伤害时有3%的几率为自身附加“石化”状态
持续时间：30秒
特殊効果：将此食事喂给魔兽后，可以恢复18%的体力
适于以下魔兽食用：
百兽纲 百虫纲 有翼纲 草木纲 水栖纲 甲鳞纲 咒具纲 死尸纲","被ダメージ－30％
最大ＨＰ＋30％
特殊効果：ダメージを受けたとき、3％の確率で自身に石化を付与する。
効果時間：30秒
特殊効果：この餌をペットに与えると、ＨＰを18％回復する。
[食事可能な魔獣]
百獣綱 百蟲綱 有翼綱 草木綱 水棲綱 甲鱗綱 呪具綱 死屍綱"
Pawprint,Captured,,,"受到伤害-30%
最大HP+30%
特殊効果：受到伤害时有3%的几率为自身附加“石化”状态
持续时间：30秒
特殊効果：将此食事喂给魔獣后，可以恢复18%的体力
适于以下魔獣食用：
百兽纲 百虫纲 有翼纲 草木纲 水栖纲 甲鳞纲 咒具纲 死尸纲","被ダメージ－30％
最大ＨＰ＋30％
特殊効果：ダメージを受けたとき、3％の確率で自身に石化を付与する。
効果時間：30秒
特殊効果：この餌をペットに与えると、ＨＰを18％回復する。
[食事可能な魔獣]
百獣綱 百蟲綱 有翼綱 草木綱 水棲綱 甲鱗綱 呪具綱 死屍綱"
Pawprint,Captured,,,"受到伤害-30%
最大HP+30%
特殊効果：受到伤害时有3%的几率为自身附加“石化”状态
持续时间：30秒
特殊効果：将此食料喂给魔兽后，可以恢复18%的体力
适于以下魔兽食用：
百兽纲 百虫纲 有翼纲 草木纲 水栖纲 甲鳞纲 咒具纲 死尸纲","被ダメージ－30％
最大ＨＰ＋30％
特殊効果：ダメージを受けたとき、3％の確率で自身に石化を付与する。
効果時間：30秒
特殊効果：この餌をペットに与えると、ＨＰを18％回復する。
[食事可能な魔獣]
百獣綱 百蟲綱 有翼綱 草木綱 水棲綱 甲鱗綱 呪具綱 死屍綱"
Pawprint,Captured,,,"受到伤害-30%
最大HP+30%
特殊効果：受到伤害时有3%的几率为自身附加“石化”状态
持续时间：30秒
特殊効果：将此食料喂给魔獣后，可以恢复18%的体力
适于以下魔獣食用：
百兽纲 百虫纲 有翼纲 草木纲 水栖纲 甲鳞纲 咒具纲 死尸纲","被ダメージ－30％
最大ＨＰ＋30％
特殊効果：ダメージを受けたとき、3％の確率で自身に石化を付与する。
効果時間：30秒
特殊効果：この餌をペットに与えると、ＨＰを18％回復する。
[食事可能な魔獣]
百獣綱 百蟲綱 有翼綱 草木綱 水棲綱 甲鱗綱 呪具綱 死屍綱"
Pawprint,Captured,,,"受到伤害-30%
最大HP+30%
特殊效果：受到伤害时有3%的几率为自身附加“石化”状态
持续时间：30秒
特殊效果：将此食事喂给魔兽后，可以恢复18%的体力
适于以下魔兽食用：
百兽纲 百虫纲 有翼纲 草木纲 水栖纲 甲鳞纲 咒具纲 死尸纲","被ダメージ－30％
最大ＨＰ＋30％
特殊効果：ダメージを受けたとき、3％の確率で自身に石化を付与する。
効果時間：30秒
特殊効果：この餌をペットに与えると、ＨＰを18％回復する。
[食事可能な魔獣]
百獣綱 百蟲綱 有翼綱 草木綱 水棲綱 甲鱗綱 呪具綱 死屍綱"
Pawprint,Captured,,,"受到伤害-30%
最大HP+30%
特殊效果：受到伤害时有3%的几率为自身附加“石化”状态
持续时间：30秒
特殊效果：将此食事喂给魔獣后，可以恢复18%的体力
适于以下魔獣食用：
百兽纲 百虫纲 有翼纲 草木纲 水栖纲 甲鳞纲 咒具纲 死尸纲","被ダメージ－30％
最大ＨＰ＋30％
特殊効果：ダメージを受けたとき、3％の確率で自身に石化を付与する。
効果時間：30秒
特殊効果：この餌をペットに与えると、ＨＰを18％回復する。
[食事可能な魔獣]
百獣綱 百蟲綱 有翼綱 草木綱 水棲綱 甲鱗綱 呪具綱 死屍綱"
Pawprint,Captured,,,"受到伤害-30%
最大HP+30%
特殊效果：受到伤害时有3%的几率为自身附加“石化”状态
持续时间：30秒
特殊效果：将此食料喂给魔兽后，可以恢复18%的体力
适于以下魔兽食用：
百兽纲 百虫纲 有翼纲 草木纲 水栖纲 甲鳞纲 咒具纲 死尸纲","被ダメージ－30％
最大ＨＰ＋30％
特殊効果：ダメージを受けたとき、3％の確率で自身に石化を付与する。
効果時間：30秒
特殊効果：この餌をペットに与えると、ＨＰを18％回復する。
[食事可能な魔獣]
百獣綱 百蟲綱 有翼綱 草木綱 水棲綱 甲鱗綱 呪具綱 死屍綱"
Pawprint,Captured,,,"受到伤害-30%
最大HP+30%
特殊效果：受到伤害时有3%的几率为自身附加“石化”状态
持续时间：30秒
特殊效果：将此食料喂给魔獣后，可以恢复18%的体力
适于以下魔獣食用：
百兽纲 百虫纲 有翼纲 草木纲 水栖纲 甲鳞纲 咒具纲 死尸纲","被ダメージ－30％
最大ＨＰ＋30％
特殊効果：ダメージを受けたとき、3％の確率で自身に石化を付与する。
効果時間：30秒
特殊効果：この餌をペットに与えると、ＨＰを18％回復する。
[食事可能な魔獣]
百獣綱 百蟲綱 有翼綱 草木綱 水棲綱 甲鱗綱 呪具綱 死屍綱"
Pawprint,Captured,,,"受到伤害-30%
最大体力+30%
特殊効果：受到伤害时有3%的几率为自身附加“石化”状态
持续时间：30秒
特殊効果：将此食事喂给魔兽后，可以恢复18%的体力
适于以下魔兽食用：
百兽纲 百虫纲 有翼纲 草木纲 水栖纲 甲鳞纲 咒具纲 死尸纲","被ダメージ－30％
最大ＨＰ＋30％
特殊効果：ダメージを受けたとき、3％の確率で自身に石化を付与する。
効果時間：30秒
特殊効果：この餌をペットに与えると、ＨＰを18％回復する。
[食事可能な魔獣]
百獣綱 百蟲綱 有翼綱 草木綱 水棲綱 甲鱗綱 呪具綱 死屍綱"
Pawprint,Captured,,,"受到伤害-30%
最大体力+30%
特殊効果：受到伤害时有3%的几率为自身附加“石化”状态
持续时间：30秒
特殊効果：将此食事喂给魔獣后，可以恢复18%的体力
适于以下魔獣食用：
百兽纲 百虫纲 有翼纲 草木纲 水栖纲 甲鳞纲 咒具纲 死尸纲","被ダメージ－30％
最大ＨＰ＋30％
特殊効果：ダメージを受けたとき、3％の確率で自身に石化を付与する。
効果時間：30秒
特殊効果：この餌をペットに与えると、ＨＰを18％回復する。
[食事可能な魔獣]
百獣綱 百蟲綱 有翼綱 草木綱 水棲綱 甲鱗綱 呪具綱 死屍綱"
Pawprint,Captured,,,"受到伤害-30%
最大体力+30%
特殊効果：受到伤害时有3%的几率为自身附加“石化”状态
持续时间：30秒
特殊効果：将此食料喂给魔兽后，可以恢复18%的体力
适于以下魔兽食用：
百兽纲 百虫纲 有翼纲 草木纲 水栖纲 甲鳞纲 咒具纲 死尸纲","被ダメージ－30％
最大ＨＰ＋30％
特殊効果：ダメージを受けたとき、3％の確率で自身に石化を付与する。
効果時間：30秒
特殊効果：この餌をペットに与えると、ＨＰを18％回復する。
[食事可能な魔獣]
百獣綱 百蟲綱 有翼綱 草木綱 水棲綱 甲鱗綱 呪具綱 死屍綱"
Pawprint,Captured,,,"受到伤害-30%
最大体力+30%
特殊効果：受到伤害时有3%的几率为自身附加“石化”状态
持续时间：30秒
特殊効果：将此食料喂给魔獣后，可以恢复18%的体力
适于以下魔獣食用：
百兽纲 百虫纲 有翼纲 草木纲 水栖纲 甲鳞纲 咒具纲 死尸纲","被ダメージ－30％
最大ＨＰ＋30％
特殊効果：ダメージを受けたとき、3％の確率で自身に石化を付与する。
効果時間：30秒
特殊効果：この餌をペットに与えると、ＨＰを18％回復する。
[食事可能な魔獣]
百獣綱 百蟲綱 有翼綱 草木綱 水棲綱 甲鱗綱 呪具綱 死屍綱"
Pawprint,Captured,,,"受到伤害-30%
最大体力+30%
特殊效果：受到伤害时有3%的几率为自身附加“石化”状态
持续时间：30秒
特殊效果：将此食事喂给魔兽后，可以恢复18%的体力
适于以下魔兽食用：
百兽纲 百虫纲 有翼纲 草木纲 水栖纲 甲鳞纲 咒具纲 死尸纲","被ダメージ－30％
最大ＨＰ＋30％
特殊効果：ダメージを受けたとき、3％の確率で自身に石化を付与する。
効果時間：30秒
特殊効果：この餌をペットに与えると、ＨＰを18％回復する。
[食事可能な魔獣]
百獣綱 百蟲綱 有翼綱 草木綱 水棲綱 甲鱗綱 呪具綱 死屍綱"
Pawprint,Captured,,,"受到伤害-30%
最大体力+30%
特殊效果：受到伤害时有3%的几率为自身附加“石化”状态
持续时间：30秒
特殊效果：将此食事喂给魔獣后，可以恢复18%的体力
适于以下魔獣食用：
百兽纲 百虫纲 有翼纲 草木纲 水栖纲 甲鳞纲 咒具纲 死尸纲","被ダメージ－30％
最大ＨＰ＋30％
特殊効果：ダメージを受けたとき、3％の確率で自身に石化を付与する。
効果時間：30秒
特殊効果：この餌をペットに与えると、ＨＰを18％回復する。
[食事可能な魔獣]
百獣綱 百蟲綱 有翼綱 草木綱 水棲綱 甲鱗綱 呪具綱 死屍綱"
Pawprint,,,,"受到伤害-30%
最大体力+30%
特殊效果：受到伤害时有3%的几率为自身附加“石化”状态
持续时间：30秒
特殊效果：将此食料喂给魔兽后，可以恢复18%的体力
适于以下魔兽食用：
百兽纲 百虫纲 有翼纲 草木纲 水栖纲 甲鳞纲 咒具纲 死尸纲","被ダメージ－30％
最大ＨＰ＋30％
特殊効果：ダメージを受けたとき、3％の確率で自身に石化を付与する。
効果時間：30秒
特殊効果：この餌をペットに与えると、ＨＰを18％回復する。
[食事可能な魔獣]
百獣綱 百蟲綱 有翼綱 草木綱 水棲綱 甲鱗綱 呪具綱 死屍綱"
Pawprint,Captured,,,"受到伤害-30%
最大体力+30%
特殊效果：受到伤害时有3%的几率为自身附加“石化”状态
持续时间：30秒
特殊效果：将此食料喂给魔獣后，可以恢复18%的体力
适于以下魔獣食用：
百兽纲 百虫纲 有翼纲 草木纲 水栖纲 甲鳞纲 咒具纲 死尸纲","被ダメージ－30％
最大ＨＰ＋30％
特殊効果：ダメージを受けたとき、3％の確率で自身に石化を付与する。
効果時間：30秒
特殊効果：この餌をペットに与えると、ＨＰを18％回復する。
[食事可能な魔獣]
百獣綱 百蟲綱 有翼綱 草木綱 水棲綱 甲鱗綱 呪具綱 死屍綱"
Pawprint,Captured,,,"受到伤害-30%
减速+10%
特殊効果：30%几率使冰属性伤害无效并吸收","被ダメージ－30％
スロウ＋10％
特殊効果：30％の確率で氷属性ダメージを無効化し、吸収する。"
Pawprint,Captured,,,"受到伤害-30%
减速+10%
特殊效果：30%几率使冰属性伤害无效并吸收","被ダメージ－30％
スロウ＋10％
特殊効果：30％の確率で氷属性ダメージを無効化し、吸収する。"
Pawprint,Captured,,,"受到伤害-30%
最大HP+30%
特殊効果：受到伤害时有3%的几率为自身附加“石化”状态
持续时间：30秒
特殊効果：将此食事喂给魔兽后，可以恢复18%的体力
适于以下魔兽食用：
百兽纲 百虫纲 有翼纲 草木纲 水栖纲 甲鳞纲 咒具纲 死尸纲","被ダメージ－30％
最大ＨＰ＋30％
特殊効果：ダメージを受けたとき、3％の確率で自身に石化を付与する。
効果時間：30秒
特殊効果：この餌をペットに与えると、ＨＰを18％回復する。
[食事可能な魔獣]
百獣綱 百蟲綱 有翼綱 草木綱 水棲綱 甲鱗綱 呪具綱 死屍綱"
Pawprint,Captured,,,"受到伤害-30%
最大HP+30%
特殊効果：受到伤害时有3%的几率为自身附加“石化”状态
持续时间：30秒
特殊効果：将此食事喂给魔獣后，可以恢复18%的体力
适于以下魔獣食用：
百兽纲 百虫纲 有翼纲 草木纲 水栖纲 甲鳞纲 咒具纲 死尸纲","被ダメージ－30％
最大ＨＰ＋30％
特殊効果：ダメージを受けたとき、3％の確率で自身に石化を付与する。
効果時間：30秒
特殊効果：この餌をペットに与えると、ＨＰを18％回復する。
[食事可能な魔獣]
百獣綱 百蟲綱 有翼綱 草木綱 水棲綱 甲鱗綱 呪具綱 死屍綱"
Pawprint,Captured,,,"受到伤害-30%
最大HP+30%
特殊効果：受到伤害时有3%的几率为自身附加“石化”状态
持续时间：30秒
特殊効果：将此食料喂给魔兽后，可以恢复18%的体力
适于以下魔兽食用：
百兽纲 百虫纲 有翼纲 草木纲 水栖纲 甲鳞纲 咒具纲 死尸纲","被ダメージ－30％
最大ＨＰ＋30％
特殊効果：ダメージを受けたとき、3％の確率で自身に石化を付与する。
効果時間：30秒
特殊効果：この餌をペットに与えると、ＨＰを18％回復する。
[食事可能な魔獣]
百獣綱 百蟲綱 有翼綱 草木綱 水棲綱 甲鱗綱 呪具綱 死屍綱"
Pawprint,Captured,,,"受到伤害-30%
最大HP+30%
特殊効果：受到伤害时有3%的几率为自身附加“石化”状态
持续时间：30秒
特殊効果：将此食料喂给魔獣后，可以恢复18%的体力
适于以下魔獣食用：
百兽纲 百虫纲 有翼纲 草木纲 水栖纲 甲鳞纲 咒具纲 死尸纲","被ダメージ－30％
最大ＨＰ＋30％
特殊効果：ダメージを受けたとき、3％の確率で自身に石化を付与する。
効果時間：30秒
特殊効果：この餌をペットに与えると、ＨＰを18％回復する。
[食事可能な魔獣]
百獣綱 百蟲綱 有翼綱 草木綱 水棲綱 甲鱗綱 呪具綱 死屍綱"
Pawprint,Captured,,,"受到伤害-30%
最大HP+30%
特殊效果：受到伤害时有3%的几率为自身附加“石化”状态
持续时间：30秒
特殊效果：将此食事喂给魔兽后，可以恢复18%的体力
适于以下魔兽食用：
百兽纲 百虫纲 有翼纲 草木纲 水栖纲 甲鳞纲 咒具纲 死尸纲","被ダメージ－30％
最大ＨＰ＋30％
特殊効果：ダメージを受けたとき、3％の確率で自身に石化を付与する。
効果時間：30秒
特殊効果：この餌をペットに与えると、ＨＰを18％回復する。
[食事可能な魔獣]
百獣綱 百蟲綱 有翼綱 草木綱 水棲綱 甲鱗綱 呪具綱 死屍綱"
Pawprint,Captured,,,"受到伤害-30%
最大HP+30%
特殊效果：受到伤害时有3%的几率为自身附加“石化”状态
持续时间：30秒
特殊效果：将此食事喂给魔獣后，可以恢复18%的体力
适于以下魔獣食用：
百兽纲 百虫纲 有翼纲 草木纲 水栖纲 甲鳞纲 咒具纲 死尸纲","被ダメージ－30％
最大ＨＰ＋30％
特殊効果：ダメージを受けたとき、3％の確率で自身に石化を付与する。
効果時間：30秒
特殊効果：この餌をペットに与えると、ＨＰを18％回復する。
[食事可能な魔獣]
百獣綱 百蟲綱 有翼綱 草木綱 水棲綱 甲鱗綱 呪具綱 死屍綱"
Pawprint,Captured,,,"受到伤害-30%
最大HP+30%
特殊效果：受到伤害时有3%的几率为自身附加“石化”状态
持续时间：30秒
特殊效果：将此食料喂给魔兽后，可以恢复18%的体力
适于以下魔兽食用：
百兽纲 百虫纲 有翼纲 草木纲 水栖纲 甲鳞纲 咒具纲 死尸纲","被ダメージ－30％
最大ＨＰ＋30％
特殊効果：ダメージを受けたとき、3％の確率で自身に石化を付与する。
効果時間：30秒
特殊効果：この餌をペットに与えると、ＨＰを18％回復する。
[食事可能な魔獣]
百獣綱 百蟲綱 有翼綱 草木綱 水棲綱 甲鱗綱 呪具綱 死屍綱"
Pawprint,Captured,,,"受到伤害-30%
最大HP+30%
特殊效果：受到伤害时有3%的几率为自身附加“石化”状态
持续时间：30秒
特殊效果：将此食料喂给魔獣后，可以恢复18%的体力
适于以下魔獣食用：
百兽纲 百虫纲 有翼纲 草木纲 水栖纲 甲鳞纲 咒具纲 死尸纲","被ダメージ－30％
最大ＨＰ＋30％
特殊効果：ダメージを受けたとき、3％の確率で自身に石化を付与する。
効果時間：30秒
特殊効果：この餌をペットに与えると、ＨＰを18％回復する。
[食事可能な魔獣]
百獣綱 百蟲綱 有翼綱 草木綱 水棲綱 甲鱗綱 呪具綱 死屍綱"
Pawprint,Captured,,,"受到伤害-30%
最大体力+30%
特殊効果：受到伤害时有3%的几率为自身附加“石化”状态
持续时间：30秒
特殊効果：将此食事喂给魔兽后，可以恢复18%的体力
适于以下魔兽食用：
百兽纲 百虫纲 有翼纲 草木纲 水栖纲 甲鳞纲 咒具纲 死尸纲","被ダメージ－30％
最大ＨＰ＋30％
特殊効果：ダメージを受けたとき、3％の確率で自身に石化を付与する。
効果時間：30秒
特殊効果：この餌をペットに与えると、ＨＰを18％回復する。
[食事可能な魔獣]
百獣綱 百蟲綱 有翼綱 草木綱 水棲綱 甲鱗綱 呪具綱 死屍綱"
Pawprint,Captured,,,"受到伤害-30%
最大体力+30%
特殊効果：受到伤害时有3%的几率为自身附加“石化”状态
持续时间：30秒
特殊効果：将此食事喂给魔獣后，可以恢复18%的体力
适于以下魔獣食用：
百兽纲 百虫纲 有翼纲 草木纲 水栖纲 甲鳞纲 咒具纲 死尸纲","被ダメージ－30％
最大ＨＰ＋30％
特殊効果：ダメージを受けたとき、3％の確率で自身に石化を付与する。
効果時間：30秒
特殊効果：この餌をペットに与えると、ＨＰを18％回復する。
[食事可能な魔獣]
百獣綱 百蟲綱 有翼綱 草木綱 水棲綱 甲鱗綱 呪具綱 死屍綱"
Pawprint,Captured,,,"受到伤害-30%
最大体力+30%
特殊効果：受到伤害时有3%的几率为自身附加“石化”状态
持续时间：30秒
特殊効果：将此食料喂给魔兽后，可以恢复18%的体力
适于以下魔兽食用：
百兽纲 百虫纲 有翼纲 草木纲 水栖纲 甲鳞纲 咒具纲 死尸纲","被ダメージ－30％
最大ＨＰ＋30％
特殊効果：ダメージを受けたとき、3％の確率で自身に石化を付与する。
効果時間：30秒
特殊効果：この餌をペットに与えると、ＨＰを18％回復する。
[食事可能な魔獣]
百獣綱 百蟲綱 有翼綱 草木綱 水棲綱 甲鱗綱 呪具綱 死屍綱"
Pawprint,Captured,,,"受到伤害-30%
最大体力+30%
特殊効果：受到伤害时有3%的几率为自身附加“石化”状态
持续时间：30秒
特殊効果：将此食料喂给魔獣后，可以恢复18%的体力
适于以下魔獣食用：
百兽纲 百虫纲 有翼纲 草木纲 水栖纲 甲鳞纲 咒具纲 死尸纲","被ダメージ－30％
最大ＨＰ＋30％
特殊効果：ダメージを受けたとき、3％の確率で自身に石化を付与する。
効果時間：30秒
特殊効果：この餌をペットに与えると、ＨＰを18％回復する。
[食事可能な魔獣]
百獣綱 百蟲綱 有翼綱 草木綱 水棲綱 甲鱗綱 呪具綱 死屍綱"
Pawprint,Captured,,,"受到伤害-30%
最大体力+30%
特殊效果：受到伤害时有3%的几率为自身附加“石化”状态
持续时间：30秒
特殊效果：将此食事喂给魔兽后，可以恢复18%的体力
适于以下魔兽食用：
百兽纲 百虫纲 有翼纲 草木纲 水栖纲 甲鳞纲 咒具纲 死尸纲","被ダメージ－30％
最大ＨＰ＋30％
特殊効果：ダメージを受けたとき、3％の確率で自身に石化を付与する。
効果時間：30秒
特殊効果：この餌をペットに与えると、ＨＰを18％回復する。
[食事可能な魔獣]
百獣綱 百蟲綱 有翼綱 草木綱 水棲綱 甲鱗綱 呪具綱 死屍綱"
Pawprint,Captured,,,"受到伤害-30%
最大体力+30%
特殊效果：受到伤害时有3%的几率为自身附加“石化”状态
持续时间：30秒
特殊效果：将此食事喂给魔獣后，可以恢复18%的体力
适于以下魔獣食用：
百兽纲 百虫纲 有翼纲 草木纲 水栖纲 甲鳞纲 咒具纲 死尸纲","被ダメージ－30％
最大ＨＰ＋30％
特殊効果：ダメージを受けたとき、3％の確率で自身に石化を付与する。
効果時間：30秒
特殊効果：この餌をペットに与えると、ＨＰを18％回復する。
[食事可能な魔獣]
百獣綱 百蟲綱 有翼綱 草木綱 水棲綱 甲鱗綱 呪具綱 死屍綱"
Pawprint,Captured,,,"受到伤害-30%
最大体力+30%
特殊效果：受到伤害时有3%的几率为自身附加“石化”状态
持续时间：30秒
特殊效果：将此食料喂给魔兽后，可以恢复18%的体力
适于以下魔兽食用：
百兽纲 百虫纲 有翼纲 草木纲 水栖纲 甲鳞纲 咒具纲 死尸纲","被ダメージ－30％
最大ＨＰ＋30％
特殊効果：ダメージを受けたとき、3％の確率で自身に石化を付与する。
効果時間：30秒
特殊効果：この餌をペットに与えると、ＨＰを18％回復する。
[食事可能な魔獣]
百獣綱 百蟲綱 有翼綱 草木綱 水棲綱 甲鱗綱 呪具綱 死屍綱"
Pawprint,Captured,,,"受到伤害-30%
最大体力+30%
特殊效果：受到伤害时有3%的几率为自身附加“石化”状态
持续时间：30秒
特殊效果：将此食料喂给魔獣后，可以恢复18%的体力
适于以下魔獣食用：
百兽纲 百虫纲 有翼纲 草木纲 水栖纲 甲鳞纲 咒具纲 死尸纲","被ダメージ－30％
最大ＨＰ＋30％
特殊効果：ダメージを受けたとき、3％の確率で自身に石化を付与する。
効果時間：30秒
特殊効果：この餌をペットに与えると、ＨＰを18％回復する。
[食事可能な魔獣]
百獣綱 百蟲綱 有翼綱 草木綱 水棲綱 甲鱗綱 呪具綱 死屍綱"
Pawprint,Captured,,,"受到伤害-5%
造成物理伤害+5%
最大HP+5%","被ダメージ－5％
物理与ダメージ＋5％
最大ＨＰ＋5％"
Pawprint,,,,"受到伤害-5%
造成物理伤害+5%
最大体力+5%","被ダメージ－5％
物理与ダメージ＋5％
最大ＨＰ＋5％"
Pawprint,Captured,,,"受到伤害-5%
造成物理伤害+5%
最大HP+5%","被ダメージ－5％
物理与ダメージ＋5％
最大ＨＰ＋5％"
Pawprint,Captured,,,"受到伤害-5%
造成物理伤害+5%
最大体力+5%","被ダメージ－5％
物理与ダメージ＋5％
最大ＨＰ＋5％"
Pawprint,Captured,,,"受到伤害-7%
中毒耐性+100%
特殊効果：受到伤害时有5%的几率为自身附加1档“体力持续恢复”状态
体力持续恢复效果：每隔一段时间恢复自身最大HP的3%
体力持续恢复持续时间：12秒
最大档数：8档","被ダメージ－7％
毒耐性＋100％
特殊効果：ダメージを受けたとき、5％の確率で自身に「徐々にＨＰ回復」を1スタック付与する。
徐々にＨＰ回復効果：一定時間ごとにＨＰを最大ＨＰの3％分回復する。
徐々にＨＰ回復効果時間：12秒
最大スタック8"
Pawprint,Captured,,,"受到伤害-7%
中毒耐性+100%
特殊効果：受到伤害时有5%的几率为自身附加1档“体力持续恢复”状态
体力持续恢复效果：每隔一段时间恢复自身最大体力的3%
体力持续恢复持续时间：12秒
最大档数：8档","被ダメージ－7％
毒耐性＋100％
特殊効果：ダメージを受けたとき、5％の確率で自身に「徐々にＨＰ回復」を1スタック付与する。
徐々にＨＰ回復効果：一定時間ごとにＨＰを最大ＨＰの3％分回復する。
徐々にＨＰ回復効果時間：12秒
最大スタック8"
Pawprint,Captured,,,"受到伤害-7%
中毒耐性+100%
特殊效果：受到伤害时有5%的几率为自身附加1档“体力持续恢复”状态
体力持续恢复效果：每隔一段时间恢复自身最大HP的3%
体力持续恢复持续时间：12秒
最大档数：8档","被ダメージ－7％
毒耐性＋100％
特殊効果：ダメージを受けたとき、5％の確率で自身に「徐々にＨＰ回復」を1スタック付与する。
徐々にＨＰ回復効果：一定時間ごとにＨＰを最大ＨＰの3％分回復する。
徐々にＨＰ回復効果時間：12秒
最大スタック8"
Pawprint,,,,"受到伤害-7%
中毒耐性+100%
特殊效果：受到伤害时有5%的几率为自身附加1档“体力持续恢复”状态
体力持续恢复效果：每隔一段时间恢复自身最大体力的3%
体力持续恢复持续时间：12秒
最大档数：8档","被ダメージ－7％
毒耐性＋100％
特殊効果：ダメージを受けたとき、5％の確率で自身に「徐々にＨＰ回復」を1スタック付与する。
徐々にＨＰ回復効果：一定時間ごとにＨＰを最大ＨＰの3％分回復する。
徐々にＨＰ回復効果時間：12秒
最大スタック8"
Pawprint,Captured,,,"受到伤害-7%
中毒耐性+100%
特殊効果：受到伤害时有5%的几率为自身附加1档“体力持续恢复”状态
体力持续恢复效果：每隔一段时间恢复自身最大HP的3%
体力持续恢复持续时间：12秒
最大档数：8档","被ダメージ－7％
毒耐性＋100％
特殊効果：ダメージを受けたとき、5％の確率で自身に「徐々にＨＰ回復」を1スタック付与する。
徐々にＨＰ回復効果：一定時間ごとにＨＰを最大ＨＰの3％分回復する。
徐々にＨＰ回復効果時間：12秒
最大スタック8"
Pawprint,Captured,,,"受到伤害-7%
中毒耐性+100%
特殊効果：受到伤害时有5%的几率为自身附加1档“体力持续恢复”状态
体力持续恢复效果：每隔一段时间恢复自身最大体力的3%
体力持续恢复持续时间：12秒
最大档数：8档","被ダメージ－7％
毒耐性＋100％
特殊効果：ダメージを受けたとき、5％の確率で自身に「徐々にＨＰ回復」を1スタック付与する。
徐々にＨＰ回復効果：一定時間ごとにＨＰを最大ＨＰの3％分回復する。
徐々にＨＰ回復効果時間：12秒
最大スタック8"
Pawprint,Captured,,,"受到伤害-7%
中毒耐性+100%
特殊效果：受到伤害时有5%的几率为自身附加1档“体力持续恢复”状态
体力持续恢复效果：每隔一段时间恢复自身最大HP的3%
体力持续恢复持续时间：12秒
最大档数：8档","被ダメージ－7％
毒耐性＋100％
特殊効果：ダメージを受けたとき、5％の確率で自身に「徐々にＨＰ回復」を1スタック付与する。
徐々にＨＰ回復効果：一定時間ごとにＨＰを最大ＨＰの3％分回復する。
徐々にＨＰ回復効果時間：12秒
最大スタック8"
Pawprint,Captured,,,"受到伤害-7%
中毒耐性+100%
特殊效果：受到伤害时有5%的几率为自身附加1档“体力持续恢复”状态
体力持续恢复效果：每隔一段时间恢复自身最大体力的3%
体力持续恢复持续时间：12秒
最大档数：8档","被ダメージ－7％
毒耐性＋100％
特殊効果：ダメージを受けたとき、5％の確率で自身に「徐々にＨＰ回復」を1スタック付与する。
徐々にＨＰ回復効果：一定時間ごとにＨＰを最大ＨＰの3％分回復する。
徐々にＨＰ回復効果時間：12秒
最大スタック8"
Pawprint,,,,"受到物理伤害-10%
暴击发动率+15%","物理被ダメージ－10％
クリティカル発動率＋15％"
Pawprint,Captured,,,"受到物理伤害-10%
暴击发动率+15%","物理被ダメージ－10％
クリティカル発動率＋15％"
Pawprint,,,,受到物理伤害-15%,物理被ダメージ－15％
Pawprint,,,,"受到物理伤害-25%
以太爆发威力+10%
适于以下魔兽食用：
百兽纲 百虫纲 有翼纲 草木纲 水栖纲 甲鳞纲 死尸纲","物理被ダメージ－25％
エーテルバースト威力＋10％
[食事可能な魔獣]
百獣綱 百蟲綱 有翼綱 草木綱 水棲綱 甲鱗綱 死屍綱"
Pawprint,Captured,,,"受到物理伤害-25%
以太爆发威力+10%
适于以下魔獣食用：
百兽纲 百虫纲 有翼纲 草木纲 水栖纲 甲鳞纲 死尸纲","物理被ダメージ－25％
エーテルバースト威力＋10％
[食事可能な魔獣]
百獣綱 百蟲綱 有翼綱 草木綱 水棲綱 甲鱗綱 死屍綱"
Pawprint,Captured,,,"受到物理伤害-25%
以太爆发威力+10%
适于以下魔兽食用：
百兽纲 百虫纲 有翼纲 草木纲 水栖纲 甲鳞纲 死尸纲","物理被ダメージ－25％
エーテルバースト威力＋10％
[食事可能な魔獣]
百獣綱 百蟲綱 有翼綱 草木綱 水棲綱 甲鱗綱 死屍綱"
Pawprint,Captured,,,"受到物理伤害-25%
以太爆发威力+10%
适于以下魔獣食用：
百兽纲 百虫纲 有翼纲 草木纲 水栖纲 甲鳞纲 死尸纲","物理被ダメージ－25％
エーテルバースト威力＋10％
[食事可能な魔獣]
百獣綱 百蟲綱 有翼綱 草木綱 水棲綱 甲鱗綱 死屍綱"
Pawprint,Captured,,,"受到物理伤害-30%
造成伤害+10%
特殊効果：魔兽发动战技触发兽心协作技时，有30%的几率恢复一部分消耗的技力
适于以下魔兽食用：
咒具纲","物理被ダメージ－30％
与ダメージ＋10％
特殊効果：ペットのウェポンスキル実行時に獣心技連携に成功すると、30％の確率で消費したＴＰの一部が回復する。
[食事可能な魔獣]
呪具綱"
Pawprint,Captured,,,"受到物理伤害-30%
造成伤害+10%
特殊効果：魔獣发动战技触发兽心协作技时，有30%的几率恢复一部分消耗的技力
适于以下魔獣食用：
咒具纲","物理被ダメージ－30％
与ダメージ＋10％
特殊効果：ペットのウェポンスキル実行時に獣心技連携に成功すると、30％の確率で消費したＴＰの一部が回復する。
[食事可能な魔獣]
呪具綱"
Pawprint,,,,"受到物理伤害-30%
造成伤害+10%
特殊效果：魔兽发动战技触发兽心协作技时，有30%的几率恢复一部分消耗的技力
适于以下魔兽食用：
咒具纲","物理被ダメージ－30％
与ダメージ＋10％
特殊効果：ペットのウェポンスキル実行時に獣心技連携に成功すると、30％の確率で消費したＴＰの一部が回復する。
[食事可能な魔獣]
呪具綱"
Pawprint,Captured,,,"受到物理伤害-30%
造成伤害+10%
特殊效果：魔獣发动战技触发兽心协作技时，有30%的几率恢复一部分消耗的技力
适于以下魔獣食用：
咒具纲","物理被ダメージ－30％
与ダメージ＋10％
特殊効果：ペットのウェポンスキル実行時に獣心技連携に成功すると、30％の確率で消費したＴＰの一部が回復する。
[食事可能な魔獣]
呪具綱"
Pawprint,Captured,,,"受到物理伤害-30%
造成伤害+10%
特殊効果：魔兽发动战技触发兽心协作技时，有30%的几率恢复一部分消耗的技力
适于以下魔兽食用：
咒具纲","物理被ダメージ－30％
与ダメージ＋10％
特殊効果：ペットのウェポンスキル実行時に獣心技連携に成功すると、30％の確率で消費したＴＰの一部が回復する。
[食事可能な魔獣]
呪具綱"
Pawprint,Captured,,,"受到物理伤害-30%
造成伤害+10%
特殊効果：魔獣发动战技触发兽心协作技时，有30%的几率恢复一部分消耗的技力
适于以下魔獣食用：
咒具纲","物理被ダメージ－30％
与ダメージ＋10％
特殊効果：ペットのウェポンスキル実行時に獣心技連携に成功すると、30％の確率で消費したＴＰの一部が回復する。
[食事可能な魔獣]
呪具綱"
Pawprint,Captured,,,"受到物理伤害-30%
造成伤害+10%
特殊效果：魔兽发动战技触发兽心协作技时，有30%的几率恢复一部分消耗的技力
适于以下魔兽食用：
咒具纲","物理被ダメージ－30％
与ダメージ＋10％
特殊効果：ペットのウェポンスキル実行時に獣心技連携に成功すると、30％の確率で消費したＴＰの一部が回復する。
[食事可能な魔獣]
呪具綱"
Pawprint,Captured,,,"受到物理伤害-30%
造成伤害+10%
特殊效果：魔獣发动战技触发兽心协作技时，有30%的几率恢复一部分消耗的技力
适于以下魔獣食用：
咒具纲","物理被ダメージ－30％
与ダメージ＋10％
特殊効果：ペットのウェポンスキル実行時に獣心技連携に成功すると、30％の確率で消費したＴＰの一部が回復する。
[食事可能な魔獣]
呪具綱"
Pawprint,,,,"受到物理伤害-40%
以太爆发威力+20%
适于以下魔兽食用：
甲鳞纲","物理被ダメージ－40％
エーテルバースト威力＋20％
[食事可能な魔獣]
甲鱗綱"
Pawprint,Captured,,,"受到物理伤害-40%
以太爆发威力+20%
适于以下魔獣食用：
甲鳞纲","物理被ダメージ－40％
エーテルバースト威力＋20％
[食事可能な魔獣]
甲鱗綱"
Pawprint,Captured,,,"受到物理伤害-40%
以太爆发威力+20%
适于以下魔兽食用：
甲鳞纲","物理被ダメージ－40％
エーテルバースト威力＋20％
[食事可能な魔獣]
甲鱗綱"
Pawprint,Captured,,,"受到物理伤害-40%
以太爆发威力+20%
适于以下魔獣食用：
甲鳞纲","物理被ダメージ－40％
エーテルバースト威力＋20％
[食事可能な魔獣]
甲鱗綱"
Pawprint,Captured,,,"受到物理伤害-9%
特殊効果：自身发动战技触发兽心协作技时，有10%的几率恢复一部分消耗的技力","物理被ダメージ－9％
特殊効果：自身のウェポンスキル実行時に獣心技連携に成功すると、10％の確率で消費したＴＰの一部が回復する。"
Pawprint,,,,"受到物理伤害-9%
特殊效果：自身发动战技触发兽心协作技时，有10%的几率恢复一部分消耗的技力","物理被ダメージ－9％
特殊効果：自身のウェポンスキル実行時に獣心技連携に成功すると、10％の確率で消費したＴＰの一部が回復する。"
Pawprint,Captured,,,"受到物理伤害-9%
特殊効果：自身发动战技触发兽心协作技时，有10%的几率恢复一部分消耗的技力","物理被ダメージ－9％
特殊効果：自身のウェポンスキル実行時に獣心技連携に成功すると、10％の確率で消費したＴＰの一部が回復する。"
Pawprint,Captured,,,"受到物理伤害-9%
特殊效果：自身发动战技触发兽心协作技时，有10%的几率恢复一部分消耗的技力","物理被ダメージ－9％
特殊効果：自身のウェポンスキル実行時に獣心技連携に成功すると、10％の確率で消費したＴＰの一部が回復する。"
Pawprint,,,,受到魔法伤害-10%,魔法被ダメージ－10％
Pawprint,Captured,,,"受到魔法伤害-10%
特殊効果：自身使用技能及奇弈道具的体力恢复效果提高15%
特殊効果：成功回避攻击时，为自身附加“双刃剑”状态
双刃剑效果：体力逐渐流失的同时造成伤害提高30%
双刃剑持续时间：21秒","魔法被ダメージ－10％
特殊効果：自身が使用するアクションおよびクルーシブルアイテムのＨＰ回復効果が15％上昇する。
特殊効果：攻撃を回避したとき、自身に「諸刃の剣」を付与する。
諸刃の剣効果：徐々にＨＰが失われる代わりに与ダメージが30％増加する。
諸刃の剣効果時間：21秒"
Pawprint,,,,"受到魔法伤害-10%
特殊效果：自身使用技能及奇弈道具的体力恢复效果提高15%
特殊效果：成功回避攻击时，为自身附加“双刃剑”状态
双刃剑效果：体力逐渐流失的同时造成伤害提高30%
双刃剑持续时间：21秒","魔法被ダメージ－10％
特殊効果：自身が使用するアクションおよびクルーシブルアイテムのＨＰ回復効果が15％上昇する。
特殊効果：攻撃を回避したとき、自身に「諸刃の剣」を付与する。
諸刃の剣効果：徐々にＨＰが失われる代わりに与ダメージが30％増加する。
諸刃の剣効果時間：21秒"
Pawprint,Captured,,,"受到魔法伤害-10%
特殊効果：自身使用技能及奇弈道具的体力恢复效果提高15%
特殊効果：成功回避攻击时，为自身附加“双刃剑”状态
双刃剑效果：体力逐渐流失的同时造成伤害提高30%
双刃剑持续时间：21秒","魔法被ダメージ－10％
特殊効果：自身が使用するアクションおよびクルーシブルアイテムのＨＰ回復効果が15％上昇する。
特殊効果：攻撃を回避したとき、自身に「諸刃の剣」を付与する。
諸刃の剣効果：徐々にＨＰが失われる代わりに与ダメージが30％増加する。
諸刃の剣効果時間：21秒"
Pawprint,Captured,,,"受到魔法伤害-10%
特殊效果：自身使用技能及奇弈道具的体力恢复效果提高15%
特殊效果：成功回避攻击时，为自身附加“双刃剑”状态
双刃剑效果：体力逐渐流失的同时造成伤害提高30%
双刃剑持续时间：21秒","魔法被ダメージ－10％
特殊効果：自身が使用するアクションおよびクルーシブルアイテムのＨＰ回復効果が15％上昇する。
特殊効果：攻撃を回避したとき、自身に「諸刃の剣」を付与する。
諸刃の剣効果：徐々にＨＰが失われる代わりに与ダメージが30％増加する。
諸刃の剣効果時間：21秒"
Pawprint,Captured,,,"受到魔法伤害-15%
最大HP+5%
眩晕耐性+100%","魔法被ダメージ－15％
最大ＨＰ＋5％
スタン耐性＋100％"
Pawprint,,,,"受到魔法伤害-15%
最大体力+5%
眩晕耐性+100%","魔法被ダメージ－15％
最大ＨＰ＋5％
スタン耐性＋100％"
Pawprint,Captured,,,"受到魔法伤害-15%
最大HP+5%
眩晕耐性+100%","魔法被ダメージ－15％
最大ＨＰ＋5％
スタン耐性＋100％"
Pawprint,Captured,,,"受到魔法伤害-15%
最大体力+5%
眩晕耐性+100%","魔法被ダメージ－15％
最大ＨＰ＋5％
スタン耐性＋100％"
Pawprint,,,,"受到魔法伤害-30%
适于以下魔兽食用：
百兽纲 百虫纲 有翼纲 草木纲 水栖纲 甲鳞纲 死尸纲","魔法被ダメージ－30％
[食事可能な魔獣]
百獣綱 百蟲綱 有翼綱 草木綱 水棲綱 甲鱗綱 死屍綱"
Pawprint,Captured,,,"受到魔法伤害-30%
适于以下魔獣食用：
百兽纲 百虫纲 有翼纲 草木纲 水栖纲 甲鳞纲 死尸纲","魔法被ダメージ－30％
[食事可能な魔獣]
百獣綱 百蟲綱 有翼綱 草木綱 水棲綱 甲鱗綱 死屍綱"
Pawprint,Captured,,,"受到魔法伤害-30%
适于以下魔兽食用：
百兽纲 百虫纲 有翼纲 草木纲 水栖纲 甲鳞纲 死尸纲","魔法被ダメージ－30％
[食事可能な魔獣]
百獣綱 百蟲綱 有翼綱 草木綱 水棲綱 甲鱗綱 死屍綱"
Pawprint,Captured,,,"受到魔法伤害-30%
适于以下魔獣食用：
百兽纲 百虫纲 有翼纲 草木纲 水栖纲 甲鳞纲 死尸纲","魔法被ダメージ－30％
[食事可能な魔獣]
百獣綱 百蟲綱 有翼綱 草木綱 水棲綱 甲鱗綱 死屍綱"
Pawprint,Captured,,,"受到魔法伤害-40%
以太爆发威力+10%
最大HP+15%
特殊効果：将此食事喂给魔兽后，可以恢复10%的体力
适于以下魔兽食用：
百虫纲","魔法被ダメージ－40％
エーテルバースト威力＋10％
最大ＨＰ＋15％
特殊効果：この餌をペットに与えると、ＨＰを10％回復する。
[食事可能な魔獣]
百蟲綱"
Pawprint,Captured,,,"受到魔法伤害-40%
以太爆发威力+10%
最大HP+15%
特殊効果：将此食事喂给魔獣后，可以恢复10%的体力
适于以下魔獣食用：
百虫纲","魔法被ダメージ－40％
エーテルバースト威力＋10％
最大ＨＰ＋15％
特殊効果：この餌をペットに与えると、ＨＰを10％回復する。
[食事可能な魔獣]
百蟲綱"
Pawprint,Captured,,,"受到魔法伤害-40%
以太爆发威力+10%
最大HP+15%
特殊効果：将此食料喂给魔兽后，可以恢复10%的体力
适于以下魔兽食用：
百虫纲","魔法被ダメージ－40％
エーテルバースト威力＋10％
最大ＨＰ＋15％
特殊効果：この餌をペットに与えると、ＨＰを10％回復する。
[食事可能な魔獣]
百蟲綱"
Pawprint,Captured,,,"受到魔法伤害-40%
以太爆发威力+10%
最大HP+15%
特殊効果：将此食料喂给魔獣后，可以恢复10%的体力
适于以下魔獣食用：
百虫纲","魔法被ダメージ－40％
エーテルバースト威力＋10％
最大ＨＰ＋15％
特殊効果：この餌をペットに与えると、ＨＰを10％回復する。
[食事可能な魔獣]
百蟲綱"
Pawprint,Captured,,,"受到魔法伤害-40%
以太爆发威力+10%
最大HP+15%
特殊效果：将此食事喂给魔兽后，可以恢复10%的体力
适于以下魔兽食用：
百虫纲","魔法被ダメージ－40％
エーテルバースト威力＋10％
最大ＨＰ＋15％
特殊効果：この餌をペットに与えると、ＨＰを10％回復する。
[食事可能な魔獣]
百蟲綱"
Pawprint,Captured,,,"受到魔法伤害-40%
以太爆发威力+10%
最大HP+15%
特殊效果：将此食事喂给魔獣后，可以恢复10%的体力
适于以下魔獣食用：
百虫纲","魔法被ダメージ－40％
エーテルバースト威力＋10％
最大ＨＰ＋15％
特殊効果：この餌をペットに与えると、ＨＰを10％回復する。
[食事可能な魔獣]
百蟲綱"
Pawprint,Captured,,,"受到魔法伤害-40%
以太爆发威力+10%
最大HP+15%
特殊效果：将此食料喂给魔兽后，可以恢复10%的体力
适于以下魔兽食用：
百虫纲","魔法被ダメージ－40％
エーテルバースト威力＋10％
最大ＨＰ＋15％
特殊効果：この餌をペットに与えると、ＨＰを10％回復する。
[食事可能な魔獣]
百蟲綱"
Pawprint,Captured,,,"受到魔法伤害-40%
以太爆发威力+10%
最大HP+15%
特殊效果：将此食料喂给魔獣后，可以恢复10%的体力
适于以下魔獣食用：
百虫纲","魔法被ダメージ－40％
エーテルバースト威力＋10％
最大ＨＰ＋15％
特殊効果：この餌をペットに与えると、ＨＰを10％回復する。
[食事可能な魔獣]
百蟲綱"
Pawprint,Captured,,,"受到魔法伤害-40%
以太爆发威力+10%
最大体力+15%
特殊効果：将此食事喂给魔兽后，可以恢复10%的体力
适于以下魔兽食用：
百虫纲","魔法被ダメージ－40％
エーテルバースト威力＋10％
最大ＨＰ＋15％
特殊効果：この餌をペットに与えると、ＨＰを10％回復する。
[食事可能な魔獣]
百蟲綱"
Pawprint,Captured,,,"受到魔法伤害-40%
以太爆发威力+10%
最大体力+15%
特殊効果：将此食事喂给魔獣后，可以恢复10%的体力
适于以下魔獣食用：
百虫纲","魔法被ダメージ－40％
エーテルバースト威力＋10％
最大ＨＰ＋15％
特殊効果：この餌をペットに与えると、ＨＰを10％回復する。
[食事可能な魔獣]
百蟲綱"
Pawprint,Captured,,,"受到魔法伤害-40%
以太爆发威力+10%
最大体力+15%
特殊効果：将此食料喂给魔兽后，可以恢复10%的体力
适于以下魔兽食用：
百虫纲","魔法被ダメージ－40％
エーテルバースト威力＋10％
最大ＨＰ＋15％
特殊効果：この餌をペットに与えると、ＨＰを10％回復する。
[食事可能な魔獣]
百蟲綱"
Pawprint,Captured,,,"受到魔法伤害-40%
以太爆发威力+10%
最大体力+15%
特殊効果：将此食料喂给魔獣后，可以恢复10%的体力
适于以下魔獣食用：
百虫纲","魔法被ダメージ－40％
エーテルバースト威力＋10％
最大ＨＰ＋15％
特殊効果：この餌をペットに与えると、ＨＰを10％回復する。
[食事可能な魔獣]
百蟲綱"
Pawprint,Captured,,,"受到魔法伤害-40%
以太爆发威力+10%
最大体力+15%
特殊效果：将此食事喂给魔兽后，可以恢复10%的体力
适于以下魔兽食用：
百虫纲","魔法被ダメージ－40％
エーテルバースト威力＋10％
最大ＨＰ＋15％
特殊効果：この餌をペットに与えると、ＨＰを10％回復する。
[食事可能な魔獣]
百蟲綱"
Pawprint,Captured,,,"受到魔法伤害-40%
以太爆发威力+10%
最大体力+15%
特殊效果：将此食事喂给魔獣后，可以恢复10%的体力
适于以下魔獣食用：
百虫纲","魔法被ダメージ－40％
エーテルバースト威力＋10％
最大ＨＰ＋15％
特殊効果：この餌をペットに与えると、ＨＰを10％回復する。
[食事可能な魔獣]
百蟲綱"
Pawprint,,,,"受到魔法伤害-40%
以太爆发威力+10%
最大体力+15%
特殊效果：将此食料喂给魔兽后，可以恢复10%的体力
适于以下魔兽食用：
百虫纲","魔法被ダメージ－40％
エーテルバースト威力＋10％
最大ＨＰ＋15％
特殊効果：この餌をペットに与えると、ＨＰを10％回復する。
[食事可能な魔獣]
百蟲綱"
Pawprint,Captured,,,"受到魔法伤害-40%
以太爆发威力+10%
最大体力+15%
特殊效果：将此食料喂给魔獣后，可以恢复10%的体力
适于以下魔獣食用：
百虫纲","魔法被ダメージ－40％
エーテルバースト威力＋10％
最大ＨＰ＋15％
特殊効果：この餌をペットに与えると、ＨＰを10％回復する。
[食事可能な魔獣]
百蟲綱"
Pawprint,Captured,,,"受到魔法伤害-40%
以太爆发威力+10%
最大HP+15%
特殊効果：将此食事喂给魔兽后，可以恢复10%的体力
适于以下魔兽食用：
百虫纲","魔法被ダメージ－40％
エーテルバースト威力＋10％
最大ＨＰ＋15％
特殊効果：この餌をペットに与えると、ＨＰを10％回復する。
[食事可能な魔獣]
百蟲綱"
Pawprint,Captured,,,"受到魔法伤害-40%
以太爆发威力+10%
最大HP+15%
特殊効果：将此食事喂给魔獣后，可以恢复10%的体力
适于以下魔獣食用：
百虫纲","魔法被ダメージ－40％
エーテルバースト威力＋10％
最大ＨＰ＋15％
特殊効果：この餌をペットに与えると、ＨＰを10％回復する。
[食事可能な魔獣]
百蟲綱"
Pawprint,Captured,,,"受到魔法伤害-40%
以太爆发威力+10%
最大HP+15%
特殊効果：将此食料喂给魔兽后，可以恢复10%的体力
适于以下魔兽食用：
百虫纲","魔法被ダメージ－40％
エーテルバースト威力＋10％
最大ＨＰ＋15％
特殊効果：この餌をペットに与えると、ＨＰを10％回復する。
[食事可能な魔獣]
百蟲綱"
Pawprint,Captured,,,"受到魔法伤害-40%
以太爆发威力+10%
最大HP+15%
特殊効果：将此食料喂给魔獣后，可以恢复10%的体力
适于以下魔獣食用：
百虫纲","魔法被ダメージ－40％
エーテルバースト威力＋10％
最大ＨＰ＋15％
特殊効果：この餌をペットに与えると、ＨＰを10％回復する。
[食事可能な魔獣]
百蟲綱"
Pawprint,Captured,,,"受到魔法伤害-40%
以太爆发威力+10%
最大HP+15%
特殊效果：将此食事喂给魔兽后，可以恢复10%的体力
适于以下魔兽食用：
百虫纲","魔法被ダメージ－40％
エーテルバースト威力＋10％
最大ＨＰ＋15％
特殊効果：この餌をペットに与えると、ＨＰを10％回復する。
[食事可能な魔獣]
百蟲綱"
Pawprint,Captured,,,"受到魔法伤害-40%
以太爆发威力+10%
最大HP+15%
特殊效果：将此食事喂给魔獣后，可以恢复10%的体力
适于以下魔獣食用：
百虫纲","魔法被ダメージ－40％
エーテルバースト威力＋10％
最大ＨＰ＋15％
特殊効果：この餌をペットに与えると、ＨＰを10％回復する。
[食事可能な魔獣]
百蟲綱"
Pawprint,Captured,,,"受到魔法伤害-40%
以太爆发威力+10%
最大HP+15%
特殊效果：将此食料喂给魔兽后，可以恢复10%的体力
适于以下魔兽食用：
百虫纲","魔法被ダメージ－40％
エーテルバースト威力＋10％
最大ＨＰ＋15％
特殊効果：この餌をペットに与えると、ＨＰを10％回復する。
[食事可能な魔獣]
百蟲綱"
Pawprint,Captured,,,"受到魔法伤害-40%
以太爆发威力+10%
最大HP+15%
特殊效果：将此食料喂给魔獣后，可以恢复10%的体力
适于以下魔獣食用：
百虫纲","魔法被ダメージ－40％
エーテルバースト威力＋10％
最大ＨＰ＋15％
特殊効果：この餌をペットに与えると、ＨＰを10％回復する。
[食事可能な魔獣]
百蟲綱"
Pawprint,Captured,,,"受到魔法伤害-40%
以太爆发威力+10%
最大体力+15%
特殊効果：将此食事喂给魔兽后，可以恢复10%的体力
适于以下魔兽食用：
百虫纲","魔法被ダメージ－40％
エーテルバースト威力＋10％
最大ＨＰ＋15％
特殊効果：この餌をペットに与えると、ＨＰを10％回復する。
[食事可能な魔獣]
百蟲綱"
Pawprint,Captured,,,"受到魔法伤害-40%
以太爆发威力+10%
最大体力+15%
特殊効果：将此食事喂给魔獣后，可以恢复10%的体力
适于以下魔獣食用：
百虫纲","魔法被ダメージ－40％
エーテルバースト威力＋10％
最大ＨＰ＋15％
特殊効果：この餌をペットに与えると、ＨＰを10％回復する。
[食事可能な魔獣]
百蟲綱"
Pawprint,Captured,,,"受到魔法伤害-40%
以太爆发威力+10%
最大体力+15%
特殊効果：将此食料喂给魔兽后，可以恢复10%的体力
适于以下魔兽食用：
百虫纲","魔法被ダメージ－40％
エーテルバースト威力＋10％
最大ＨＰ＋15％
特殊効果：この餌をペットに与えると、ＨＰを10％回復する。
[食事可能な魔獣]
百蟲綱"
Pawprint,Captured,,,"受到魔法伤害-40%
以太爆发威力+10%
最大体力+15%
特殊効果：将此食料喂给魔獣后，可以恢复10%的体力
适于以下魔獣食用：
百虫纲","魔法被ダメージ－40％
エーテルバースト威力＋10％
最大ＨＰ＋15％
特殊効果：この餌をペットに与えると、ＨＰを10％回復する。
[食事可能な魔獣]
百蟲綱"
Pawprint,Captured,,,"受到魔法伤害-40%
以太爆发威力+10%
最大体力+15%
特殊效果：将此食事喂给魔兽后，可以恢复10%的体力
适于以下魔兽食用：
百虫纲","魔法被ダメージ－40％
エーテルバースト威力＋10％
最大ＨＰ＋15％
特殊効果：この餌をペットに与えると、ＨＰを10％回復する。
[食事可能な魔獣]
百蟲綱"
Pawprint,Captured,,,"受到魔法伤害-40%
以太爆发威力+10%
最大体力+15%
特殊效果：将此食事喂给魔獣后，可以恢复10%的体力
适于以下魔獣食用：
百虫纲","魔法被ダメージ－40％
エーテルバースト威力＋10％
最大ＨＰ＋15％
特殊効果：この餌をペットに与えると、ＨＰを10％回復する。
[食事可能な魔獣]
百蟲綱"
Pawprint,Captured,,,"受到魔法伤害-40%
以太爆发威力+10%
最大体力+15%
特殊效果：将此食料喂给魔兽后，可以恢复10%的体力
适于以下魔兽食用：
百虫纲","魔法被ダメージ－40％
エーテルバースト威力＋10％
最大ＨＰ＋15％
特殊効果：この餌をペットに与えると、ＨＰを10％回復する。
[食事可能な魔獣]
百蟲綱"
Pawprint,Captured,,,"受到魔法伤害-40%
以太爆发威力+10%
最大体力+15%
特殊效果：将此食料喂给魔獣后，可以恢复10%的体力
适于以下魔獣食用：
百虫纲","魔法被ダメージ－40％
エーテルバースト威力＋10％
最大ＨＰ＋15％
特殊効果：この餌をペットに与えると、ＨＰを10％回復する。
[食事可能な魔獣]
百蟲綱"
Pawprint,,,,另有 1 局兽核晶未核实，未计入总数,ほかに獣核晶の獲得数が未確認の周回が1回あり、合計には含めていません
Pawprint,DLLSourceScan,,,只,体
Pawprint,,,,只看未捕获,未捕獲のみ表示
Pawprint,,,,"可以回避战斗
但对强敌和头目无效
战斗开始前可选择是否使用","エネミーイベントを回避できる。
ただし、エリートエネミーとボスエネミーでは無効。
エネミーイベント開始直前に使用するかどうか選択する。"
Pawprint,Captured,,,"可以回避战斗
但对强敌和头目无效
战斗开始前可选择是否使用","エネミーイベントを回避できる。
ただし、エリートエネミーとボスエネミーでは無効。
エネミーイベント開始直前に使用するかどうか選択する。"
Pawprint,DLLSourceScan,,,号职责技槽,番ロールアクション枠
Pawprint,,,,名称,名前
Pawprint,DLLSourceScan,,,名称或 NameId,名前またはNameId
Pawprint,,,,启用,有効
Pawprint,DLLSourceScan,,,吸引注意暂不可用（,ちゅういをひくは現在使用できません（
Pawprint,,,,商店,ショップ
Pawprint,DLLSourceScan,,,商店任务、角色或奇盘已变化,ショップ処理中にタスク、キャラクター、または盤面が変わりました
Pawprint,DLLSourceScan,,,商店列表事件不唯一,ショップ一覧のイベントが一意ではありません
Pawprint,DLLSourceScan,,,商店商品点击事件不唯一,ショップ商品のクリックイベントが一意ではありません
Pawprint,DLLSourceScan,,,商店按钮事件不唯一,ショップボタンのイベントが一意ではありません
Pawprint,DLLSourceScan,,,商店确认窗口已变化,ショップの確認ウィンドウが変わりました
Pawprint,AssociatedWindowCapture2,,,四只幼苗全部出现后调用 PR 的最后一击,4体の幼苗がすべて出現したら、PRの「さいごのいちげき」を使用
Pawprint,DLLSourceScan,,,回血任务、角色或奇盘已变化,HP回復処理中にタスク、キャラクター、または盤面が変わりました
Pawprint,,,,"回避率+10%
以太爆发威力+5%
适于以下魔兽食用：
百兽纲 百虫纲 有翼纲 草木纲 水栖纲 死尸纲","回避率＋10％
エーテルバースト威力＋5％
[食事可能な魔獣]
百獣綱 百蟲綱 有翼綱 草木綱 水棲綱 死屍綱"
Pawprint,Captured,,,"回避率+10%
以太爆发威力+5%
适于以下魔獣食用：
百兽纲 百虫纲 有翼纲 草木纲 水栖纲 死尸纲","回避率＋10％
エーテルバースト威力＋5％
[食事可能な魔獣]
百獣綱 百蟲綱 有翼綱 草木綱 水棲綱 死屍綱"
Pawprint,Captured,,,"回避率+10%
最大HP-8%
特殊効果：暴击时有2%的几率为自身附加1档“体力持续恢复”状态
体力持续恢复效果：每隔一段时间恢复自身最大HP的3%
体力持续恢复持续时间：12秒
最大档数：8档","回避率＋10％
最大ＨＰ－8％
特殊効果：クリティカル発生時、2％の確率で自身に「徐々にＨＰ回復」を1スタック付与する。
徐々にＨＰ回復効果：一定時間ごとにＨＰを最大ＨＰの3％分回復する。
徐々にＨＰ回復効果時間：12秒
最大スタック8"
Pawprint,Captured,,,"回避率+10%
最大HP-8%
特殊效果：暴击时有2%的几率为自身附加1档“体力持续恢复”状态
体力持续恢复效果：每隔一段时间恢复自身最大HP的3%
体力持续恢复持续时间：12秒
最大档数：8档","回避率＋10％
最大ＨＰ－8％
特殊効果：クリティカル発生時、2％の確率で自身に「徐々にＨＰ回復」を1スタック付与する。
徐々にＨＰ回復効果：一定時間ごとにＨＰを最大ＨＰの3％分回復する。
徐々にＨＰ回復効果時間：12秒
最大スタック8"
Pawprint,Captured,,,"回避率+10%
最大体力-8%
特殊効果：暴击时有2%的几率为自身附加1档“体力持续恢复”状态
体力持续恢复效果：每隔一段时间恢复自身最大体力的3%
体力持续恢复持续时间：12秒
最大档数：8档","回避率＋10％
最大ＨＰ－8％
特殊効果：クリティカル発生時、2％の確率で自身に「徐々にＨＰ回復」を1スタック付与する。
徐々にＨＰ回復効果：一定時間ごとにＨＰを最大ＨＰの3％分回復する。
徐々にＨＰ回復効果時間：12秒
最大スタック8"
Pawprint,,,,"回避率+10%
最大体力-8%
特殊效果：暴击时有2%的几率为自身附加1档“体力持续恢复”状态
体力持续恢复效果：每隔一段时间恢复自身最大体力的3%
体力持续恢复持续时间：12秒
最大档数：8档","回避率＋10％
最大ＨＰ－8％
特殊効果：クリティカル発生時、2％の確率で自身に「徐々にＨＰ回復」を1スタック付与する。
徐々にＨＰ回復効果：一定時間ごとにＨＰを最大ＨＰの3％分回復する。
徐々にＨＰ回復効果時間：12秒
最大スタック8"
Pawprint,,,,"回避率+10%
造成物理伤害+10%
适于以下魔兽食用：
百兽纲 百虫纲 有翼纲 草木纲 水栖纲 死尸纲","回避率＋10％
物理与ダメージ＋10％
[食事可能な魔獣]
百獣綱 百蟲綱 有翼綱 草木綱 水棲綱 死屍綱"
Pawprint,Captured,,,"回避率+10%
造成物理伤害+10%
适于以下魔獣食用：
百兽纲 百虫纲 有翼纲 草木纲 水栖纲 死尸纲","回避率＋10％
物理与ダメージ＋10％
[食事可能な魔獣]
百獣綱 百蟲綱 有翼綱 草木綱 水棲綱 死屍綱"
Pawprint,Captured,,,"回避率+10%
以太爆发威力+5%
适于以下魔兽食用：
百兽纲 百虫纲 有翼纲 草木纲 水栖纲 死尸纲","回避率＋10％
エーテルバースト威力＋5％
[食事可能な魔獣]
百獣綱 百蟲綱 有翼綱 草木綱 水棲綱 死屍綱"
Pawprint,Captured,,,"回避率+10%
以太爆发威力+5%
适于以下魔獣食用：
百兽纲 百虫纲 有翼纲 草木纲 水栖纲 死尸纲","回避率＋10％
エーテルバースト威力＋5％
[食事可能な魔獣]
百獣綱 百蟲綱 有翼綱 草木綱 水棲綱 死屍綱"
Pawprint,Captured,,,"回避率+10%
最大HP-8%
特殊効果：暴击时有2%的几率为自身附加1档“体力持续恢复”状态
体力持续恢复效果：每隔一段时间恢复自身最大HP的3%
体力持续恢复持续时间：12秒
最大档数：8档","回避率＋10％
最大ＨＰ－8％
特殊効果：クリティカル発生時、2％の確率で自身に「徐々にＨＰ回復」を1スタック付与する。
徐々にＨＰ回復効果：一定時間ごとにＨＰを最大ＨＰの3％分回復する。
徐々にＨＰ回復効果時間：12秒
最大スタック8"
Pawprint,Captured,,,"回避率+10%
最大HP-8%
特殊效果：暴击时有2%的几率为自身附加1档“体力持续恢复”状态
体力持续恢复效果：每隔一段时间恢复自身最大HP的3%
体力持续恢复持续时间：12秒
最大档数：8档","回避率＋10％
最大ＨＰ－8％
特殊効果：クリティカル発生時、2％の確率で自身に「徐々にＨＰ回復」を1スタック付与する。
徐々にＨＰ回復効果：一定時間ごとにＨＰを最大ＨＰの3％分回復する。
徐々にＨＰ回復効果時間：12秒
最大スタック8"
Pawprint,Captured,,,"回避率+10%
最大体力-8%
特殊効果：暴击时有2%的几率为自身附加1档“体力持续恢复”状态
体力持续恢复效果：每隔一段时间恢复自身最大体力的3%
体力持续恢复持续时间：12秒
最大档数：8档","回避率＋10％
最大ＨＰ－8％
特殊効果：クリティカル発生時、2％の確率で自身に「徐々にＨＰ回復」を1スタック付与する。
徐々にＨＰ回復効果：一定時間ごとにＨＰを最大ＨＰの3％分回復する。
徐々にＨＰ回復効果時間：12秒
最大スタック8"
Pawprint,Captured,,,"回避率+10%
最大体力-8%
特殊效果：暴击时有2%的几率为自身附加1档“体力持续恢复”状态
体力持续恢复效果：每隔一段时间恢复自身最大体力的3%
体力持续恢复持续时间：12秒
最大档数：8档","回避率＋10％
最大ＨＰ－8％
特殊効果：クリティカル発生時、2％の確率で自身に「徐々にＨＰ回復」を1スタック付与する。
徐々にＨＰ回復効果：一定時間ごとにＨＰを最大ＨＰの3％分回復する。
徐々にＨＰ回復効果時間：12秒
最大スタック8"
Pawprint,Captured,,,"回避率+10%
造成物理伤害+10%
适于以下魔兽食用：
百兽纲 百虫纲 有翼纲 草木纲 水栖纲 死尸纲","回避率＋10％
物理与ダメージ＋10％
[食事可能な魔獣]
百獣綱 百蟲綱 有翼綱 草木綱 水棲綱 死屍綱"
Pawprint,Captured,,,"回避率+10%
造成物理伤害+10%
适于以下魔獣食用：
百兽纲 百虫纲 有翼纲 草木纲 水栖纲 死尸纲","回避率＋10％
物理与ダメージ＋10％
[食事可能な魔獣]
百獣綱 百蟲綱 有翼綱 草木綱 水棲綱 死屍綱"
Pawprint,,,,"回避率+15%
受到伤害-5%
适于以下魔兽食用：
百兽纲 百虫纲 有翼纲 草木纲 水栖纲 死尸纲","回避率＋15％
被ダメージ－5％
[食事可能な魔獣]
百獣綱 百蟲綱 有翼綱 草木綱 水棲綱 死屍綱"
Pawprint,Captured,,,"回避率+15%
受到伤害-5%
适于以下魔獣食用：
百兽纲 百虫纲 有翼纲 草木纲 水栖纲 死尸纲","回避率＋15％
被ダメージ－5％
[食事可能な魔獣]
百獣綱 百蟲綱 有翼綱 草木綱 水棲綱 死屍綱"
Pawprint,Captured,,,"回避率+15%
受到伤害-5%
适于以下魔兽食用：
百兽纲 百虫纲 有翼纲 草木纲 水栖纲 死尸纲","回避率＋15％
被ダメージ－5％
[食事可能な魔獣]
百獣綱 百蟲綱 有翼綱 草木綱 水棲綱 死屍綱"
Pawprint,Captured,,,"回避率+15%
受到伤害-5%
适于以下魔獣食用：
百兽纲 百虫纲 有翼纲 草木纲 水栖纲 死尸纲","回避率＋15％
被ダメージ－5％
[食事可能な魔獣]
百獣綱 百蟲綱 有翼綱 草木綱 水棲綱 死屍綱"
Pawprint,Captured,,,"回避率+25%
特殊効果：成功回避攻击时，有15%的几率为自身附加“石肤”状态
石肤效果：抵消相当于最大HP12%的伤害量
石肤持续时间：60秒
适于以下魔兽食用：
咒具纲","回避率＋25％
特殊効果：攻撃を回避したとき、15％の確率で自身に「ストンスキン」を付与する。
ストンスキン効果：最大ＨＰの12％分のダメージを軽減する。
ストンスキン効果時間：60秒
[食事可能な魔獣]
呪具綱"
Pawprint,Captured,,,"回避率+25%
特殊効果：成功回避攻击时，有15%的几率为自身附加“石肤”状态
石肤效果：抵消相当于最大HP12%的伤害量
石肤持续时间：60秒
适于以下魔獣食用：
咒具纲","回避率＋25％
特殊効果：攻撃を回避したとき、15％の確率で自身に「ストンスキン」を付与する。
ストンスキン効果：最大ＨＰの12％分のダメージを軽減する。
ストンスキン効果時間：60秒
[食事可能な魔獣]
呪具綱"
Pawprint,Captured,,,"回避率+25%
特殊効果：成功回避攻击时，有15%的几率为自身附加“石肤”状态
石肤效果：抵消相当于最大体力12%的伤害量
石肤持续时间：60秒
适于以下魔兽食用：
咒具纲","回避率＋25％
特殊効果：攻撃を回避したとき、15％の確率で自身に「ストンスキン」を付与する。
ストンスキン効果：最大ＨＰの12％分のダメージを軽減する。
ストンスキン効果時間：60秒
[食事可能な魔獣]
呪具綱"
Pawprint,Captured,,,"回避率+25%
特殊効果：成功回避攻击时，有15%的几率为自身附加“石肤”状态
石肤效果：抵消相当于最大体力12%的伤害量
石肤持续时间：60秒
适于以下魔獣食用：
咒具纲","回避率＋25％
特殊効果：攻撃を回避したとき、15％の確率で自身に「ストンスキン」を付与する。
ストンスキン効果：最大ＨＰの12％分のダメージを軽減する。
ストンスキン効果時間：60秒
[食事可能な魔獣]
呪具綱"
Pawprint,Captured,,,"回避率+25%
特殊效果：成功回避攻击时，有15%的几率为自身附加“石肤”状态
石肤效果：抵消相当于最大HP12%的伤害量
石肤持续时间：60秒
适于以下魔兽食用：
咒具纲","回避率＋25％
特殊効果：攻撃を回避したとき、15％の確率で自身に「ストンスキン」を付与する。
ストンスキン効果：最大ＨＰの12％分のダメージを軽減する。
ストンスキン効果時間：60秒
[食事可能な魔獣]
呪具綱"
Pawprint,Captured,,,"回避率+25%
特殊效果：成功回避攻击时，有15%的几率为自身附加“石肤”状态
石肤效果：抵消相当于最大HP12%的伤害量
石肤持续时间：60秒
适于以下魔獣食用：
咒具纲","回避率＋25％
特殊効果：攻撃を回避したとき、15％の確率で自身に「ストンスキン」を付与する。
ストンスキン効果：最大ＨＰの12％分のダメージを軽減する。
ストンスキン効果時間：60秒
[食事可能な魔獣]
呪具綱"
Pawprint,,,,"回避率+25%
特殊效果：成功回避攻击时，有15%的几率为自身附加“石肤”状态
石肤效果：抵消相当于最大体力12%的伤害量
石肤持续时间：60秒
适于以下魔兽食用：
咒具纲","回避率＋25％
特殊効果：攻撃を回避したとき、15％の確率で自身に「ストンスキン」を付与する。
ストンスキン効果：最大ＨＰの12％分のダメージを軽減する。
ストンスキン効果時間：60秒
[食事可能な魔獣]
呪具綱"
Pawprint,Captured,,,"回避率+25%
特殊效果：成功回避攻击时，有15%的几率为自身附加“石肤”状态
石肤效果：抵消相当于最大体力12%的伤害量
石肤持续时间：60秒
适于以下魔獣食用：
咒具纲","回避率＋25％
特殊効果：攻撃を回避したとき、15％の確率で自身に「ストンスキン」を付与する。
ストンスキン効果：最大ＨＰの12％分のダメージを軽減する。
ストンスキン効果時間：60秒
[食事可能な魔獣]
呪具綱"
Pawprint,Captured,,,"回避率+25%
特殊効果：成功回避攻击时，有15%的几率为自身附加“石肤”状态
石肤效果：抵消相当于最大HP12%的伤害量
石肤持续时间：60秒
适于以下魔兽食用：
咒具纲","回避率＋25％
特殊効果：攻撃を回避したとき、15％の確率で自身に「ストンスキン」を付与する。
ストンスキン効果：最大ＨＰの12％分のダメージを軽減する。
ストンスキン効果時間：60秒
[食事可能な魔獣]
呪具綱"
Pawprint,Captured,,,"回避率+25%
特殊効果：成功回避攻击时，有15%的几率为自身附加“石肤”状态
石肤效果：抵消相当于最大HP12%的伤害量
石肤持续时间：60秒
适于以下魔獣食用：
咒具纲","回避率＋25％
特殊効果：攻撃を回避したとき、15％の確率で自身に「ストンスキン」を付与する。
ストンスキン効果：最大ＨＰの12％分のダメージを軽減する。
ストンスキン効果時間：60秒
[食事可能な魔獣]
呪具綱"
Pawprint,Captured,,,"回避率+25%
特殊効果：成功回避攻击时，有15%的几率为自身附加“石肤”状态
石肤效果：抵消相当于最大体力12%的伤害量
石肤持续时间：60秒
适于以下魔兽食用：
咒具纲","回避率＋25％
特殊効果：攻撃を回避したとき、15％の確率で自身に「ストンスキン」を付与する。
ストンスキン効果：最大ＨＰの12％分のダメージを軽減する。
ストンスキン効果時間：60秒
[食事可能な魔獣]
呪具綱"
Pawprint,Captured,,,"回避率+25%
特殊効果：成功回避攻击时，有15%的几率为自身附加“石肤”状态
石肤效果：抵消相当于最大体力12%的伤害量
石肤持续时间：60秒
适于以下魔獣食用：
咒具纲","回避率＋25％
特殊効果：攻撃を回避したとき、15％の確率で自身に「ストンスキン」を付与する。
ストンスキン効果：最大ＨＰの12％分のダメージを軽減する。
ストンスキン効果時間：60秒
[食事可能な魔獣]
呪具綱"
Pawprint,Captured,,,"回避率+25%
特殊效果：成功回避攻击时，有15%的几率为自身附加“石肤”状态
石肤效果：抵消相当于最大HP12%的伤害量
石肤持续时间：60秒
适于以下魔兽食用：
咒具纲","回避率＋25％
特殊効果：攻撃を回避したとき、15％の確率で自身に「ストンスキン」を付与する。
ストンスキン効果：最大ＨＰの12％分のダメージを軽減する。
ストンスキン効果時間：60秒
[食事可能な魔獣]
呪具綱"
Pawprint,Captured,,,"回避率+25%
特殊效果：成功回避攻击时，有15%的几率为自身附加“石肤”状态
石肤效果：抵消相当于最大HP12%的伤害量
石肤持续时间：60秒
适于以下魔獣食用：
咒具纲","回避率＋25％
特殊効果：攻撃を回避したとき、15％の確率で自身に「ストンスキン」を付与する。
ストンスキン効果：最大ＨＰの12％分のダメージを軽減する。
ストンスキン効果時間：60秒
[食事可能な魔獣]
呪具綱"
Pawprint,Captured,,,"回避率+25%
特殊效果：成功回避攻击时，有15%的几率为自身附加“石肤”状态
石肤效果：抵消相当于最大体力12%的伤害量
石肤持续时间：60秒
适于以下魔兽食用：
咒具纲","回避率＋25％
特殊効果：攻撃を回避したとき、15％の確率で自身に「ストンスキン」を付与する。
ストンスキン効果：最大ＨＰの12％分のダメージを軽減する。
ストンスキン効果時間：60秒
[食事可能な魔獣]
呪具綱"
Pawprint,Captured,,,"回避率+25%
特殊效果：成功回避攻击时，有15%的几率为自身附加“石肤”状态
石肤效果：抵消相当于最大体力12%的伤害量
石肤持续时间：60秒
适于以下魔獣食用：
咒具纲","回避率＋25％
特殊効果：攻撃を回避したとき、15％の確率で自身に「ストンスキン」を付与する。
ストンスキン効果：最大ＨＰの12％分のダメージを軽減する。
ストンスキン効果時間：60秒
[食事可能な魔獣]
呪具綱"
Pawprint,Captured,,,"回避率+5%
特殊効果：成功回避攻击时，为自身附加1档“激昂”状态
激昂效果：造成伤害+15%、受到伤害-8%
激昂持续时间：60秒
最大档数：4档
适于以下魔兽食用：
百兽纲 百虫纲 有翼纲 草木纲 水栖纲 死尸纲","回避率＋5％
特殊効果：攻撃を回避したとき、自身に「ハイテンション」を1スタック付与する。
ハイテンション効果：与ダメージ＋15％、被ダメージ－8％
ハイテンション効果時間：60秒
最大スタック：4
[食事可能な魔獣]
百獣綱 百蟲綱 有翼綱 草木綱 水棲綱 死屍綱"
Pawprint,Captured,,,"回避率+5%
特殊効果：成功回避攻击时，为自身附加1档“激昂”状态
激昂效果：造成伤害+15%、受到伤害-8%
激昂持续时间：60秒
最大档数：4档
适于以下魔獣食用：
百兽纲 百虫纲 有翼纲 草木纲 水栖纲 死尸纲","回避率＋5％
特殊効果：攻撃を回避したとき、自身に「ハイテンション」を1スタック付与する。
ハイテンション効果：与ダメージ＋15％、被ダメージ－8％
ハイテンション効果時間：60秒
最大スタック：4
[食事可能な魔獣]
百獣綱 百蟲綱 有翼綱 草木綱 水棲綱 死屍綱"
Pawprint,,,,"回避率+5%
特殊效果：成功回避攻击时，为自身附加1档“激昂”状态
激昂效果：造成伤害+15%、受到伤害-8%
激昂持续时间：60秒
最大档数：4档
适于以下魔兽食用：
百兽纲 百虫纲 有翼纲 草木纲 水栖纲 死尸纲","回避率＋5％
特殊効果：攻撃を回避したとき、自身に「ハイテンション」を1スタック付与する。
ハイテンション効果：与ダメージ＋15％、被ダメージ－8％
ハイテンション効果時間：60秒
最大スタック：4
[食事可能な魔獣]
百獣綱 百蟲綱 有翼綱 草木綱 水棲綱 死屍綱"
Pawprint,Captured,,,"回避率+5%
特殊效果：成功回避攻击时，为自身附加1档“激昂”状态
激昂效果：造成伤害+15%、受到伤害-8%
激昂持续时间：60秒
最大档数：4档
适于以下魔獣食用：
百兽纲 百虫纲 有翼纲 草木纲 水栖纲 死尸纲","回避率＋5％
特殊効果：攻撃を回避したとき、自身に「ハイテンション」を1スタック付与する。
ハイテンション効果：与ダメージ＋15％、被ダメージ－8％
ハイテンション効果時間：60秒
最大スタック：4
[食事可能な魔獣]
百獣綱 百蟲綱 有翼綱 草木綱 水棲綱 死屍綱"
Pawprint,Captured,,,"回避率+5%
特殊効果：成功回避攻击时，为自身附加1档“激昂”状态
激昂效果：造成伤害+15%、受到伤害-8%
激昂持续时间：60秒
最大档数：4档
适于以下魔兽食用：
百兽纲 百虫纲 有翼纲 草木纲 水栖纲 死尸纲","回避率＋5％
特殊効果：攻撃を回避したとき、自身に「ハイテンション」を1スタック付与する。
ハイテンション効果：与ダメージ＋15％、被ダメージ－8％
ハイテンション効果時間：60秒
最大スタック：4
[食事可能な魔獣]
百獣綱 百蟲綱 有翼綱 草木綱 水棲綱 死屍綱"
Pawprint,Captured,,,"回避率+5%
特殊効果：成功回避攻击时，为自身附加1档“激昂”状态
激昂效果：造成伤害+15%、受到伤害-8%
激昂持续时间：60秒
最大档数：4档
适于以下魔獣食用：
百兽纲 百虫纲 有翼纲 草木纲 水栖纲 死尸纲","回避率＋5％
特殊効果：攻撃を回避したとき、自身に「ハイテンション」を1スタック付与する。
ハイテンション効果：与ダメージ＋15％、被ダメージ－8％
ハイテンション効果時間：60秒
最大スタック：4
[食事可能な魔獣]
百獣綱 百蟲綱 有翼綱 草木綱 水棲綱 死屍綱"
Pawprint,Captured,,,"回避率+5%
特殊效果：成功回避攻击时，为自身附加1档“激昂”状态
激昂效果：造成伤害+15%、受到伤害-8%
激昂持续时间：60秒
最大档数：4档
适于以下魔兽食用：
百兽纲 百虫纲 有翼纲 草木纲 水栖纲 死尸纲","回避率＋5％
特殊効果：攻撃を回避したとき、自身に「ハイテンション」を1スタック付与する。
ハイテンション効果：与ダメージ＋15％、被ダメージ－8％
ハイテンション効果時間：60秒
最大スタック：4
[食事可能な魔獣]
百獣綱 百蟲綱 有翼綱 草木綱 水棲綱 死屍綱"
Pawprint,Captured,,,"回避率+5%
特殊效果：成功回避攻击时，为自身附加1档“激昂”状态
激昂效果：造成伤害+15%、受到伤害-8%
激昂持续时间：60秒
最大档数：4档
适于以下魔獣食用：
百兽纲 百虫纲 有翼纲 草木纲 水栖纲 死尸纲","回避率＋5％
特殊効果：攻撃を回避したとき、自身に「ハイテンション」を1スタック付与する。
ハイテンション効果：与ダメージ＋15％、被ダメージ－8％
ハイテンション効果時間：60秒
最大スタック：4
[食事可能な魔獣]
百獣綱 百蟲綱 有翼綱 草木綱 水棲綱 死屍綱"
Pawprint,Captured,,,"回避率+8%
移动速度+50%
特殊効果：自身使用技能及奇弈道具的体力恢复效果提高15%","回避率＋8％
移動速度＋50％
特殊効果：自身が使用するアクションおよびクルーシブルアイテムのＨＰ回復効果が15％上昇する。"
Pawprint,,,,"回避率+8%
移动速度+50%
特殊效果：自身使用技能及奇弈道具的体力恢复效果提高15%","回避率＋8％
移動速度＋50％
特殊効果：自身が使用するアクションおよびクルーシブルアイテムのＨＰ回復効果が15％上昇する。"
Pawprint,Captured,,,"回避率+8%
移动速度+50%
特殊効果：自身使用技能及奇弈道具的体力恢复效果提高15%","回避率＋8％
移動速度＋50％
特殊効果：自身が使用するアクションおよびクルーシブルアイテムのＨＰ回復効果が15％上昇する。"
Pawprint,Captured,,,"回避率+8%
移动速度+50%
特殊效果：自身使用技能及奇弈道具的体力恢复效果提高15%","回避率＋8％
移動速度＋50％
特殊効果：自身が使用するアクションおよびクルーシブルアイテムのＨＰ回復効果が15％上昇する。"
Pawprint,DLLSourceScan,,,图鉴 ,図鑑 
Pawprint,DLLSourceScan,,,图鉴伙伴行,図鑑ペット行
Pawprint,DLLSourceScan,,,图鉴字段数量超出校验范围,図鑑フィールド数が検証範囲を超えています
Pawprint,DLLSourceScan,,,图鉴已关闭，扫描已取消。,図鑑が閉じられたため、スキャンを中止しました。
Pawprint,DLLSourceScan,,,图鉴已更新，准备下一只,図鑑を更新しました。次の対象を準備します
Pawprint,DLLSourceScan,,,图鉴已核对，等待脱战后前往下一只,図鑑を確認しました。戦闘終了後に次の対象へ向かいます
Pawprint,DLLSourceScan,,,图鉴已读取完成，正在关闭图鉴并准备出发…,図鑑の読取が完了しました。図鑑を閉じて出発準備中です…
Pawprint,DLLSourceScan,,,图鉴已读取，但界面仍未退出交互状态；请关闭其他交互窗口后重试。,図鑑を読み込みましたが、画面が操作状態のままです。他の操作ウィンドウを閉じて再試行してください。
Pawprint,DLLSourceScan,,,图鉴扫描超时或角色发生变化，已取消。,図鑑スキャンがタイムアウトしたか、キャラクターが変わったため中止しました。
Pawprint,DLLSourceScan,,,图鉴核对后的捕捉模式重置失败：,図鑑確認後の捕獲モードのリセットに失敗：
Pawprint,DLLSourceScan,,,图鉴诊断已导出：,図鑑診断の出力先：
Pawprint,DLLSourceScan,,,图鉴读取未完成：,図鑑読み込み未完了：
Pawprint,Captured,,,在帐篷休息,テントで休憩
Pawprint,DLLSourceScan,,,地图与区域不匹配,マップとエリアが一致しません
Pawprint,DLLSourceScan,,,地面寻路、接近魔物与到点停止,地上経路探索、魔物への接近、到着時停止
Pawprint,DLLSourceScan,,,场地已变化（区域 ,フィールドが変わりました（エリア 
Pawprint,,,,复制为新预设,新しいプリセットとしてコピー
Pawprint,DLLSourceScan,,,复制目标 ID,ターゲットIDをコピー
Pawprint,DLLSourceScan,,,多人副本，暂不支持,マルチコンテンツ（現在未対応）
Pawprint,,,,多人本 · 不支持,マルチコンテンツ · 未対応
Pawprint,DLLSourceScan,,,多条目标优先规则同时生效时，使用列表中最靠前的一条。,複数のターゲット優先ルールが同時に有効な場合、リストの最上位を使用します。
Pawprint,,,,"失明耐性+100%
受到伤害-10%
适于以下魔兽食用：
百兽纲 百虫纲 有翼纲 草木纲 水栖纲 甲鳞纲 咒具纲 死尸纲","暗闇耐性＋100％
被ダメージ－10％
[食事可能な魔獣]
百獣綱 百蟲綱 有翼綱 草木綱 水棲綱 甲鱗綱 呪具綱 死屍綱"
Pawprint,Captured,,,"失明耐性+100%
受到伤害-10%
适于以下魔獣食用：
百兽纲 百虫纲 有翼纲 草木纲 水栖纲 甲鳞纲 咒具纲 死尸纲","暗闇耐性＋100％
被ダメージ－10％
[食事可能な魔獣]
百獣綱 百蟲綱 有翼綱 草木綱 水棲綱 甲鱗綱 呪具綱 死屍綱"
Pawprint,Captured,,,"失明耐性+100%
受到伤害-10%
适于以下魔兽食用：
百兽纲 百虫纲 有翼纲 草木纲 水栖纲 甲鳞纲 咒具纲 死尸纲","暗闇耐性＋100％
被ダメージ－10％
[食事可能な魔獣]
百獣綱 百蟲綱 有翼綱 草木綱 水棲綱 甲鱗綱 呪具綱 死屍綱"
Pawprint,Captured,,,"失明耐性+100%
受到伤害-10%
适于以下魔獣食用：
百兽纲 百虫纲 有翼纲 草木纲 水栖纲 甲鳞纲 咒具纲 死尸纲","暗闇耐性＋100％
被ダメージ－10％
[食事可能な魔獣]
百獣綱 百蟲綱 有翼綱 草木綱 水棲綱 甲鱗綱 呪具綱 死屍綱"
Pawprint,AssociatedWindowCapture2,,,奇子·冰龙 / 冰元精,アイスドラゴン・ピース / 氷エレメンタル
Pawprint,AssociatedWindowCapture2,,,奇子·勇士 / 奇子·仙人刺 / 奇子·仙人花 / 奇子·士兵 / 奇子·守卫,ウォリアー・ピース / サボテンダー・ピース / サボテンフラワー・ピース / ソルジャー・ピース / ガード・ピース
Pawprint,ScreenshotFix,,,奇子·双足ニニ,ワイバーン・ピース
Pawprint,ScreenshotFix,,,奇子·双足飞龙,ワイバーン・ピース
Pawprint,AssociatedWindowCapture2,,,奇子·夜魔人 / 奇子·深瞳 / 奇子·爆弹怪 / 光元精,ナイトウォーカー・ピース / ディープアイ・ピース / ボム・ピース / 光エレメンタル
Pawprint,AssociatedWindowCapture2,,,奇子·尸生花 / 奇子·女王鹰蜂,コープスフラワー・ピース / クイーンホーネット・ピース
Pawprint,AssociatedWindowCapture2,,,奇子·恶魔 / 奇子·恶魔兵装 / 奇子·小恶魔,デーモン・ピース / デーモンアーマー・ピース / インプ・ピース
Pawprint,AssociatedWindowCapture2,,,奇子·爆弹之母 / 奇子·榴弹怪 / 奇子·爆弹怪 / 奇子·雪弹怪 / 奇子·焰球,マザーボム・ピース / グレネード・ピース / ボム・ピース / スノーボム・ピース / フレイムボール・ピース
Pawprint,ScreenshotFix,,,奇子·牛魔老哥,ミノタウロス兄・ピース
Pawprint,ScreenshotFix,,,奇子·牛魔老弟,ミノタウロス弟・ピース
Pawprint,AssociatedWindowCapture2,,,奇子·管理者 / 奇子·故障虫 / 奇子·发条步兵 / 奇子·恐慌装甲 / 奇子·无人机 / 奇子·眼镜蛇,マネージャー・ピース / バグ・ピース / クロックワークソルジャー・ピース / パニックアーマー・ピース / ドローン・ピース / コブラ・ピース
Pawprint,AssociatedWindowCapture2,,,奇子·美杜莎 / 奇子·拉米亚 / 奇子·独眼巨人,メデューサ・ピース / ラミア・ピース / サイクロプス・ピース
Pawprint,AssociatedWindowCapture2,,,奇子·莫古小剑 / 奇子·莫古小猛 / 奇子·莫古大医 / 奇子·莫古大术 / 奇子·莫古小医 / 奇子·莫古小术 / 奇子·莫古大剑 / 奇子·莫古小歌 / 奇子·莫古小贼,モーグリ剣士・ピース / モーグリ猛者・ピース / モーグリ大医・ピース / モーグリ大術・ピース / モーグリ小医・ピース / モーグリ小術・ピース / モーグリ大剣・ピース / モーグリ詩人・ピース / モーグリ盗賊・ピース
Pawprint,AssociatedWindowCapture2,,,奇子·贝希摩斯 / 奇子·铁巨人 / 雷元精,ベヒーモス・ピース / アイアンジャイアント・ピース / 雷エレメンタル
Pawprint,AssociatedWindowCapture2,,,奇子·阿托莫斯 / 奇子·红格雷姆林 / 奇子·格雷姆林 / 奇子·软糊怪 / 奇子·奶冻怪 / 奇子·甜羹怪 / 奇子·石像魔 / 奇子·威胁扎哈克,アトモス・ピース / レッドグレムリン・ピース / グレムリン・ピース / プリン・ピース / フラン・ピース / ジェリー・ピース / ガーゴイル・ピース / ザハーク・ピース
Pawprint,DLLSourceScan,,,奖励按钮事件不唯一,報酬ボタンのイベントが一意ではありません
Pawprint,DLLSourceScan,,,奖励确认待识别,報酬確認の識別待ち
Pawprint,DLLSourceScan,,,完成,完了
Pawprint,,,,宝箱,トレジャーボックス
Pawprint,DLLSourceScan,,,宝箱任务、角色或奇盘已变化,宝箱処理中にタスク、キャラクター、または盤面が変わりました
Pawprint,DLLSourceScan,,,宝箱奖励点击事件不唯一,宝箱報酬のクリックイベントが一意ではありません
Pawprint,DLLSourceScan,,,宝箱确认道具不一致,宝箱確認のアイテムが一致しません
Pawprint,,,,"对目标及其周围12米以内的敌人发动冰属性远程范围魔法攻击
威力：2000
追加效果：冻结
冻结持续时间：20秒
该道具的伤害受到其他斗兽装备、道具或能力类技能的魔法伤害提高的影响
该道具仅可在战斗地图中使用","対象とその周囲12m以内の敵に遠隔範囲魔法氷属性攻撃。
威力：2000
追加効果：対象に氷結を付与する。
氷結効果時間：20秒
このアイテムのダメージは他のビーストギアなどのアイテムやアビリティによる魔法与ダメージアップの影響を受ける。
このアイテムはバトルマップのみで使用できる。"
Pawprint,Captured,,,"对目标及其周围12米以内的敌人发动冰属性远程范围魔法攻击
威力：2000
追加效果：冻结
冻结持续时间：20秒
该道具的伤害受到其他斗兽装备、道具或能力类技能的魔法伤害提高的影响
该道具仅可在战斗地图中使用","対象とその周囲12m以内の敵に遠隔範囲魔法氷属性攻撃。
威力：2000
追加効果：対象に氷結を付与する。
氷結効果時間：20秒
このアイテムのダメージは他のビーストギアなどのアイテムやアビリティによる魔法与ダメージアップの影響を受ける。
このアイテムはバトルマップのみで使用できる。"
Pawprint,,,,"对目标及其周围12米以内的敌人发动土属性远程范围魔法攻击
威力：2000
追加效果：加重
加重持续时间：60秒
该道具的伤害受到其他斗兽装备、道具或能力类技能的魔法伤害提高的影响
该道具仅可在战斗地图中使用","対象とその周囲12m以内の敵に遠隔範囲魔法土属性攻撃。
威力：2000
追加効果：対象にヘヴィを付与する。
ヘヴィ効果時間：60秒
このアイテムのダメージは他のビーストギアなどのアイテムやアビリティによる魔法与ダメージアップの影響を受ける。
このアイテムはバトルマップのみで使用できる。"
Pawprint,Captured,,,"对目标及其周围12米以内的敌人发动土属性远程范围魔法攻击
威力：2000
追加效果：加重
加重持续时间：60秒
该道具的伤害受到其他斗兽装备、道具或能力类技能的魔法伤害提高的影响
该道具仅可在战斗地图中使用","対象とその周囲12m以内の敵に遠隔範囲魔法土属性攻撃。
威力：2000
追加効果：対象にヘヴィを付与する。
ヘヴィ効果時間：60秒
このアイテムのダメージは他のビーストギアなどのアイテムやアビリティによる魔法与ダメージアップの影響を受ける。
このアイテムはバトルマップのみで使用できる。"
Pawprint,,,,"对目标及其周围12米以内的敌人发动水属性远程范围魔法攻击
威力：2000
追加效果：打消目标身上的一种强化状态
成功打消状态时增加100点技力
该道具的伤害受到其他斗兽装备、道具或能力类技能的魔法伤害提高的影响
该道具仅可在战斗地图中使用","対象とその周囲12m以内の敵に遠隔範囲魔法水属性攻撃。
威力：2000
追加効果：対象にかかっている強化系ステータスを1つ消す。
ステータスを消すとＴＰが100増加する。
このアイテムのダメージは他のビーストギアなどのアイテムやアビリティによる魔法与ダメージアップの影響を受ける。
このアイテムはバトルマップのみで使用できる。"
Pawprint,Captured,,,"对目标及其周围12米以内的敌人发动水属性远程范围魔法攻击
威力：2000
追加效果：打消目标身上的一种强化状态
成功打消状态时增加100点技力
该道具的伤害受到其他斗兽装备、道具或能力类技能的魔法伤害提高的影响
该道具仅可在战斗地图中使用","対象とその周囲12m以内の敵に遠隔範囲魔法水属性攻撃。
威力：2000
追加効果：対象にかかっている強化系ステータスを1つ消す。
ステータスを消すとＴＰが100増加する。
このアイテムのダメージは他のビーストギアなどのアイテムやアビリティによる魔法与ダメージアップの影響を受ける。
このアイテムはバトルマップのみで使用できる。"
Pawprint,,,,"对目标及其周围12米以内的敌人发动火属性远程范围魔法攻击
威力：2500
追加效果：目标处于冻结状态时造成额外伤害
威力：1000
该道具的伤害受到其他斗兽装备、道具或能力类技能的魔法伤害提高的影响
该道具仅可在战斗地图中使用","対象とその周囲12m以内の敵に遠隔範囲魔法火属性攻撃。
威力：2500
追加効果：対象が氷結状態だった場合は追加ダメージを与える。
威力：1000
このアイテムのダメージは他のビーストギアなどのアイテムやアビリティによる魔法与ダメージアップの影響を受ける。
このアイテムはバトルマップのみで使用できる。"
Pawprint,Captured,,,"对目标及其周围12米以内的敌人发动火属性远程范围魔法攻击
威力：2500
追加效果：目标处于冻结状态时造成额外伤害
威力：1000
该道具的伤害受到其他斗兽装备、道具或能力类技能的魔法伤害提高的影响
该道具仅可在战斗地图中使用","対象とその周囲12m以内の敵に遠隔範囲魔法火属性攻撃。
威力：2500
追加効果：対象が氷結状態だった場合は追加ダメージを与える。
威力：1000
このアイテムのダメージは他のビーストギアなどのアイテムやアビリティによる魔法与ダメージアップの影響を受ける。
このアイテムはバトルマップのみで使用できる。"
Pawprint,,,,"对目标及其周围12米以内的敌人发动雷属性远程范围魔法攻击
威力：2000
追加效果：麻痹
麻痹持续时间：30秒
该道具的伤害受到其他斗兽装备、道具或能力类技能的魔法伤害提高的影响
该道具仅可在战斗地图中使用","対象とその周囲12m以内の敵に遠隔範囲魔法雷属性攻撃。
威力：2000
追加効果：対象に麻痺を付与する。
麻痺効果時間：30秒
このアイテムのダメージは他のビーストギアなどのアイテムやアビリティによる魔法与ダメージアップの影響を受ける。
このアイテムはバトルマップのみで使用できる。"
Pawprint,Captured,,,"对目标及其周围12米以内的敌人发动雷属性远程范围魔法攻击
威力：2000
追加效果：麻痹
麻痹持续时间：30秒
该道具的伤害受到其他斗兽装备、道具或能力类技能的魔法伤害提高的影响
该道具仅可在战斗地图中使用","対象とその周囲12m以内の敵に遠隔範囲魔法雷属性攻撃。
威力：2000
追加効果：対象に麻痺を付与する。
麻痺効果時間：30秒
このアイテムのダメージは他のビーストギアなどのアイテムやアビリティによる魔法与ダメージアップの影響を受ける。
このアイテムはバトルマップのみで使用できる。"
Pawprint,Captured,,,"对目标及其周围12米以内的敌人发动风属性远程范围魔法攻击
威力：1500～3300
自身的最大HP越多威力越大
该道具仅可在战斗地图中使用","対象とその周囲12m以内の敵に遠隔範囲物理突属性ダメージを与え、ダメージの一部を吸収する。
威力：1500～3300
自身の最大ＨＰが多いほど威力が上昇する。
このアイテムはバトルマップのみで使用できる。"
Pawprint,,,,"对目标及其周围12米以内的敌人发动风属性远程范围魔法攻击
威力：1500～3300
自身的最大体力越多威力越大
该道具仅可在战斗地图中使用","対象とその周囲12m以内の敵に遠隔範囲物理突属性ダメージを与え、ダメージの一部を吸収する。
威力：1500～3300
自身の最大ＨＰが多いほど威力が上昇する。
このアイテムはバトルマップのみで使用できる。"
Pawprint,,,,"对目标及其周围12米以内的敌人发动风属性远程范围魔法攻击
威力：2000
追加效果：将目标击退15米
该道具的伤害受到其他斗兽装备、道具或能力类技能的魔法伤害提高的影响
该道具仅可在战斗地图中使用","対象とその周囲12m以内の敵に遠隔範囲魔法風属性攻撃。
威力：2000
追加効果：対象を15mノックバックする。
このアイテムのダメージは他のビーストギアなどのアイテムやアビリティによる魔法与ダメージアップの影響を受ける。
このアイテムはバトルマップのみで使用できる。"
Pawprint,Captured,,,"对目标及其周围12米以内的敌人发动风属性远程范围魔法攻击
威力：1500～3300
自身的最大HP越多威力越大
该道具仅可在战斗地图中使用","対象とその周囲12m以内の敵に遠隔範囲物理突属性ダメージを与え、ダメージの一部を吸収する。
威力：1500～3300
自身の最大ＨＰが多いほど威力が上昇する。
このアイテムはバトルマップのみで使用できる。"
Pawprint,Captured,,,"对目标及其周围12米以内的敌人发动风属性远程范围魔法攻击
威力：1500～3300
自身的最大体力越多威力越大
该道具仅可在战斗地图中使用","対象とその周囲12m以内の敵に遠隔範囲物理突属性ダメージを与え、ダメージの一部を吸収する。
威力：1500～3300
自身の最大ＨＰが多いほど威力が上昇する。
このアイテムはバトルマップのみで使用できる。"
Pawprint,Captured,,,"对目标及其周围12米以内的敌人发动风属性远程范围魔法攻击
威力：2000
追加效果：将目标击退15米
该道具的伤害受到其他斗兽装备、道具或能力类技能的魔法伤害提高的影响
该道具仅可在战斗地图中使用","対象とその周囲12m以内の敵に遠隔範囲魔法風属性攻撃。
威力：2000
追加効果：対象を15mノックバックする。
このアイテムのダメージは他のビーストギアなどのアイテムやアビリティによる魔法与ダメージアップの影響を受ける。
このアイテムはバトルマップのみで使用できる。"
Pawprint,DLLSourceScan,,,对话窗口仍打开,会話ウィンドウが開いたままです
Pawprint,DLLSourceScan,,,寻找,探索
Pawprint,,,,导入为新预设,新しいプリセットとしてインポート
Pawprint,DLLSourceScan,,,导入失败：,インポート失敗：
Pawprint,,,,导出图鉴诊断,図鑑診断を出力
Pawprint,,,,导出并复制,出力してコピー
Pawprint,,,,导出捕获诊断,捕獲診断を出力
Pawprint,,,,封锁坑道铜铃铜山,封鎖坑道 カッパーベル銅山
Pawprint,Captured,,,"将自身及周围队员的中毒耐性提高100%
持续时间：300秒
追加效果：持有深红缎带时，恢复目标最大HP的50%
该道具仅可在战斗地图中使用","自身と周囲の味方の毒耐性を100％向上させる。
効果時間：300秒
追加効果：「クリムゾンリボン」を所持している場合、対象のＨＰを最大ＨＰの50％分回復する。
このアイテムはバトルマップのみで使用できる。"
Pawprint,,,,"将自身及周围队员的中毒耐性提高100%
持续时间：300秒
追加效果：持有深红缎带时，恢复目标最大体力的50%
该道具仅可在战斗地图中使用","自身と周囲の味方の毒耐性を100％向上させる。
効果時間：300秒
追加効果：「クリムゾンリボン」を所持している場合、対象のＨＰを最大ＨＰの50％分回復する。
このアイテムはバトルマップのみで使用できる。"
Pawprint,Captured,,,"将自身及周围队员的中毒耐性提高100%
持续时间：300秒
追加效果：持有深红缎带时，恢复目标最大HP的50%
该道具仅可在战斗地图中使用","自身と周囲の味方の毒耐性を100％向上させる。
効果時間：300秒
追加効果：「クリムゾンリボン」を所持している場合、対象のＨＰを最大ＨＰの50％分回復する。
このアイテムはバトルマップのみで使用できる。"
Pawprint,Captured,,,"将自身及周围队员的中毒耐性提高100%
持续时间：300秒
追加效果：持有深红缎带时，恢复目标最大体力的50%
该道具仅可在战斗地图中使用","自身と周囲の味方の毒耐性を100％向上させる。
効果時間：300秒
追加効果：「クリムゾンリボン」を所持している場合、対象のＨＰを最大ＨＰの50％分回復する。
このアイテムはバトルマップのみで使用できる。"
Pawprint,Captured,,,"将自身及周围队员的失明耐性提高100%
持续时间：300秒
追加效果：持有深红缎带时，恢复目标最大HP的50%
该道具仅可在战斗地图中使用","自身と周囲の味方の暗闇耐性を100％向上させる。
効果時間：300秒
追加効果：「クリムゾンリボン」を所持している場合、対象のＨＰを最大ＨＰの50％分回復する。
このアイテムはバトルマップのみで使用できる。"
Pawprint,,,,"将自身及周围队员的失明耐性提高100%
持续时间：300秒
追加效果：持有深红缎带时，恢复目标最大体力的50%
该道具仅可在战斗地图中使用","自身と周囲の味方の暗闇耐性を100％向上させる。
効果時間：300秒
追加効果：「クリムゾンリボン」を所持している場合、対象のＨＰを最大ＨＰの50％分回復する。
このアイテムはバトルマップのみで使用できる。"
Pawprint,Captured,,,"将自身及周围队员的失明耐性提高100%
持续时间：300秒
追加效果：持有深红缎带时，恢复目标最大HP的50%
该道具仅可在战斗地图中使用","自身と周囲の味方の暗闇耐性を100％向上させる。
効果時間：300秒
追加効果：「クリムゾンリボン」を所持している場合、対象のＨＰを最大ＨＰの50％分回復する。
このアイテムはバトルマップのみで使用できる。"
Pawprint,Captured,,,"将自身及周围队员的失明耐性提高100%
持续时间：300秒
追加效果：持有深红缎带时，恢复目标最大体力的50%
该道具仅可在战斗地图中使用","自身と周囲の味方の暗闇耐性を100％向上させる。
効果時間：300秒
追加効果：「クリムゾンリボン」を所持している場合、対象のＨＰを最大ＨＰの50％分回復する。
このアイテムはバトルマップのみで使用できる。"
Pawprint,Captured,,,"将自身及周围队员的睡眠耐性提高100%
持续时间：300秒
追加效果：持有深红缎带时，恢复目标最大HP的50%
该道具仅可在战斗地图中使用","自身と周囲の味方の睡眠耐性を100％向上させる。
効果時間：300秒
追加効果：「クリムゾンリボン」を所持している場合、対象のＨＰを最大ＨＰの50％分回復する。
このアイテムはバトルマップのみで使用できる。"
Pawprint,,,,"将自身及周围队员的睡眠耐性提高100%
持续时间：300秒
追加效果：持有深红缎带时，恢复目标最大体力的50%
该道具仅可在战斗地图中使用","自身と周囲の味方の睡眠耐性を100％向上させる。
効果時間：300秒
追加効果：「クリムゾンリボン」を所持している場合、対象のＨＰを最大ＨＰの50％分回復する。
このアイテムはバトルマップのみで使用できる。"
Pawprint,Captured,,,"将自身及周围队员的睡眠耐性提高100%
持续时间：300秒
追加效果：持有深红缎带时，恢复目标最大HP的50%
该道具仅可在战斗地图中使用","自身と周囲の味方の睡眠耐性を100％向上させる。
効果時間：300秒
追加効果：「クリムゾンリボン」を所持している場合、対象のＨＰを最大ＨＰの50％分回復する。
このアイテムはバトルマップのみで使用できる。"
Pawprint,Captured,,,"将自身及周围队员的睡眠耐性提高100%
持续时间：300秒
追加效果：持有深红缎带时，恢复目标最大体力的50%
该道具仅可在战斗地图中使用","自身と周囲の味方の睡眠耐性を100％向上させる。
効果時間：300秒
追加効果：「クリムゾンリボン」を所持している場合、対象のＨＰを最大ＨＰの50％分回復する。
このアイテムはバトルマップのみで使用できる。"
Pawprint,Captured,,,"将自身及周围队员的石化耐性提高100%
持续时间：300秒
追加效果：持有深红缎带时，恢复目标最大HP的50%
该道具仅可在战斗地图中使用","自身と周囲の味方の石化耐性を100％向上させる。
効果時間：300秒
追加効果：「クリムゾンリボン」を所持している場合、対象のＨＰを最大ＨＰの50％分回復する。
このアイテムはバトルマップのみで使用できる。"
Pawprint,,,,"将自身及周围队员的石化耐性提高100%
持续时间：300秒
追加效果：持有深红缎带时，恢复目标最大体力的50%
该道具仅可在战斗地图中使用","自身と周囲の味方の石化耐性を100％向上させる。
効果時間：300秒
追加効果：「クリムゾンリボン」を所持している場合、対象のＨＰを最大ＨＰの50％分回復する。
このアイテムはバトルマップのみで使用できる。"
Pawprint,Captured,,,"将自身及周围队员的石化耐性提高100%
持续时间：300秒
追加效果：持有深红缎带时，恢复目标最大HP的50%
该道具仅可在战斗地图中使用","自身と周囲の味方の石化耐性を100％向上させる。
効果時間：300秒
追加効果：「クリムゾンリボン」を所持している場合、対象のＨＰを最大ＨＰの50％分回復する。
このアイテムはバトルマップのみで使用できる。"
Pawprint,Captured,,,"将自身及周围队员的石化耐性提高100%
持续时间：300秒
追加效果：持有深红缎带时，恢复目标最大体力的50%
该道具仅可在战斗地图中使用","自身と周囲の味方の石化耐性を100％向上させる。
効果時間：300秒
追加効果：「クリムゾンリボン」を所持している場合、対象のＨＰを最大ＨＰの50％分回復する。
このアイテムはバトルマップのみで使用できる。"
Pawprint,Captured,,,"将自身及周围队员的麻痹耐性提高100%
持续时间：300秒
追加效果：持有深红缎带时，恢复目标最大HP的50%
该道具仅可在战斗地图中使用","自身と周囲の味方の麻痺耐性を100％向上させる。
効果時間：300秒
追加効果：「クリムゾンリボン」を所持している場合、対象のＨＰを最大ＨＰの50％分回復する。
このアイテムはバトルマップのみで使用できる。"
Pawprint,,,,"将自身及周围队员的麻痹耐性提高100%
持续时间：300秒
追加效果：持有深红缎带时，恢复目标最大体力的50%
该道具仅可在战斗地图中使用","自身と周囲の味方の麻痺耐性を100％向上させる。
効果時間：300秒
追加効果：「クリムゾンリボン」を所持している場合、対象のＨＰを最大ＨＰの50％分回復する。
このアイテムはバトルマップのみで使用できる。"
Pawprint,Captured,,,"将自身及周围队员的麻痹耐性提高100%
持续时间：300秒
追加效果：持有深红缎带时，恢复目标最大HP的50%
该道具仅可在战斗地图中使用","自身と周囲の味方の麻痺耐性を100％向上させる。
効果時間：300秒
追加効果：「クリムゾンリボン」を所持している場合、対象のＨＰを最大ＨＰの50％分回復する。
このアイテムはバトルマップのみで使用できる。"
Pawprint,Captured,,,"将自身及周围队员的麻痹耐性提高100%
持续时间：300秒
追加效果：持有深红缎带时，恢复目标最大体力的50%
该道具仅可在战斗地图中使用","自身と周囲の味方の麻痺耐性を100％向上させる。
効果時間：300秒
追加効果：「クリムゾンリボン」を所持している場合、対象のＨＰを最大ＨＰの50％分回復する。
このアイテムはバトルマップのみで使用できる。"
Pawprint,DLLSourceScan,,,尚未安装；请在插件安装器中安装,未インストールです。プラグインインストーラーからインストールしてください
Pawprint,DLLSourceScan,,,尚未抵达目标区域,対象エリアへまだ到着していません
Pawprint,DLLSourceScan,,,尚未解锁或未出现在当前列表中：,未開放か、現在の一覧にありません：
Pawprint,,,,尚未记录斗兽流程,闘獣練の進行記録はありません
Pawprint,AssociatedWindowCapture2,,,尚未记录闘獣流程,闘獣練の進行記録はありません
Pawprint,,,,就绪,準備完了
Pawprint,DLLSourceScan,,,已停用 · 点击启用,無効 · クリックで有効化
Pawprint,DLLSourceScan,,,已切回默认预设,既定のプリセットへ戻しました
Pawprint,DLLSourceScan,,,已到达结算,リザルトへ到達しました
Pawprint,DLLSourceScan,,,已加载 ,読み込み済み：
Pawprint,,,,已加载 1.5.10.4；请在 PR 中选择 XSZYYS 驯兽师 ACR,1.5.10.4を読み込み済み。PRでXSZYYS魔獣使いACRを選択してください
Pawprint,MixedTooltipFix,,,已加载 7.5.6.13; IPC method BossMod.Configuration was not registered yet,7.5.6.13を読み込み済み。IPCメソッド「BossMod.Configuration」がまだ登録されていません
Pawprint,MixedTooltipFix,,,已加载 7.5.6.13;IPC method BossMod.Configuration was not registered yet,7.5.6.13を読み込み済み。IPCメソッド「BossMod.Configuration」がまだ登録されていません
Pawprint,MixedTooltipFix,,,已加载 7.5.6.13； IPC method BossMod.Configuration was not registered yet,7.5.6.13を読み込み済み。IPCメソッド「BossMod.Configuration」がまだ登録されていません
Pawprint,MixedTooltipFix,,,已加载 7.5.6.13；IPC method BossMod.Configuration was not registered yet,7.5.6.13を読み込み済み。IPCメソッド「BossMod.Configuration」がまだ登録されていません
Pawprint,AssociatedWindowCapture2,,,已加载 7.5.6.13；请只启用所选的 BossModReborn，避免共享 IPC 冲突,7.5.6.13を読み込み済み。共有IPCの競合を避けるため、選択したBossModRebornだけを有効にしてください
Pawprint,DLLSourceScan,,,已加载，但传送接口不可用；请检查版本,読み込み済みですが、テレポ用インターフェースを利用できません。バージョンを確認してください
Pawprint,DLLSourceScan,,,已召唤魔兽,召喚中のペット
Pawprint,DLLSourceScan,,,已召唤魔獣,召喚中のペット
Pawprint,DLLSourceScan,,,已启动：,開始しました：
Pawprint,Captured,,,已启动：自动完成斗兽奇弈(WIP),開始しました：闘獣練を自動攻略（WIP）
Pawprint,DLLSourceScan,,,已启用 · 点击停用,有効 · クリックで無効化
Pawprint,DLLSourceScan,,,已启用，传送接口可用,有効、テレポインターフェース利用可能
Pawprint,DLLSourceScan,,,已启用，正在处理其他行程；请等待结束,有効です。別の移動処理を実行中のため、完了まで待ってください
Pawprint,DLLSourceScan,,,已启用，正在执行路径；请等待结束,有効です。経路を実行中のため、完了まで待ってください
Pawprint,DLLSourceScan,,,已启用，移动允许，当前区域网格就绪,有効です。移動は許可され、現在のエリアのナビメッシュも準備済みです
Pawprint,DLLSourceScan,,,已启用，移动允许；进入目标区域后等待网格加载,有効です。移動可能です。対象エリアへ移動後、ナビメッシュの読み込みを待ちます
Pawprint,Captured,,,已复制，请在有效期内提交到认证频道,コピーしました。有効期限内に認証チャンネルへ送信してください
Pawprint,DLLSourceScan,,,已复制：,コピーしました：
Pawprint,Captured,,,已复制：默认,コピーしました：デフォルト
Pawprint,,,,已安装但未加载；请在插件安装器中启用,インストール済みですが未読み込みです。プラグインインストーラーで有効にしてください
Pawprint,Captured,,,已完成 1/1 次,1/1 回 完了
Pawprint,DLLSourceScan,,,已导入：,インポートしました：
Pawprint,DLLSourceScan,,,已就绪,準備完了
Pawprint,,,,已捕获,捕獲済み
Pawprint,DLLSourceScan,,,已捕获 ,捕獲済み 
Pawprint,Captured,,,已捕获 0 / 未捕获 0 / 未知 50,捕獲済み 0／未捕獲 0／不明 50
Pawprint,AssociatedWindowCapture2,,,已捕获 45 / 未捕获 5 / 未知 0,捕獲済み45 / 未捕獲5 / 不明0
Pawprint,,,,已捕获 50 / 未捕获 0 / 未知 0,捕獲済み50／未捕獲0／不明0
Pawprint,DLLSourceScan,,,已暂停,一時停止中
Pawprint,DLLSourceScan,,,已有任务，请先停止当前任务,実行中のタスクがあります。先に停止してください
Pawprint,DLLSourceScan,,,已确认全部 50 项：已捕获 ,全50項目を確認：捕獲済み 
Pawprint,Captured,,,已确认全部 50 项：已捕获 45 / 未捕获 5（14:11:15）。,全50項目を確認：捕獲済み 45／未捕獲 5（14:11:15）。
Pawprint,Captured,,,已确认全部 50 项：已捕获 45 / 未捕获 5（14:11:18）。,全50項目を確認：捕獲済み 45／未捕獲 5（14:11:18）。
Pawprint,Captured,,,已确认全部 50 项：已捕获 45 / 未捕获 5（14:11:21）。,全50項目を確認：捕獲済み 45／未捕獲 5（14:11:21）。
Pawprint,Captured,,,已确认全部 50 项：已捕获 45 / 未捕获 5（14:11:24）。,全50項目を確認：捕獲済み 45／未捕獲 5（14:11:24）。
Pawprint,,,,已解锁魔兽,開放済みペット
Pawprint,Captured,,,已解锁魔獣,開放済みペット
Pawprint,DLLSourceScan,,,已读取第 ,読み込み済み：第
Pawprint,DLLSourceScan,,,已跳过 #,スキップ済み #
Pawprint,DLLSourceScan,,,已达到 Lv.100,Lv.100に到達済みです
Pawprint,DLLSourceScan,,,已退出登录，自动斗兽已停止,ログアウトしたため、闘獣練自動化を停止しました
Pawprint,,,,巴哈姆特大迷宫 入侵之章1,大迷宮バハムート：侵攻編1
Pawprint,Captured,,,帐篷,テント
Pawprint,Captured,,,幽灵,ゴースト
Pawprint,AssociatedWindowCapture2,,,库存対象（0 不限制）,所持数目標（0＝制限なし）
Pawprint,,,,库存目标（0 不限制）,所持数目標（0＝制限なし）
Pawprint,AssociatedWindowCapture,,,开局45秒内对已召唤魔兽使用吸引注意，重新召唤后补用,戦闘開始から45秒以内に召喚済み魔獣へ「ちゅういをひく」を使用し、再召喚後も使用する
Pawprint,AssociatedWindowCapture,,,开局45秒内对已召唤魔獣使用吸引注意，重新召唤后补用,戦闘開始から45秒以内に召喚済み魔獣へ「ちゅういをひく」を使用し、再召喚後も使用する
Pawprint,,,,开怪方式,戦闘開始方法
Pawprint,DLLSourceScan,,,开战经过,戦闘開始からの経過時間
Pawprint,DLLSourceScan,,,当前 ACR 没有“捕捉模式”QT，请加载下载版 XSZYYS,現在のACRに「捕獲モード」QTがありません。配布版XSZYYSを読み込んでください
Pawprint,DLLSourceScan,,,当前不是全部领取确认,現在の画面は一括受取確認ではありません
Pawprint,DLLSourceScan,,,当前不是兽笛未满开战确认,現在の画面は獣笛の空き枠あり戦闘開始確認ではありません
Pawprint,DLLSourceScan,,,当前不是商店窗口,現在の画面はショップウィンドウではありません
Pawprint,DLLSourceScan,,,当前不是斗兽入场警告确认,現在の画面は闘獣練突入警告の確認ではありません
Pawprint,DLLSourceScan,,,当前不是本次清空队伍的确认窗口,現在の画面はパーティ全解除の確認ウィンドウではありません
Pawprint,DLLSourceScan,,,当前不是食事选择窗口,現在の画面はフィード選択ウィンドウではありません
Pawprint,DLLSourceScan,,,当前不是食料选择窗口,現在の画面はフィード選択ウィンドウではありません
Pawprint,DLLSourceScan,,,当前不能与劳妲交互,現在はラウダと会話できません
Pawprint,DLLSourceScan,,,当前任务或角色状态不允许战斗,現在のタスクまたはキャラクター状態では戦闘できません
Pawprint,DLLSourceScan,,,当前右键菜单不属于魔兽编队,現在の右クリックメニューはペット編成用ではありません
Pawprint,DLLSourceScan,,,当前右键菜单不属于魔獣编队,現在の右クリックメニューはペット編成用ではありません
Pawprint,ExactFix,,,当前捕捉模式的 Omni 授权,現在の捕獲モードのOmni認証
Pawprint,DLLSourceScan,,,当前目标,現在のターゲット
Pawprint,DLLSourceScan,,,当前目标是,現在のターゲットが指定対象
Pawprint,DLLSourceScan,,,当前职业不是驯兽师,現在のジョブは魔獣使いではありません
Pawprint,DLLSourceScan,,,当前职业已不是驯兽师,現在のジョブが魔獣使いではなくなりました
Pawprint,DLLSourceScan,,,当前菜单未找到所需斗兽选项,現在のメニューに必要な闘獣練の項目が見つかりません
Pawprint,DLLSourceScan,,,当前预设：,現在のプリセット：
Pawprint,DLLSourceScan,,,当前魔兽不能使用该食事,現在のペットにはこのフィードを使用できません
Pawprint,DLLSourceScan,,,当前魔兽不能使用该食料,現在のペットにはこのフィードを使用できません
Pawprint,DLLSourceScan,,,当前魔獣不能使用该食事,現在のペットにはこのフィードを使用できません
Pawprint,DLLSourceScan,,,当前魔獣不能使用该食料,現在のペットにはこのフィードを使用できません
Pawprint,DLLSourceScan,,,待补充,未登録
Pawprint,DLLSourceScan,,,待配置,未設定
Pawprint,DLLSourceScan,,,待领取的宝箱奖励已变化,受取待ちの宝箱報酬が変わりました
Pawprint,DLLSourceScan,,,循环运行：,ローテーション実行中：
Pawprint,DLLSourceScan,,,必需,必須
Pawprint,AssociatedWindowCapture2,,,怨毒龙上天落地后立即重新选中它,怨毒竜が飛び上がって着地したら、すぐに再ターゲットする
Pawprint,AssociatedWindowCapture2,,,怨毒龙血量低于一半时连续使用全部非恢复道具,怨毒竜のHPが50%未満になったら、回復以外のアイテムをすべて連続使用する
Pawprint,,,,怪物 ID 查询,モンスターID検索
Pawprint,DLLSourceScan,,,恢复内置,内蔵設定に戻す
Pawprint,,,,恢复自身及周围队员10%的体力,自身と周囲の味方のＨＰを10％回復する。
Pawprint,,,,恢复自身及周围队员25%的体力,自身と周囲の味方のＨＰを25％回復する。
Pawprint,,,,恢复自身及周围队员40%的体力,自身と周囲の味方のＨＰを40％回復する。
Pawprint,,,,恢复默认,既定値に戻す
Pawprint,,,,恢复默认预设,既定のプリセットに戻す
Pawprint,DLLSourceScan,,,战利品任务或场地已变化,戦利品処理中にタスクまたはフィールドが変わりました
Pawprint,,,,"战利品掉落率+40%
回避率+2%","戦利品ドロップ率＋40％
回避率＋2％"
Pawprint,Captured,,,"战利品掉落率+40%
回避率+2%","戦利品ドロップ率＋40％
回避率＋2％"
Pawprint,,,,"战利品掉落率+70%
加速+2%","戦利品ドロップ率＋70％
ヘイスト＋2％"
Pawprint,Captured,,,"战利品掉落率+70%
加速+2%","戦利品ドロップ率＋70％
ヘイスト＋2％"
Pawprint,Captured,,,"战利品掉落率+80%
受到伤害-8%
最大HP+18%","戦利品ドロップ率＋80％
被ダメージ－8％
最大ＨＰ＋18％"
Pawprint,,,,"战利品掉落率+80%
受到伤害-8%
最大体力+18%","戦利品ドロップ率＋80％
被ダメージ－8％
最大ＨＰ＋18％"
Pawprint,Captured,,,"战利品掉落率+80%
受到伤害-8%
最大HP+18%","戦利品ドロップ率＋80％
被ダメージ－8％
最大ＨＰ＋18％"
Pawprint,Captured,,,"战利品掉落率+80%
受到伤害-8%
最大体力+18%","戦利品ドロップ率＋80％
被ダメージ－8％
最大ＨＰ＋18％"
Pawprint,,,,战斗,戦闘
Pawprint,DLLSourceScan,,,战斗中无法开始寻找任务,戦闘中は探索タスクを開始できません
Pawprint,,,,战斗内补血,戦闘中のHP回復
Pawprint,,,,战斗外补血,戦闘外のHP回復
Pawprint,,,,战斗插件,戦闘プラグイン
Pawprint,DLLSourceScan,,,战斗插件已变更,戦闘プラグインが変更されました
Pawprint,DLLSourceScan,,,战斗插件已设为无,戦闘プラグインが「なし」に設定されました
Pawprint,DLLSourceScan,,,战斗目标已失效,戦闘ターゲットが無効になりました
Pawprint,,,,战斗结束,戦闘終了
Pawprint,DLLSourceScan,,,战斗辅助 · ,戦闘支援 · 
Pawprint,Captured,,,战斗辅助 · 本场战斗 · 1 秒后开怪,戦闘補助 · この戦闘 · 1秒後に戦闘開始
Pawprint,Captured,,,战斗辅助 · 本场战斗 · 10 秒后开怪,戦闘補助 · この戦闘 · 10秒後に戦闘開始
Pawprint,Captured,,,战斗辅助 · 本场战斗 · 2 秒后开怪,戦闘補助 · この戦闘 · 2秒後に戦闘開始
Pawprint,Captured,,,战斗辅助 · 本场战斗 · 3 秒后开怪,戦闘補助 · この戦闘 · 3秒後に戦闘開始
Pawprint,Captured,,,战斗辅助 · 本场战斗 · 4 秒后开怪,戦闘補助 · この戦闘 · 4秒後に戦闘開始
Pawprint,Captured,,,战斗辅助 · 本场战斗 · 5 秒后开怪,戦闘補助 · この戦闘 · 5秒後に戦闘開始
Pawprint,Captured,,,战斗辅助 · 本场战斗 · 6 秒后开怪,戦闘補助 · この戦闘 · 6秒後に戦闘開始
Pawprint,Captured,,,战斗辅助 · 本场战斗 · 7 秒后开怪,戦闘補助 · この戦闘 · 7秒後に戦闘開始
Pawprint,Captured,,,战斗辅助 · 本场战斗 · 8 秒后开怪,戦闘補助 · この戦闘 · 8秒後に戦闘開始
Pawprint,Captured,,,战斗辅助 · 本场战斗 · 9 秒后开怪,戦闘補助 · この戦闘 · 9秒後に戦闘開始
Pawprint,Captured,,,战斗辅助 · 本场战斗 · 已开怪,戦闘補助 · この戦闘 · 戦闘開始済み
Pawprint,Captured,,,战斗辅助 · 本场战斗 · 接近开怪目标,戦闘補助 · この戦闘 · 戦闘開始対象へ接近
Pawprint,Captured,,,战斗辅助 · 本场战斗 · 等待开怪技能可用（技能 44879，状态 582）,戦闘補助 · この戦闘 · 戦闘開始スキルが使用可能になるまで待機（スキル 44879、状態 582）
Pawprint,Captured,,,战斗辅助 · 本场战斗 · 等待战斗结束,戦闘補助 · この戦闘 · 戦闘終了待機
Pawprint,DLLSourceScan,,,战斗逻辑,戦闘ロジック
Pawprint,,,,戦闘プラグイン###战斗插件,戦闘プラグイン###战斗插件
Pawprint,AssociatedWindowCapture,,,戦闘内补血###战斗内补血,戦闘中のHP回復###战斗内补血
Pawprint,,,,戦闘開始方法###开怪方式,戦闘開始方法###开怪方式
Pawprint,,,,所持数目標を満たすまでアイテムを温存する（所持数が目標以下なら使用しない）###为达成个数目标预留道具（背包≤目标时不用药）,所持数目標を満たすまでアイテムを温存する（所持数が目標以下なら使用しない）###为达成个数目标预留道具（背包≤目标时不用药）
Pawprint,,,,所持数目標（0＝制限なし）,所持数目標（0＝制限なし）
Pawprint,DLLSourceScan,,,手动停止,手動停止
Pawprint,,,,手动操作,手動操作
Pawprint,DLLSourceScan,,,打开 ,開く 
Pawprint,,,,打开 Omni Discord,Omni Discordを開く
Pawprint,DLLSourceScan,,,打开 Omni Discord 失败：,Omni Discordを開けませんでした：
Pawprint,DLLSourceScan,,,打开/关闭 Pawprint；setup 插件配置；stop 停止；pause 暂停；resume 恢复；status 状态,Pawprintを開く／閉じる；setup 設定；stop 停止；pause 一時停止；resume 再開；status 状態
Pawprint,,,,打开图鉴,図鑑を開く
Pawprint,,,,打开插件安装器,プラグインインストーラーを開く
Pawprint,,,,打开设置,設定を開く
Pawprint,DLLSourceScan,,,技能 ,アクション 
Pawprint,,,,技能效果及识破/捕获消息 ID 监听已就绪,アクション効果および見破る／捕獲メッセージIDの監視準備完了
Pawprint,,,,拉诺西亚低地,低地ラノシア
Pawprint,,,,拉诺西亚外地,外地ラノシア
Pawprint,DLLSourceScan,,,指定敌人,指定した敵
Pawprint,DLLSourceScan,,,按低价优先,安価なものを優先
Pawprint,DLLSourceScan,,,按当前搜索与筛选结果批量启用/禁用,現在の検索・絞り込み結果を一括で有効／無効にする
Pawprint,FullCaptureReview,,,按当前搜索与筛选结果批量有効/禁用,現在の検索・絞り込み結果を一括で有効/無効にする
Pawprint,DLLSourceScan,,,按需,必要時使用
Pawprint,Captured,,,按预设优先级,プリセットの優先順位に従う
Pawprint,DLLSourceScan,,,捕捉模式,捕獲モード
Pawprint,,,,捕猎,捕獲
Pawprint,,,,捕獲済み,捕獲済み
Pawprint,DLLSourceScan,,,捕获,捕獲
Pawprint,DLLSourceScan,,,捕获事件不可用：,捕獲イベント利用不可：
Pawprint,DLLSourceScan,,,捕获事件尚未初始化,捕獲イベントがまだ初期化されていません
Pawprint,DLLSourceScan,,,捕获确认已停止,捕獲確認を停止しました
Pawprint,,,,捕获选中,選択対象を捕獲
Pawprint,,,,排名,順位
Pawprint,DLLSourceScan,,,接口可用；正在运行：,インターフェース利用可能。実行中：
Pawprint,DLLSourceScan,,,接口返回空结果,インターフェースが空の結果を返しました
Pawprint,DLLSourceScan,,,插件卸载，记录已保存,プラグインがアンロードされたため、記録を保存しました
Pawprint,DLLSourceScan,,,插件已加载，但允许移动开关未开启,プラグインは読み込み済みですが、移動許可が有効になっていません
Pawprint,,,,插件状态,プラグイン状態
Pawprint,,,,插件配置,プラグイン設定
Pawprint,DLLSourceScan,,,搜索名称、效果或物品 ID,名前・効果・アイテムIDを検索
Pawprint,DLLSourceScan,,,搜索敌人名称,敵の名前を検索
Pawprint,DLLSourceScan,,,搜索道具名称或 ID,アイテム名またはIDを検索
Pawprint,,,,摩杜纳,モードゥナ
Pawprint,DLLSourceScan,,,支持 Pawprint,Pawprintを支援
Pawprint,,,,收录,登録
Pawprint,DLLSourceScan,,,改用本盘物品优先级,この戦闘のアイテム優先順位を使用
Pawprint,DLLSourceScan,,,放弃全部自定义规则，恢复内置逻辑？,すべてのカスタムルールを破棄して、内蔵ロジックに戻しますか？
Pawprint,,,,效果,効果
Pawprint,DLLSourceScan,,,敌人HP低于,敵のHPが指定値未満
Pawprint,DLLSourceScan,,,敌人存活超过,敵の生存時間が指定値超過
Pawprint,DLLSourceScan,,,敌人数量达到,敵の数が指定値以上
Pawprint,DLLSourceScan,,,斗兽 · 等待战斗界面就绪,闘獣練 · 戦闘画面の準備待ち
Pawprint,DLLSourceScan,,,斗兽 · 等待编队数据加载,闘獣練 · 編成データの読込待ち
Pawprint,DLLSourceScan,,,斗兽任务或角色状态已变化,闘獣練タスクまたはキャラクターの状態が変わりました
Pawprint,DLLSourceScan,,,斗兽任务未授权开怪,闘獣練タスクに戦闘開始の権限がありません
Pawprint,DLLSourceScan,,,斗兽任务未运行,闘獣練タスクは実行されていません
Pawprint,Captured,,,斗兽出现未识别的交互窗口，任务已停止,闘獣で未認識の操作ウィンドウが表示されたため、処理を停止しました
Pawprint,DLLSourceScan,,,斗兽场地尚未加载,闘獣練フィールドがまだ読み込まれていません
Pawprint,,,,斗兽奇弈,闘獣練
Pawprint,DLLSourceScan,,,斗兽奇弈场内不执行捕获或野外练级,闘獣練内では捕獲やフィールドレベル上げを実行しません
Pawprint,,,,斗兽奇弈需要 Omni Verification,闘獣練にはOmni Verificationが必要です
Pawprint,DLLSourceScan,,,斗兽已暂停或停止,闘獣練は一時停止または停止しています
Pawprint,DLLSourceScan,,,斗兽币##shopbudget,ビーストコイン##shopbudget
Pawprint,DLLSourceScan,,,斗兽币##shopreserve,ビーストコイン##shopreserve
Pawprint,,,,"斗兽币获得量+25%
受到物理伤害-10%","ビーストコイン獲得量＋25％
物理被ダメージ－10％"
Pawprint,Captured,,,"斗兽币获得量+25%
回避率+4%
最大HP+12%","ビーストコイン獲得量＋25％
回避率＋4％
最大ＨＰ＋12％"
Pawprint,,,,"斗兽币获得量+25%
回避率+4%
最大体力+12%","ビーストコイン獲得量＋25％
回避率＋4％
最大ＨＰ＋12％"
Pawprint,,,,"斗兽币获得量+25%
暴击发动率-10%
造成伤害+5%","ビーストコイン獲得量＋25％
クリティカル発動率－10％
与ダメージ＋5％"
Pawprint,Captured,,,"斗兽币获得量+25%
受到物理伤害-10%","ビーストコイン獲得量＋25％
物理被ダメージ－10％"
Pawprint,Captured,,,"斗兽币获得量+25%
回避率+4%
最大HP+12%","ビーストコイン獲得量＋25％
回避率＋4％
最大ＨＰ＋12％"
Pawprint,Captured,,,"斗兽币获得量+25%
回避率+4%
最大体力+12%","ビーストコイン獲得量＋25％
回避率＋4％
最大ＨＰ＋12％"
Pawprint,Captured,,,"斗兽币获得量+25%
暴击发动率-10%
造成伤害+5%","ビーストコイン獲得量＋25％
クリティカル発動率－10％
与ダメージ＋5％"
Pawprint,DLLSourceScan,,,斗兽按钮事件不唯一,闘獣練ボタンのイベントが一意ではありません
Pawprint,ExactFix,,,斗兽捕捉模式 Omni Verification,闘獣捕獲モード Omni Verification
Pawprint,DLLSourceScan,,,斗兽捕捉模式关闭失败：,闘獣練の捕獲モードを無効にできませんでした：
Pawprint,DLLSourceScan,,,斗兽编组数量无效,闘獣練の編成数が無効です
Pawprint,DLLSourceScan,,,新规则,新しいルール
Pawprint,DLLSourceScan,,,无,なし
Pawprint,DLLSourceScan,,,无法取得插件安装目录，请重新加载插件,プラグインのインストール先を取得できません。プラグインを再読み込みしてください
Pawprint,DLLSourceScan,,,无法定位 Omni 账号身份读取入口，账号验证保持不可用。,Omniアカウント情報の読取先を特定できないため、アカウント認証は利用できません。
Pawprint,DLLSourceScan,,,无法锁定战斗目标,戦闘ターゲットをロックできません
Pawprint,DLLSourceScan,,,无（或多个）,なし（または複数）
Pawprint,AssociatedWindowCapture2,,,显示已保存的図鑑记录,保存済みの図鑑記録を表示
Pawprint,,,,显示已保存的图鉴记录,保存済みの図鑑記録を表示
Pawprint,AssociatedWindowCapture2,,,普通战,通常戦
Pawprint,,,,暂停,一時停止
Pawprint,,,,暂停##arena,一時停止##arena
Pawprint,,,,"暴击发动率+15%
失明耐性+100%","クリティカル発動率＋15％
暗闇耐性＋100％"
Pawprint,Captured,,,"暴击发动率+15%
最大HP+2%","クリティカル発動率＋15％
最大ＨＰ＋2％"
Pawprint,,,,"暴击发动率+15%
最大体力+2%","クリティカル発動率＋15％
最大ＨＰ＋2％"
Pawprint,Captured,,,"暴击发动率+15%
失明耐性+100%","クリティカル発動率＋15％
暗闇耐性＋100％"
Pawprint,Captured,,,"暴击发动率+15%
最大HP+2%","クリティカル発動率＋15％
最大ＨＰ＋2％"
Pawprint,Captured,,,"暴击发动率+15%
最大体力+2%","クリティカル発動率＋15％
最大ＨＰ＋2％"
Pawprint,,,,"暴击发动率+25%
以太爆发威力+20%
适于以下魔兽食用：
百兽纲 百虫纲 有翼纲 草木纲 水栖纲 甲鳞纲 死尸纲","クリティカル発動率＋25％
エーテルバースト威力＋20％
[食事可能な魔獣]
百獣綱 百蟲綱 有翼綱 草木綱 水棲綱 甲鱗綱 死屍綱"
Pawprint,Captured,,,"暴击发动率+25%
以太爆发威力+20%
适于以下魔獣食用：
百兽纲 百虫纲 有翼纲 草木纲 水栖纲 甲鳞纲 死尸纲","クリティカル発動率＋25％
エーテルバースト威力＋20％
[食事可能な魔獣]
百獣綱 百蟲綱 有翼綱 草木綱 水棲綱 甲鱗綱 死屍綱"
Pawprint,Captured,,,"暴击发动率+25%
特殊効果：暴击时为自身附加1档“伤害提高”状态
伤害提高效果：造成伤害提高10%
伤害提高持续时间：60秒
最大档数：5档
适于以下魔兽食用：
咒具纲","クリティカル発動率＋25％
特殊効果：クリティカル発生時、自身に「ダメージ上昇」を1スタック付与する。
ダメージ上昇効果：与ダメージを10％上昇させる。
効果時間：60秒
最大スタック：5
[食事可能な魔獣]
呪具綱"
Pawprint,Captured,,,"暴击发动率+25%
特殊効果：暴击时为自身附加1档“伤害提高”状态
伤害提高效果：造成伤害提高10%
伤害提高持续时间：60秒
最大档数：5档
适于以下魔獣食用：
咒具纲","クリティカル発動率＋25％
特殊効果：クリティカル発生時、自身に「ダメージ上昇」を1スタック付与する。
ダメージ上昇効果：与ダメージを10％上昇させる。
効果時間：60秒
最大スタック：5
[食事可能な魔獣]
呪具綱"
Pawprint,,,,"暴击发动率+25%
特殊效果：暴击时为自身附加1档“伤害提高”状态
伤害提高效果：造成伤害提高10%
伤害提高持续时间：60秒
最大档数：5档
适于以下魔兽食用：
咒具纲","クリティカル発動率＋25％
特殊効果：クリティカル発生時、自身に「ダメージ上昇」を1スタック付与する。
ダメージ上昇効果：与ダメージを10％上昇させる。
効果時間：60秒
最大スタック：5
[食事可能な魔獣]
呪具綱"
Pawprint,Captured,,,"暴击发动率+25%
特殊效果：暴击时为自身附加1档“伤害提高”状态
伤害提高效果：造成伤害提高10%
伤害提高持续时间：60秒
最大档数：5档
适于以下魔獣食用：
咒具纲","クリティカル発動率＋25％
特殊効果：クリティカル発生時、自身に「ダメージ上昇」を1スタック付与する。
ダメージ上昇効果：与ダメージを10％上昇させる。
効果時間：60秒
最大スタック：5
[食事可能な魔獣]
呪具綱"
Pawprint,Captured,,,"暴击发动率+25%
以太爆发威力+20%
适于以下魔兽食用：
百兽纲 百虫纲 有翼纲 草木纲 水栖纲 甲鳞纲 死尸纲","クリティカル発動率＋25％
エーテルバースト威力＋20％
[食事可能な魔獣]
百獣綱 百蟲綱 有翼綱 草木綱 水棲綱 甲鱗綱 死屍綱"
Pawprint,Captured,,,"暴击发动率+25%
以太爆发威力+20%
适于以下魔獣食用：
百兽纲 百虫纲 有翼纲 草木纲 水栖纲 甲鳞纲 死尸纲","クリティカル発動率＋25％
エーテルバースト威力＋20％
[食事可能な魔獣]
百獣綱 百蟲綱 有翼綱 草木綱 水棲綱 甲鱗綱 死屍綱"
Pawprint,Captured,,,"暴击发动率+25%
特殊効果：暴击时为自身附加1档“伤害提高”状态
伤害提高效果：造成伤害提高10%
伤害提高持续时间：60秒
最大档数：5档
适于以下魔兽食用：
咒具纲","クリティカル発動率＋25％
特殊効果：クリティカル発生時、自身に「ダメージ上昇」を1スタック付与する。
ダメージ上昇効果：与ダメージを10％上昇させる。
効果時間：60秒
最大スタック：5
[食事可能な魔獣]
呪具綱"
Pawprint,Captured,,,"暴击发动率+25%
特殊効果：暴击时为自身附加1档“伤害提高”状态
伤害提高效果：造成伤害提高10%
伤害提高持续时间：60秒
最大档数：5档
适于以下魔獣食用：
咒具纲","クリティカル発動率＋25％
特殊効果：クリティカル発生時、自身に「ダメージ上昇」を1スタック付与する。
ダメージ上昇効果：与ダメージを10％上昇させる。
効果時間：60秒
最大スタック：5
[食事可能な魔獣]
呪具綱"
Pawprint,Captured,,,"暴击发动率+25%
特殊效果：暴击时为自身附加1档“伤害提高”状态
伤害提高效果：造成伤害提高10%
伤害提高持续时间：60秒
最大档数：5档
适于以下魔兽食用：
咒具纲","クリティカル発動率＋25％
特殊効果：クリティカル発生時、自身に「ダメージ上昇」を1スタック付与する。
ダメージ上昇効果：与ダメージを10％上昇させる。
効果時間：60秒
最大スタック：5
[食事可能な魔獣]
呪具綱"
Pawprint,Captured,,,"暴击发动率+25%
特殊效果：暴击时为自身附加1档“伤害提高”状态
伤害提高效果：造成伤害提高10%
伤害提高持续时间：60秒
最大档数：5档
适于以下魔獣食用：
咒具纲","クリティカル発動率＋25％
特殊効果：クリティカル発生時、自身に「ダメージ上昇」を1スタック付与する。
ダメージ上昇効果：与ダメージを10％上昇させる。
効果時間：60秒
最大スタック：5
[食事可能な魔獣]
呪具綱"
Pawprint,Captured,,,"暴击发动率+35%
受到魔法伤害-30%
最大HP+10%
特殊効果：将此食事喂给魔兽后，可以恢复7%的体力
适于以下魔兽食用：
咒具纲","クリティカル発動率＋35％
魔法被ダメージ－30％
最大ＨＰ＋10％
特殊効果：この餌をペットに与えると、ＨＰを7％回復する。
[食事可能な魔獣]
呪具綱"
Pawprint,Captured,,,"暴击发动率+35%
受到魔法伤害-30%
最大HP+10%
特殊効果：将此食事喂给魔獣后，可以恢复7%的体力
适于以下魔獣食用：
咒具纲","クリティカル発動率＋35％
魔法被ダメージ－30％
最大ＨＰ＋10％
特殊効果：この餌をペットに与えると、ＨＰを7％回復する。
[食事可能な魔獣]
呪具綱"
Pawprint,Captured,,,"暴击发动率+35%
受到魔法伤害-30%
最大HP+10%
特殊効果：将此食料喂给魔兽后，可以恢复7%的体力
适于以下魔兽食用：
咒具纲","クリティカル発動率＋35％
魔法被ダメージ－30％
最大ＨＰ＋10％
特殊効果：この餌をペットに与えると、ＨＰを7％回復する。
[食事可能な魔獣]
呪具綱"
Pawprint,Captured,,,"暴击发动率+35%
受到魔法伤害-30%
最大HP+10%
特殊効果：将此食料喂给魔獣后，可以恢复7%的体力
适于以下魔獣食用：
咒具纲","クリティカル発動率＋35％
魔法被ダメージ－30％
最大ＨＰ＋10％
特殊効果：この餌をペットに与えると、ＨＰを7％回復する。
[食事可能な魔獣]
呪具綱"
Pawprint,Captured,,,"暴击发动率+35%
受到魔法伤害-30%
最大HP+10%
特殊效果：将此食事喂给魔兽后，可以恢复7%的体力
适于以下魔兽食用：
咒具纲","クリティカル発動率＋35％
魔法被ダメージ－30％
最大ＨＰ＋10％
特殊効果：この餌をペットに与えると、ＨＰを7％回復する。
[食事可能な魔獣]
呪具綱"
Pawprint,Captured,,,"暴击发动率+35%
受到魔法伤害-30%
最大HP+10%
特殊效果：将此食事喂给魔獣后，可以恢复7%的体力
适于以下魔獣食用：
咒具纲","クリティカル発動率＋35％
魔法被ダメージ－30％
最大ＨＰ＋10％
特殊効果：この餌をペットに与えると、ＨＰを7％回復する。
[食事可能な魔獣]
呪具綱"
Pawprint,Captured,,,"暴击发动率+35%
受到魔法伤害-30%
最大HP+10%
特殊效果：将此食料喂给魔兽后，可以恢复7%的体力
适于以下魔兽食用：
咒具纲","クリティカル発動率＋35％
魔法被ダメージ－30％
最大ＨＰ＋10％
特殊効果：この餌をペットに与えると、ＨＰを7％回復する。
[食事可能な魔獣]
呪具綱"
Pawprint,Captured,,,"暴击发动率+35%
受到魔法伤害-30%
最大HP+10%
特殊效果：将此食料喂给魔獣后，可以恢复7%的体力
适于以下魔獣食用：
咒具纲","クリティカル発動率＋35％
魔法被ダメージ－30％
最大ＨＰ＋10％
特殊効果：この餌をペットに与えると、ＨＰを7％回復する。
[食事可能な魔獣]
呪具綱"
Pawprint,Captured,,,"暴击发动率+35%
受到魔法伤害-30%
最大体力+10%
特殊効果：将此食事喂给魔兽后，可以恢复7%的体力
适于以下魔兽食用：
咒具纲","クリティカル発動率＋35％
魔法被ダメージ－30％
最大ＨＰ＋10％
特殊効果：この餌をペットに与えると、ＨＰを7％回復する。
[食事可能な魔獣]
呪具綱"
Pawprint,Captured,,,"暴击发动率+35%
受到魔法伤害-30%
最大体力+10%
特殊効果：将此食事喂给魔獣后，可以恢复7%的体力
适于以下魔獣食用：
咒具纲","クリティカル発動率＋35％
魔法被ダメージ－30％
最大ＨＰ＋10％
特殊効果：この餌をペットに与えると、ＨＰを7％回復する。
[食事可能な魔獣]
呪具綱"
Pawprint,Captured,,,"暴击发动率+35%
受到魔法伤害-30%
最大体力+10%
特殊効果：将此食料喂给魔兽后，可以恢复7%的体力
适于以下魔兽食用：
咒具纲","クリティカル発動率＋35％
魔法被ダメージ－30％
最大ＨＰ＋10％
特殊効果：この餌をペットに与えると、ＨＰを7％回復する。
[食事可能な魔獣]
呪具綱"
Pawprint,Captured,,,"暴击发动率+35%
受到魔法伤害-30%
最大体力+10%
特殊効果：将此食料喂给魔獣后，可以恢复7%的体力
适于以下魔獣食用：
咒具纲","クリティカル発動率＋35％
魔法被ダメージ－30％
最大ＨＰ＋10％
特殊効果：この餌をペットに与えると、ＨＰを7％回復する。
[食事可能な魔獣]
呪具綱"
Pawprint,Captured,,,"暴击发动率+35%
受到魔法伤害-30%
最大体力+10%
特殊效果：将此食事喂给魔兽后，可以恢复7%的体力
适于以下魔兽食用：
咒具纲","クリティカル発動率＋35％
魔法被ダメージ－30％
最大ＨＰ＋10％
特殊効果：この餌をペットに与えると、ＨＰを7％回復する。
[食事可能な魔獣]
呪具綱"
Pawprint,Captured,,,"暴击发动率+35%
受到魔法伤害-30%
最大体力+10%
特殊效果：将此食事喂给魔獣后，可以恢复7%的体力
适于以下魔獣食用：
咒具纲","クリティカル発動率＋35％
魔法被ダメージ－30％
最大ＨＰ＋10％
特殊効果：この餌をペットに与えると、ＨＰを7％回復する。
[食事可能な魔獣]
呪具綱"
Pawprint,,,,"暴击发动率+35%
受到魔法伤害-30%
最大体力+10%
特殊效果：将此食料喂给魔兽后，可以恢复7%的体力
适于以下魔兽食用：
咒具纲","クリティカル発動率＋35％
魔法被ダメージ－30％
最大ＨＰ＋10％
特殊効果：この餌をペットに与えると、ＨＰを7％回復する。
[食事可能な魔獣]
呪具綱"
Pawprint,Captured,,,"暴击发动率+35%
受到魔法伤害-30%
最大体力+10%
特殊效果：将此食料喂给魔獣后，可以恢复7%的体力
适于以下魔獣食用：
咒具纲","クリティカル発動率＋35％
魔法被ダメージ－30％
最大ＨＰ＋10％
特殊効果：この餌をペットに与えると、ＨＰを7％回復する。
[食事可能な魔獣]
呪具綱"
Pawprint,,,,"暴击发动率+35%
造成物理伤害+15%
适于以下魔兽食用：
百兽纲 百虫纲 有翼纲 草木纲 水栖纲 甲鳞纲 死尸纲","クリティカル発動率＋35％
物理与ダメージ＋15％
[食事可能な魔獣]
百獣綱 百蟲綱 有翼綱 草木綱 水棲綱 甲鱗綱 死屍綱"
Pawprint,Captured,,,"暴击发动率+35%
造成物理伤害+15%
适于以下魔獣食用：
百兽纲 百虫纲 有翼纲 草木纲 水栖纲 甲鳞纲 死尸纲","クリティカル発動率＋35％
物理与ダメージ＋15％
[食事可能な魔獣]
百獣綱 百蟲綱 有翼綱 草木綱 水棲綱 甲鱗綱 死屍綱"
Pawprint,Captured,,,"暴击发动率+35%
受到魔法伤害-30%
最大HP+10%
特殊効果：将此食事喂给魔兽后，可以恢复7%的体力
适于以下魔兽食用：
咒具纲","クリティカル発動率＋35％
魔法被ダメージ－30％
最大ＨＰ＋10％
特殊効果：この餌をペットに与えると、ＨＰを7％回復する。
[食事可能な魔獣]
呪具綱"
Pawprint,Captured,,,"暴击发动率+35%
受到魔法伤害-30%
最大HP+10%
特殊効果：将此食事喂给魔獣后，可以恢复7%的体力
适于以下魔獣食用：
咒具纲","クリティカル発動率＋35％
魔法被ダメージ－30％
最大ＨＰ＋10％
特殊効果：この餌をペットに与えると、ＨＰを7％回復する。
[食事可能な魔獣]
呪具綱"
Pawprint,Captured,,,"暴击发动率+35%
受到魔法伤害-30%
最大HP+10%
特殊効果：将此食料喂给魔兽后，可以恢复7%的体力
适于以下魔兽食用：
咒具纲","クリティカル発動率＋35％
魔法被ダメージ－30％
最大ＨＰ＋10％
特殊効果：この餌をペットに与えると、ＨＰを7％回復する。
[食事可能な魔獣]
呪具綱"
Pawprint,Captured,,,"暴击发动率+35%
受到魔法伤害-30%
最大HP+10%
特殊効果：将此食料喂给魔獣后，可以恢复7%的体力
适于以下魔獣食用：
咒具纲","クリティカル発動率＋35％
魔法被ダメージ－30％
最大ＨＰ＋10％
特殊効果：この餌をペットに与えると、ＨＰを7％回復する。
[食事可能な魔獣]
呪具綱"
Pawprint,Captured,,,"暴击发动率+35%
受到魔法伤害-30%
最大HP+10%
特殊效果：将此食事喂给魔兽后，可以恢复7%的体力
适于以下魔兽食用：
咒具纲","クリティカル発動率＋35％
魔法被ダメージ－30％
最大ＨＰ＋10％
特殊効果：この餌をペットに与えると、ＨＰを7％回復する。
[食事可能な魔獣]
呪具綱"
Pawprint,Captured,,,"暴击发动率+35%
受到魔法伤害-30%
最大HP+10%
特殊效果：将此食事喂给魔獣后，可以恢复7%的体力
适于以下魔獣食用：
咒具纲","クリティカル発動率＋35％
魔法被ダメージ－30％
最大ＨＰ＋10％
特殊効果：この餌をペットに与えると、ＨＰを7％回復する。
[食事可能な魔獣]
呪具綱"
Pawprint,Captured,,,"暴击发动率+35%
受到魔法伤害-30%
最大HP+10%
特殊效果：将此食料喂给魔兽后，可以恢复7%的体力
适于以下魔兽食用：
咒具纲","クリティカル発動率＋35％
魔法被ダメージ－30％
最大ＨＰ＋10％
特殊効果：この餌をペットに与えると、ＨＰを7％回復する。
[食事可能な魔獣]
呪具綱"
Pawprint,Captured,,,"暴击发动率+35%
受到魔法伤害-30%
最大HP+10%
特殊效果：将此食料喂给魔獣后，可以恢复7%的体力
适于以下魔獣食用：
咒具纲","クリティカル発動率＋35％
魔法被ダメージ－30％
最大ＨＰ＋10％
特殊効果：この餌をペットに与えると、ＨＰを7％回復する。
[食事可能な魔獣]
呪具綱"
Pawprint,Captured,,,"暴击发动率+35%
受到魔法伤害-30%
最大体力+10%
特殊効果：将此食事喂给魔兽后，可以恢复7%的体力
适于以下魔兽食用：
咒具纲","クリティカル発動率＋35％
魔法被ダメージ－30％
最大ＨＰ＋10％
特殊効果：この餌をペットに与えると、ＨＰを7％回復する。
[食事可能な魔獣]
呪具綱"
Pawprint,Captured,,,"暴击发动率+35%
受到魔法伤害-30%
最大体力+10%
特殊効果：将此食事喂给魔獣后，可以恢复7%的体力
适于以下魔獣食用：
咒具纲","クリティカル発動率＋35％
魔法被ダメージ－30％
最大ＨＰ＋10％
特殊効果：この餌をペットに与えると、ＨＰを7％回復する。
[食事可能な魔獣]
呪具綱"
Pawprint,Captured,,,"暴击发动率+35%
受到魔法伤害-30%
最大体力+10%
特殊効果：将此食料喂给魔兽后，可以恢复7%的体力
适于以下魔兽食用：
咒具纲","クリティカル発動率＋35％
魔法被ダメージ－30％
最大ＨＰ＋10％
特殊効果：この餌をペットに与えると、ＨＰを7％回復する。
[食事可能な魔獣]
呪具綱"
Pawprint,Captured,,,"暴击发动率+35%
受到魔法伤害-30%
最大体力+10%
特殊効果：将此食料喂给魔獣后，可以恢复7%的体力
适于以下魔獣食用：
咒具纲","クリティカル発動率＋35％
魔法被ダメージ－30％
最大ＨＰ＋10％
特殊効果：この餌をペットに与えると、ＨＰを7％回復する。
[食事可能な魔獣]
呪具綱"
Pawprint,Captured,,,"暴击发动率+35%
受到魔法伤害-30%
最大体力+10%
特殊效果：将此食事喂给魔兽后，可以恢复7%的体力
适于以下魔兽食用：
咒具纲","クリティカル発動率＋35％
魔法被ダメージ－30％
最大ＨＰ＋10％
特殊効果：この餌をペットに与えると、ＨＰを7％回復する。
[食事可能な魔獣]
呪具綱"
Pawprint,Captured,,,"暴击发动率+35%
受到魔法伤害-30%
最大体力+10%
特殊效果：将此食事喂给魔獣后，可以恢复7%的体力
适于以下魔獣食用：
咒具纲","クリティカル発動率＋35％
魔法被ダメージ－30％
最大ＨＰ＋10％
特殊効果：この餌をペットに与えると、ＨＰを7％回復する。
[食事可能な魔獣]
呪具綱"
Pawprint,Captured,,,"暴击发动率+35%
受到魔法伤害-30%
最大体力+10%
特殊效果：将此食料喂给魔兽后，可以恢复7%的体力
适于以下魔兽食用：
咒具纲","クリティカル発動率＋35％
魔法被ダメージ－30％
最大ＨＰ＋10％
特殊効果：この餌をペットに与えると、ＨＰを7％回復する。
[食事可能な魔獣]
呪具綱"
Pawprint,Captured,,,"暴击发动率+35%
受到魔法伤害-30%
最大体力+10%
特殊效果：将此食料喂给魔獣后，可以恢复7%的体力
适于以下魔獣食用：
咒具纲","クリティカル発動率＋35％
魔法被ダメージ－30％
最大ＨＰ＋10％
特殊効果：この餌をペットに与えると、ＨＰを7％回復する。
[食事可能な魔獣]
呪具綱"
Pawprint,Captured,,,"暴击发动率+35%
造成物理伤害+15%
适于以下魔兽食用：
百兽纲 百虫纲 有翼纲 草木纲 水栖纲 甲鳞纲 死尸纲","クリティカル発動率＋35％
物理与ダメージ＋15％
[食事可能な魔獣]
百獣綱 百蟲綱 有翼綱 草木綱 水棲綱 甲鱗綱 死屍綱"
Pawprint,Captured,,,"暴击发动率+35%
造成物理伤害+15%
适于以下魔獣食用：
百兽纲 百虫纲 有翼纲 草木纲 水栖纲 甲鳞纲 死尸纲","クリティカル発動率＋35％
物理与ダメージ＋15％
[食事可能な魔獣]
百獣綱 百蟲綱 有翼綱 草木綱 水棲綱 甲鱗綱 死屍綱"
Pawprint,Captured,,,"暴击发动率+50%
造成伤害+35%
特殊効果：每隔一段时间受到伤害
适于以下魔兽食用：
百虫纲","クリティカル発動率＋50％
与ダメージ＋35％
特殊効果：一定時間ごとにダメージを受ける。
[食事可能な魔獣]
百蟲綱"
Pawprint,Captured,,,"暴击发动率+50%
造成伤害+35%
特殊効果：每隔一段时间受到伤害
适于以下魔獣食用：
百虫纲","クリティカル発動率＋50％
与ダメージ＋35％
特殊効果：一定時間ごとにダメージを受ける。
[食事可能な魔獣]
百蟲綱"
Pawprint,,,,"暴击发动率+50%
造成伤害+35%
特殊效果：每隔一段时间受到伤害
适于以下魔兽食用：
百虫纲","クリティカル発動率＋50％
与ダメージ＋35％
特殊効果：一定時間ごとにダメージを受ける。
[食事可能な魔獣]
百蟲綱"
Pawprint,Captured,,,"暴击发动率+50%
造成伤害+35%
特殊效果：每隔一段时间受到伤害
适于以下魔獣食用：
百虫纲","クリティカル発動率＋50％
与ダメージ＋35％
特殊効果：一定時間ごとにダメージを受ける。
[食事可能な魔獣]
百蟲綱"
Pawprint,Captured,,,"暴击发动率+50%
造成伤害+35%
特殊効果：每隔一段时间受到伤害
适于以下魔兽食用：
百虫纲","クリティカル発動率＋50％
与ダメージ＋35％
特殊効果：一定時間ごとにダメージを受ける。
[食事可能な魔獣]
百蟲綱"
Pawprint,Captured,,,"暴击发动率+50%
造成伤害+35%
特殊効果：每隔一段时间受到伤害
适于以下魔獣食用：
百虫纲","クリティカル発動率＋50％
与ダメージ＋35％
特殊効果：一定時間ごとにダメージを受ける。
[食事可能な魔獣]
百蟲綱"
Pawprint,Captured,,,"暴击发动率+50%
造成伤害+35%
特殊效果：每隔一段时间受到伤害
适于以下魔兽食用：
百虫纲","クリティカル発動率＋50％
与ダメージ＋35％
特殊効果：一定時間ごとにダメージを受ける。
[食事可能な魔獣]
百蟲綱"
Pawprint,Captured,,,"暴击发动率+50%
造成伤害+35%
特殊效果：每隔一段时间受到伤害
适于以下魔獣食用：
百虫纲","クリティカル発動率＋50％
与ダメージ＋35％
特殊効果：一定時間ごとにダメージを受ける。
[食事可能な魔獣]
百蟲綱"
Pawprint,Captured,,,"暴击发动率+8%
特殊効果：暴击时有25%的几率为自身附加1档“伤害提高”状态
伤害提高效果：造成伤害提高3%
伤害提高持续时间：30秒
最大档数：8档","クリティカル発動率＋8％
特殊効果：クリティカル発生時、25％の確率で自身に「ダメージ上昇」を1スタック付与する。
ダメージ上昇効果：与ダメージを3％上昇させる。
ダメージ上昇効果時間：30秒
最大スタック8"
Pawprint,,,,"暴击发动率+8%
特殊效果：暴击时有25%的几率为自身附加1档“伤害提高”状态
伤害提高效果：造成伤害提高3%
伤害提高持续时间：30秒
最大档数：8档","クリティカル発動率＋8％
特殊効果：クリティカル発生時、25％の確率で自身に「ダメージ上昇」を1スタック付与する。
ダメージ上昇効果：与ダメージを3％上昇させる。
ダメージ上昇効果時間：30秒
最大スタック8"
Pawprint,Captured,,,"暴击发动率+8%
特殊効果：暴击时有25%的几率为自身附加1档“伤害提高”状态
伤害提高效果：造成伤害提高3%
伤害提高持续时间：30秒
最大档数：8档","クリティカル発動率＋8％
特殊効果：クリティカル発生時、25％の確率で自身に「ダメージ上昇」を1スタック付与する。
ダメージ上昇効果：与ダメージを3％上昇させる。
ダメージ上昇効果時間：30秒
最大スタック8"
Pawprint,Captured,,,"暴击发动率+8%
特殊效果：暴击时有25%的几率为自身附加1档“伤害提高”状态
伤害提高效果：造成伤害提高3%
伤害提高持续时间：30秒
最大档数：8档","クリティカル発動率＋8％
特殊効果：クリティカル発生時、25％の確率で自身に「ダメージ上昇」を1スタック付与する。
ダメージ上昇効果：与ダメージを3％上昇させる。
ダメージ上昇効果時間：30秒
最大スタック8"
Pawprint,Captured,,,"暴击攻击力+35
造成伤害+3%
最大HP+7%","クリティカル攻撃力＋35
与ダメージ＋3％
最大ＨＰ＋7％"
Pawprint,,,,"暴击攻击力+35
造成伤害+3%
最大体力+7%","クリティカル攻撃力＋35
与ダメージ＋3％
最大ＨＰ＋7％"
Pawprint,Captured,,,"暴击攻击力+35
造成伤害+3%
最大HP+7%","クリティカル攻撃力＋35
与ダメージ＋3％
最大ＨＰ＋7％"
Pawprint,Captured,,,"暴击攻击力+35
造成伤害+3%
最大体力+7%","クリティカル攻撃力＋35
与ダメージ＋3％
最大ＨＰ＋7％"
Pawprint,,,,"暴击攻击力+60
以太爆发威力+10%
适于以下魔兽食用：
百兽纲 百虫纲 有翼纲 草木纲 水栖纲 甲鳞纲 死尸纲","クリティカル攻撃力＋60
エーテルバースト威力＋10％
[食事可能な魔獣]
百獣綱 百蟲綱 有翼綱 草木綱 水棲綱 甲鱗綱 死屍綱"
Pawprint,Captured,,,"暴击攻击力+60
以太爆发威力+10%
适于以下魔獣食用：
百兽纲 百虫纲 有翼纲 草木纲 水栖纲 甲鳞纲 死尸纲","クリティカル攻撃力＋60
エーテルバースト威力＋10％
[食事可能な魔獣]
百獣綱 百蟲綱 有翼綱 草木綱 水棲綱 甲鱗綱 死屍綱"
Pawprint,Captured,,,"暴击攻击力+60
以太爆发威力+10%
适于以下魔兽食用：
百兽纲 百虫纲 有翼纲 草木纲 水栖纲 甲鳞纲 死尸纲","クリティカル攻撃力＋60
エーテルバースト威力＋10％
[食事可能な魔獣]
百獣綱 百蟲綱 有翼綱 草木綱 水棲綱 甲鱗綱 死屍綱"
Pawprint,Captured,,,"暴击攻击力+60
以太爆发威力+10%
适于以下魔獣食用：
百兽纲 百虫纲 有翼纲 草木纲 水栖纲 甲鳞纲 死尸纲","クリティカル攻撃力＋60
エーテルバースト威力＋10％
[食事可能な魔獣]
百獣綱 百蟲綱 有翼綱 草木綱 水棲綱 甲鱗綱 死屍綱"
Pawprint,Captured,,,最低保持数##shoplimit###至少保留##shoplimit,最低保持数##shoplimit###至少保留##shoplimit
Pawprint,AssociatedWindowCapture2,,,最低保持額##shoplimit###至少保留##shoplimit,最低保持額##shoplimit###至少保留##shoplimit
Pawprint,Captured,,,"最大HP+10%
受到伤害-5%
死亡宣告耐性+100%","最大ＨＰ＋10％
被ダメージ－5％
死の宣告耐性＋100％"
Pawprint,Captured,,,"最大HP+10%
受到伤害-5%
死亡宣告耐性+100%","最大ＨＰ＋10％
被ダメージ－5％
死の宣告耐性＋100％"
Pawprint,Captured,,,"最大HP+12%
特殊効果：自身发动战技触发兽心协作技时，有25%的几率恢复一部分消耗的技力","最大ＨＰ＋12％
特殊効果：自身のウェポンスキル実行時に獣心技連携に成功すると、25％の確率で消費したＴＰの一部が回復する。"
Pawprint,Captured,,,"最大HP+12%
特殊效果：自身发动战技触发兽心协作技时，有25%的几率恢复一部分消耗的技力","最大ＨＰ＋12％
特殊効果：自身のウェポンスキル実行時に獣心技連携に成功すると、25％の確率で消費したＴＰの一部が回復する。"
Pawprint,Captured,,,"最大HP+12%
特殊効果：自身发动战技触发兽心协作技时，有25%的几率恢复一部分消耗的技力","最大ＨＰ＋12％
特殊効果：自身のウェポンスキル実行時に獣心技連携に成功すると、25％の確率で消費したＴＰの一部が回復する。"
Pawprint,Captured,,,"最大HP+12%
特殊效果：自身发动战技触发兽心协作技时，有25%的几率恢复一部分消耗的技力","最大ＨＰ＋12％
特殊効果：自身のウェポンスキル実行時に獣心技連携に成功すると、25％の確率で消費したＴＰの一部が回復する。"
Pawprint,Captured,,,"最大HP+15%
造成伤害+5%
特殊効果：斗兽奇弈结束时，魔兽获得的经验值增加25%
特殊効果：将此食事喂给魔兽后，可以恢复10%的体力
适于以下魔兽食用：
百兽纲 百虫纲 有翼纲 草木纲 水栖纲 甲鳞纲 咒具纲 死尸纲","最大ＨＰ＋15％
与ダメージ＋5％
特殊効果：闘獣練終了時、ペットの獲得経験値を25％増加させる。
特殊効果：この餌をペットに与えると、ＨＰを10％回復する。
[食事可能な魔獣]
百獣綱 百蟲綱 有翼綱 草木綱 水棲綱 甲鱗綱 呪具綱 死屍綱"
Pawprint,Captured,,,"最大HP+15%
造成伤害+5%
特殊効果：斗兽奇弈结束时，魔兽获得的经验值增加25%
特殊効果：将此食料喂给魔兽后，可以恢复10%的体力
适于以下魔兽食用：
百兽纲 百虫纲 有翼纲 草木纲 水栖纲 甲鳞纲 咒具纲 死尸纲","最大ＨＰ＋15％
与ダメージ＋5％
特殊効果：闘獣練終了時、ペットの獲得経験値を25％増加させる。
特殊効果：この餌をペットに与えると、ＨＰを10％回復する。
[食事可能な魔獣]
百獣綱 百蟲綱 有翼綱 草木綱 水棲綱 甲鱗綱 呪具綱 死屍綱"
Pawprint,Captured,,,"最大HP+15%
造成伤害+5%
特殊効果：斗兽奇弈结束时，魔獣获得的经验值增加25%
特殊効果：将此食事喂给魔獣后，可以恢复10%的体力
适于以下魔獣食用：
百兽纲 百虫纲 有翼纲 草木纲 水栖纲 甲鳞纲 咒具纲 死尸纲","最大ＨＰ＋15％
与ダメージ＋5％
特殊効果：闘獣練終了時、ペットの獲得経験値を25％増加させる。
特殊効果：この餌をペットに与えると、ＨＰを10％回復する。
[食事可能な魔獣]
百獣綱 百蟲綱 有翼綱 草木綱 水棲綱 甲鱗綱 呪具綱 死屍綱"
Pawprint,Captured,,,"最大HP+15%
造成伤害+5%
特殊効果：斗兽奇弈结束时，魔獣获得的经验值增加25%
特殊効果：将此食料喂给魔獣后，可以恢复10%的体力
适于以下魔獣食用：
百兽纲 百虫纲 有翼纲 草木纲 水栖纲 甲鳞纲 咒具纲 死尸纲","最大ＨＰ＋15％
与ダメージ＋5％
特殊効果：闘獣練終了時、ペットの獲得経験値を25％増加させる。
特殊効果：この餌をペットに与えると、ＨＰを10％回復する。
[食事可能な魔獣]
百獣綱 百蟲綱 有翼綱 草木綱 水棲綱 甲鱗綱 呪具綱 死屍綱"
Pawprint,Captured,,,"最大HP+15%
造成伤害+5%
特殊効果：闘獣練结束时，魔兽获得的经验值增加25%
特殊効果：将此食事喂给魔兽后，可以恢复10%的体力
适于以下魔兽食用：
百兽纲 百虫纲 有翼纲 草木纲 水栖纲 甲鳞纲 咒具纲 死尸纲","最大ＨＰ＋15％
与ダメージ＋5％
特殊効果：闘獣練終了時、ペットの獲得経験値を25％増加させる。
特殊効果：この餌をペットに与えると、ＨＰを10％回復する。
[食事可能な魔獣]
百獣綱 百蟲綱 有翼綱 草木綱 水棲綱 甲鱗綱 呪具綱 死屍綱"
Pawprint,Captured,,,"最大HP+15%
造成伤害+5%
特殊効果：闘獣練结束时，魔兽获得的经验值增加25%
特殊効果：将此食料喂给魔兽后，可以恢复10%的体力
适于以下魔兽食用：
百兽纲 百虫纲 有翼纲 草木纲 水栖纲 甲鳞纲 咒具纲 死尸纲","最大ＨＰ＋15％
与ダメージ＋5％
特殊効果：闘獣練終了時、ペットの獲得経験値を25％増加させる。
特殊効果：この餌をペットに与えると、ＨＰを10％回復する。
[食事可能な魔獣]
百獣綱 百蟲綱 有翼綱 草木綱 水棲綱 甲鱗綱 呪具綱 死屍綱"
Pawprint,Captured,,,"最大HP+15%
造成伤害+5%
特殊効果：闘獣練结束时，魔獣获得的经验值增加25%
特殊効果：将此食事喂给魔獣后，可以恢复10%的体力
适于以下魔獣食用：
百兽纲 百虫纲 有翼纲 草木纲 水栖纲 甲鳞纲 咒具纲 死尸纲","最大ＨＰ＋15％
与ダメージ＋5％
特殊効果：闘獣練終了時、ペットの獲得経験値を25％増加させる。
特殊効果：この餌をペットに与えると、ＨＰを10％回復する。
[食事可能な魔獣]
百獣綱 百蟲綱 有翼綱 草木綱 水棲綱 甲鱗綱 呪具綱 死屍綱"
Pawprint,Captured,,,"最大HP+15%
造成伤害+5%
特殊効果：闘獣練结束时，魔獣获得的经验值增加25%
特殊効果：将此食料喂给魔獣后，可以恢复10%的体力
适于以下魔獣食用：
百兽纲 百虫纲 有翼纲 草木纲 水栖纲 甲鳞纲 咒具纲 死尸纲","最大ＨＰ＋15％
与ダメージ＋5％
特殊効果：闘獣練終了時、ペットの獲得経験値を25％増加させる。
特殊効果：この餌をペットに与えると、ＨＰを10％回復する。
[食事可能な魔獣]
百獣綱 百蟲綱 有翼綱 草木綱 水棲綱 甲鱗綱 呪具綱 死屍綱"
Pawprint,Captured,,,"最大HP+15%
造成伤害+5%
特殊效果：斗兽奇弈结束时，魔兽获得的经验值增加25%
特殊效果：将此食事喂给魔兽后，可以恢复10%的体力
适于以下魔兽食用：
百兽纲 百虫纲 有翼纲 草木纲 水栖纲 甲鳞纲 咒具纲 死尸纲","最大ＨＰ＋15％
与ダメージ＋5％
特殊効果：闘獣練終了時、ペットの獲得経験値を25％増加させる。
特殊効果：この餌をペットに与えると、ＨＰを10％回復する。
[食事可能な魔獣]
百獣綱 百蟲綱 有翼綱 草木綱 水棲綱 甲鱗綱 呪具綱 死屍綱"
Pawprint,Captured,,,"最大HP+15%
造成伤害+5%
特殊效果：斗兽奇弈结束时，魔兽获得的经验值增加25%
特殊效果：将此食料喂给魔兽后，可以恢复10%的体力
适于以下魔兽食用：
百兽纲 百虫纲 有翼纲 草木纲 水栖纲 甲鳞纲 咒具纲 死尸纲","最大ＨＰ＋15％
与ダメージ＋5％
特殊効果：闘獣練終了時、ペットの獲得経験値を25％増加させる。
特殊効果：この餌をペットに与えると、ＨＰを10％回復する。
[食事可能な魔獣]
百獣綱 百蟲綱 有翼綱 草木綱 水棲綱 甲鱗綱 呪具綱 死屍綱"
Pawprint,Captured,,,"最大HP+15%
造成伤害+5%
特殊效果：斗兽奇弈结束时，魔獣获得的经验值增加25%
特殊效果：将此食事喂给魔獣后，可以恢复10%的体力
适于以下魔獣食用：
百兽纲 百虫纲 有翼纲 草木纲 水栖纲 甲鳞纲 咒具纲 死尸纲","最大ＨＰ＋15％
与ダメージ＋5％
特殊効果：闘獣練終了時、ペットの獲得経験値を25％増加させる。
特殊効果：この餌をペットに与えると、ＨＰを10％回復する。
[食事可能な魔獣]
百獣綱 百蟲綱 有翼綱 草木綱 水棲綱 甲鱗綱 呪具綱 死屍綱"
Pawprint,Captured,,,"最大HP+15%
造成伤害+5%
特殊效果：斗兽奇弈结束时，魔獣获得的经验值增加25%
特殊效果：将此食料喂给魔獣后，可以恢复10%的体力
适于以下魔獣食用：
百兽纲 百虫纲 有翼纲 草木纲 水栖纲 甲鳞纲 咒具纲 死尸纲","最大ＨＰ＋15％
与ダメージ＋5％
特殊効果：闘獣練終了時、ペットの獲得経験値を25％増加させる。
特殊効果：この餌をペットに与えると、ＨＰを10％回復する。
[食事可能な魔獣]
百獣綱 百蟲綱 有翼綱 草木綱 水棲綱 甲鱗綱 呪具綱 死屍綱"
Pawprint,Captured,,,"最大HP+15%
造成伤害+5%
特殊效果：闘獣練结束时，魔兽获得的经验值增加25%
特殊效果：将此食事喂给魔兽后，可以恢复10%的体力
适于以下魔兽食用：
百兽纲 百虫纲 有翼纲 草木纲 水栖纲 甲鳞纲 咒具纲 死尸纲","最大ＨＰ＋15％
与ダメージ＋5％
特殊効果：闘獣練終了時、ペットの獲得経験値を25％増加させる。
特殊効果：この餌をペットに与えると、ＨＰを10％回復する。
[食事可能な魔獣]
百獣綱 百蟲綱 有翼綱 草木綱 水棲綱 甲鱗綱 呪具綱 死屍綱"
Pawprint,Captured,,,"最大HP+15%
造成伤害+5%
特殊效果：闘獣練结束时，魔兽获得的经验值增加25%
特殊效果：将此食料喂给魔兽后，可以恢复10%的体力
适于以下魔兽食用：
百兽纲 百虫纲 有翼纲 草木纲 水栖纲 甲鳞纲 咒具纲 死尸纲","最大ＨＰ＋15％
与ダメージ＋5％
特殊効果：闘獣練終了時、ペットの獲得経験値を25％増加させる。
特殊効果：この餌をペットに与えると、ＨＰを10％回復する。
[食事可能な魔獣]
百獣綱 百蟲綱 有翼綱 草木綱 水棲綱 甲鱗綱 呪具綱 死屍綱"
Pawprint,Captured,,,"最大HP+15%
造成伤害+5%
特殊效果：闘獣練结束时，魔獣获得的经验值增加25%
特殊效果：将此食事喂给魔獣后，可以恢复10%的体力
适于以下魔獣食用：
百兽纲 百虫纲 有翼纲 草木纲 水栖纲 甲鳞纲 咒具纲 死尸纲","最大ＨＰ＋15％
与ダメージ＋5％
特殊効果：闘獣練終了時、ペットの獲得経験値を25％増加させる。
特殊効果：この餌をペットに与えると、ＨＰを10％回復する。
[食事可能な魔獣]
百獣綱 百蟲綱 有翼綱 草木綱 水棲綱 甲鱗綱 呪具綱 死屍綱"
Pawprint,Captured,,,"最大HP+15%
造成伤害+5%
特殊效果：闘獣練结束时，魔獣获得的经验值增加25%
特殊效果：将此食料喂给魔獣后，可以恢复10%的体力
适于以下魔獣食用：
百兽纲 百虫纲 有翼纲 草木纲 水栖纲 甲鳞纲 咒具纲 死尸纲","最大ＨＰ＋15％
与ダメージ＋5％
特殊効果：闘獣練終了時、ペットの獲得経験値を25％増加させる。
特殊効果：この餌をペットに与えると、ＨＰを10％回復する。
[食事可能な魔獣]
百獣綱 百蟲綱 有翼綱 草木綱 水棲綱 甲鱗綱 呪具綱 死屍綱"
Pawprint,Captured,,,"最大HP+15%
造成伤害+5%
特殊効果：斗兽奇弈结束时，魔兽获得的经验值增加25%
特殊効果：将此食事喂给魔兽后，可以恢复10%的体力
适于以下魔兽食用：
百兽纲 百虫纲 有翼纲 草木纲 水栖纲 甲鳞纲 咒具纲 死尸纲","最大ＨＰ＋15％
与ダメージ＋5％
特殊効果：闘獣練終了時、ペットの獲得経験値を25％増加させる。
特殊効果：この餌をペットに与えると、ＨＰを10％回復する。
[食事可能な魔獣]
百獣綱 百蟲綱 有翼綱 草木綱 水棲綱 甲鱗綱 呪具綱 死屍綱"
Pawprint,Captured,,,"最大HP+15%
造成伤害+5%
特殊効果：斗兽奇弈结束时，魔兽获得的经验值增加25%
特殊効果：将此食料喂给魔兽后，可以恢复10%的体力
适于以下魔兽食用：
百兽纲 百虫纲 有翼纲 草木纲 水栖纲 甲鳞纲 咒具纲 死尸纲","最大ＨＰ＋15％
与ダメージ＋5％
特殊効果：闘獣練終了時、ペットの獲得経験値を25％増加させる。
特殊効果：この餌をペットに与えると、ＨＰを10％回復する。
[食事可能な魔獣]
百獣綱 百蟲綱 有翼綱 草木綱 水棲綱 甲鱗綱 呪具綱 死屍綱"
Pawprint,Captured,,,"最大HP+15%
造成伤害+5%
特殊効果：斗兽奇弈结束时，魔獣获得的经验值增加25%
特殊効果：将此食事喂给魔獣后，可以恢复10%的体力
适于以下魔獣食用：
百兽纲 百虫纲 有翼纲 草木纲 水栖纲 甲鳞纲 咒具纲 死尸纲","最大ＨＰ＋15％
与ダメージ＋5％
特殊効果：闘獣練終了時、ペットの獲得経験値を25％増加させる。
特殊効果：この餌をペットに与えると、ＨＰを10％回復する。
[食事可能な魔獣]
百獣綱 百蟲綱 有翼綱 草木綱 水棲綱 甲鱗綱 呪具綱 死屍綱"
Pawprint,Captured,,,"最大HP+15%
造成伤害+5%
特殊効果：斗兽奇弈结束时，魔獣获得的经验值增加25%
特殊効果：将此食料喂给魔獣后，可以恢复10%的体力
适于以下魔獣食用：
百兽纲 百虫纲 有翼纲 草木纲 水栖纲 甲鳞纲 咒具纲 死尸纲","最大ＨＰ＋15％
与ダメージ＋5％
特殊効果：闘獣練終了時、ペットの獲得経験値を25％増加させる。
特殊効果：この餌をペットに与えると、ＨＰを10％回復する。
[食事可能な魔獣]
百獣綱 百蟲綱 有翼綱 草木綱 水棲綱 甲鱗綱 呪具綱 死屍綱"
Pawprint,Captured,,,"最大HP+15%
造成伤害+5%
特殊効果：闘獣練结束时，魔兽获得的经验值增加25%
特殊効果：将此食事喂给魔兽后，可以恢复10%的体力
适于以下魔兽食用：
百兽纲 百虫纲 有翼纲 草木纲 水栖纲 甲鳞纲 咒具纲 死尸纲","最大ＨＰ＋15％
与ダメージ＋5％
特殊効果：闘獣練終了時、ペットの獲得経験値を25％増加させる。
特殊効果：この餌をペットに与えると、ＨＰを10％回復する。
[食事可能な魔獣]
百獣綱 百蟲綱 有翼綱 草木綱 水棲綱 甲鱗綱 呪具綱 死屍綱"
Pawprint,Captured,,,"最大HP+15%
造成伤害+5%
特殊効果：闘獣練结束时，魔兽获得的经验值增加25%
特殊効果：将此食料喂给魔兽后，可以恢复10%的体力
适于以下魔兽食用：
百兽纲 百虫纲 有翼纲 草木纲 水栖纲 甲鳞纲 咒具纲 死尸纲","最大ＨＰ＋15％
与ダメージ＋5％
特殊効果：闘獣練終了時、ペットの獲得経験値を25％増加させる。
特殊効果：この餌をペットに与えると、ＨＰを10％回復する。
[食事可能な魔獣]
百獣綱 百蟲綱 有翼綱 草木綱 水棲綱 甲鱗綱 呪具綱 死屍綱"
Pawprint,Captured,,,"最大HP+15%
造成伤害+5%
特殊効果：闘獣練结束时，魔獣获得的经验值增加25%
特殊効果：将此食事喂给魔獣后，可以恢复10%的体力
适于以下魔獣食用：
百兽纲 百虫纲 有翼纲 草木纲 水栖纲 甲鳞纲 咒具纲 死尸纲","最大ＨＰ＋15％
与ダメージ＋5％
特殊効果：闘獣練終了時、ペットの獲得経験値を25％増加させる。
特殊効果：この餌をペットに与えると、ＨＰを10％回復する。
[食事可能な魔獣]
百獣綱 百蟲綱 有翼綱 草木綱 水棲綱 甲鱗綱 呪具綱 死屍綱"
Pawprint,Captured,,,"最大HP+15%
造成伤害+5%
特殊効果：闘獣練结束时，魔獣获得的经验值增加25%
特殊効果：将此食料喂给魔獣后，可以恢复10%的体力
适于以下魔獣食用：
百兽纲 百虫纲 有翼纲 草木纲 水栖纲 甲鳞纲 咒具纲 死尸纲","最大ＨＰ＋15％
与ダメージ＋5％
特殊効果：闘獣練終了時、ペットの獲得経験値を25％増加させる。
特殊効果：この餌をペットに与えると、ＨＰを10％回復する。
[食事可能な魔獣]
百獣綱 百蟲綱 有翼綱 草木綱 水棲綱 甲鱗綱 呪具綱 死屍綱"
Pawprint,Captured,,,"最大HP+15%
造成伤害+5%
特殊效果：斗兽奇弈结束时，魔兽获得的经验值增加25%
特殊效果：将此食事喂给魔兽后，可以恢复10%的体力
适于以下魔兽食用：
百兽纲 百虫纲 有翼纲 草木纲 水栖纲 甲鳞纲 咒具纲 死尸纲","最大ＨＰ＋15％
与ダメージ＋5％
特殊効果：闘獣練終了時、ペットの獲得経験値を25％増加させる。
特殊効果：この餌をペットに与えると、ＨＰを10％回復する。
[食事可能な魔獣]
百獣綱 百蟲綱 有翼綱 草木綱 水棲綱 甲鱗綱 呪具綱 死屍綱"
Pawprint,Captured,,,"最大HP+15%
造成伤害+5%
特殊效果：斗兽奇弈结束时，魔兽获得的经验值增加25%
特殊效果：将此食料喂给魔兽后，可以恢复10%的体力
适于以下魔兽食用：
百兽纲 百虫纲 有翼纲 草木纲 水栖纲 甲鳞纲 咒具纲 死尸纲","最大ＨＰ＋15％
与ダメージ＋5％
特殊効果：闘獣練終了時、ペットの獲得経験値を25％増加させる。
特殊効果：この餌をペットに与えると、ＨＰを10％回復する。
[食事可能な魔獣]
百獣綱 百蟲綱 有翼綱 草木綱 水棲綱 甲鱗綱 呪具綱 死屍綱"
Pawprint,Captured,,,"最大HP+15%
造成伤害+5%
特殊效果：斗兽奇弈结束时，魔獣获得的经验值增加25%
特殊效果：将此食事喂给魔獣后，可以恢复10%的体力
适于以下魔獣食用：
百兽纲 百虫纲 有翼纲 草木纲 水栖纲 甲鳞纲 咒具纲 死尸纲","最大ＨＰ＋15％
与ダメージ＋5％
特殊効果：闘獣練終了時、ペットの獲得経験値を25％増加させる。
特殊効果：この餌をペットに与えると、ＨＰを10％回復する。
[食事可能な魔獣]
百獣綱 百蟲綱 有翼綱 草木綱 水棲綱 甲鱗綱 呪具綱 死屍綱"
Pawprint,Captured,,,"最大HP+15%
造成伤害+5%
特殊效果：斗兽奇弈结束时，魔獣获得的经验值增加25%
特殊效果：将此食料喂给魔獣后，可以恢复10%的体力
适于以下魔獣食用：
百兽纲 百虫纲 有翼纲 草木纲 水栖纲 甲鳞纲 咒具纲 死尸纲","最大ＨＰ＋15％
与ダメージ＋5％
特殊効果：闘獣練終了時、ペットの獲得経験値を25％増加させる。
特殊効果：この餌をペットに与えると、ＨＰを10％回復する。
[食事可能な魔獣]
百獣綱 百蟲綱 有翼綱 草木綱 水棲綱 甲鱗綱 呪具綱 死屍綱"
Pawprint,Captured,,,"最大HP+15%
造成伤害+5%
特殊效果：闘獣練结束时，魔兽获得的经验值增加25%
特殊效果：将此食事喂给魔兽后，可以恢复10%的体力
适于以下魔兽食用：
百兽纲 百虫纲 有翼纲 草木纲 水栖纲 甲鳞纲 咒具纲 死尸纲","最大ＨＰ＋15％
与ダメージ＋5％
特殊効果：闘獣練終了時、ペットの獲得経験値を25％増加させる。
特殊効果：この餌をペットに与えると、ＨＰを10％回復する。
[食事可能な魔獣]
百獣綱 百蟲綱 有翼綱 草木綱 水棲綱 甲鱗綱 呪具綱 死屍綱"
Pawprint,Captured,,,"最大HP+15%
造成伤害+5%
特殊效果：闘獣練结束时，魔兽获得的经验值增加25%
特殊效果：将此食料喂给魔兽后，可以恢复10%的体力
适于以下魔兽食用：
百兽纲 百虫纲 有翼纲 草木纲 水栖纲 甲鳞纲 咒具纲 死尸纲","最大ＨＰ＋15％
与ダメージ＋5％
特殊効果：闘獣練終了時、ペットの獲得経験値を25％増加させる。
特殊効果：この餌をペットに与えると、ＨＰを10％回復する。
[食事可能な魔獣]
百獣綱 百蟲綱 有翼綱 草木綱 水棲綱 甲鱗綱 呪具綱 死屍綱"
Pawprint,Captured,,,"最大HP+15%
造成伤害+5%
特殊效果：闘獣練结束时，魔獣获得的经验值增加25%
特殊效果：将此食事喂给魔獣后，可以恢复10%的体力
适于以下魔獣食用：
百兽纲 百虫纲 有翼纲 草木纲 水栖纲 甲鳞纲 咒具纲 死尸纲","最大ＨＰ＋15％
与ダメージ＋5％
特殊効果：闘獣練終了時、ペットの獲得経験値を25％増加させる。
特殊効果：この餌をペットに与えると、ＨＰを10％回復する。
[食事可能な魔獣]
百獣綱 百蟲綱 有翼綱 草木綱 水棲綱 甲鱗綱 呪具綱 死屍綱"
Pawprint,Captured,,,"最大HP+15%
造成伤害+5%
特殊效果：闘獣練结束时，魔獣获得的经验值增加25%
特殊效果：将此食料喂给魔獣后，可以恢复10%的体力
适于以下魔獣食用：
百兽纲 百虫纲 有翼纲 草木纲 水栖纲 甲鳞纲 咒具纲 死尸纲","最大ＨＰ＋15％
与ダメージ＋5％
特殊効果：闘獣練終了時、ペットの獲得経験値を25％増加させる。
特殊効果：この餌をペットに与えると、ＨＰを10％回復する。
[食事可能な魔獣]
百獣綱 百蟲綱 有翼綱 草木綱 水棲綱 甲鱗綱 呪具綱 死屍綱"
Pawprint,Captured,,,"最大HP+17%
回避率+8%
特殊効果：成功回避攻击时，为自身附加1档“加速”状态
加速效果：自动攻击间隔、战技与魔法的咏唱及复唱时间缩短2%
加速持续时间：60秒
最大档数：5档","最大ＨＰ＋17％
回避率＋8％
特殊効果：攻撃を回避したとき、自身に「ヘイスト」を1スタック付与する。
ヘイスト効果：オートアタックの攻撃間隔と、ウェポンスキルおよび魔法のキャストタイムとリキャストタイムを2％短縮する。
ヘイスト効果時間：60秒
最大スタック5"
Pawprint,Captured,,,"最大HP+17%
回避率+8%
特殊效果：成功回避攻击时，为自身附加1档“加速”状态
加速效果：自动攻击间隔、战技与魔法的咏唱及复唱时间缩短2%
加速持续时间：60秒
最大档数：5档","最大ＨＰ＋17％
回避率＋8％
特殊効果：攻撃を回避したとき、自身に「ヘイスト」を1スタック付与する。
ヘイスト効果：オートアタックの攻撃間隔と、ウェポンスキルおよび魔法のキャストタイムとリキャストタイムを2％短縮する。
ヘイスト効果時間：60秒
最大スタック5"
Pawprint,Captured,,,"最大HP+17%
回避率+8%
特殊効果：成功回避攻击时，为自身附加1档“加速”状态
加速效果：自动攻击间隔、战技与魔法的咏唱及复唱时间缩短2%
加速持续时间：60秒
最大档数：5档","最大ＨＰ＋17％
回避率＋8％
特殊効果：攻撃を回避したとき、自身に「ヘイスト」を1スタック付与する。
ヘイスト効果：オートアタックの攻撃間隔と、ウェポンスキルおよび魔法のキャストタイムとリキャストタイムを2％短縮する。
ヘイスト効果時間：60秒
最大スタック5"
Pawprint,Captured,,,"最大HP+17%
回避率+8%
特殊效果：成功回避攻击时，为自身附加1档“加速”状态
加速效果：自动攻击间隔、战技与魔法的咏唱及复唱时间缩短2%
加速持续时间：60秒
最大档数：5档","最大ＨＰ＋17％
回避率＋8％
特殊効果：攻撃を回避したとき、自身に「ヘイスト」を1スタック付与する。
ヘイスト効果：オートアタックの攻撃間隔と、ウェポンスキルおよび魔法のキャストタイムとリキャストタイムを2％短縮する。
ヘイスト効果時間：60秒
最大スタック5"
Pawprint,,,,最大HP+20%,最大HP+20%
Pawprint,Captured,,,"最大HP+20%
暴击发动率+15%
特殊効果：暴击时有5%的几率为自身附加1档“体力持续恢复”状态
体力持续恢复效果：每隔一段时间恢复自身最大HP的3%
体力持续恢复持续时间：6秒
最大档数：8档
特殊効果：将此食事喂给魔兽后，可以恢复13%的体力
适于以下魔兽食用：
水栖纲","最大ＨＰ＋20％
クリティカル発動率＋15％
特殊効果：クリティカル発生時、5％の確率で自身に「徐々にＨＰ回復」を1スタック付与する。
徐々にＨＰ回復効果：一定時間ごとにＨＰを最大ＨＰの3％分回復する。
徐々にＨＰ回復効果時間：6秒
最大スタック8
特殊効果：この餌をペットに与えると、ＨＰを13％回復する。
[食事可能な魔獣]
水棲綱"
Pawprint,Captured,,,"最大HP+20%
暴击发动率+15%
特殊効果：暴击时有5%的几率为自身附加1档“体力持续恢复”状态
体力持续恢复效果：每隔一段时间恢复自身最大HP的3%
体力持续恢复持续时间：6秒
最大档数：8档
特殊効果：将此食事喂给魔獣后，可以恢复13%的体力
适于以下魔獣食用：
水栖纲","最大ＨＰ＋20％
クリティカル発動率＋15％
特殊効果：クリティカル発生時、5％の確率で自身に「徐々にＨＰ回復」を1スタック付与する。
徐々にＨＰ回復効果：一定時間ごとにＨＰを最大ＨＰの3％分回復する。
徐々にＨＰ回復効果時間：6秒
最大スタック8
特殊効果：この餌をペットに与えると、ＨＰを13％回復する。
[食事可能な魔獣]
水棲綱"
Pawprint,Captured,,,"最大HP+20%
暴击发动率+15%
特殊効果：暴击时有5%的几率为自身附加1档“体力持续恢复”状态
体力持续恢复效果：每隔一段时间恢复自身最大HP的3%
体力持续恢复持续时间：6秒
最大档数：8档
特殊効果：将此食料喂给魔兽后，可以恢复13%的体力
适于以下魔兽食用：
水栖纲","最大ＨＰ＋20％
クリティカル発動率＋15％
特殊効果：クリティカル発生時、5％の確率で自身に「徐々にＨＰ回復」を1スタック付与する。
徐々にＨＰ回復効果：一定時間ごとにＨＰを最大ＨＰの3％分回復する。
徐々にＨＰ回復効果時間：6秒
最大スタック8
特殊効果：この餌をペットに与えると、ＨＰを13％回復する。
[食事可能な魔獣]
水棲綱"
Pawprint,Captured,,,"最大HP+20%
暴击发动率+15%
特殊効果：暴击时有5%的几率为自身附加1档“体力持续恢复”状态
体力持续恢复效果：每隔一段时间恢复自身最大HP的3%
体力持续恢复持续时间：6秒
最大档数：8档
特殊効果：将此食料喂给魔獣后，可以恢复13%的体力
适于以下魔獣食用：
水栖纲","最大ＨＰ＋20％
クリティカル発動率＋15％
特殊効果：クリティカル発生時、5％の確率で自身に「徐々にＨＰ回復」を1スタック付与する。
徐々にＨＰ回復効果：一定時間ごとにＨＰを最大ＨＰの3％分回復する。
徐々にＨＰ回復効果時間：6秒
最大スタック8
特殊効果：この餌をペットに与えると、ＨＰを13％回復する。
[食事可能な魔獣]
水棲綱"
Pawprint,Captured,,,"最大HP+20%
暴击发动率+15%
特殊效果：暴击时有5%的几率为自身附加1档“体力持续恢复”状态
体力持续恢复效果：每隔一段时间恢复自身最大HP的3%
体力持续恢复持续时间：6秒
最大档数：8档
特殊效果：将此食事喂给魔兽后，可以恢复13%的体力
适于以下魔兽食用：
水栖纲","最大ＨＰ＋20％
クリティカル発動率＋15％
特殊効果：クリティカル発生時、5％の確率で自身に「徐々にＨＰ回復」を1スタック付与する。
徐々にＨＰ回復効果：一定時間ごとにＨＰを最大ＨＰの3％分回復する。
徐々にＨＰ回復効果時間：6秒
最大スタック8
特殊効果：この餌をペットに与えると、ＨＰを13％回復する。
[食事可能な魔獣]
水棲綱"
Pawprint,Captured,,,"最大HP+20%
暴击发动率+15%
特殊效果：暴击时有5%的几率为自身附加1档“体力持续恢复”状态
体力持续恢复效果：每隔一段时间恢复自身最大HP的3%
体力持续恢复持续时间：6秒
最大档数：8档
特殊效果：将此食事喂给魔獣后，可以恢复13%的体力
适于以下魔獣食用：
水栖纲","最大ＨＰ＋20％
クリティカル発動率＋15％
特殊効果：クリティカル発生時、5％の確率で自身に「徐々にＨＰ回復」を1スタック付与する。
徐々にＨＰ回復効果：一定時間ごとにＨＰを最大ＨＰの3％分回復する。
徐々にＨＰ回復効果時間：6秒
最大スタック8
特殊効果：この餌をペットに与えると、ＨＰを13％回復する。
[食事可能な魔獣]
水棲綱"
Pawprint,Captured,,,"最大HP+20%
暴击发动率+15%
特殊效果：暴击时有5%的几率为自身附加1档“体力持续恢复”状态
体力持续恢复效果：每隔一段时间恢复自身最大HP的3%
体力持续恢复持续时间：6秒
最大档数：8档
特殊效果：将此食料喂给魔兽后，可以恢复13%的体力
适于以下魔兽食用：
水栖纲","最大ＨＰ＋20％
クリティカル発動率＋15％
特殊効果：クリティカル発生時、5％の確率で自身に「徐々にＨＰ回復」を1スタック付与する。
徐々にＨＰ回復効果：一定時間ごとにＨＰを最大ＨＰの3％分回復する。
徐々にＨＰ回復効果時間：6秒
最大スタック8
特殊効果：この餌をペットに与えると、ＨＰを13％回復する。
[食事可能な魔獣]
水棲綱"
Pawprint,Captured,,,"最大HP+20%
暴击发动率+15%
特殊效果：暴击时有5%的几率为自身附加1档“体力持续恢复”状态
体力持续恢复效果：每隔一段时间恢复自身最大HP的3%
体力持续恢复持续时间：6秒
最大档数：8档
特殊效果：将此食料喂给魔獣后，可以恢复13%的体力
适于以下魔獣食用：
水栖纲","最大ＨＰ＋20％
クリティカル発動率＋15％
特殊効果：クリティカル発生時、5％の確率で自身に「徐々にＨＰ回復」を1スタック付与する。
徐々にＨＰ回復効果：一定時間ごとにＨＰを最大ＨＰの3％分回復する。
徐々にＨＰ回復効果時間：6秒
最大スタック8
特殊効果：この餌をペットに与えると、ＨＰを13％回復する。
[食事可能な魔獣]
水棲綱"
Pawprint,Captured,,,"最大HP+20%
暴击发动率+15%
特殊効果：暴击时有5%的几率为自身附加1档“体力持续恢复”状态
体力持续恢复效果：每隔一段时间恢复自身最大HP的3%
体力持续恢复持续时间：6秒
最大档数：8档
特殊効果：将此食事喂给魔兽后，可以恢复13%的体力
适于以下魔兽食用：
水栖纲","最大ＨＰ＋20％
クリティカル発動率＋15％
特殊効果：クリティカル発生時、5％の確率で自身に「徐々にＨＰ回復」を1スタック付与する。
徐々にＨＰ回復効果：一定時間ごとにＨＰを最大ＨＰの3％分回復する。
徐々にＨＰ回復効果時間：6秒
最大スタック8
特殊効果：この餌をペットに与えると、ＨＰを13％回復する。
[食事可能な魔獣]
水棲綱"
Pawprint,Captured,,,"最大HP+20%
暴击发动率+15%
特殊効果：暴击时有5%的几率为自身附加1档“体力持续恢复”状态
体力持续恢复效果：每隔一段时间恢复自身最大HP的3%
体力持续恢复持续时间：6秒
最大档数：8档
特殊効果：将此食事喂给魔獣后，可以恢复13%的体力
适于以下魔獣食用：
水栖纲","最大ＨＰ＋20％
クリティカル発動率＋15％
特殊効果：クリティカル発生時、5％の確率で自身に「徐々にＨＰ回復」を1スタック付与する。
徐々にＨＰ回復効果：一定時間ごとにＨＰを最大ＨＰの3％分回復する。
徐々にＨＰ回復効果時間：6秒
最大スタック8
特殊効果：この餌をペットに与えると、ＨＰを13％回復する。
[食事可能な魔獣]
水棲綱"
Pawprint,Captured,,,"最大HP+20%
暴击发动率+15%
特殊効果：暴击时有5%的几率为自身附加1档“体力持续恢复”状态
体力持续恢复效果：每隔一段时间恢复自身最大HP的3%
体力持续恢复持续时间：6秒
最大档数：8档
特殊効果：将此食料喂给魔兽后，可以恢复13%的体力
适于以下魔兽食用：
水栖纲","最大ＨＰ＋20％
クリティカル発動率＋15％
特殊効果：クリティカル発生時、5％の確率で自身に「徐々にＨＰ回復」を1スタック付与する。
徐々にＨＰ回復効果：一定時間ごとにＨＰを最大ＨＰの3％分回復する。
徐々にＨＰ回復効果時間：6秒
最大スタック8
特殊効果：この餌をペットに与えると、ＨＰを13％回復する。
[食事可能な魔獣]
水棲綱"
Pawprint,Captured,,,"最大HP+20%
暴击发动率+15%
特殊効果：暴击时有5%的几率为自身附加1档“体力持续恢复”状态
体力持续恢复效果：每隔一段时间恢复自身最大HP的3%
体力持续恢复持续时间：6秒
最大档数：8档
特殊効果：将此食料喂给魔獣后，可以恢复13%的体力
适于以下魔獣食用：
水栖纲","最大ＨＰ＋20％
クリティカル発動率＋15％
特殊効果：クリティカル発生時、5％の確率で自身に「徐々にＨＰ回復」を1スタック付与する。
徐々にＨＰ回復効果：一定時間ごとにＨＰを最大ＨＰの3％分回復する。
徐々にＨＰ回復効果時間：6秒
最大スタック8
特殊効果：この餌をペットに与えると、ＨＰを13％回復する。
[食事可能な魔獣]
水棲綱"
Pawprint,Captured,,,"最大HP+20%
暴击发动率+15%
特殊效果：暴击时有5%的几率为自身附加1档“体力持续恢复”状态
体力持续恢复效果：每隔一段时间恢复自身最大HP的3%
体力持续恢复持续时间：6秒
最大档数：8档
特殊效果：将此食事喂给魔兽后，可以恢复13%的体力
适于以下魔兽食用：
水栖纲","最大ＨＰ＋20％
クリティカル発動率＋15％
特殊効果：クリティカル発生時、5％の確率で自身に「徐々にＨＰ回復」を1スタック付与する。
徐々にＨＰ回復効果：一定時間ごとにＨＰを最大ＨＰの3％分回復する。
徐々にＨＰ回復効果時間：6秒
最大スタック8
特殊効果：この餌をペットに与えると、ＨＰを13％回復する。
[食事可能な魔獣]
水棲綱"
Pawprint,Captured,,,"最大HP+20%
暴击发动率+15%
特殊效果：暴击时有5%的几率为自身附加1档“体力持续恢复”状态
体力持续恢复效果：每隔一段时间恢复自身最大HP的3%
体力持续恢复持续时间：6秒
最大档数：8档
特殊效果：将此食事喂给魔獣后，可以恢复13%的体力
适于以下魔獣食用：
水栖纲","最大ＨＰ＋20％
クリティカル発動率＋15％
特殊効果：クリティカル発生時、5％の確率で自身に「徐々にＨＰ回復」を1スタック付与する。
徐々にＨＰ回復効果：一定時間ごとにＨＰを最大ＨＰの3％分回復する。
徐々にＨＰ回復効果時間：6秒
最大スタック8
特殊効果：この餌をペットに与えると、ＨＰを13％回復する。
[食事可能な魔獣]
水棲綱"
Pawprint,Captured,,,"最大HP+20%
暴击发动率+15%
特殊效果：暴击时有5%的几率为自身附加1档“体力持续恢复”状态
体力持续恢复效果：每隔一段时间恢复自身最大HP的3%
体力持续恢复持续时间：6秒
最大档数：8档
特殊效果：将此食料喂给魔兽后，可以恢复13%的体力
适于以下魔兽食用：
水栖纲","最大ＨＰ＋20％
クリティカル発動率＋15％
特殊効果：クリティカル発生時、5％の確率で自身に「徐々にＨＰ回復」を1スタック付与する。
徐々にＨＰ回復効果：一定時間ごとにＨＰを最大ＨＰの3％分回復する。
徐々にＨＰ回復効果時間：6秒
最大スタック8
特殊効果：この餌をペットに与えると、ＨＰを13％回復する。
[食事可能な魔獣]
水棲綱"
Pawprint,Captured,,,"最大HP+20%
暴击发动率+15%
特殊效果：暴击时有5%的几率为自身附加1档“体力持续恢复”状态
体力持续恢复效果：每隔一段时间恢复自身最大HP的3%
体力持续恢复持续时间：6秒
最大档数：8档
特殊效果：将此食料喂给魔獣后，可以恢复13%的体力
适于以下魔獣食用：
水栖纲","最大ＨＰ＋20％
クリティカル発動率＋15％
特殊効果：クリティカル発生時、5％の確率で自身に「徐々にＨＰ回復」を1スタック付与する。
徐々にＨＰ回復効果：一定時間ごとにＨＰを最大ＨＰの3％分回復する。
徐々にＨＰ回復効果時間：6秒
最大スタック8
特殊効果：この餌をペットに与えると、ＨＰを13％回復する。
[食事可能な魔獣]
水棲綱"
Pawprint,Captured,,,"最大HP+3%
特殊効果：技力累积量提高25%","最大ＨＰ＋3％
特殊効果：ＴＰ蓄積量を25％上昇させる。"
Pawprint,Captured,,,"最大HP+3%
特殊效果：技力累积量提高25%","最大ＨＰ＋3％
特殊効果：ＴＰ蓄積量を25％上昇させる。"
Pawprint,Captured,,,"最大HP+3%
特殊効果：技力累积量提高25%","最大ＨＰ＋3％
特殊効果：ＴＰ蓄積量を25％上昇させる。"
Pawprint,Captured,,,"最大HP+3%
特殊效果：技力累积量提高25%","最大ＨＰ＋3％
特殊効果：ＴＰ蓄積量を25％上昇させる。"
Pawprint,Captured,,,"最大HP+30%
加速+15%
特殊効果：魔兽发动战技触发兽心协作技时，有30%的几率恢复一部分消耗的技力
特殊効果：将此食事喂给魔兽后，可以恢复18%的体力
适于以下魔兽食用：
百虫纲","最大ＨＰ＋30％
ヘイスト＋15％
特殊効果：ペットのウェポンスキル実行時に獣心技連携に成功すると、30％の確率で消費したＴＰの一部が回復する。
特殊効果：この餌をペットに与えると、ＨＰを18％回復する。
[食事可能な魔獣]
百蟲綱"
Pawprint,Captured,,,"最大HP+30%
加速+15%
特殊効果：魔兽发动战技触发兽心协作技时，有30%的几率恢复一部分消耗的技力
特殊効果：将此食料喂给魔兽后，可以恢复18%的体力
适于以下魔兽食用：
百虫纲","最大ＨＰ＋30％
ヘイスト＋15％
特殊効果：ペットのウェポンスキル実行時に獣心技連携に成功すると、30％の確率で消費したＴＰの一部が回復する。
特殊効果：この餌をペットに与えると、ＨＰを18％回復する。
[食事可能な魔獣]
百蟲綱"
Pawprint,Captured,,,"最大HP+30%
加速+15%
特殊効果：魔獣发动战技触发兽心协作技时，有30%的几率恢复一部分消耗的技力
特殊効果：将此食事喂给魔獣后，可以恢复18%的体力
适于以下魔獣食用：
百虫纲","最大ＨＰ＋30％
ヘイスト＋15％
特殊効果：ペットのウェポンスキル実行時に獣心技連携に成功すると、30％の確率で消費したＴＰの一部が回復する。
特殊効果：この餌をペットに与えると、ＨＰを18％回復する。
[食事可能な魔獣]
百蟲綱"
Pawprint,Captured,,,"最大HP+30%
加速+15%
特殊効果：魔獣发动战技触发兽心协作技时，有30%的几率恢复一部分消耗的技力
特殊効果：将此食料喂给魔獣后，可以恢复18%的体力
适于以下魔獣食用：
百虫纲","最大ＨＰ＋30％
ヘイスト＋15％
特殊効果：ペットのウェポンスキル実行時に獣心技連携に成功すると、30％の確率で消費したＴＰの一部が回復する。
特殊効果：この餌をペットに与えると、ＨＰを18％回復する。
[食事可能な魔獣]
百蟲綱"
Pawprint,Captured,,,"最大HP+30%
加速+15%
特殊效果：魔兽发动战技触发兽心协作技时，有30%的几率恢复一部分消耗的技力
特殊效果：将此食事喂给魔兽后，可以恢复18%的体力
适于以下魔兽食用：
百虫纲","最大ＨＰ＋30％
ヘイスト＋15％
特殊効果：ペットのウェポンスキル実行時に獣心技連携に成功すると、30％の確率で消費したＴＰの一部が回復する。
特殊効果：この餌をペットに与えると、ＨＰを18％回復する。
[食事可能な魔獣]
百蟲綱"
Pawprint,Captured,,,"最大HP+30%
加速+15%
特殊效果：魔兽发动战技触发兽心协作技时，有30%的几率恢复一部分消耗的技力
特殊效果：将此食料喂给魔兽后，可以恢复18%的体力
适于以下魔兽食用：
百虫纲","最大ＨＰ＋30％
ヘイスト＋15％
特殊効果：ペットのウェポンスキル実行時に獣心技連携に成功すると、30％の確率で消費したＴＰの一部が回復する。
特殊効果：この餌をペットに与えると、ＨＰを18％回復する。
[食事可能な魔獣]
百蟲綱"
Pawprint,Captured,,,"最大HP+30%
加速+15%
特殊效果：魔獣发动战技触发兽心协作技时，有30%的几率恢复一部分消耗的技力
特殊效果：将此食事喂给魔獣后，可以恢复18%的体力
适于以下魔獣食用：
百虫纲","最大ＨＰ＋30％
ヘイスト＋15％
特殊効果：ペットのウェポンスキル実行時に獣心技連携に成功すると、30％の確率で消費したＴＰの一部が回復する。
特殊効果：この餌をペットに与えると、ＨＰを18％回復する。
[食事可能な魔獣]
百蟲綱"
Pawprint,Captured,,,"最大HP+30%
加速+15%
特殊效果：魔獣发动战技触发兽心协作技时，有30%的几率恢复一部分消耗的技力
特殊效果：将此食料喂给魔獣后，可以恢复18%的体力
适于以下魔獣食用：
百虫纲","最大ＨＰ＋30％
ヘイスト＋15％
特殊効果：ペットのウェポンスキル実行時に獣心技連携に成功すると、30％の確率で消費したＴＰの一部が回復する。
特殊効果：この餌をペットに与えると、ＨＰを18％回復する。
[食事可能な魔獣]
百蟲綱"
Pawprint,Captured,,,"最大HP+30%
特殊効果：受到伤害时为自身附加1档“受到魔法伤害减轻”状态
受到魔法伤害减轻效果：受到的魔法伤害减轻5%
受到魔法伤害减轻持续时间：60秒
最大档数：8档
特殊効果：将此食事喂给魔兽后，可以恢复18%的体力
适于以下魔兽食用：
咒具纲","最大ＨＰ＋30％
特殊効果：ダメージを受けたとき、自身に「魔法被ダメージ軽減」を1スタック付与する。
魔法被ダメージ軽減効果：受ける魔法ダメージを5％軽減する。
魔法被ダメージ軽減効果時間：60秒
最大スタック8
特殊効果：この餌をペットに与えると、ＨＰを18％回復する。
[食事可能な魔獣]
呪具綱"
Pawprint,Captured,,,"最大HP+30%
特殊効果：受到伤害时为自身附加1档“受到魔法伤害减轻”状态
受到魔法伤害减轻效果：受到的魔法伤害减轻5%
受到魔法伤害减轻持续时间：60秒
最大档数：8档
特殊効果：将此食事喂给魔獣后，可以恢复18%的体力
适于以下魔獣食用：
咒具纲","最大ＨＰ＋30％
特殊効果：ダメージを受けたとき、自身に「魔法被ダメージ軽減」を1スタック付与する。
魔法被ダメージ軽減効果：受ける魔法ダメージを5％軽減する。
魔法被ダメージ軽減効果時間：60秒
最大スタック8
特殊効果：この餌をペットに与えると、ＨＰを18％回復する。
[食事可能な魔獣]
呪具綱"
Pawprint,Captured,,,"最大HP+30%
特殊効果：受到伤害时为自身附加1档“受到魔法伤害减轻”状态
受到魔法伤害减轻效果：受到的魔法伤害减轻5%
受到魔法伤害减轻持续时间：60秒
最大档数：8档
特殊効果：将此食料喂给魔兽后，可以恢复18%的体力
适于以下魔兽食用：
咒具纲","最大ＨＰ＋30％
特殊効果：ダメージを受けたとき、自身に「魔法被ダメージ軽減」を1スタック付与する。
魔法被ダメージ軽減効果：受ける魔法ダメージを5％軽減する。
魔法被ダメージ軽減効果時間：60秒
最大スタック8
特殊効果：この餌をペットに与えると、ＨＰを18％回復する。
[食事可能な魔獣]
呪具綱"
Pawprint,Captured,,,"最大HP+30%
特殊効果：受到伤害时为自身附加1档“受到魔法伤害减轻”状态
受到魔法伤害减轻效果：受到的魔法伤害减轻5%
受到魔法伤害减轻持续时间：60秒
最大档数：8档
特殊効果：将此食料喂给魔獣后，可以恢复18%的体力
适于以下魔獣食用：
咒具纲","最大ＨＰ＋30％
特殊効果：ダメージを受けたとき、自身に「魔法被ダメージ軽減」を1スタック付与する。
魔法被ダメージ軽減効果：受ける魔法ダメージを5％軽減する。
魔法被ダメージ軽減効果時間：60秒
最大スタック8
特殊効果：この餌をペットに与えると、ＨＰを18％回復する。
[食事可能な魔獣]
呪具綱"
Pawprint,Captured,,,"最大HP+30%
特殊効果：在帐篷休息时可以使体力完全恢复
特殊効果：将此食事喂给魔兽后，可以恢复18%的体力
适于以下魔兽食用：
百兽纲 百虫纲 有翼纲 草木纲 水栖纲 甲鳞纲","最大ＨＰ＋30％
特殊効果：テント休息時にＨＰを満タンまで回復できるようになる。
特殊効果：この餌をペットに与えると、ＨＰを18％回復する。
[食事可能な魔獣]
百獣綱 百蟲綱 有翼綱 草木綱 水棲綱 甲鱗綱"
Pawprint,Captured,,,"最大HP+30%
特殊効果：在帐篷休息时可以使体力完全恢复
特殊効果：将此食事喂给魔獣后，可以恢复18%的体力
适于以下魔獣食用：
百兽纲 百虫纲 有翼纲 草木纲 水栖纲 甲鳞纲","最大ＨＰ＋30％
特殊効果：テント休息時にＨＰを満タンまで回復できるようになる。
特殊効果：この餌をペットに与えると、ＨＰを18％回復する。
[食事可能な魔獣]
百獣綱 百蟲綱 有翼綱 草木綱 水棲綱 甲鱗綱"
Pawprint,Captured,,,"最大HP+30%
特殊効果：在帐篷休息时可以使体力完全恢复
特殊効果：将此食料喂给魔兽后，可以恢复18%的体力
适于以下魔兽食用：
百兽纲 百虫纲 有翼纲 草木纲 水栖纲 甲鳞纲","最大ＨＰ＋30％
特殊効果：テント休息時にＨＰを満タンまで回復できるようになる。
特殊効果：この餌をペットに与えると、ＨＰを18％回復する。
[食事可能な魔獣]
百獣綱 百蟲綱 有翼綱 草木綱 水棲綱 甲鱗綱"
Pawprint,Captured,,,"最大HP+30%
特殊効果：在帐篷休息时可以使体力完全恢复
特殊効果：将此食料喂给魔獣后，可以恢复18%的体力
适于以下魔獣食用：
百兽纲 百虫纲 有翼纲 草木纲 水栖纲 甲鳞纲","最大ＨＰ＋30％
特殊効果：テント休息時にＨＰを満タンまで回復できるようになる。
特殊効果：この餌をペットに与えると、ＨＰを18％回復する。
[食事可能な魔獣]
百獣綱 百蟲綱 有翼綱 草木綱 水棲綱 甲鱗綱"
Pawprint,Captured,,,"最大HP+30%
特殊效果：受到伤害时为自身附加1档“受到魔法伤害减轻”状态
受到魔法伤害减轻效果：受到的魔法伤害减轻5%
受到魔法伤害减轻持续时间：60秒
最大档数：8档
特殊效果：将此食事喂给魔兽后，可以恢复18%的体力
适于以下魔兽食用：
咒具纲","最大ＨＰ＋30％
特殊効果：ダメージを受けたとき、自身に「魔法被ダメージ軽減」を1スタック付与する。
魔法被ダメージ軽減効果：受ける魔法ダメージを5％軽減する。
魔法被ダメージ軽減効果時間：60秒
最大スタック8
特殊効果：この餌をペットに与えると、ＨＰを18％回復する。
[食事可能な魔獣]
呪具綱"
Pawprint,Captured,,,"最大HP+30%
特殊效果：受到伤害时为自身附加1档“受到魔法伤害减轻”状态
受到魔法伤害减轻效果：受到的魔法伤害减轻5%
受到魔法伤害减轻持续时间：60秒
最大档数：8档
特殊效果：将此食事喂给魔獣后，可以恢复18%的体力
适于以下魔獣食用：
咒具纲","最大ＨＰ＋30％
特殊効果：ダメージを受けたとき、自身に「魔法被ダメージ軽減」を1スタック付与する。
魔法被ダメージ軽減効果：受ける魔法ダメージを5％軽減する。
魔法被ダメージ軽減効果時間：60秒
最大スタック8
特殊効果：この餌をペットに与えると、ＨＰを18％回復する。
[食事可能な魔獣]
呪具綱"
Pawprint,Captured,,,"最大HP+30%
特殊效果：受到伤害时为自身附加1档“受到魔法伤害减轻”状态
受到魔法伤害减轻效果：受到的魔法伤害减轻5%
受到魔法伤害减轻持续时间：60秒
最大档数：8档
特殊效果：将此食料喂给魔兽后，可以恢复18%的体力
适于以下魔兽食用：
咒具纲","最大ＨＰ＋30％
特殊効果：ダメージを受けたとき、自身に「魔法被ダメージ軽減」を1スタック付与する。
魔法被ダメージ軽減効果：受ける魔法ダメージを5％軽減する。
魔法被ダメージ軽減効果時間：60秒
最大スタック8
特殊効果：この餌をペットに与えると、ＨＰを18％回復する。
[食事可能な魔獣]
呪具綱"
Pawprint,Captured,,,"最大HP+30%
特殊效果：受到伤害时为自身附加1档“受到魔法伤害减轻”状态
受到魔法伤害减轻效果：受到的魔法伤害减轻5%
受到魔法伤害减轻持续时间：60秒
最大档数：8档
特殊效果：将此食料喂给魔獣后，可以恢复18%的体力
适于以下魔獣食用：
咒具纲","最大ＨＰ＋30％
特殊効果：ダメージを受けたとき、自身に「魔法被ダメージ軽減」を1スタック付与する。
魔法被ダメージ軽減効果：受ける魔法ダメージを5％軽減する。
魔法被ダメージ軽減効果時間：60秒
最大スタック8
特殊効果：この餌をペットに与えると、ＨＰを18％回復する。
[食事可能な魔獣]
呪具綱"
Pawprint,Captured,,,"最大HP+30%
特殊效果：在帐篷休息时可以使体力完全恢复
特殊效果：将此食事喂给魔兽后，可以恢复18%的体力
适于以下魔兽食用：
百兽纲 百虫纲 有翼纲 草木纲 水栖纲 甲鳞纲","最大ＨＰ＋30％
特殊効果：テント休息時にＨＰを満タンまで回復できるようになる。
特殊効果：この餌をペットに与えると、ＨＰを18％回復する。
[食事可能な魔獣]
百獣綱 百蟲綱 有翼綱 草木綱 水棲綱 甲鱗綱"
Pawprint,Captured,,,"最大HP+30%
特殊效果：在帐篷休息时可以使体力完全恢复
特殊效果：将此食事喂给魔獣后，可以恢复18%的体力
适于以下魔獣食用：
百兽纲 百虫纲 有翼纲 草木纲 水栖纲 甲鳞纲","最大ＨＰ＋30％
特殊効果：テント休息時にＨＰを満タンまで回復できるようになる。
特殊効果：この餌をペットに与えると、ＨＰを18％回復する。
[食事可能な魔獣]
百獣綱 百蟲綱 有翼綱 草木綱 水棲綱 甲鱗綱"
Pawprint,Captured,,,"最大HP+30%
特殊效果：在帐篷休息时可以使体力完全恢复
特殊效果：将此食料喂给魔兽后，可以恢复18%的体力
适于以下魔兽食用：
百兽纲 百虫纲 有翼纲 草木纲 水栖纲 甲鳞纲","最大ＨＰ＋30％
特殊効果：テント休息時にＨＰを満タンまで回復できるようになる。
特殊効果：この餌をペットに与えると、ＨＰを18％回復する。
[食事可能な魔獣]
百獣綱 百蟲綱 有翼綱 草木綱 水棲綱 甲鱗綱"
Pawprint,Captured,,,"最大HP+30%
特殊效果：在帐篷休息时可以使体力完全恢复
特殊效果：将此食料喂给魔獣后，可以恢复18%的体力
适于以下魔獣食用：
百兽纲 百虫纲 有翼纲 草木纲 水栖纲 甲鳞纲","最大ＨＰ＋30％
特殊効果：テント休息時にＨＰを満タンまで回復できるようになる。
特殊効果：この餌をペットに与えると、ＨＰを18％回復する。
[食事可能な魔獣]
百獣綱 百蟲綱 有翼綱 草木綱 水棲綱 甲鱗綱"
Pawprint,Captured,,,"最大HP+30%
造成伤害+10%
特殊効果：斗兽奇弈结束时，魔兽获得的经验值增加50%
特殊効果：将此食事喂给魔兽后，可以恢复18%的体力
适于以下魔兽食用：
百兽纲 百虫纲 有翼纲 草木纲 水栖纲 甲鳞纲 咒具纲 死尸纲","最大ＨＰ＋30％
与ダメージ＋10％
特殊効果：闘獣練終了時、ペットの獲得経験値を50％増加させる。
特殊効果：この餌をペットに与えると、ＨＰを18％回復する。
[食事可能な魔獣]
百獣綱 百蟲綱 有翼綱 草木綱 水棲綱 甲鱗綱 呪具綱 死屍綱"
Pawprint,Captured,,,"最大HP+30%
造成伤害+10%
特殊効果：斗兽奇弈结束时，魔兽获得的经验值增加50%
特殊効果：将此食料喂给魔兽后，可以恢复18%的体力
适于以下魔兽食用：
百兽纲 百虫纲 有翼纲 草木纲 水栖纲 甲鳞纲 咒具纲 死尸纲","最大ＨＰ＋30％
与ダメージ＋10％
特殊効果：闘獣練終了時、ペットの獲得経験値を50％増加させる。
特殊効果：この餌をペットに与えると、ＨＰを18％回復する。
[食事可能な魔獣]
百獣綱 百蟲綱 有翼綱 草木綱 水棲綱 甲鱗綱 呪具綱 死屍綱"
Pawprint,Captured,,,"最大HP+30%
造成伤害+10%
特殊効果：斗兽奇弈结束时，魔獣获得的经验值增加50%
特殊効果：将此食事喂给魔獣后，可以恢复18%的体力
适于以下魔獣食用：
百兽纲 百虫纲 有翼纲 草木纲 水栖纲 甲鳞纲 咒具纲 死尸纲","最大ＨＰ＋30％
与ダメージ＋10％
特殊効果：闘獣練終了時、ペットの獲得経験値を50％増加させる。
特殊効果：この餌をペットに与えると、ＨＰを18％回復する。
[食事可能な魔獣]
百獣綱 百蟲綱 有翼綱 草木綱 水棲綱 甲鱗綱 呪具綱 死屍綱"
Pawprint,Captured,,,"最大HP+30%
造成伤害+10%
特殊効果：斗兽奇弈结束时，魔獣获得的经验值增加50%
特殊効果：将此食料喂给魔獣后，可以恢复18%的体力
适于以下魔獣食用：
百兽纲 百虫纲 有翼纲 草木纲 水栖纲 甲鳞纲 咒具纲 死尸纲","最大ＨＰ＋30％
与ダメージ＋10％
特殊効果：闘獣練終了時、ペットの獲得経験値を50％増加させる。
特殊効果：この餌をペットに与えると、ＨＰを18％回復する。
[食事可能な魔獣]
百獣綱 百蟲綱 有翼綱 草木綱 水棲綱 甲鱗綱 呪具綱 死屍綱"
Pawprint,Captured,,,"最大HP+30%
造成伤害+10%
特殊効果：闘獣練结束时，魔兽获得的经验值增加50%
特殊効果：将此食事喂给魔兽后，可以恢复18%的体力
适于以下魔兽食用：
百兽纲 百虫纲 有翼纲 草木纲 水栖纲 甲鳞纲 咒具纲 死尸纲","最大ＨＰ＋30％
与ダメージ＋10％
特殊効果：闘獣練終了時、ペットの獲得経験値を50％増加させる。
特殊効果：この餌をペットに与えると、ＨＰを18％回復する。
[食事可能な魔獣]
百獣綱 百蟲綱 有翼綱 草木綱 水棲綱 甲鱗綱 呪具綱 死屍綱"
Pawprint,Captured,,,"最大HP+30%
造成伤害+10%
特殊効果：闘獣練结束时，魔兽获得的经验值增加50%
特殊効果：将此食料喂给魔兽后，可以恢复18%的体力
适于以下魔兽食用：
百兽纲 百虫纲 有翼纲 草木纲 水栖纲 甲鳞纲 咒具纲 死尸纲","最大ＨＰ＋30％
与ダメージ＋10％
特殊効果：闘獣練終了時、ペットの獲得経験値を50％増加させる。
特殊効果：この餌をペットに与えると、ＨＰを18％回復する。
[食事可能な魔獣]
百獣綱 百蟲綱 有翼綱 草木綱 水棲綱 甲鱗綱 呪具綱 死屍綱"
Pawprint,Captured,,,"最大HP+30%
造成伤害+10%
特殊効果：闘獣練结束时，魔獣获得的经验值增加50%
特殊効果：将此食事喂给魔獣后，可以恢复18%的体力
适于以下魔獣食用：
百兽纲 百虫纲 有翼纲 草木纲 水栖纲 甲鳞纲 咒具纲 死尸纲","最大ＨＰ＋30％
与ダメージ＋10％
特殊効果：闘獣練終了時、ペットの獲得経験値を50％増加させる。
特殊効果：この餌をペットに与えると、ＨＰを18％回復する。
[食事可能な魔獣]
百獣綱 百蟲綱 有翼綱 草木綱 水棲綱 甲鱗綱 呪具綱 死屍綱"
Pawprint,Captured,,,"最大HP+30%
造成伤害+10%
特殊効果：闘獣練结束时，魔獣获得的经验值增加50%
特殊効果：将此食料喂给魔獣后，可以恢复18%的体力
适于以下魔獣食用：
百兽纲 百虫纲 有翼纲 草木纲 水栖纲 甲鳞纲 咒具纲 死尸纲","最大ＨＰ＋30％
与ダメージ＋10％
特殊効果：闘獣練終了時、ペットの獲得経験値を50％増加させる。
特殊効果：この餌をペットに与えると、ＨＰを18％回復する。
[食事可能な魔獣]
百獣綱 百蟲綱 有翼綱 草木綱 水棲綱 甲鱗綱 呪具綱 死屍綱"
Pawprint,Captured,,,"最大HP+30%
造成伤害+10%
特殊效果：斗兽奇弈结束时，魔兽获得的经验值增加50%
特殊效果：将此食事喂给魔兽后，可以恢复18%的体力
适于以下魔兽食用：
百兽纲 百虫纲 有翼纲 草木纲 水栖纲 甲鳞纲 咒具纲 死尸纲","最大ＨＰ＋30％
与ダメージ＋10％
特殊効果：闘獣練終了時、ペットの獲得経験値を50％増加させる。
特殊効果：この餌をペットに与えると、ＨＰを18％回復する。
[食事可能な魔獣]
百獣綱 百蟲綱 有翼綱 草木綱 水棲綱 甲鱗綱 呪具綱 死屍綱"
Pawprint,Captured,,,"最大HP+30%
造成伤害+10%
特殊效果：斗兽奇弈结束时，魔兽获得的经验值增加50%
特殊效果：将此食料喂给魔兽后，可以恢复18%的体力
适于以下魔兽食用：
百兽纲 百虫纲 有翼纲 草木纲 水栖纲 甲鳞纲 咒具纲 死尸纲","最大ＨＰ＋30％
与ダメージ＋10％
特殊効果：闘獣練終了時、ペットの獲得経験値を50％増加させる。
特殊効果：この餌をペットに与えると、ＨＰを18％回復する。
[食事可能な魔獣]
百獣綱 百蟲綱 有翼綱 草木綱 水棲綱 甲鱗綱 呪具綱 死屍綱"
Pawprint,Captured,,,"最大HP+30%
造成伤害+10%
特殊效果：斗兽奇弈结束时，魔獣获得的经验值增加50%
特殊效果：将此食事喂给魔獣后，可以恢复18%的体力
适于以下魔獣食用：
百兽纲 百虫纲 有翼纲 草木纲 水栖纲 甲鳞纲 咒具纲 死尸纲","最大ＨＰ＋30％
与ダメージ＋10％
特殊効果：闘獣練終了時、ペットの獲得経験値を50％増加させる。
特殊効果：この餌をペットに与えると、ＨＰを18％回復する。
[食事可能な魔獣]
百獣綱 百蟲綱 有翼綱 草木綱 水棲綱 甲鱗綱 呪具綱 死屍綱"
Pawprint,Captured,,,"最大HP+30%
造成伤害+10%
特殊效果：斗兽奇弈结束时，魔獣获得的经验值增加50%
特殊效果：将此食料喂给魔獣后，可以恢复18%的体力
适于以下魔獣食用：
百兽纲 百虫纲 有翼纲 草木纲 水栖纲 甲鳞纲 咒具纲 死尸纲","最大ＨＰ＋30％
与ダメージ＋10％
特殊効果：闘獣練終了時、ペットの獲得経験値を50％増加させる。
特殊効果：この餌をペットに与えると、ＨＰを18％回復する。
[食事可能な魔獣]
百獣綱 百蟲綱 有翼綱 草木綱 水棲綱 甲鱗綱 呪具綱 死屍綱"
Pawprint,Captured,,,"最大HP+30%
造成伤害+10%
特殊效果：闘獣練结束时，魔兽获得的经验值增加50%
特殊效果：将此食事喂给魔兽后，可以恢复18%的体力
适于以下魔兽食用：
百兽纲 百虫纲 有翼纲 草木纲 水栖纲 甲鳞纲 咒具纲 死尸纲","最大ＨＰ＋30％
与ダメージ＋10％
特殊効果：闘獣練終了時、ペットの獲得経験値を50％増加させる。
特殊効果：この餌をペットに与えると、ＨＰを18％回復する。
[食事可能な魔獣]
百獣綱 百蟲綱 有翼綱 草木綱 水棲綱 甲鱗綱 呪具綱 死屍綱"
Pawprint,Captured,,,"最大HP+30%
造成伤害+10%
特殊效果：闘獣練结束时，魔兽获得的经验值增加50%
特殊效果：将此食料喂给魔兽后，可以恢复18%的体力
适于以下魔兽食用：
百兽纲 百虫纲 有翼纲 草木纲 水栖纲 甲鳞纲 咒具纲 死尸纲","最大ＨＰ＋30％
与ダメージ＋10％
特殊効果：闘獣練終了時、ペットの獲得経験値を50％増加させる。
特殊効果：この餌をペットに与えると、ＨＰを18％回復する。
[食事可能な魔獣]
百獣綱 百蟲綱 有翼綱 草木綱 水棲綱 甲鱗綱 呪具綱 死屍綱"
Pawprint,Captured,,,"最大HP+30%
造成伤害+10%
特殊效果：闘獣練结束时，魔獣获得的经验值增加50%
特殊效果：将此食事喂给魔獣后，可以恢复18%的体力
适于以下魔獣食用：
百兽纲 百虫纲 有翼纲 草木纲 水栖纲 甲鳞纲 咒具纲 死尸纲","最大ＨＰ＋30％
与ダメージ＋10％
特殊効果：闘獣練終了時、ペットの獲得経験値を50％増加させる。
特殊効果：この餌をペットに与えると、ＨＰを18％回復する。
[食事可能な魔獣]
百獣綱 百蟲綱 有翼綱 草木綱 水棲綱 甲鱗綱 呪具綱 死屍綱"
Pawprint,Captured,,,"最大HP+30%
造成伤害+10%
特殊效果：闘獣練结束时，魔獣获得的经验值增加50%
特殊效果：将此食料喂给魔獣后，可以恢复18%的体力
适于以下魔獣食用：
百兽纲 百虫纲 有翼纲 草木纲 水栖纲 甲鳞纲 咒具纲 死尸纲","最大ＨＰ＋30％
与ダメージ＋10％
特殊効果：闘獣練終了時、ペットの獲得経験値を50％増加させる。
特殊効果：この餌をペットに与えると、ＨＰを18％回復する。
[食事可能な魔獣]
百獣綱 百蟲綱 有翼綱 草木綱 水棲綱 甲鱗綱 呪具綱 死屍綱"
Pawprint,Captured,,,"最大HP+30%
造成伤害+15%
特殊効果：对敌人造成致命一击时，为自身附加1档“体力持续恢复”状态
体力持续恢复效果：每隔一段时间恢复自身最大HP的3%
体力持续恢复持续时间：6秒
最大档数：8档
特殊効果：将此食事喂给魔兽后，可以恢复18%的体力
适于以下魔兽食用：
水栖纲","最大ＨＰ＋30％
与ダメージ＋15％
特殊効果：敵にとどめをさしたとき、自身に「徐々にＨＰ回復」を1スタック付与する。
徐々にＨＰ回復効果：一定時間ごとにＨＰを最大ＨＰの3％分回復する。
徐々にＨＰ回復効果時間：6秒
最大スタック8
特殊効果：この餌をペットに与えると、ＨＰを18％回復する。
[食事可能な魔獣]
水棲綱"
Pawprint,Captured,,,"最大HP+30%
造成伤害+15%
特殊効果：对敌人造成致命一击时，为自身附加1档“体力持续恢复”状态
体力持续恢复效果：每隔一段时间恢复自身最大HP的3%
体力持续恢复持续时间：6秒
最大档数：8档
特殊効果：将此食事喂给魔獣后，可以恢复18%的体力
适于以下魔獣食用：
水栖纲","最大ＨＰ＋30％
与ダメージ＋15％
特殊効果：敵にとどめをさしたとき、自身に「徐々にＨＰ回復」を1スタック付与する。
徐々にＨＰ回復効果：一定時間ごとにＨＰを最大ＨＰの3％分回復する。
徐々にＨＰ回復効果時間：6秒
最大スタック8
特殊効果：この餌をペットに与えると、ＨＰを18％回復する。
[食事可能な魔獣]
水棲綱"
Pawprint,Captured,,,"最大HP+30%
造成伤害+15%
特殊効果：对敌人造成致命一击时，为自身附加1档“体力持续恢复”状态
体力持续恢复效果：每隔一段时间恢复自身最大HP的3%
体力持续恢复持续时间：6秒
最大档数：8档
特殊効果：将此食料喂给魔兽后，可以恢复18%的体力
适于以下魔兽食用：
水栖纲","最大ＨＰ＋30％
与ダメージ＋15％
特殊効果：敵にとどめをさしたとき、自身に「徐々にＨＰ回復」を1スタック付与する。
徐々にＨＰ回復効果：一定時間ごとにＨＰを最大ＨＰの3％分回復する。
徐々にＨＰ回復効果時間：6秒
最大スタック8
特殊効果：この餌をペットに与えると、ＨＰを18％回復する。
[食事可能な魔獣]
水棲綱"
Pawprint,Captured,,,"最大HP+30%
造成伤害+15%
特殊効果：对敌人造成致命一击时，为自身附加1档“体力持续恢复”状态
体力持续恢复效果：每隔一段时间恢复自身最大HP的3%
体力持续恢复持续时间：6秒
最大档数：8档
特殊効果：将此食料喂给魔獣后，可以恢复18%的体力
适于以下魔獣食用：
水栖纲","最大ＨＰ＋30％
与ダメージ＋15％
特殊効果：敵にとどめをさしたとき、自身に「徐々にＨＰ回復」を1スタック付与する。
徐々にＨＰ回復効果：一定時間ごとにＨＰを最大ＨＰの3％分回復する。
徐々にＨＰ回復効果時間：6秒
最大スタック8
特殊効果：この餌をペットに与えると、ＨＰを18％回復する。
[食事可能な魔獣]
水棲綱"
Pawprint,Captured,,,"最大HP+30%
造成伤害+15%
特殊效果：对敌人造成致命一击时，为自身附加1档“体力持续恢复”状态
体力持续恢复效果：每隔一段时间恢复自身最大HP的3%
体力持续恢复持续时间：6秒
最大档数：8档
特殊效果：将此食事喂给魔兽后，可以恢复18%的体力
适于以下魔兽食用：
水栖纲","最大ＨＰ＋30％
与ダメージ＋15％
特殊効果：敵にとどめをさしたとき、自身に「徐々にＨＰ回復」を1スタック付与する。
徐々にＨＰ回復効果：一定時間ごとにＨＰを最大ＨＰの3％分回復する。
徐々にＨＰ回復効果時間：6秒
最大スタック8
特殊効果：この餌をペットに与えると、ＨＰを18％回復する。
[食事可能な魔獣]
水棲綱"
Pawprint,Captured,,,"最大HP+30%
造成伤害+15%
特殊效果：对敌人造成致命一击时，为自身附加1档“体力持续恢复”状态
体力持续恢复效果：每隔一段时间恢复自身最大HP的3%
体力持续恢复持续时间：6秒
最大档数：8档
特殊效果：将此食事喂给魔獣后，可以恢复18%的体力
适于以下魔獣食用：
水栖纲","最大ＨＰ＋30％
与ダメージ＋15％
特殊効果：敵にとどめをさしたとき、自身に「徐々にＨＰ回復」を1スタック付与する。
徐々にＨＰ回復効果：一定時間ごとにＨＰを最大ＨＰの3％分回復する。
徐々にＨＰ回復効果時間：6秒
最大スタック8
特殊効果：この餌をペットに与えると、ＨＰを18％回復する。
[食事可能な魔獣]
水棲綱"
Pawprint,Captured,,,"最大HP+30%
造成伤害+15%
特殊效果：对敌人造成致命一击时，为自身附加1档“体力持续恢复”状态
体力持续恢复效果：每隔一段时间恢复自身最大HP的3%
体力持续恢复持续时间：6秒
最大档数：8档
特殊效果：将此食料喂给魔兽后，可以恢复18%的体力
适于以下魔兽食用：
水栖纲","最大ＨＰ＋30％
与ダメージ＋15％
特殊効果：敵にとどめをさしたとき、自身に「徐々にＨＰ回復」を1スタック付与する。
徐々にＨＰ回復効果：一定時間ごとにＨＰを最大ＨＰの3％分回復する。
徐々にＨＰ回復効果時間：6秒
最大スタック8
特殊効果：この餌をペットに与えると、ＨＰを18％回復する。
[食事可能な魔獣]
水棲綱"
Pawprint,Captured,,,"最大HP+30%
造成伤害+15%
特殊效果：对敌人造成致命一击时，为自身附加1档“体力持续恢复”状态
体力持续恢复效果：每隔一段时间恢复自身最大HP的3%
体力持续恢复持续时间：6秒
最大档数：8档
特殊效果：将此食料喂给魔獣后，可以恢复18%的体力
适于以下魔獣食用：
水栖纲","最大ＨＰ＋30％
与ダメージ＋15％
特殊効果：敵にとどめをさしたとき、自身に「徐々にＨＰ回復」を1スタック付与する。
徐々にＨＰ回復効果：一定時間ごとにＨＰを最大ＨＰの3％分回復する。
徐々にＨＰ回復効果時間：6秒
最大スタック8
特殊効果：この餌をペットに与えると、ＨＰを18％回復する。
[食事可能な魔獣]
水棲綱"
Pawprint,Captured,,,"最大HP+30%
造成伤害+18%
特殊効果：自身发动战技触发兽心协作技时，为自身附加“卓异”状态
卓异效果：除特定攻击之外其他所有攻击均无效化，且造成伤害提高10%
卓异持续时间：9秒","最大ＨＰ＋30％
与ダメージ＋18％
特殊効果：自身のウェポンスキル実行時に獣心技連携に成功すると、自身に「エクセレンス」を付与する。
エクセレンス効果：一部を除くすべての攻撃を無効化し、かつ与ダメージが10％増加する。
エクセレンス効果時間：9秒"
Pawprint,Captured,,,"最大HP+30%
造成伤害+18%
特殊效果：自身发动战技触发兽心协作技时，为自身附加“卓异”状态
卓异效果：除特定攻击之外其他所有攻击均无效化，且造成伤害提高10%
卓异持续时间：9秒","最大ＨＰ＋30％
与ダメージ＋18％
特殊効果：自身のウェポンスキル実行時に獣心技連携に成功すると、自身に「エクセレンス」を付与する。
エクセレンス効果：一部を除くすべての攻撃を無効化し、かつ与ダメージが10％増加する。
エクセレンス効果時間：9秒"
Pawprint,Captured,,,"最大HP+30%
加速+15%
特殊効果：魔兽发动战技触发兽心协作技时，有30%的几率恢复一部分消耗的技力
特殊効果：将此食事喂给魔兽后，可以恢复18%的体力
适于以下魔兽食用：
百虫纲","最大ＨＰ＋30％
ヘイスト＋15％
特殊効果：ペットのウェポンスキル実行時に獣心技連携に成功すると、30％の確率で消費したＴＰの一部が回復する。
特殊効果：この餌をペットに与えると、ＨＰを18％回復する。
[食事可能な魔獣]
百蟲綱"
Pawprint,Captured,,,"最大HP+30%
加速+15%
特殊効果：魔兽发动战技触发兽心协作技时，有30%的几率恢复一部分消耗的技力
特殊効果：将此食料喂给魔兽后，可以恢复18%的体力
适于以下魔兽食用：
百虫纲","最大ＨＰ＋30％
ヘイスト＋15％
特殊効果：ペットのウェポンスキル実行時に獣心技連携に成功すると、30％の確率で消費したＴＰの一部が回復する。
特殊効果：この餌をペットに与えると、ＨＰを18％回復する。
[食事可能な魔獣]
百蟲綱"
Pawprint,Captured,,,"最大HP+30%
加速+15%
特殊効果：魔獣发动战技触发兽心协作技时，有30%的几率恢复一部分消耗的技力
特殊効果：将此食事喂给魔獣后，可以恢复18%的体力
适于以下魔獣食用：
百虫纲","最大ＨＰ＋30％
ヘイスト＋15％
特殊効果：ペットのウェポンスキル実行時に獣心技連携に成功すると、30％の確率で消費したＴＰの一部が回復する。
特殊効果：この餌をペットに与えると、ＨＰを18％回復する。
[食事可能な魔獣]
百蟲綱"
Pawprint,Captured,,,"最大HP+30%
加速+15%
特殊効果：魔獣发动战技触发兽心协作技时，有30%的几率恢复一部分消耗的技力
特殊効果：将此食料喂给魔獣后，可以恢复18%的体力
适于以下魔獣食用：
百虫纲","最大ＨＰ＋30％
ヘイスト＋15％
特殊効果：ペットのウェポンスキル実行時に獣心技連携に成功すると、30％の確率で消費したＴＰの一部が回復する。
特殊効果：この餌をペットに与えると、ＨＰを18％回復する。
[食事可能な魔獣]
百蟲綱"
Pawprint,Captured,,,"最大HP+30%
加速+15%
特殊效果：魔兽发动战技触发兽心协作技时，有30%的几率恢复一部分消耗的技力
特殊效果：将此食事喂给魔兽后，可以恢复18%的体力
适于以下魔兽食用：
百虫纲","最大ＨＰ＋30％
ヘイスト＋15％
特殊効果：ペットのウェポンスキル実行時に獣心技連携に成功すると、30％の確率で消費したＴＰの一部が回復する。
特殊効果：この餌をペットに与えると、ＨＰを18％回復する。
[食事可能な魔獣]
百蟲綱"
Pawprint,Captured,,,"最大HP+30%
加速+15%
特殊效果：魔兽发动战技触发兽心协作技时，有30%的几率恢复一部分消耗的技力
特殊效果：将此食料喂给魔兽后，可以恢复18%的体力
适于以下魔兽食用：
百虫纲","最大ＨＰ＋30％
ヘイスト＋15％
特殊効果：ペットのウェポンスキル実行時に獣心技連携に成功すると、30％の確率で消費したＴＰの一部が回復する。
特殊効果：この餌をペットに与えると、ＨＰを18％回復する。
[食事可能な魔獣]
百蟲綱"
Pawprint,Captured,,,"最大HP+30%
加速+15%
特殊效果：魔獣发动战技触发兽心协作技时，有30%的几率恢复一部分消耗的技力
特殊效果：将此食事喂给魔獣后，可以恢复18%的体力
适于以下魔獣食用：
百虫纲","最大ＨＰ＋30％
ヘイスト＋15％
特殊効果：ペットのウェポンスキル実行時に獣心技連携に成功すると、30％の確率で消費したＴＰの一部が回復する。
特殊効果：この餌をペットに与えると、ＨＰを18％回復する。
[食事可能な魔獣]
百蟲綱"
Pawprint,Captured,,,"最大HP+30%
加速+15%
特殊效果：魔獣发动战技触发兽心协作技时，有30%的几率恢复一部分消耗的技力
特殊效果：将此食料喂给魔獣后，可以恢复18%的体力
适于以下魔獣食用：
百虫纲","最大ＨＰ＋30％
ヘイスト＋15％
特殊効果：ペットのウェポンスキル実行時に獣心技連携に成功すると、30％の確率で消費したＴＰの一部が回復する。
特殊効果：この餌をペットに与えると、ＨＰを18％回復する。
[食事可能な魔獣]
百蟲綱"
Pawprint,Captured,,,"最大HP+30%
特殊効果：受到伤害时为自身附加1档“受到魔法伤害减轻”状态
受到魔法伤害减轻效果：受到的魔法伤害减轻5%
受到魔法伤害减轻持续时间：60秒
最大档数：8档
特殊効果：将此食事喂给魔兽后，可以恢复18%的体力
适于以下魔兽食用：
咒具纲","最大ＨＰ＋30％
特殊効果：ダメージを受けたとき、自身に「魔法被ダメージ軽減」を1スタック付与する。
魔法被ダメージ軽減効果：受ける魔法ダメージを5％軽減する。
魔法被ダメージ軽減効果時間：60秒
最大スタック8
特殊効果：この餌をペットに与えると、ＨＰを18％回復する。
[食事可能な魔獣]
呪具綱"
Pawprint,Captured,,,"最大HP+30%
特殊効果：受到伤害时为自身附加1档“受到魔法伤害减轻”状态
受到魔法伤害减轻效果：受到的魔法伤害减轻5%
受到魔法伤害减轻持续时间：60秒
最大档数：8档
特殊効果：将此食事喂给魔獣后，可以恢复18%的体力
适于以下魔獣食用：
咒具纲","最大ＨＰ＋30％
特殊効果：ダメージを受けたとき、自身に「魔法被ダメージ軽減」を1スタック付与する。
魔法被ダメージ軽減効果：受ける魔法ダメージを5％軽減する。
魔法被ダメージ軽減効果時間：60秒
最大スタック8
特殊効果：この餌をペットに与えると、ＨＰを18％回復する。
[食事可能な魔獣]
呪具綱"
Pawprint,Captured,,,"最大HP+30%
特殊効果：受到伤害时为自身附加1档“受到魔法伤害减轻”状态
受到魔法伤害减轻效果：受到的魔法伤害减轻5%
受到魔法伤害减轻持续时间：60秒
最大档数：8档
特殊効果：将此食料喂给魔兽后，可以恢复18%的体力
适于以下魔兽食用：
咒具纲","最大ＨＰ＋30％
特殊効果：ダメージを受けたとき、自身に「魔法被ダメージ軽減」を1スタック付与する。
魔法被ダメージ軽減効果：受ける魔法ダメージを5％軽減する。
魔法被ダメージ軽減効果時間：60秒
最大スタック8
特殊効果：この餌をペットに与えると、ＨＰを18％回復する。
[食事可能な魔獣]
呪具綱"
Pawprint,Captured,,,"最大HP+30%
特殊効果：受到伤害时为自身附加1档“受到魔法伤害减轻”状态
受到魔法伤害减轻效果：受到的魔法伤害减轻5%
受到魔法伤害减轻持续时间：60秒
最大档数：8档
特殊効果：将此食料喂给魔獣后，可以恢复18%的体力
适于以下魔獣食用：
咒具纲","最大ＨＰ＋30％
特殊効果：ダメージを受けたとき、自身に「魔法被ダメージ軽減」を1スタック付与する。
魔法被ダメージ軽減効果：受ける魔法ダメージを5％軽減する。
魔法被ダメージ軽減効果時間：60秒
最大スタック8
特殊効果：この餌をペットに与えると、ＨＰを18％回復する。
[食事可能な魔獣]
呪具綱"
Pawprint,Captured,,,"最大HP+30%
特殊効果：在帐篷休息时可以使体力完全恢复
特殊効果：将此食事喂给魔兽后，可以恢复18%的体力
适于以下魔兽食用：
百兽纲 百虫纲 有翼纲 草木纲 水栖纲 甲鳞纲","最大ＨＰ＋30％
特殊効果：テント休息時にＨＰを満タンまで回復できるようになる。
特殊効果：この餌をペットに与えると、ＨＰを18％回復する。
[食事可能な魔獣]
百獣綱 百蟲綱 有翼綱 草木綱 水棲綱 甲鱗綱"
Pawprint,Captured,,,"最大HP+30%
特殊効果：在帐篷休息时可以使体力完全恢复
特殊効果：将此食事喂给魔獣后，可以恢复18%的体力
适于以下魔獣食用：
百兽纲 百虫纲 有翼纲 草木纲 水栖纲 甲鳞纲","最大ＨＰ＋30％
特殊効果：テント休息時にＨＰを満タンまで回復できるようになる。
特殊効果：この餌をペットに与えると、ＨＰを18％回復する。
[食事可能な魔獣]
百獣綱 百蟲綱 有翼綱 草木綱 水棲綱 甲鱗綱"
Pawprint,Captured,,,"最大HP+30%
特殊効果：在帐篷休息时可以使体力完全恢复
特殊効果：将此食料喂给魔兽后，可以恢复18%的体力
适于以下魔兽食用：
百兽纲 百虫纲 有翼纲 草木纲 水栖纲 甲鳞纲","最大ＨＰ＋30％
特殊効果：テント休息時にＨＰを満タンまで回復できるようになる。
特殊効果：この餌をペットに与えると、ＨＰを18％回復する。
[食事可能な魔獣]
百獣綱 百蟲綱 有翼綱 草木綱 水棲綱 甲鱗綱"
Pawprint,Captured,,,"最大HP+30%
特殊効果：在帐篷休息时可以使体力完全恢复
特殊効果：将此食料喂给魔獣后，可以恢复18%的体力
适于以下魔獣食用：
百兽纲 百虫纲 有翼纲 草木纲 水栖纲 甲鳞纲","最大ＨＰ＋30％
特殊効果：テント休息時にＨＰを満タンまで回復できるようになる。
特殊効果：この餌をペットに与えると、ＨＰを18％回復する。
[食事可能な魔獣]
百獣綱 百蟲綱 有翼綱 草木綱 水棲綱 甲鱗綱"
Pawprint,Captured,,,"最大HP+30%
特殊效果：受到伤害时为自身附加1档“受到魔法伤害减轻”状态
受到魔法伤害减轻效果：受到的魔法伤害减轻5%
受到魔法伤害减轻持续时间：60秒
最大档数：8档
特殊效果：将此食事喂给魔兽后，可以恢复18%的体力
适于以下魔兽食用：
咒具纲","最大ＨＰ＋30％
特殊効果：ダメージを受けたとき、自身に「魔法被ダメージ軽減」を1スタック付与する。
魔法被ダメージ軽減効果：受ける魔法ダメージを5％軽減する。
魔法被ダメージ軽減効果時間：60秒
最大スタック8
特殊効果：この餌をペットに与えると、ＨＰを18％回復する。
[食事可能な魔獣]
呪具綱"
Pawprint,Captured,,,"最大HP+30%
特殊效果：受到伤害时为自身附加1档“受到魔法伤害减轻”状态
受到魔法伤害减轻效果：受到的魔法伤害减轻5%
受到魔法伤害减轻持续时间：60秒
最大档数：8档
特殊效果：将此食事喂给魔獣后，可以恢复18%的体力
适于以下魔獣食用：
咒具纲","最大ＨＰ＋30％
特殊効果：ダメージを受けたとき、自身に「魔法被ダメージ軽減」を1スタック付与する。
魔法被ダメージ軽減効果：受ける魔法ダメージを5％軽減する。
魔法被ダメージ軽減効果時間：60秒
最大スタック8
特殊効果：この餌をペットに与えると、ＨＰを18％回復する。
[食事可能な魔獣]
呪具綱"
Pawprint,Captured,,,"最大HP+30%
特殊效果：受到伤害时为自身附加1档“受到魔法伤害减轻”状态
受到魔法伤害减轻效果：受到的魔法伤害减轻5%
受到魔法伤害减轻持续时间：60秒
最大档数：8档
特殊效果：将此食料喂给魔兽后，可以恢复18%的体力
适于以下魔兽食用：
咒具纲","最大ＨＰ＋30％
特殊効果：ダメージを受けたとき、自身に「魔法被ダメージ軽減」を1スタック付与する。
魔法被ダメージ軽減効果：受ける魔法ダメージを5％軽減する。
魔法被ダメージ軽減効果時間：60秒
最大スタック8
特殊効果：この餌をペットに与えると、ＨＰを18％回復する。
[食事可能な魔獣]
呪具綱"
Pawprint,Captured,,,"最大HP+30%
特殊效果：受到伤害时为自身附加1档“受到魔法伤害减轻”状态
受到魔法伤害减轻效果：受到的魔法伤害减轻5%
受到魔法伤害减轻持续时间：60秒
最大档数：8档
特殊效果：将此食料喂给魔獣后，可以恢复18%的体力
适于以下魔獣食用：
咒具纲","最大ＨＰ＋30％
特殊効果：ダメージを受けたとき、自身に「魔法被ダメージ軽減」を1スタック付与する。
魔法被ダメージ軽減効果：受ける魔法ダメージを5％軽減する。
魔法被ダメージ軽減効果時間：60秒
最大スタック8
特殊効果：この餌をペットに与えると、ＨＰを18％回復する。
[食事可能な魔獣]
呪具綱"
Pawprint,Captured,,,"最大HP+30%
特殊效果：在帐篷休息时可以使体力完全恢复
特殊效果：将此食事喂给魔兽后，可以恢复18%的体力
适于以下魔兽食用：
百兽纲 百虫纲 有翼纲 草木纲 水栖纲 甲鳞纲","最大ＨＰ＋30％
特殊効果：テント休息時にＨＰを満タンまで回復できるようになる。
特殊効果：この餌をペットに与えると、ＨＰを18％回復する。
[食事可能な魔獣]
百獣綱 百蟲綱 有翼綱 草木綱 水棲綱 甲鱗綱"
Pawprint,Captured,,,"最大HP+30%
特殊效果：在帐篷休息时可以使体力完全恢复
特殊效果：将此食事喂给魔獣后，可以恢复18%的体力
适于以下魔獣食用：
百兽纲 百虫纲 有翼纲 草木纲 水栖纲 甲鳞纲","最大ＨＰ＋30％
特殊効果：テント休息時にＨＰを満タンまで回復できるようになる。
特殊効果：この餌をペットに与えると、ＨＰを18％回復する。
[食事可能な魔獣]
百獣綱 百蟲綱 有翼綱 草木綱 水棲綱 甲鱗綱"
Pawprint,Captured,,,"最大HP+30%
特殊效果：在帐篷休息时可以使体力完全恢复
特殊效果：将此食料喂给魔兽后，可以恢复18%的体力
适于以下魔兽食用：
百兽纲 百虫纲 有翼纲 草木纲 水栖纲 甲鳞纲","最大ＨＰ＋30％
特殊効果：テント休息時にＨＰを満タンまで回復できるようになる。
特殊効果：この餌をペットに与えると、ＨＰを18％回復する。
[食事可能な魔獣]
百獣綱 百蟲綱 有翼綱 草木綱 水棲綱 甲鱗綱"
Pawprint,Captured,,,"最大HP+30%
特殊效果：在帐篷休息时可以使体力完全恢复
特殊效果：将此食料喂给魔獣后，可以恢复18%的体力
适于以下魔獣食用：
百兽纲 百虫纲 有翼纲 草木纲 水栖纲 甲鳞纲","最大ＨＰ＋30％
特殊効果：テント休息時にＨＰを満タンまで回復できるようになる。
特殊効果：この餌をペットに与えると、ＨＰを18％回復する。
[食事可能な魔獣]
百獣綱 百蟲綱 有翼綱 草木綱 水棲綱 甲鱗綱"
Pawprint,Captured,,,"最大HP+30%
造成伤害+10%
特殊効果：斗兽奇弈结束时，魔兽获得的经验值增加50%
特殊効果：将此食事喂给魔兽后，可以恢复18%的体力
适于以下魔兽食用：
百兽纲 百虫纲 有翼纲 草木纲 水栖纲 甲鳞纲 咒具纲 死尸纲","最大ＨＰ＋30％
与ダメージ＋10％
特殊効果：闘獣練終了時、ペットの獲得経験値を50％増加させる。
特殊効果：この餌をペットに与えると、ＨＰを18％回復する。
[食事可能な魔獣]
百獣綱 百蟲綱 有翼綱 草木綱 水棲綱 甲鱗綱 呪具綱 死屍綱"
Pawprint,Captured,,,"最大HP+30%
造成伤害+10%
特殊効果：斗兽奇弈结束时，魔兽获得的经验值增加50%
特殊効果：将此食料喂给魔兽后，可以恢复18%的体力
适于以下魔兽食用：
百兽纲 百虫纲 有翼纲 草木纲 水栖纲 甲鳞纲 咒具纲 死尸纲","最大ＨＰ＋30％
与ダメージ＋10％
特殊効果：闘獣練終了時、ペットの獲得経験値を50％増加させる。
特殊効果：この餌をペットに与えると、ＨＰを18％回復する。
[食事可能な魔獣]
百獣綱 百蟲綱 有翼綱 草木綱 水棲綱 甲鱗綱 呪具綱 死屍綱"
Pawprint,Captured,,,"最大HP+30%
造成伤害+10%
特殊効果：斗兽奇弈结束时，魔獣获得的经验值增加50%
特殊効果：将此食事喂给魔獣后，可以恢复18%的体力
适于以下魔獣食用：
百兽纲 百虫纲 有翼纲 草木纲 水栖纲 甲鳞纲 咒具纲 死尸纲","最大ＨＰ＋30％
与ダメージ＋10％
特殊効果：闘獣練終了時、ペットの獲得経験値を50％増加させる。
特殊効果：この餌をペットに与えると、ＨＰを18％回復する。
[食事可能な魔獣]
百獣綱 百蟲綱 有翼綱 草木綱 水棲綱 甲鱗綱 呪具綱 死屍綱"
Pawprint,Captured,,,"最大HP+30%
造成伤害+10%
特殊効果：斗兽奇弈结束时，魔獣获得的经验值增加50%
特殊効果：将此食料喂给魔獣后，可以恢复18%的体力
适于以下魔獣食用：
百兽纲 百虫纲 有翼纲 草木纲 水栖纲 甲鳞纲 咒具纲 死尸纲","最大ＨＰ＋30％
与ダメージ＋10％
特殊効果：闘獣練終了時、ペットの獲得経験値を50％増加させる。
特殊効果：この餌をペットに与えると、ＨＰを18％回復する。
[食事可能な魔獣]
百獣綱 百蟲綱 有翼綱 草木綱 水棲綱 甲鱗綱 呪具綱 死屍綱"
Pawprint,Captured,,,"最大HP+30%
造成伤害+10%
特殊効果：闘獣練结束时，魔兽获得的经验值增加50%
特殊効果：将此食事喂给魔兽后，可以恢复18%的体力
适于以下魔兽食用：
百兽纲 百虫纲 有翼纲 草木纲 水栖纲 甲鳞纲 咒具纲 死尸纲","最大ＨＰ＋30％
与ダメージ＋10％
特殊効果：闘獣練終了時、ペットの獲得経験値を50％増加させる。
特殊効果：この餌をペットに与えると、ＨＰを18％回復する。
[食事可能な魔獣]
百獣綱 百蟲綱 有翼綱 草木綱 水棲綱 甲鱗綱 呪具綱 死屍綱"
Pawprint,Captured,,,"最大HP+30%
造成伤害+10%
特殊効果：闘獣練结束时，魔兽获得的经验值增加50%
特殊効果：将此食料喂给魔兽后，可以恢复18%的体力
适于以下魔兽食用：
百兽纲 百虫纲 有翼纲 草木纲 水栖纲 甲鳞纲 咒具纲 死尸纲","最大ＨＰ＋30％
与ダメージ＋10％
特殊効果：闘獣練終了時、ペットの獲得経験値を50％増加させる。
特殊効果：この餌をペットに与えると、ＨＰを18％回復する。
[食事可能な魔獣]
百獣綱 百蟲綱 有翼綱 草木綱 水棲綱 甲鱗綱 呪具綱 死屍綱"
Pawprint,Captured,,,"最大HP+30%
造成伤害+10%
特殊効果：闘獣練结束时，魔獣获得的经验值增加50%
特殊効果：将此食事喂给魔獣后，可以恢复18%的体力
适于以下魔獣食用：
百兽纲 百虫纲 有翼纲 草木纲 水栖纲 甲鳞纲 咒具纲 死尸纲","最大ＨＰ＋30％
与ダメージ＋10％
特殊効果：闘獣練終了時、ペットの獲得経験値を50％増加させる。
特殊効果：この餌をペットに与えると、ＨＰを18％回復する。
[食事可能な魔獣]
百獣綱 百蟲綱 有翼綱 草木綱 水棲綱 甲鱗綱 呪具綱 死屍綱"
Pawprint,Captured,,,"最大HP+30%
造成伤害+10%
特殊効果：闘獣練结束时，魔獣获得的经验值增加50%
特殊効果：将此食料喂给魔獣后，可以恢复18%的体力
适于以下魔獣食用：
百兽纲 百虫纲 有翼纲 草木纲 水栖纲 甲鳞纲 咒具纲 死尸纲","最大ＨＰ＋30％
与ダメージ＋10％
特殊効果：闘獣練終了時、ペットの獲得経験値を50％増加させる。
特殊効果：この餌をペットに与えると、ＨＰを18％回復する。
[食事可能な魔獣]
百獣綱 百蟲綱 有翼綱 草木綱 水棲綱 甲鱗綱 呪具綱 死屍綱"
Pawprint,Captured,,,"最大HP+30%
造成伤害+10%
特殊效果：斗兽奇弈结束时，魔兽获得的经验值增加50%
特殊效果：将此食事喂给魔兽后，可以恢复18%的体力
适于以下魔兽食用：
百兽纲 百虫纲 有翼纲 草木纲 水栖纲 甲鳞纲 咒具纲 死尸纲","最大ＨＰ＋30％
与ダメージ＋10％
特殊効果：闘獣練終了時、ペットの獲得経験値を50％増加させる。
特殊効果：この餌をペットに与えると、ＨＰを18％回復する。
[食事可能な魔獣]
百獣綱 百蟲綱 有翼綱 草木綱 水棲綱 甲鱗綱 呪具綱 死屍綱"
Pawprint,Captured,,,"最大HP+30%
造成伤害+10%
特殊效果：斗兽奇弈结束时，魔兽获得的经验值增加50%
特殊效果：将此食料喂给魔兽后，可以恢复18%的体力
适于以下魔兽食用：
百兽纲 百虫纲 有翼纲 草木纲 水栖纲 甲鳞纲 咒具纲 死尸纲","最大ＨＰ＋30％
与ダメージ＋10％
特殊効果：闘獣練終了時、ペットの獲得経験値を50％増加させる。
特殊効果：この餌をペットに与えると、ＨＰを18％回復する。
[食事可能な魔獣]
百獣綱 百蟲綱 有翼綱 草木綱 水棲綱 甲鱗綱 呪具綱 死屍綱"
Pawprint,Captured,,,"最大HP+30%
造成伤害+10%
特殊效果：斗兽奇弈结束时，魔獣获得的经验值增加50%
特殊效果：将此食事喂给魔獣后，可以恢复18%的体力
适于以下魔獣食用：
百兽纲 百虫纲 有翼纲 草木纲 水栖纲 甲鳞纲 咒具纲 死尸纲","最大ＨＰ＋30％
与ダメージ＋10％
特殊効果：闘獣練終了時、ペットの獲得経験値を50％増加させる。
特殊効果：この餌をペットに与えると、ＨＰを18％回復する。
[食事可能な魔獣]
百獣綱 百蟲綱 有翼綱 草木綱 水棲綱 甲鱗綱 呪具綱 死屍綱"
Pawprint,Captured,,,"最大HP+30%
造成伤害+10%
特殊效果：斗兽奇弈结束时，魔獣获得的经验值增加50%
特殊效果：将此食料喂给魔獣后，可以恢复18%的体力
适于以下魔獣食用：
百兽纲 百虫纲 有翼纲 草木纲 水栖纲 甲鳞纲 咒具纲 死尸纲","最大ＨＰ＋30％
与ダメージ＋10％
特殊効果：闘獣練終了時、ペットの獲得経験値を50％増加させる。
特殊効果：この餌をペットに与えると、ＨＰを18％回復する。
[食事可能な魔獣]
百獣綱 百蟲綱 有翼綱 草木綱 水棲綱 甲鱗綱 呪具綱 死屍綱"
Pawprint,Captured,,,"最大HP+30%
造成伤害+10%
特殊效果：闘獣練结束时，魔兽获得的经验值增加50%
特殊效果：将此食事喂给魔兽后，可以恢复18%的体力
适于以下魔兽食用：
百兽纲 百虫纲 有翼纲 草木纲 水栖纲 甲鳞纲 咒具纲 死尸纲","最大ＨＰ＋30％
与ダメージ＋10％
特殊効果：闘獣練終了時、ペットの獲得経験値を50％増加させる。
特殊効果：この餌をペットに与えると、ＨＰを18％回復する。
[食事可能な魔獣]
百獣綱 百蟲綱 有翼綱 草木綱 水棲綱 甲鱗綱 呪具綱 死屍綱"
Pawprint,Captured,,,"最大HP+30%
造成伤害+10%
特殊效果：闘獣練结束时，魔兽获得的经验值增加50%
特殊效果：将此食料喂给魔兽后，可以恢复18%的体力
适于以下魔兽食用：
百兽纲 百虫纲 有翼纲 草木纲 水栖纲 甲鳞纲 咒具纲 死尸纲","最大ＨＰ＋30％
与ダメージ＋10％
特殊効果：闘獣練終了時、ペットの獲得経験値を50％増加させる。
特殊効果：この餌をペットに与えると、ＨＰを18％回復する。
[食事可能な魔獣]
百獣綱 百蟲綱 有翼綱 草木綱 水棲綱 甲鱗綱 呪具綱 死屍綱"
Pawprint,Captured,,,"最大HP+30%
造成伤害+10%
特殊效果：闘獣練结束时，魔獣获得的经验值增加50%
特殊效果：将此食事喂给魔獣后，可以恢复18%的体力
适于以下魔獣食用：
百兽纲 百虫纲 有翼纲 草木纲 水栖纲 甲鳞纲 咒具纲 死尸纲","最大ＨＰ＋30％
与ダメージ＋10％
特殊効果：闘獣練終了時、ペットの獲得経験値を50％増加させる。
特殊効果：この餌をペットに与えると、ＨＰを18％回復する。
[食事可能な魔獣]
百獣綱 百蟲綱 有翼綱 草木綱 水棲綱 甲鱗綱 呪具綱 死屍綱"
Pawprint,Captured,,,"最大HP+30%
造成伤害+10%
特殊效果：闘獣練结束时，魔獣获得的经验值增加50%
特殊效果：将此食料喂给魔獣后，可以恢复18%的体力
适于以下魔獣食用：
百兽纲 百虫纲 有翼纲 草木纲 水栖纲 甲鳞纲 咒具纲 死尸纲","最大ＨＰ＋30％
与ダメージ＋10％
特殊効果：闘獣練終了時、ペットの獲得経験値を50％増加させる。
特殊効果：この餌をペットに与えると、ＨＰを18％回復する。
[食事可能な魔獣]
百獣綱 百蟲綱 有翼綱 草木綱 水棲綱 甲鱗綱 呪具綱 死屍綱"
Pawprint,Captured,,,"最大HP+30%
造成伤害+15%
特殊効果：对敌人造成致命一击时，为自身附加1档“体力持续恢复”状态
体力持续恢复效果：每隔一段时间恢复自身最大HP的3%
体力持续恢复持续时间：6秒
最大档数：8档
特殊効果：将此食事喂给魔兽后，可以恢复18%的体力
适于以下魔兽食用：
水栖纲","最大ＨＰ＋30％
与ダメージ＋15％
特殊効果：敵にとどめをさしたとき、自身に「徐々にＨＰ回復」を1スタック付与する。
徐々にＨＰ回復効果：一定時間ごとにＨＰを最大ＨＰの3％分回復する。
徐々にＨＰ回復効果時間：6秒
最大スタック8
特殊効果：この餌をペットに与えると、ＨＰを18％回復する。
[食事可能な魔獣]
水棲綱"
Pawprint,Captured,,,"最大HP+30%
造成伤害+15%
特殊効果：对敌人造成致命一击时，为自身附加1档“体力持续恢复”状态
体力持续恢复效果：每隔一段时间恢复自身最大HP的3%
体力持续恢复持续时间：6秒
最大档数：8档
特殊効果：将此食事喂给魔獣后，可以恢复18%的体力
适于以下魔獣食用：
水栖纲","最大ＨＰ＋30％
与ダメージ＋15％
特殊効果：敵にとどめをさしたとき、自身に「徐々にＨＰ回復」を1スタック付与する。
徐々にＨＰ回復効果：一定時間ごとにＨＰを最大ＨＰの3％分回復する。
徐々にＨＰ回復効果時間：6秒
最大スタック8
特殊効果：この餌をペットに与えると、ＨＰを18％回復する。
[食事可能な魔獣]
水棲綱"
Pawprint,Captured,,,"最大HP+30%
造成伤害+15%
特殊効果：对敌人造成致命一击时，为自身附加1档“体力持续恢复”状态
体力持续恢复效果：每隔一段时间恢复自身最大HP的3%
体力持续恢复持续时间：6秒
最大档数：8档
特殊効果：将此食料喂给魔兽后，可以恢复18%的体力
适于以下魔兽食用：
水栖纲","最大ＨＰ＋30％
与ダメージ＋15％
特殊効果：敵にとどめをさしたとき、自身に「徐々にＨＰ回復」を1スタック付与する。
徐々にＨＰ回復効果：一定時間ごとにＨＰを最大ＨＰの3％分回復する。
徐々にＨＰ回復効果時間：6秒
最大スタック8
特殊効果：この餌をペットに与えると、ＨＰを18％回復する。
[食事可能な魔獣]
水棲綱"
Pawprint,Captured,,,"最大HP+30%
造成伤害+15%
特殊効果：对敌人造成致命一击时，为自身附加1档“体力持续恢复”状态
体力持续恢复效果：每隔一段时间恢复自身最大HP的3%
体力持续恢复持续时间：6秒
最大档数：8档
特殊効果：将此食料喂给魔獣后，可以恢复18%的体力
适于以下魔獣食用：
水栖纲","最大ＨＰ＋30％
与ダメージ＋15％
特殊効果：敵にとどめをさしたとき、自身に「徐々にＨＰ回復」を1スタック付与する。
徐々にＨＰ回復効果：一定時間ごとにＨＰを最大ＨＰの3％分回復する。
徐々にＨＰ回復効果時間：6秒
最大スタック8
特殊効果：この餌をペットに与えると、ＨＰを18％回復する。
[食事可能な魔獣]
水棲綱"
Pawprint,Captured,,,"最大HP+30%
造成伤害+15%
特殊效果：对敌人造成致命一击时，为自身附加1档“体力持续恢复”状态
体力持续恢复效果：每隔一段时间恢复自身最大HP的3%
体力持续恢复持续时间：6秒
最大档数：8档
特殊效果：将此食事喂给魔兽后，可以恢复18%的体力
适于以下魔兽食用：
水栖纲","最大ＨＰ＋30％
与ダメージ＋15％
特殊効果：敵にとどめをさしたとき、自身に「徐々にＨＰ回復」を1スタック付与する。
徐々にＨＰ回復効果：一定時間ごとにＨＰを最大ＨＰの3％分回復する。
徐々にＨＰ回復効果時間：6秒
最大スタック8
特殊効果：この餌をペットに与えると、ＨＰを18％回復する。
[食事可能な魔獣]
水棲綱"
Pawprint,Captured,,,"最大HP+30%
造成伤害+15%
特殊效果：对敌人造成致命一击时，为自身附加1档“体力持续恢复”状态
体力持续恢复效果：每隔一段时间恢复自身最大HP的3%
体力持续恢复持续时间：6秒
最大档数：8档
特殊效果：将此食事喂给魔獣后，可以恢复18%的体力
适于以下魔獣食用：
水栖纲","最大ＨＰ＋30％
与ダメージ＋15％
特殊効果：敵にとどめをさしたとき、自身に「徐々にＨＰ回復」を1スタック付与する。
徐々にＨＰ回復効果：一定時間ごとにＨＰを最大ＨＰの3％分回復する。
徐々にＨＰ回復効果時間：6秒
最大スタック8
特殊効果：この餌をペットに与えると、ＨＰを18％回復する。
[食事可能な魔獣]
水棲綱"
Pawprint,Captured,,,"最大HP+30%
造成伤害+15%
特殊效果：对敌人造成致命一击时，为自身附加1档“体力持续恢复”状态
体力持续恢复效果：每隔一段时间恢复自身最大HP的3%
体力持续恢复持续时间：6秒
最大档数：8档
特殊效果：将此食料喂给魔兽后，可以恢复18%的体力
适于以下魔兽食用：
水栖纲","最大ＨＰ＋30％
与ダメージ＋15％
特殊効果：敵にとどめをさしたとき、自身に「徐々にＨＰ回復」を1スタック付与する。
徐々にＨＰ回復効果：一定時間ごとにＨＰを最大ＨＰの3％分回復する。
徐々にＨＰ回復効果時間：6秒
最大スタック8
特殊効果：この餌をペットに与えると、ＨＰを18％回復する。
[食事可能な魔獣]
水棲綱"
Pawprint,Captured,,,"最大HP+30%
造成伤害+15%
特殊效果：对敌人造成致命一击时，为自身附加1档“体力持续恢复”状态
体力持续恢复效果：每隔一段时间恢复自身最大HP的3%
体力持续恢复持续时间：6秒
最大档数：8档
特殊效果：将此食料喂给魔獣后，可以恢复18%的体力
适于以下魔獣食用：
水栖纲","最大ＨＰ＋30％
与ダメージ＋15％
特殊効果：敵にとどめをさしたとき、自身に「徐々にＨＰ回復」を1スタック付与する。
徐々にＨＰ回復効果：一定時間ごとにＨＰを最大ＨＰの3％分回復する。
徐々にＨＰ回復効果時間：6秒
最大スタック8
特殊効果：この餌をペットに与えると、ＨＰを18％回復する。
[食事可能な魔獣]
水棲綱"
Pawprint,Captured,,,"最大HP+30%
造成伤害+18%
特殊効果：自身发动战技触发兽心协作技时，为自身附加“卓异”状态
卓异效果：除特定攻击之外其他所有攻击均无效化，且造成伤害提高10%
卓异持续时间：9秒","最大ＨＰ＋30％
与ダメージ＋18％
特殊効果：自身のウェポンスキル実行時に獣心技連携に成功すると、自身に「エクセレンス」を付与する。
エクセレンス効果：一部を除くすべての攻撃を無効化し、かつ与ダメージが10％増加する。
エクセレンス効果時間：9秒"
Pawprint,Captured,,,"最大HP+30%
造成伤害+18%
特殊效果：自身发动战技触发兽心协作技时，为自身附加“卓异”状态
卓异效果：除特定攻击之外其他所有攻击均无效化，且造成伤害提高10%
卓异持续时间：9秒","最大ＨＰ＋30％
与ダメージ＋18％
特殊効果：自身のウェポンスキル実行時に獣心技連携に成功すると、自身に「エクセレンス」を付与する。
エクセレンス効果：一部を除くすべての攻撃を無効化し、かつ与ダメージが10％増加する。
エクセレンス効果時間：9秒"
Pawprint,Captured,,,"最大HP+5%
特殊効果：技力累积量提高5%
特殊効果：对敌人造成致命一击时，为自身附加1档“激昂”状态
激昂效果：造成伤害+10%、受到伤害-5%
激昂持续时间：180秒
最大档数：4档","最大ＨＰ＋5％
特殊効果：ＴＰ蓄積量を5％上昇させる。
特殊効果：敵にとどめをさしたとき、自身に「ハイテンション」を1スタック付与する。
ハイテンション効果：与ダメージ＋10％、被ダメージ－5％
ハイテンション効果時間：180秒
最大スタック：4"
Pawprint,Captured,,,"最大HP+5%
特殊效果：技力累积量提高5%
特殊效果：对敌人造成致命一击时，为自身附加1档“激昂”状态
激昂效果：造成伤害+10%、受到伤害-5%
激昂持续时间：180秒
最大档数：4档","最大ＨＰ＋5％
特殊効果：ＴＰ蓄積量を5％上昇させる。
特殊効果：敵にとどめをさしたとき、自身に「ハイテンション」を1スタック付与する。
ハイテンション効果：与ダメージ＋10％、被ダメージ－5％
ハイテンション効果時間：180秒
最大スタック：4"
Pawprint,Captured,,,"最大HP+5%
特殊効果：技力累积量提高5%
特殊効果：对敌人造成致命一击时，为自身附加1档“激昂”状态
激昂效果：造成伤害+10%、受到伤害-5%
激昂持续时间：180秒
最大档数：4档","最大ＨＰ＋5％
特殊効果：ＴＰ蓄積量を5％上昇させる。
特殊効果：敵にとどめをさしたとき、自身に「ハイテンション」を1スタック付与する。
ハイテンション効果：与ダメージ＋10％、被ダメージ－5％
ハイテンション効果時間：180秒
最大スタック：4"
Pawprint,Captured,,,"最大HP+5%
特殊效果：技力累积量提高5%
特殊效果：对敌人造成致命一击时，为自身附加1档“激昂”状态
激昂效果：造成伤害+10%、受到伤害-5%
激昂持续时间：180秒
最大档数：4档","最大ＨＰ＋5％
特殊効果：ＴＰ蓄積量を5％上昇させる。
特殊効果：敵にとどめをさしたとき、自身に「ハイテンション」を1スタック付与する。
ハイテンション効果：与ダメージ＋10％、被ダメージ－5％
ハイテンション効果時間：180秒
最大スタック：4"
Pawprint,Captured,,,"最大HP+50%
受到伤害-20%
特殊効果：受到伤害时有50%的几率为自身附加1档“加速”状态
加速效果：自动攻击间隔、战技与魔法的咏唱及复唱时间缩短3%
加速持续时间：60秒
最大档数：5档
特殊効果：将此食事喂给魔兽后，可以恢复26%的体力
适于以下魔兽食用：
草木纲","最大ＨＰ＋50％
被ダメージ－20％
特殊効果：ダメージを受けたとき、50％の確率で自身に「ヘイスト」を1スタック付与する。
ヘイスト効果：オートアタックの攻撃間隔と、ウェポンスキルおよび魔法のキャストタイムとリキャストタイムを3％短縮する。
ヘイスト効果時間：60秒
最大スタック：5
特殊効果：この餌をペットに与えると、ＨＰを26％回復する。
[食事可能な魔獣]
草木綱"
Pawprint,Captured,,,"最大HP+50%
受到伤害-20%
特殊効果：受到伤害时有50%的几率为自身附加1档“加速”状态
加速效果：自动攻击间隔、战技与魔法的咏唱及复唱时间缩短3%
加速持续时间：60秒
最大档数：5档
特殊効果：将此食事喂给魔獣后，可以恢复26%的体力
适于以下魔獣食用：
草木纲","最大ＨＰ＋50％
被ダメージ－20％
特殊効果：ダメージを受けたとき、50％の確率で自身に「ヘイスト」を1スタック付与する。
ヘイスト効果：オートアタックの攻撃間隔と、ウェポンスキルおよび魔法のキャストタイムとリキャストタイムを3％短縮する。
ヘイスト効果時間：60秒
最大スタック：5
特殊効果：この餌をペットに与えると、ＨＰを26％回復する。
[食事可能な魔獣]
草木綱"
Pawprint,Captured,,,"最大HP+50%
受到伤害-20%
特殊効果：受到伤害时有50%的几率为自身附加1档“加速”状态
加速效果：自动攻击间隔、战技与魔法的咏唱及复唱时间缩短3%
加速持续时间：60秒
最大档数：5档
特殊効果：将此食料喂给魔兽后，可以恢复26%的体力
适于以下魔兽食用：
草木纲","最大ＨＰ＋50％
被ダメージ－20％
特殊効果：ダメージを受けたとき、50％の確率で自身に「ヘイスト」を1スタック付与する。
ヘイスト効果：オートアタックの攻撃間隔と、ウェポンスキルおよび魔法のキャストタイムとリキャストタイムを3％短縮する。
ヘイスト効果時間：60秒
最大スタック：5
特殊効果：この餌をペットに与えると、ＨＰを26％回復する。
[食事可能な魔獣]
草木綱"
Pawprint,Captured,,,"最大HP+50%
受到伤害-20%
特殊効果：受到伤害时有50%的几率为自身附加1档“加速”状态
加速效果：自动攻击间隔、战技与魔法的咏唱及复唱时间缩短3%
加速持续时间：60秒
最大档数：5档
特殊効果：将此食料喂给魔獣后，可以恢复26%的体力
适于以下魔獣食用：
草木纲","最大ＨＰ＋50％
被ダメージ－20％
特殊効果：ダメージを受けたとき、50％の確率で自身に「ヘイスト」を1スタック付与する。
ヘイスト効果：オートアタックの攻撃間隔と、ウェポンスキルおよび魔法のキャストタイムとリキャストタイムを3％短縮する。
ヘイスト効果時間：60秒
最大スタック：5
特殊効果：この餌をペットに与えると、ＨＰを26％回復する。
[食事可能な魔獣]
草木綱"
Pawprint,Captured,,,"最大HP+50%
受到伤害-20%
特殊效果：受到伤害时有50%的几率为自身附加1档“加速”状态
加速效果：自动攻击间隔、战技与魔法的咏唱及复唱时间缩短3%
加速持续时间：60秒
最大档数：5档
特殊效果：将此食事喂给魔兽后，可以恢复26%的体力
适于以下魔兽食用：
草木纲","最大ＨＰ＋50％
被ダメージ－20％
特殊効果：ダメージを受けたとき、50％の確率で自身に「ヘイスト」を1スタック付与する。
ヘイスト効果：オートアタックの攻撃間隔と、ウェポンスキルおよび魔法のキャストタイムとリキャストタイムを3％短縮する。
ヘイスト効果時間：60秒
最大スタック：5
特殊効果：この餌をペットに与えると、ＨＰを26％回復する。
[食事可能な魔獣]
草木綱"
Pawprint,Captured,,,"最大HP+50%
受到伤害-20%
特殊效果：受到伤害时有50%的几率为自身附加1档“加速”状态
加速效果：自动攻击间隔、战技与魔法的咏唱及复唱时间缩短3%
加速持续时间：60秒
最大档数：5档
特殊效果：将此食事喂给魔獣后，可以恢复26%的体力
适于以下魔獣食用：
草木纲","最大ＨＰ＋50％
被ダメージ－20％
特殊効果：ダメージを受けたとき、50％の確率で自身に「ヘイスト」を1スタック付与する。
ヘイスト効果：オートアタックの攻撃間隔と、ウェポンスキルおよび魔法のキャストタイムとリキャストタイムを3％短縮する。
ヘイスト効果時間：60秒
最大スタック：5
特殊効果：この餌をペットに与えると、ＨＰを26％回復する。
[食事可能な魔獣]
草木綱"
Pawprint,Captured,,,"最大HP+50%
受到伤害-20%
特殊效果：受到伤害时有50%的几率为自身附加1档“加速”状态
加速效果：自动攻击间隔、战技与魔法的咏唱及复唱时间缩短3%
加速持续时间：60秒
最大档数：5档
特殊效果：将此食料喂给魔兽后，可以恢复26%的体力
适于以下魔兽食用：
草木纲","最大ＨＰ＋50％
被ダメージ－20％
特殊効果：ダメージを受けたとき、50％の確率で自身に「ヘイスト」を1スタック付与する。
ヘイスト効果：オートアタックの攻撃間隔と、ウェポンスキルおよび魔法のキャストタイムとリキャストタイムを3％短縮する。
ヘイスト効果時間：60秒
最大スタック：5
特殊効果：この餌をペットに与えると、ＨＰを26％回復する。
[食事可能な魔獣]
草木綱"
Pawprint,Captured,,,"最大HP+50%
受到伤害-20%
特殊效果：受到伤害时有50%的几率为自身附加1档“加速”状态
加速效果：自动攻击间隔、战技与魔法的咏唱及复唱时间缩短3%
加速持续时间：60秒
最大档数：5档
特殊效果：将此食料喂给魔獣后，可以恢复26%的体力
适于以下魔獣食用：
草木纲","最大ＨＰ＋50％
被ダメージ－20％
特殊効果：ダメージを受けたとき、50％の確率で自身に「ヘイスト」を1スタック付与する。
ヘイスト効果：オートアタックの攻撃間隔と、ウェポンスキルおよび魔法のキャストタイムとリキャストタイムを3％短縮する。
ヘイスト効果時間：60秒
最大スタック：5
特殊効果：この餌をペットに与えると、ＨＰを26％回復する。
[食事可能な魔獣]
草木綱"
Pawprint,Captured,,,"最大HP+50%
受到伤害-20%
特殊効果：受到伤害时有50%的几率为自身附加1档“加速”状态
加速效果：自动攻击间隔、战技与魔法的咏唱及复唱时间缩短3%
加速持续时间：60秒
最大档数：5档
特殊効果：将此食事喂给魔兽后，可以恢复26%的体力
适于以下魔兽食用：
草木纲","最大ＨＰ＋50％
被ダメージ－20％
特殊効果：ダメージを受けたとき、50％の確率で自身に「ヘイスト」を1スタック付与する。
ヘイスト効果：オートアタックの攻撃間隔と、ウェポンスキルおよび魔法のキャストタイムとリキャストタイムを3％短縮する。
ヘイスト効果時間：60秒
最大スタック：5
特殊効果：この餌をペットに与えると、ＨＰを26％回復する。
[食事可能な魔獣]
草木綱"
Pawprint,Captured,,,"最大HP+50%
受到伤害-20%
特殊効果：受到伤害时有50%的几率为自身附加1档“加速”状态
加速效果：自动攻击间隔、战技与魔法的咏唱及复唱时间缩短3%
加速持续时间：60秒
最大档数：5档
特殊効果：将此食事喂给魔獣后，可以恢复26%的体力
适于以下魔獣食用：
草木纲","最大ＨＰ＋50％
被ダメージ－20％
特殊効果：ダメージを受けたとき、50％の確率で自身に「ヘイスト」を1スタック付与する。
ヘイスト効果：オートアタックの攻撃間隔と、ウェポンスキルおよび魔法のキャストタイムとリキャストタイムを3％短縮する。
ヘイスト効果時間：60秒
最大スタック：5
特殊効果：この餌をペットに与えると、ＨＰを26％回復する。
[食事可能な魔獣]
草木綱"
Pawprint,Captured,,,"最大HP+50%
受到伤害-20%
特殊効果：受到伤害时有50%的几率为自身附加1档“加速”状态
加速效果：自动攻击间隔、战技与魔法的咏唱及复唱时间缩短3%
加速持续时间：60秒
最大档数：5档
特殊効果：将此食料喂给魔兽后，可以恢复26%的体力
适于以下魔兽食用：
草木纲","最大ＨＰ＋50％
被ダメージ－20％
特殊効果：ダメージを受けたとき、50％の確率で自身に「ヘイスト」を1スタック付与する。
ヘイスト効果：オートアタックの攻撃間隔と、ウェポンスキルおよび魔法のキャストタイムとリキャストタイムを3％短縮する。
ヘイスト効果時間：60秒
最大スタック：5
特殊効果：この餌をペットに与えると、ＨＰを26％回復する。
[食事可能な魔獣]
草木綱"
Pawprint,Captured,,,"最大HP+50%
受到伤害-20%
特殊効果：受到伤害时有50%的几率为自身附加1档“加速”状态
加速效果：自动攻击间隔、战技与魔法的咏唱及复唱时间缩短3%
加速持续时间：60秒
最大档数：5档
特殊効果：将此食料喂给魔獣后，可以恢复26%的体力
适于以下魔獣食用：
草木纲","最大ＨＰ＋50％
被ダメージ－20％
特殊効果：ダメージを受けたとき、50％の確率で自身に「ヘイスト」を1スタック付与する。
ヘイスト効果：オートアタックの攻撃間隔と、ウェポンスキルおよび魔法のキャストタイムとリキャストタイムを3％短縮する。
ヘイスト効果時間：60秒
最大スタック：5
特殊効果：この餌をペットに与えると、ＨＰを26％回復する。
[食事可能な魔獣]
草木綱"
Pawprint,Captured,,,"最大HP+50%
受到伤害-20%
特殊效果：受到伤害时有50%的几率为自身附加1档“加速”状态
加速效果：自动攻击间隔、战技与魔法的咏唱及复唱时间缩短3%
加速持续时间：60秒
最大档数：5档
特殊效果：将此食事喂给魔兽后，可以恢复26%的体力
适于以下魔兽食用：
草木纲","最大ＨＰ＋50％
被ダメージ－20％
特殊効果：ダメージを受けたとき、50％の確率で自身に「ヘイスト」を1スタック付与する。
ヘイスト効果：オートアタックの攻撃間隔と、ウェポンスキルおよび魔法のキャストタイムとリキャストタイムを3％短縮する。
ヘイスト効果時間：60秒
最大スタック：5
特殊効果：この餌をペットに与えると、ＨＰを26％回復する。
[食事可能な魔獣]
草木綱"
Pawprint,Captured,,,"最大HP+50%
受到伤害-20%
特殊效果：受到伤害时有50%的几率为自身附加1档“加速”状态
加速效果：自动攻击间隔、战技与魔法的咏唱及复唱时间缩短3%
加速持续时间：60秒
最大档数：5档
特殊效果：将此食事喂给魔獣后，可以恢复26%的体力
适于以下魔獣食用：
草木纲","最大ＨＰ＋50％
被ダメージ－20％
特殊効果：ダメージを受けたとき、50％の確率で自身に「ヘイスト」を1スタック付与する。
ヘイスト効果：オートアタックの攻撃間隔と、ウェポンスキルおよび魔法のキャストタイムとリキャストタイムを3％短縮する。
ヘイスト効果時間：60秒
最大スタック：5
特殊効果：この餌をペットに与えると、ＨＰを26％回復する。
[食事可能な魔獣]
草木綱"
Pawprint,Captured,,,"最大HP+50%
受到伤害-20%
特殊效果：受到伤害时有50%的几率为自身附加1档“加速”状态
加速效果：自动攻击间隔、战技与魔法的咏唱及复唱时间缩短3%
加速持续时间：60秒
最大档数：5档
特殊效果：将此食料喂给魔兽后，可以恢复26%的体力
适于以下魔兽食用：
草木纲","最大ＨＰ＋50％
被ダメージ－20％
特殊効果：ダメージを受けたとき、50％の確率で自身に「ヘイスト」を1スタック付与する。
ヘイスト効果：オートアタックの攻撃間隔と、ウェポンスキルおよび魔法のキャストタイムとリキャストタイムを3％短縮する。
ヘイスト効果時間：60秒
最大スタック：5
特殊効果：この餌をペットに与えると、ＨＰを26％回復する。
[食事可能な魔獣]
草木綱"
Pawprint,Captured,,,"最大HP+50%
受到伤害-20%
特殊效果：受到伤害时有50%的几率为自身附加1档“加速”状态
加速效果：自动攻击间隔、战技与魔法的咏唱及复唱时间缩短3%
加速持续时间：60秒
最大档数：5档
特殊效果：将此食料喂给魔獣后，可以恢复26%的体力
适于以下魔獣食用：
草木纲","最大ＨＰ＋50％
被ダメージ－20％
特殊効果：ダメージを受けたとき、50％の確率で自身に「ヘイスト」を1スタック付与する。
ヘイスト効果：オートアタックの攻撃間隔と、ウェポンスキルおよび魔法のキャストタイムとリキャストタイムを3％短縮する。
ヘイスト効果時間：60秒
最大スタック：5
特殊効果：この餌をペットに与えると、ＨＰを26％回復する。
[食事可能な魔獣]
草木綱"
Pawprint,Captured,,,"最大HP+6%
回避率+8%
睡眠耐性+100%","最大ＨＰ＋6％
回避率＋8％
睡眠耐性＋100％"
Pawprint,Captured,,,"最大HP+6%
回避率+8%
睡眠耐性+100%","最大ＨＰ＋6％
回避率＋8％
睡眠耐性＋100％"
Pawprint,,,,"最大体力+10%
受到伤害-5%
死亡宣告耐性+100%","最大ＨＰ＋10％
被ダメージ－5％
死の宣告耐性＋100％"
Pawprint,Captured,,,"最大体力+10%
受到伤害-5%
死亡宣告耐性+100%","最大ＨＰ＋10％
被ダメージ－5％
死の宣告耐性＋100％"
Pawprint,Captured,,,"最大体力+12%
特殊効果：自身发动战技触发兽心协作技时，有25%的几率恢复一部分消耗的技力","最大ＨＰ＋12％
特殊効果：自身のウェポンスキル実行時に獣心技連携に成功すると、25％の確率で消費したＴＰの一部が回復する。"
Pawprint,,,,"最大体力+12%
特殊效果：自身发动战技触发兽心协作技时，有25%的几率恢复一部分消耗的技力","最大ＨＰ＋12％
特殊効果：自身のウェポンスキル実行時に獣心技連携に成功すると、25％の確率で消費したＴＰの一部が回復する。"
Pawprint,Captured,,,"最大体力+12%
特殊効果：自身发动战技触发兽心协作技时，有25%的几率恢复一部分消耗的技力","最大ＨＰ＋12％
特殊効果：自身のウェポンスキル実行時に獣心技連携に成功すると、25％の確率で消費したＴＰの一部が回復する。"
Pawprint,Captured,,,"最大体力+12%
特殊效果：自身发动战技触发兽心协作技时，有25%的几率恢复一部分消耗的技力","最大ＨＰ＋12％
特殊効果：自身のウェポンスキル実行時に獣心技連携に成功すると、25％の確率で消費したＴＰの一部が回復する。"
Pawprint,Captured,,,"最大体力+15%
造成伤害+5%
特殊効果：斗兽奇弈结束时，魔兽获得的经验值增加25%
特殊効果：将此食事喂给魔兽后，可以恢复10%的体力
适于以下魔兽食用：
百兽纲 百虫纲 有翼纲 草木纲 水栖纲 甲鳞纲 咒具纲 死尸纲","最大ＨＰ＋15％
与ダメージ＋5％
特殊効果：闘獣練終了時、ペットの獲得経験値を25％増加させる。
特殊効果：この餌をペットに与えると、ＨＰを10％回復する。
[食事可能な魔獣]
百獣綱 百蟲綱 有翼綱 草木綱 水棲綱 甲鱗綱 呪具綱 死屍綱"
Pawprint,Captured,,,"最大体力+15%
造成伤害+5%
特殊効果：斗兽奇弈结束时，魔兽获得的经验值增加25%
特殊効果：将此食料喂给魔兽后，可以恢复10%的体力
适于以下魔兽食用：
百兽纲 百虫纲 有翼纲 草木纲 水栖纲 甲鳞纲 咒具纲 死尸纲","最大ＨＰ＋15％
与ダメージ＋5％
特殊効果：闘獣練終了時、ペットの獲得経験値を25％増加させる。
特殊効果：この餌をペットに与えると、ＨＰを10％回復する。
[食事可能な魔獣]
百獣綱 百蟲綱 有翼綱 草木綱 水棲綱 甲鱗綱 呪具綱 死屍綱"
Pawprint,Captured,,,"最大体力+15%
造成伤害+5%
特殊効果：斗兽奇弈结束时，魔獣获得的经验值增加25%
特殊効果：将此食事喂给魔獣后，可以恢复10%的体力
适于以下魔獣食用：
百兽纲 百虫纲 有翼纲 草木纲 水栖纲 甲鳞纲 咒具纲 死尸纲","最大ＨＰ＋15％
与ダメージ＋5％
特殊効果：闘獣練終了時、ペットの獲得経験値を25％増加させる。
特殊効果：この餌をペットに与えると、ＨＰを10％回復する。
[食事可能な魔獣]
百獣綱 百蟲綱 有翼綱 草木綱 水棲綱 甲鱗綱 呪具綱 死屍綱"
Pawprint,Captured,,,"最大体力+15%
造成伤害+5%
特殊効果：斗兽奇弈结束时，魔獣获得的经验值增加25%
特殊効果：将此食料喂给魔獣后，可以恢复10%的体力
适于以下魔獣食用：
百兽纲 百虫纲 有翼纲 草木纲 水栖纲 甲鳞纲 咒具纲 死尸纲","最大ＨＰ＋15％
与ダメージ＋5％
特殊効果：闘獣練終了時、ペットの獲得経験値を25％増加させる。
特殊効果：この餌をペットに与えると、ＨＰを10％回復する。
[食事可能な魔獣]
百獣綱 百蟲綱 有翼綱 草木綱 水棲綱 甲鱗綱 呪具綱 死屍綱"
Pawprint,Captured,,,"最大体力+15%
造成伤害+5%
特殊効果：闘獣練结束时，魔兽获得的经验值增加25%
特殊効果：将此食事喂给魔兽后，可以恢复10%的体力
适于以下魔兽食用：
百兽纲 百虫纲 有翼纲 草木纲 水栖纲 甲鳞纲 咒具纲 死尸纲","最大ＨＰ＋15％
与ダメージ＋5％
特殊効果：闘獣練終了時、ペットの獲得経験値を25％増加させる。
特殊効果：この餌をペットに与えると、ＨＰを10％回復する。
[食事可能な魔獣]
百獣綱 百蟲綱 有翼綱 草木綱 水棲綱 甲鱗綱 呪具綱 死屍綱"
Pawprint,Captured,,,"最大体力+15%
造成伤害+5%
特殊効果：闘獣練结束时，魔兽获得的经验值增加25%
特殊効果：将此食料喂给魔兽后，可以恢复10%的体力
适于以下魔兽食用：
百兽纲 百虫纲 有翼纲 草木纲 水栖纲 甲鳞纲 咒具纲 死尸纲","最大ＨＰ＋15％
与ダメージ＋5％
特殊効果：闘獣練終了時、ペットの獲得経験値を25％増加させる。
特殊効果：この餌をペットに与えると、ＨＰを10％回復する。
[食事可能な魔獣]
百獣綱 百蟲綱 有翼綱 草木綱 水棲綱 甲鱗綱 呪具綱 死屍綱"
Pawprint,Captured,,,"最大体力+15%
造成伤害+5%
特殊効果：闘獣練结束时，魔獣获得的经验值增加25%
特殊効果：将此食事喂给魔獣后，可以恢复10%的体力
适于以下魔獣食用：
百兽纲 百虫纲 有翼纲 草木纲 水栖纲 甲鳞纲 咒具纲 死尸纲","最大ＨＰ＋15％
与ダメージ＋5％
特殊効果：闘獣練終了時、ペットの獲得経験値を25％増加させる。
特殊効果：この餌をペットに与えると、ＨＰを10％回復する。
[食事可能な魔獣]
百獣綱 百蟲綱 有翼綱 草木綱 水棲綱 甲鱗綱 呪具綱 死屍綱"
Pawprint,Captured,,,"最大体力+15%
造成伤害+5%
特殊効果：闘獣練结束时，魔獣获得的经验值增加25%
特殊効果：将此食料喂给魔獣后，可以恢复10%的体力
适于以下魔獣食用：
百兽纲 百虫纲 有翼纲 草木纲 水栖纲 甲鳞纲 咒具纲 死尸纲","最大ＨＰ＋15％
与ダメージ＋5％
特殊効果：闘獣練終了時、ペットの獲得経験値を25％増加させる。
特殊効果：この餌をペットに与えると、ＨＰを10％回復する。
[食事可能な魔獣]
百獣綱 百蟲綱 有翼綱 草木綱 水棲綱 甲鱗綱 呪具綱 死屍綱"
Pawprint,Captured,,,"最大体力+15%
造成伤害+5%
特殊效果：斗兽奇弈结束时，魔兽获得的经验值增加25%
特殊效果：将此食事喂给魔兽后，可以恢复10%的体力
适于以下魔兽食用：
百兽纲 百虫纲 有翼纲 草木纲 水栖纲 甲鳞纲 咒具纲 死尸纲","最大ＨＰ＋15％
与ダメージ＋5％
特殊効果：闘獣練終了時、ペットの獲得経験値を25％増加させる。
特殊効果：この餌をペットに与えると、ＨＰを10％回復する。
[食事可能な魔獣]
百獣綱 百蟲綱 有翼綱 草木綱 水棲綱 甲鱗綱 呪具綱 死屍綱"
Pawprint,,,,"最大体力+15%
造成伤害+5%
特殊效果：斗兽奇弈结束时，魔兽获得的经验值增加25%
特殊效果：将此食料喂给魔兽后，可以恢复10%的体力
适于以下魔兽食用：
百兽纲 百虫纲 有翼纲 草木纲 水栖纲 甲鳞纲 咒具纲 死尸纲","最大ＨＰ＋15％
与ダメージ＋5％
特殊効果：闘獣練終了時、ペットの獲得経験値を25％増加させる。
特殊効果：この餌をペットに与えると、ＨＰを10％回復する。
[食事可能な魔獣]
百獣綱 百蟲綱 有翼綱 草木綱 水棲綱 甲鱗綱 呪具綱 死屍綱"
Pawprint,Captured,,,"最大体力+15%
造成伤害+5%
特殊效果：斗兽奇弈结束时，魔獣获得的经验值增加25%
特殊效果：将此食事喂给魔獣后，可以恢复10%的体力
适于以下魔獣食用：
百兽纲 百虫纲 有翼纲 草木纲 水栖纲 甲鳞纲 咒具纲 死尸纲","最大ＨＰ＋15％
与ダメージ＋5％
特殊効果：闘獣練終了時、ペットの獲得経験値を25％増加させる。
特殊効果：この餌をペットに与えると、ＨＰを10％回復する。
[食事可能な魔獣]
百獣綱 百蟲綱 有翼綱 草木綱 水棲綱 甲鱗綱 呪具綱 死屍綱"
Pawprint,Captured,,,"最大体力+15%
造成伤害+5%
特殊效果：斗兽奇弈结束时，魔獣获得的经验值增加25%
特殊效果：将此食料喂给魔獣后，可以恢复10%的体力
适于以下魔獣食用：
百兽纲 百虫纲 有翼纲 草木纲 水栖纲 甲鳞纲 咒具纲 死尸纲","最大ＨＰ＋15％
与ダメージ＋5％
特殊効果：闘獣練終了時、ペットの獲得経験値を25％増加させる。
特殊効果：この餌をペットに与えると、ＨＰを10％回復する。
[食事可能な魔獣]
百獣綱 百蟲綱 有翼綱 草木綱 水棲綱 甲鱗綱 呪具綱 死屍綱"
Pawprint,Captured,,,"最大体力+15%
造成伤害+5%
特殊效果：闘獣練结束时，魔兽获得的经验值增加25%
特殊效果：将此食事喂给魔兽后，可以恢复10%的体力
适于以下魔兽食用：
百兽纲 百虫纲 有翼纲 草木纲 水栖纲 甲鳞纲 咒具纲 死尸纲","最大ＨＰ＋15％
与ダメージ＋5％
特殊効果：闘獣練終了時、ペットの獲得経験値を25％増加させる。
特殊効果：この餌をペットに与えると、ＨＰを10％回復する。
[食事可能な魔獣]
百獣綱 百蟲綱 有翼綱 草木綱 水棲綱 甲鱗綱 呪具綱 死屍綱"
Pawprint,Captured,,,"最大体力+15%
造成伤害+5%
特殊效果：闘獣練结束时，魔兽获得的经验值增加25%
特殊效果：将此食料喂给魔兽后，可以恢复10%的体力
适于以下魔兽食用：
百兽纲 百虫纲 有翼纲 草木纲 水栖纲 甲鳞纲 咒具纲 死尸纲","最大ＨＰ＋15％
与ダメージ＋5％
特殊効果：闘獣練終了時、ペットの獲得経験値を25％増加させる。
特殊効果：この餌をペットに与えると、ＨＰを10％回復する。
[食事可能な魔獣]
百獣綱 百蟲綱 有翼綱 草木綱 水棲綱 甲鱗綱 呪具綱 死屍綱"
Pawprint,Captured,,,"最大体力+15%
造成伤害+5%
特殊效果：闘獣練结束时，魔獣获得的经验值增加25%
特殊效果：将此食事喂给魔獣后，可以恢复10%的体力
适于以下魔獣食用：
百兽纲 百虫纲 有翼纲 草木纲 水栖纲 甲鳞纲 咒具纲 死尸纲","最大ＨＰ＋15％
与ダメージ＋5％
特殊効果：闘獣練終了時、ペットの獲得経験値を25％増加させる。
特殊効果：この餌をペットに与えると、ＨＰを10％回復する。
[食事可能な魔獣]
百獣綱 百蟲綱 有翼綱 草木綱 水棲綱 甲鱗綱 呪具綱 死屍綱"
Pawprint,Captured,,,"最大体力+15%
造成伤害+5%
特殊效果：闘獣練结束时，魔獣获得的经验值增加25%
特殊效果：将此食料喂给魔獣后，可以恢复10%的体力
适于以下魔獣食用：
百兽纲 百虫纲 有翼纲 草木纲 水栖纲 甲鳞纲 咒具纲 死尸纲","最大ＨＰ＋15％
与ダメージ＋5％
特殊効果：闘獣練終了時、ペットの獲得経験値を25％増加させる。
特殊効果：この餌をペットに与えると、ＨＰを10％回復する。
[食事可能な魔獣]
百獣綱 百蟲綱 有翼綱 草木綱 水棲綱 甲鱗綱 呪具綱 死屍綱"
Pawprint,Captured,,,"最大体力+15%
造成伤害+5%
特殊効果：斗兽奇弈结束时，魔兽获得的经验值增加25%
特殊効果：将此食事喂给魔兽后，可以恢复10%的体力
适于以下魔兽食用：
百兽纲 百虫纲 有翼纲 草木纲 水栖纲 甲鳞纲 咒具纲 死尸纲","最大ＨＰ＋15％
与ダメージ＋5％
特殊効果：闘獣練終了時、ペットの獲得経験値を25％増加させる。
特殊効果：この餌をペットに与えると、ＨＰを10％回復する。
[食事可能な魔獣]
百獣綱 百蟲綱 有翼綱 草木綱 水棲綱 甲鱗綱 呪具綱 死屍綱"
Pawprint,Captured,,,"最大体力+15%
造成伤害+5%
特殊効果：斗兽奇弈结束时，魔兽获得的经验值增加25%
特殊効果：将此食料喂给魔兽后，可以恢复10%的体力
适于以下魔兽食用：
百兽纲 百虫纲 有翼纲 草木纲 水栖纲 甲鳞纲 咒具纲 死尸纲","最大ＨＰ＋15％
与ダメージ＋5％
特殊効果：闘獣練終了時、ペットの獲得経験値を25％増加させる。
特殊効果：この餌をペットに与えると、ＨＰを10％回復する。
[食事可能な魔獣]
百獣綱 百蟲綱 有翼綱 草木綱 水棲綱 甲鱗綱 呪具綱 死屍綱"
Pawprint,Captured,,,"最大体力+15%
造成伤害+5%
特殊効果：斗兽奇弈结束时，魔獣获得的经验值增加25%
特殊効果：将此食事喂给魔獣后，可以恢复10%的体力
适于以下魔獣食用：
百兽纲 百虫纲 有翼纲 草木纲 水栖纲 甲鳞纲 咒具纲 死尸纲","最大ＨＰ＋15％
与ダメージ＋5％
特殊効果：闘獣練終了時、ペットの獲得経験値を25％増加させる。
特殊効果：この餌をペットに与えると、ＨＰを10％回復する。
[食事可能な魔獣]
百獣綱 百蟲綱 有翼綱 草木綱 水棲綱 甲鱗綱 呪具綱 死屍綱"
Pawprint,Captured,,,"最大体力+15%
造成伤害+5%
特殊効果：斗兽奇弈结束时，魔獣获得的经验值增加25%
特殊効果：将此食料喂给魔獣后，可以恢复10%的体力
适于以下魔獣食用：
百兽纲 百虫纲 有翼纲 草木纲 水栖纲 甲鳞纲 咒具纲 死尸纲","最大ＨＰ＋15％
与ダメージ＋5％
特殊効果：闘獣練終了時、ペットの獲得経験値を25％増加させる。
特殊効果：この餌をペットに与えると、ＨＰを10％回復する。
[食事可能な魔獣]
百獣綱 百蟲綱 有翼綱 草木綱 水棲綱 甲鱗綱 呪具綱 死屍綱"
Pawprint,Captured,,,"最大体力+15%
造成伤害+5%
特殊効果：闘獣練结束时，魔兽获得的经验值增加25%
特殊効果：将此食事喂给魔兽后，可以恢复10%的体力
适于以下魔兽食用：
百兽纲 百虫纲 有翼纲 草木纲 水栖纲 甲鳞纲 咒具纲 死尸纲","最大ＨＰ＋15％
与ダメージ＋5％
特殊効果：闘獣練終了時、ペットの獲得経験値を25％増加させる。
特殊効果：この餌をペットに与えると、ＨＰを10％回復する。
[食事可能な魔獣]
百獣綱 百蟲綱 有翼綱 草木綱 水棲綱 甲鱗綱 呪具綱 死屍綱"
Pawprint,Captured,,,"最大体力+15%
造成伤害+5%
特殊効果：闘獣練结束时，魔兽获得的经验值增加25%
特殊効果：将此食料喂给魔兽后，可以恢复10%的体力
适于以下魔兽食用：
百兽纲 百虫纲 有翼纲 草木纲 水栖纲 甲鳞纲 咒具纲 死尸纲","最大ＨＰ＋15％
与ダメージ＋5％
特殊効果：闘獣練終了時、ペットの獲得経験値を25％増加させる。
特殊効果：この餌をペットに与えると、ＨＰを10％回復する。
[食事可能な魔獣]
百獣綱 百蟲綱 有翼綱 草木綱 水棲綱 甲鱗綱 呪具綱 死屍綱"
Pawprint,Captured,,,"最大体力+15%
造成伤害+5%
特殊効果：闘獣練结束时，魔獣获得的经验值增加25%
特殊効果：将此食事喂给魔獣后，可以恢复10%的体力
适于以下魔獣食用：
百兽纲 百虫纲 有翼纲 草木纲 水栖纲 甲鳞纲 咒具纲 死尸纲","最大ＨＰ＋15％
与ダメージ＋5％
特殊効果：闘獣練終了時、ペットの獲得経験値を25％増加させる。
特殊効果：この餌をペットに与えると、ＨＰを10％回復する。
[食事可能な魔獣]
百獣綱 百蟲綱 有翼綱 草木綱 水棲綱 甲鱗綱 呪具綱 死屍綱"
Pawprint,Captured,,,"最大体力+15%
造成伤害+5%
特殊効果：闘獣練结束时，魔獣获得的经验值增加25%
特殊効果：将此食料喂给魔獣后，可以恢复10%的体力
适于以下魔獣食用：
百兽纲 百虫纲 有翼纲 草木纲 水栖纲 甲鳞纲 咒具纲 死尸纲","最大ＨＰ＋15％
与ダメージ＋5％
特殊効果：闘獣練終了時、ペットの獲得経験値を25％増加させる。
特殊効果：この餌をペットに与えると、ＨＰを10％回復する。
[食事可能な魔獣]
百獣綱 百蟲綱 有翼綱 草木綱 水棲綱 甲鱗綱 呪具綱 死屍綱"
Pawprint,Captured,,,"最大体力+15%
造成伤害+5%
特殊效果：斗兽奇弈结束时，魔兽获得的经验值增加25%
特殊效果：将此食事喂给魔兽后，可以恢复10%的体力
适于以下魔兽食用：
百兽纲 百虫纲 有翼纲 草木纲 水栖纲 甲鳞纲 咒具纲 死尸纲","最大ＨＰ＋15％
与ダメージ＋5％
特殊効果：闘獣練終了時、ペットの獲得経験値を25％増加させる。
特殊効果：この餌をペットに与えると、ＨＰを10％回復する。
[食事可能な魔獣]
百獣綱 百蟲綱 有翼綱 草木綱 水棲綱 甲鱗綱 呪具綱 死屍綱"
Pawprint,Captured,,,"最大体力+15%
造成伤害+5%
特殊效果：斗兽奇弈结束时，魔兽获得的经验值增加25%
特殊效果：将此食料喂给魔兽后，可以恢复10%的体力
适于以下魔兽食用：
百兽纲 百虫纲 有翼纲 草木纲 水栖纲 甲鳞纲 咒具纲 死尸纲","最大ＨＰ＋15％
与ダメージ＋5％
特殊効果：闘獣練終了時、ペットの獲得経験値を25％増加させる。
特殊効果：この餌をペットに与えると、ＨＰを10％回復する。
[食事可能な魔獣]
百獣綱 百蟲綱 有翼綱 草木綱 水棲綱 甲鱗綱 呪具綱 死屍綱"
Pawprint,Captured,,,"最大体力+15%
造成伤害+5%
特殊效果：斗兽奇弈结束时，魔獣获得的经验值增加25%
特殊效果：将此食事喂给魔獣后，可以恢复10%的体力
适于以下魔獣食用：
百兽纲 百虫纲 有翼纲 草木纲 水栖纲 甲鳞纲 咒具纲 死尸纲","最大ＨＰ＋15％
与ダメージ＋5％
特殊効果：闘獣練終了時、ペットの獲得経験値を25％増加させる。
特殊効果：この餌をペットに与えると、ＨＰを10％回復する。
[食事可能な魔獣]
百獣綱 百蟲綱 有翼綱 草木綱 水棲綱 甲鱗綱 呪具綱 死屍綱"
Pawprint,Captured,,,"最大体力+15%
造成伤害+5%
特殊效果：斗兽奇弈结束时，魔獣获得的经验值增加25%
特殊效果：将此食料喂给魔獣后，可以恢复10%的体力
适于以下魔獣食用：
百兽纲 百虫纲 有翼纲 草木纲 水栖纲 甲鳞纲 咒具纲 死尸纲","最大ＨＰ＋15％
与ダメージ＋5％
特殊効果：闘獣練終了時、ペットの獲得経験値を25％増加させる。
特殊効果：この餌をペットに与えると、ＨＰを10％回復する。
[食事可能な魔獣]
百獣綱 百蟲綱 有翼綱 草木綱 水棲綱 甲鱗綱 呪具綱 死屍綱"
Pawprint,Captured,,,"最大体力+15%
造成伤害+5%
特殊效果：闘獣練结束时，魔兽获得的经验值增加25%
特殊效果：将此食事喂给魔兽后，可以恢复10%的体力
适于以下魔兽食用：
百兽纲 百虫纲 有翼纲 草木纲 水栖纲 甲鳞纲 咒具纲 死尸纲","最大ＨＰ＋15％
与ダメージ＋5％
特殊効果：闘獣練終了時、ペットの獲得経験値を25％増加させる。
特殊効果：この餌をペットに与えると、ＨＰを10％回復する。
[食事可能な魔獣]
百獣綱 百蟲綱 有翼綱 草木綱 水棲綱 甲鱗綱 呪具綱 死屍綱"
Pawprint,Captured,,,"最大体力+15%
造成伤害+5%
特殊效果：闘獣練结束时，魔兽获得的经验值增加25%
特殊效果：将此食料喂给魔兽后，可以恢复10%的体力
适于以下魔兽食用：
百兽纲 百虫纲 有翼纲 草木纲 水栖纲 甲鳞纲 咒具纲 死尸纲","最大ＨＰ＋15％
与ダメージ＋5％
特殊効果：闘獣練終了時、ペットの獲得経験値を25％増加させる。
特殊効果：この餌をペットに与えると、ＨＰを10％回復する。
[食事可能な魔獣]
百獣綱 百蟲綱 有翼綱 草木綱 水棲綱 甲鱗綱 呪具綱 死屍綱"
Pawprint,Captured,,,"最大体力+15%
造成伤害+5%
特殊效果：闘獣練结束时，魔獣获得的经验值增加25%
特殊效果：将此食事喂给魔獣后，可以恢复10%的体力
适于以下魔獣食用：
百兽纲 百虫纲 有翼纲 草木纲 水栖纲 甲鳞纲 咒具纲 死尸纲","最大ＨＰ＋15％
与ダメージ＋5％
特殊効果：闘獣練終了時、ペットの獲得経験値を25％増加させる。
特殊効果：この餌をペットに与えると、ＨＰを10％回復する。
[食事可能な魔獣]
百獣綱 百蟲綱 有翼綱 草木綱 水棲綱 甲鱗綱 呪具綱 死屍綱"
Pawprint,Captured,,,"最大体力+15%
造成伤害+5%
特殊效果：闘獣練结束时，魔獣获得的经验值增加25%
特殊效果：将此食料喂给魔獣后，可以恢复10%的体力
适于以下魔獣食用：
百兽纲 百虫纲 有翼纲 草木纲 水栖纲 甲鳞纲 咒具纲 死尸纲","最大ＨＰ＋15％
与ダメージ＋5％
特殊効果：闘獣練終了時、ペットの獲得経験値を25％増加させる。
特殊効果：この餌をペットに与えると、ＨＰを10％回復する。
[食事可能な魔獣]
百獣綱 百蟲綱 有翼綱 草木綱 水棲綱 甲鱗綱 呪具綱 死屍綱"
Pawprint,Captured,,,"最大体力+17%
回避率+8%
特殊効果：成功回避攻击时，为自身附加1档“加速”状态
加速效果：自动攻击间隔、战技与魔法的咏唱及复唱时间缩短2%
加速持续时间：60秒
最大档数：5档","最大ＨＰ＋17％
回避率＋8％
特殊効果：攻撃を回避したとき、自身に「ヘイスト」を1スタック付与する。
ヘイスト効果：オートアタックの攻撃間隔と、ウェポンスキルおよび魔法のキャストタイムとリキャストタイムを2％短縮する。
ヘイスト効果時間：60秒
最大スタック5"
Pawprint,,,,"最大体力+17%
回避率+8%
特殊效果：成功回避攻击时，为自身附加1档“加速”状态
加速效果：自动攻击间隔、战技与魔法的咏唱及复唱时间缩短2%
加速持续时间：60秒
最大档数：5档","最大ＨＰ＋17％
回避率＋8％
特殊効果：攻撃を回避したとき、自身に「ヘイスト」を1スタック付与する。
ヘイスト効果：オートアタックの攻撃間隔と、ウェポンスキルおよび魔法のキャストタイムとリキャストタイムを2％短縮する。
ヘイスト効果時間：60秒
最大スタック5"
Pawprint,Captured,,,"最大体力+17%
回避率+8%
特殊効果：成功回避攻击时，为自身附加1档“加速”状态
加速效果：自动攻击间隔、战技与魔法的咏唱及复唱时间缩短2%
加速持续时间：60秒
最大档数：5档","最大ＨＰ＋17％
回避率＋8％
特殊効果：攻撃を回避したとき、自身に「ヘイスト」を1スタック付与する。
ヘイスト効果：オートアタックの攻撃間隔と、ウェポンスキルおよび魔法のキャストタイムとリキャストタイムを2％短縮する。
ヘイスト効果時間：60秒
最大スタック5"
Pawprint,Captured,,,"最大体力+17%
回避率+8%
特殊效果：成功回避攻击时，为自身附加1档“加速”状态
加速效果：自动攻击间隔、战技与魔法的咏唱及复唱时间缩短2%
加速持续时间：60秒
最大档数：5档","最大ＨＰ＋17％
回避率＋8％
特殊効果：攻撃を回避したとき、自身に「ヘイスト」を1スタック付与する。
ヘイスト効果：オートアタックの攻撃間隔と、ウェポンスキルおよび魔法のキャストタイムとリキャストタイムを2％短縮する。
ヘイスト効果時間：60秒
最大スタック5"
Pawprint,,,,最大体力+20%,最大HP+20%
Pawprint,Captured,,,"最大体力+20%
暴击发动率+15%
特殊効果：暴击时有5%的几率为自身附加1档“体力持续恢复”状态
体力持续恢复效果：每隔一段时间恢复自身最大体力的3%
体力持续恢复持续时间：6秒
最大档数：8档
特殊効果：将此食事喂给魔兽后，可以恢复13%的体力
适于以下魔兽食用：
水栖纲","最大ＨＰ＋20％
クリティカル発動率＋15％
特殊効果：クリティカル発生時、5％の確率で自身に「徐々にＨＰ回復」を1スタック付与する。
徐々にＨＰ回復効果：一定時間ごとにＨＰを最大ＨＰの3％分回復する。
徐々にＨＰ回復効果時間：6秒
最大スタック8
特殊効果：この餌をペットに与えると、ＨＰを13％回復する。
[食事可能な魔獣]
水棲綱"
Pawprint,Captured,,,"最大体力+20%
暴击发动率+15%
特殊効果：暴击时有5%的几率为自身附加1档“体力持续恢复”状态
体力持续恢复效果：每隔一段时间恢复自身最大体力的3%
体力持续恢复持续时间：6秒
最大档数：8档
特殊効果：将此食事喂给魔獣后，可以恢复13%的体力
适于以下魔獣食用：
水栖纲","最大ＨＰ＋20％
クリティカル発動率＋15％
特殊効果：クリティカル発生時、5％の確率で自身に「徐々にＨＰ回復」を1スタック付与する。
徐々にＨＰ回復効果：一定時間ごとにＨＰを最大ＨＰの3％分回復する。
徐々にＨＰ回復効果時間：6秒
最大スタック8
特殊効果：この餌をペットに与えると、ＨＰを13％回復する。
[食事可能な魔獣]
水棲綱"
Pawprint,Captured,,,"最大体力+20%
暴击发动率+15%
特殊効果：暴击时有5%的几率为自身附加1档“体力持续恢复”状态
体力持续恢复效果：每隔一段时间恢复自身最大体力的3%
体力持续恢复持续时间：6秒
最大档数：8档
特殊効果：将此食料喂给魔兽后，可以恢复13%的体力
适于以下魔兽食用：
水栖纲","最大ＨＰ＋20％
クリティカル発動率＋15％
特殊効果：クリティカル発生時、5％の確率で自身に「徐々にＨＰ回復」を1スタック付与する。
徐々にＨＰ回復効果：一定時間ごとにＨＰを最大ＨＰの3％分回復する。
徐々にＨＰ回復効果時間：6秒
最大スタック8
特殊効果：この餌をペットに与えると、ＨＰを13％回復する。
[食事可能な魔獣]
水棲綱"
Pawprint,Captured,,,"最大体力+20%
暴击发动率+15%
特殊効果：暴击时有5%的几率为自身附加1档“体力持续恢复”状态
体力持续恢复效果：每隔一段时间恢复自身最大体力的3%
体力持续恢复持续时间：6秒
最大档数：8档
特殊効果：将此食料喂给魔獣后，可以恢复13%的体力
适于以下魔獣食用：
水栖纲","最大ＨＰ＋20％
クリティカル発動率＋15％
特殊効果：クリティカル発生時、5％の確率で自身に「徐々にＨＰ回復」を1スタック付与する。
徐々にＨＰ回復効果：一定時間ごとにＨＰを最大ＨＰの3％分回復する。
徐々にＨＰ回復効果時間：6秒
最大スタック8
特殊効果：この餌をペットに与えると、ＨＰを13％回復する。
[食事可能な魔獣]
水棲綱"
Pawprint,Captured,,,"最大体力+20%
暴击发动率+15%
特殊效果：暴击时有5%的几率为自身附加1档“体力持续恢复”状态
体力持续恢复效果：每隔一段时间恢复自身最大体力的3%
体力持续恢复持续时间：6秒
最大档数：8档
特殊效果：将此食事喂给魔兽后，可以恢复13%的体力
适于以下魔兽食用：
水栖纲","最大ＨＰ＋20％
クリティカル発動率＋15％
特殊効果：クリティカル発生時、5％の確率で自身に「徐々にＨＰ回復」を1スタック付与する。
徐々にＨＰ回復効果：一定時間ごとにＨＰを最大ＨＰの3％分回復する。
徐々にＨＰ回復効果時間：6秒
最大スタック8
特殊効果：この餌をペットに与えると、ＨＰを13％回復する。
[食事可能な魔獣]
水棲綱"
Pawprint,Captured,,,"最大体力+20%
暴击发动率+15%
特殊效果：暴击时有5%的几率为自身附加1档“体力持续恢复”状态
体力持续恢复效果：每隔一段时间恢复自身最大体力的3%
体力持续恢复持续时间：6秒
最大档数：8档
特殊效果：将此食事喂给魔獣后，可以恢复13%的体力
适于以下魔獣食用：
水栖纲","最大ＨＰ＋20％
クリティカル発動率＋15％
特殊効果：クリティカル発生時、5％の確率で自身に「徐々にＨＰ回復」を1スタック付与する。
徐々にＨＰ回復効果：一定時間ごとにＨＰを最大ＨＰの3％分回復する。
徐々にＨＰ回復効果時間：6秒
最大スタック8
特殊効果：この餌をペットに与えると、ＨＰを13％回復する。
[食事可能な魔獣]
水棲綱"
Pawprint,,,,"最大体力+20%
暴击发动率+15%
特殊效果：暴击时有5%的几率为自身附加1档“体力持续恢复”状态
体力持续恢复效果：每隔一段时间恢复自身最大体力的3%
体力持续恢复持续时间：6秒
最大档数：8档
特殊效果：将此食料喂给魔兽后，可以恢复13%的体力
适于以下魔兽食用：
水栖纲","最大ＨＰ＋20％
クリティカル発動率＋15％
特殊効果：クリティカル発生時、5％の確率で自身に「徐々にＨＰ回復」を1スタック付与する。
徐々にＨＰ回復効果：一定時間ごとにＨＰを最大ＨＰの3％分回復する。
徐々にＨＰ回復効果時間：6秒
最大スタック8
特殊効果：この餌をペットに与えると、ＨＰを13％回復する。
[食事可能な魔獣]
水棲綱"
Pawprint,Captured,,,"最大体力+20%
暴击发动率+15%
特殊效果：暴击时有5%的几率为自身附加1档“体力持续恢复”状态
体力持续恢复效果：每隔一段时间恢复自身最大体力的3%
体力持续恢复持续时间：6秒
最大档数：8档
特殊效果：将此食料喂给魔獣后，可以恢复13%的体力
适于以下魔獣食用：
水栖纲","最大ＨＰ＋20％
クリティカル発動率＋15％
特殊効果：クリティカル発生時、5％の確率で自身に「徐々にＨＰ回復」を1スタック付与する。
徐々にＨＰ回復効果：一定時間ごとにＨＰを最大ＨＰの3％分回復する。
徐々にＨＰ回復効果時間：6秒
最大スタック8
特殊効果：この餌をペットに与えると、ＨＰを13％回復する。
[食事可能な魔獣]
水棲綱"
Pawprint,Captured,,,"最大体力+20%
暴击发动率+15%
特殊効果：暴击时有5%的几率为自身附加1档“体力持续恢复”状态
体力持续恢复效果：每隔一段时间恢复自身最大体力的3%
体力持续恢复持续时间：6秒
最大档数：8档
特殊効果：将此食事喂给魔兽后，可以恢复13%的体力
适于以下魔兽食用：
水栖纲","最大ＨＰ＋20％
クリティカル発動率＋15％
特殊効果：クリティカル発生時、5％の確率で自身に「徐々にＨＰ回復」を1スタック付与する。
徐々にＨＰ回復効果：一定時間ごとにＨＰを最大ＨＰの3％分回復する。
徐々にＨＰ回復効果時間：6秒
最大スタック8
特殊効果：この餌をペットに与えると、ＨＰを13％回復する。
[食事可能な魔獣]
水棲綱"
Pawprint,Captured,,,"最大体力+20%
暴击发动率+15%
特殊効果：暴击时有5%的几率为自身附加1档“体力持续恢复”状态
体力持续恢复效果：每隔一段时间恢复自身最大体力的3%
体力持续恢复持续时间：6秒
最大档数：8档
特殊効果：将此食事喂给魔獣后，可以恢复13%的体力
适于以下魔獣食用：
水栖纲","最大ＨＰ＋20％
クリティカル発動率＋15％
特殊効果：クリティカル発生時、5％の確率で自身に「徐々にＨＰ回復」を1スタック付与する。
徐々にＨＰ回復効果：一定時間ごとにＨＰを最大ＨＰの3％分回復する。
徐々にＨＰ回復効果時間：6秒
最大スタック8
特殊効果：この餌をペットに与えると、ＨＰを13％回復する。
[食事可能な魔獣]
水棲綱"
Pawprint,Captured,,,"最大体力+20%
暴击发动率+15%
特殊効果：暴击时有5%的几率为自身附加1档“体力持续恢复”状态
体力持续恢复效果：每隔一段时间恢复自身最大体力的3%
体力持续恢复持续时间：6秒
最大档数：8档
特殊効果：将此食料喂给魔兽后，可以恢复13%的体力
适于以下魔兽食用：
水栖纲","最大ＨＰ＋20％
クリティカル発動率＋15％
特殊効果：クリティカル発生時、5％の確率で自身に「徐々にＨＰ回復」を1スタック付与する。
徐々にＨＰ回復効果：一定時間ごとにＨＰを最大ＨＰの3％分回復する。
徐々にＨＰ回復効果時間：6秒
最大スタック8
特殊効果：この餌をペットに与えると、ＨＰを13％回復する。
[食事可能な魔獣]
水棲綱"
Pawprint,Captured,,,"最大体力+20%
暴击发动率+15%
特殊効果：暴击时有5%的几率为自身附加1档“体力持续恢复”状态
体力持续恢复效果：每隔一段时间恢复自身最大体力的3%
体力持续恢复持续时间：6秒
最大档数：8档
特殊効果：将此食料喂给魔獣后，可以恢复13%的体力
适于以下魔獣食用：
水栖纲","最大ＨＰ＋20％
クリティカル発動率＋15％
特殊効果：クリティカル発生時、5％の確率で自身に「徐々にＨＰ回復」を1スタック付与する。
徐々にＨＰ回復効果：一定時間ごとにＨＰを最大ＨＰの3％分回復する。
徐々にＨＰ回復効果時間：6秒
最大スタック8
特殊効果：この餌をペットに与えると、ＨＰを13％回復する。
[食事可能な魔獣]
水棲綱"
Pawprint,Captured,,,"最大体力+20%
暴击发动率+15%
特殊效果：暴击时有5%的几率为自身附加1档“体力持续恢复”状态
体力持续恢复效果：每隔一段时间恢复自身最大体力的3%
体力持续恢复持续时间：6秒
最大档数：8档
特殊效果：将此食事喂给魔兽后，可以恢复13%的体力
适于以下魔兽食用：
水栖纲","最大ＨＰ＋20％
クリティカル発動率＋15％
特殊効果：クリティカル発生時、5％の確率で自身に「徐々にＨＰ回復」を1スタック付与する。
徐々にＨＰ回復効果：一定時間ごとにＨＰを最大ＨＰの3％分回復する。
徐々にＨＰ回復効果時間：6秒
最大スタック8
特殊効果：この餌をペットに与えると、ＨＰを13％回復する。
[食事可能な魔獣]
水棲綱"
Pawprint,Captured,,,"最大体力+20%
暴击发动率+15%
特殊效果：暴击时有5%的几率为自身附加1档“体力持续恢复”状态
体力持续恢复效果：每隔一段时间恢复自身最大体力的3%
体力持续恢复持续时间：6秒
最大档数：8档
特殊效果：将此食事喂给魔獣后，可以恢复13%的体力
适于以下魔獣食用：
水栖纲","最大ＨＰ＋20％
クリティカル発動率＋15％
特殊効果：クリティカル発生時、5％の確率で自身に「徐々にＨＰ回復」を1スタック付与する。
徐々にＨＰ回復効果：一定時間ごとにＨＰを最大ＨＰの3％分回復する。
徐々にＨＰ回復効果時間：6秒
最大スタック8
特殊効果：この餌をペットに与えると、ＨＰを13％回復する。
[食事可能な魔獣]
水棲綱"
Pawprint,Captured,,,"最大体力+20%
暴击发动率+15%
特殊效果：暴击时有5%的几率为自身附加1档“体力持续恢复”状态
体力持续恢复效果：每隔一段时间恢复自身最大体力的3%
体力持续恢复持续时间：6秒
最大档数：8档
特殊效果：将此食料喂给魔兽后，可以恢复13%的体力
适于以下魔兽食用：
水栖纲","最大ＨＰ＋20％
クリティカル発動率＋15％
特殊効果：クリティカル発生時、5％の確率で自身に「徐々にＨＰ回復」を1スタック付与する。
徐々にＨＰ回復効果：一定時間ごとにＨＰを最大ＨＰの3％分回復する。
徐々にＨＰ回復効果時間：6秒
最大スタック8
特殊効果：この餌をペットに与えると、ＨＰを13％回復する。
[食事可能な魔獣]
水棲綱"
Pawprint,Captured,,,"最大体力+20%
暴击发动率+15%
特殊效果：暴击时有5%的几率为自身附加1档“体力持续恢复”状态
体力持续恢复效果：每隔一段时间恢复自身最大体力的3%
体力持续恢复持续时间：6秒
最大档数：8档
特殊效果：将此食料喂给魔獣后，可以恢复13%的体力
适于以下魔獣食用：
水栖纲","最大ＨＰ＋20％
クリティカル発動率＋15％
特殊効果：クリティカル発生時、5％の確率で自身に「徐々にＨＰ回復」を1スタック付与する。
徐々にＨＰ回復効果：一定時間ごとにＨＰを最大ＨＰの3％分回復する。
徐々にＨＰ回復効果時間：6秒
最大スタック8
特殊効果：この餌をペットに与えると、ＨＰを13％回復する。
[食事可能な魔獣]
水棲綱"
Pawprint,Captured,,,"最大体力+3%
特殊効果：技力累积量提高25%","最大ＨＰ＋3％
特殊効果：ＴＰ蓄積量を25％上昇させる。"
Pawprint,,,,"最大体力+3%
特殊效果：技力累积量提高25%","最大ＨＰ＋3％
特殊効果：ＴＰ蓄積量を25％上昇させる。"
Pawprint,Captured,,,"最大体力+3%
特殊効果：技力累积量提高25%","最大ＨＰ＋3％
特殊効果：ＴＰ蓄積量を25％上昇させる。"
Pawprint,Captured,,,"最大体力+3%
特殊效果：技力累积量提高25%","最大ＨＰ＋3％
特殊効果：ＴＰ蓄積量を25％上昇させる。"
Pawprint,Captured,,,"最大体力+30%
加速+15%
特殊効果：魔兽发动战技触发兽心协作技时，有30%的几率恢复一部分消耗的技力
特殊効果：将此食事喂给魔兽后，可以恢复18%的体力
适于以下魔兽食用：
百虫纲","最大ＨＰ＋30％
ヘイスト＋15％
特殊効果：ペットのウェポンスキル実行時に獣心技連携に成功すると、30％の確率で消費したＴＰの一部が回復する。
特殊効果：この餌をペットに与えると、ＨＰを18％回復する。
[食事可能な魔獣]
百蟲綱"
Pawprint,Captured,,,"最大体力+30%
加速+15%
特殊効果：魔兽发动战技触发兽心协作技时，有30%的几率恢复一部分消耗的技力
特殊効果：将此食料喂给魔兽后，可以恢复18%的体力
适于以下魔兽食用：
百虫纲","最大ＨＰ＋30％
ヘイスト＋15％
特殊効果：ペットのウェポンスキル実行時に獣心技連携に成功すると、30％の確率で消費したＴＰの一部が回復する。
特殊効果：この餌をペットに与えると、ＨＰを18％回復する。
[食事可能な魔獣]
百蟲綱"
Pawprint,Captured,,,"最大体力+30%
加速+15%
特殊効果：魔獣发动战技触发兽心协作技时，有30%的几率恢复一部分消耗的技力
特殊効果：将此食事喂给魔獣后，可以恢复18%的体力
适于以下魔獣食用：
百虫纲","最大ＨＰ＋30％
ヘイスト＋15％
特殊効果：ペットのウェポンスキル実行時に獣心技連携に成功すると、30％の確率で消費したＴＰの一部が回復する。
特殊効果：この餌をペットに与えると、ＨＰを18％回復する。
[食事可能な魔獣]
百蟲綱"
Pawprint,Captured,,,"最大体力+30%
加速+15%
特殊効果：魔獣发动战技触发兽心协作技时，有30%的几率恢复一部分消耗的技力
特殊効果：将此食料喂给魔獣后，可以恢复18%的体力
适于以下魔獣食用：
百虫纲","最大ＨＰ＋30％
ヘイスト＋15％
特殊効果：ペットのウェポンスキル実行時に獣心技連携に成功すると、30％の確率で消費したＴＰの一部が回復する。
特殊効果：この餌をペットに与えると、ＨＰを18％回復する。
[食事可能な魔獣]
百蟲綱"
Pawprint,Captured,,,"最大体力+30%
加速+15%
特殊效果：魔兽发动战技触发兽心协作技时，有30%的几率恢复一部分消耗的技力
特殊效果：将此食事喂给魔兽后，可以恢复18%的体力
适于以下魔兽食用：
百虫纲","最大ＨＰ＋30％
ヘイスト＋15％
特殊効果：ペットのウェポンスキル実行時に獣心技連携に成功すると、30％の確率で消費したＴＰの一部が回復する。
特殊効果：この餌をペットに与えると、ＨＰを18％回復する。
[食事可能な魔獣]
百蟲綱"
Pawprint,,,,"最大体力+30%
加速+15%
特殊效果：魔兽发动战技触发兽心协作技时，有30%的几率恢复一部分消耗的技力
特殊效果：将此食料喂给魔兽后，可以恢复18%的体力
适于以下魔兽食用：
百虫纲","最大ＨＰ＋30％
ヘイスト＋15％
特殊効果：ペットのウェポンスキル実行時に獣心技連携に成功すると、30％の確率で消費したＴＰの一部が回復する。
特殊効果：この餌をペットに与えると、ＨＰを18％回復する。
[食事可能な魔獣]
百蟲綱"
Pawprint,Captured,,,"最大体力+30%
加速+15%
特殊效果：魔獣发动战技触发兽心协作技时，有30%的几率恢复一部分消耗的技力
特殊效果：将此食事喂给魔獣后，可以恢复18%的体力
适于以下魔獣食用：
百虫纲","最大ＨＰ＋30％
ヘイスト＋15％
特殊効果：ペットのウェポンスキル実行時に獣心技連携に成功すると、30％の確率で消費したＴＰの一部が回復する。
特殊効果：この餌をペットに与えると、ＨＰを18％回復する。
[食事可能な魔獣]
百蟲綱"
Pawprint,Captured,,,"最大体力+30%
加速+15%
特殊效果：魔獣发动战技触发兽心协作技时，有30%的几率恢复一部分消耗的技力
特殊效果：将此食料喂给魔獣后，可以恢复18%的体力
适于以下魔獣食用：
百虫纲","最大ＨＰ＋30％
ヘイスト＋15％
特殊効果：ペットのウェポンスキル実行時に獣心技連携に成功すると、30％の確率で消費したＴＰの一部が回復する。
特殊効果：この餌をペットに与えると、ＨＰを18％回復する。
[食事可能な魔獣]
百蟲綱"
Pawprint,Captured,,,"最大体力+30%
特殊効果：受到伤害时为自身附加1档“受到魔法伤害减轻”状态
受到魔法伤害减轻效果：受到的魔法伤害减轻5%
受到魔法伤害减轻持续时间：60秒
最大档数：8档
特殊効果：将此食事喂给魔兽后，可以恢复18%的体力
适于以下魔兽食用：
咒具纲","最大ＨＰ＋30％
特殊効果：ダメージを受けたとき、自身に「魔法被ダメージ軽減」を1スタック付与する。
魔法被ダメージ軽減効果：受ける魔法ダメージを5％軽減する。
魔法被ダメージ軽減効果時間：60秒
最大スタック8
特殊効果：この餌をペットに与えると、ＨＰを18％回復する。
[食事可能な魔獣]
呪具綱"
Pawprint,Captured,,,"最大体力+30%
特殊効果：受到伤害时为自身附加1档“受到魔法伤害减轻”状态
受到魔法伤害减轻效果：受到的魔法伤害减轻5%
受到魔法伤害减轻持续时间：60秒
最大档数：8档
特殊効果：将此食事喂给魔獣后，可以恢复18%的体力
适于以下魔獣食用：
咒具纲","最大ＨＰ＋30％
特殊効果：ダメージを受けたとき、自身に「魔法被ダメージ軽減」を1スタック付与する。
魔法被ダメージ軽減効果：受ける魔法ダメージを5％軽減する。
魔法被ダメージ軽減効果時間：60秒
最大スタック8
特殊効果：この餌をペットに与えると、ＨＰを18％回復する。
[食事可能な魔獣]
呪具綱"
Pawprint,Captured,,,"最大体力+30%
特殊効果：受到伤害时为自身附加1档“受到魔法伤害减轻”状态
受到魔法伤害减轻效果：受到的魔法伤害减轻5%
受到魔法伤害减轻持续时间：60秒
最大档数：8档
特殊効果：将此食料喂给魔兽后，可以恢复18%的体力
适于以下魔兽食用：
咒具纲","最大ＨＰ＋30％
特殊効果：ダメージを受けたとき、自身に「魔法被ダメージ軽減」を1スタック付与する。
魔法被ダメージ軽減効果：受ける魔法ダメージを5％軽減する。
魔法被ダメージ軽減効果時間：60秒
最大スタック8
特殊効果：この餌をペットに与えると、ＨＰを18％回復する。
[食事可能な魔獣]
呪具綱"
Pawprint,Captured,,,"最大体力+30%
特殊効果：受到伤害时为自身附加1档“受到魔法伤害减轻”状态
受到魔法伤害减轻效果：受到的魔法伤害减轻5%
受到魔法伤害减轻持续时间：60秒
最大档数：8档
特殊効果：将此食料喂给魔獣后，可以恢复18%的体力
适于以下魔獣食用：
咒具纲","最大ＨＰ＋30％
特殊効果：ダメージを受けたとき、自身に「魔法被ダメージ軽減」を1スタック付与する。
魔法被ダメージ軽減効果：受ける魔法ダメージを5％軽減する。
魔法被ダメージ軽減効果時間：60秒
最大スタック8
特殊効果：この餌をペットに与えると、ＨＰを18％回復する。
[食事可能な魔獣]
呪具綱"
Pawprint,Captured,,,"最大体力+30%
特殊効果：在帐篷休息时可以使体力完全恢复
特殊効果：将此食事喂给魔兽后，可以恢复18%的体力
适于以下魔兽食用：
百兽纲 百虫纲 有翼纲 草木纲 水栖纲 甲鳞纲","最大ＨＰ＋30％
特殊効果：テント休息時にＨＰを満タンまで回復できるようになる。
特殊効果：この餌をペットに与えると、ＨＰを18％回復する。
[食事可能な魔獣]
百獣綱 百蟲綱 有翼綱 草木綱 水棲綱 甲鱗綱"
Pawprint,Captured,,,"最大体力+30%
特殊効果：在帐篷休息时可以使体力完全恢复
特殊効果：将此食事喂给魔獣后，可以恢复18%的体力
适于以下魔獣食用：
百兽纲 百虫纲 有翼纲 草木纲 水栖纲 甲鳞纲","最大ＨＰ＋30％
特殊効果：テント休息時にＨＰを満タンまで回復できるようになる。
特殊効果：この餌をペットに与えると、ＨＰを18％回復する。
[食事可能な魔獣]
百獣綱 百蟲綱 有翼綱 草木綱 水棲綱 甲鱗綱"
Pawprint,Captured,,,"最大体力+30%
特殊効果：在帐篷休息时可以使体力完全恢复
特殊効果：将此食料喂给魔兽后，可以恢复18%的体力
适于以下魔兽食用：
百兽纲 百虫纲 有翼纲 草木纲 水栖纲 甲鳞纲","最大ＨＰ＋30％
特殊効果：テント休息時にＨＰを満タンまで回復できるようになる。
特殊効果：この餌をペットに与えると、ＨＰを18％回復する。
[食事可能な魔獣]
百獣綱 百蟲綱 有翼綱 草木綱 水棲綱 甲鱗綱"
Pawprint,Captured,,,"最大体力+30%
特殊効果：在帐篷休息时可以使体力完全恢复
特殊効果：将此食料喂给魔獣后，可以恢复18%的体力
适于以下魔獣食用：
百兽纲 百虫纲 有翼纲 草木纲 水栖纲 甲鳞纲","最大ＨＰ＋30％
特殊効果：テント休息時にＨＰを満タンまで回復できるようになる。
特殊効果：この餌をペットに与えると、ＨＰを18％回復する。
[食事可能な魔獣]
百獣綱 百蟲綱 有翼綱 草木綱 水棲綱 甲鱗綱"
Pawprint,Captured,,,"最大体力+30%
特殊效果：受到伤害时为自身附加1档“受到魔法伤害减轻”状态
受到魔法伤害减轻效果：受到的魔法伤害减轻5%
受到魔法伤害减轻持续时间：60秒
最大档数：8档
特殊效果：将此食事喂给魔兽后，可以恢复18%的体力
适于以下魔兽食用：
咒具纲","最大ＨＰ＋30％
特殊効果：ダメージを受けたとき、自身に「魔法被ダメージ軽減」を1スタック付与する。
魔法被ダメージ軽減効果：受ける魔法ダメージを5％軽減する。
魔法被ダメージ軽減効果時間：60秒
最大スタック8
特殊効果：この餌をペットに与えると、ＨＰを18％回復する。
[食事可能な魔獣]
呪具綱"
Pawprint,Captured,,,"最大体力+30%
特殊效果：受到伤害时为自身附加1档“受到魔法伤害减轻”状态
受到魔法伤害减轻效果：受到的魔法伤害减轻5%
受到魔法伤害减轻持续时间：60秒
最大档数：8档
特殊效果：将此食事喂给魔獣后，可以恢复18%的体力
适于以下魔獣食用：
咒具纲","最大ＨＰ＋30％
特殊効果：ダメージを受けたとき、自身に「魔法被ダメージ軽減」を1スタック付与する。
魔法被ダメージ軽減効果：受ける魔法ダメージを5％軽減する。
魔法被ダメージ軽減効果時間：60秒
最大スタック8
特殊効果：この餌をペットに与えると、ＨＰを18％回復する。
[食事可能な魔獣]
呪具綱"
Pawprint,,,,"最大体力+30%
特殊效果：受到伤害时为自身附加1档“受到魔法伤害减轻”状态
受到魔法伤害减轻效果：受到的魔法伤害减轻5%
受到魔法伤害减轻持续时间：60秒
最大档数：8档
特殊效果：将此食料喂给魔兽后，可以恢复18%的体力
适于以下魔兽食用：
咒具纲","最大ＨＰ＋30％
特殊効果：ダメージを受けたとき、自身に「魔法被ダメージ軽減」を1スタック付与する。
魔法被ダメージ軽減効果：受ける魔法ダメージを5％軽減する。
魔法被ダメージ軽減効果時間：60秒
最大スタック8
特殊効果：この餌をペットに与えると、ＨＰを18％回復する。
[食事可能な魔獣]
呪具綱"
Pawprint,Captured,,,"最大体力+30%
特殊效果：受到伤害时为自身附加1档“受到魔法伤害减轻”状态
受到魔法伤害减轻效果：受到的魔法伤害减轻5%
受到魔法伤害减轻持续时间：60秒
最大档数：8档
特殊效果：将此食料喂给魔獣后，可以恢复18%的体力
适于以下魔獣食用：
咒具纲","最大ＨＰ＋30％
特殊効果：ダメージを受けたとき、自身に「魔法被ダメージ軽減」を1スタック付与する。
魔法被ダメージ軽減効果：受ける魔法ダメージを5％軽減する。
魔法被ダメージ軽減効果時間：60秒
最大スタック8
特殊効果：この餌をペットに与えると、ＨＰを18％回復する。
[食事可能な魔獣]
呪具綱"
Pawprint,Captured,,,"最大体力+30%
特殊效果：在帐篷休息时可以使体力完全恢复
特殊效果：将此食事喂给魔兽后，可以恢复18%的体力
适于以下魔兽食用：
百兽纲 百虫纲 有翼纲 草木纲 水栖纲 甲鳞纲","最大ＨＰ＋30％
特殊効果：テント休息時にＨＰを満タンまで回復できるようになる。
特殊効果：この餌をペットに与えると、ＨＰを18％回復する。
[食事可能な魔獣]
百獣綱 百蟲綱 有翼綱 草木綱 水棲綱 甲鱗綱"
Pawprint,Captured,,,"最大体力+30%
特殊效果：在帐篷休息时可以使体力完全恢复
特殊效果：将此食事喂给魔獣后，可以恢复18%的体力
适于以下魔獣食用：
百兽纲 百虫纲 有翼纲 草木纲 水栖纲 甲鳞纲","最大ＨＰ＋30％
特殊効果：テント休息時にＨＰを満タンまで回復できるようになる。
特殊効果：この餌をペットに与えると、ＨＰを18％回復する。
[食事可能な魔獣]
百獣綱 百蟲綱 有翼綱 草木綱 水棲綱 甲鱗綱"
Pawprint,,,,"最大体力+30%
特殊效果：在帐篷休息时可以使体力完全恢复
特殊效果：将此食料喂给魔兽后，可以恢复18%的体力
适于以下魔兽食用：
百兽纲 百虫纲 有翼纲 草木纲 水栖纲 甲鳞纲","最大ＨＰ＋30％
特殊効果：テント休息時にＨＰを満タンまで回復できるようになる。
特殊効果：この餌をペットに与えると、ＨＰを18％回復する。
[食事可能な魔獣]
百獣綱 百蟲綱 有翼綱 草木綱 水棲綱 甲鱗綱"
Pawprint,Captured,,,"最大体力+30%
特殊效果：在帐篷休息时可以使体力完全恢复
特殊效果：将此食料喂给魔獣后，可以恢复18%的体力
适于以下魔獣食用：
百兽纲 百虫纲 有翼纲 草木纲 水栖纲 甲鳞纲","最大ＨＰ＋30％
特殊効果：テント休息時にＨＰを満タンまで回復できるようになる。
特殊効果：この餌をペットに与えると、ＨＰを18％回復する。
[食事可能な魔獣]
百獣綱 百蟲綱 有翼綱 草木綱 水棲綱 甲鱗綱"
Pawprint,Captured,,,"最大体力+30%
造成伤害+10%
特殊効果：斗兽奇弈结束时，魔兽获得的经验值增加50%
特殊効果：将此食事喂给魔兽后，可以恢复18%的体力
适于以下魔兽食用：
百兽纲 百虫纲 有翼纲 草木纲 水栖纲 甲鳞纲 咒具纲 死尸纲","最大ＨＰ＋30％
与ダメージ＋10％
特殊効果：闘獣練終了時、ペットの獲得経験値を50％増加させる。
特殊効果：この餌をペットに与えると、ＨＰを18％回復する。
[食事可能な魔獣]
百獣綱 百蟲綱 有翼綱 草木綱 水棲綱 甲鱗綱 呪具綱 死屍綱"
Pawprint,Captured,,,"最大体力+30%
造成伤害+10%
特殊効果：斗兽奇弈结束时，魔兽获得的经验值增加50%
特殊効果：将此食料喂给魔兽后，可以恢复18%的体力
适于以下魔兽食用：
百兽纲 百虫纲 有翼纲 草木纲 水栖纲 甲鳞纲 咒具纲 死尸纲","最大ＨＰ＋30％
与ダメージ＋10％
特殊効果：闘獣練終了時、ペットの獲得経験値を50％増加させる。
特殊効果：この餌をペットに与えると、ＨＰを18％回復する。
[食事可能な魔獣]
百獣綱 百蟲綱 有翼綱 草木綱 水棲綱 甲鱗綱 呪具綱 死屍綱"
Pawprint,Captured,,,"最大体力+30%
造成伤害+10%
特殊効果：斗兽奇弈结束时，魔獣获得的经验值增加50%
特殊効果：将此食事喂给魔獣后，可以恢复18%的体力
适于以下魔獣食用：
百兽纲 百虫纲 有翼纲 草木纲 水栖纲 甲鳞纲 咒具纲 死尸纲","最大ＨＰ＋30％
与ダメージ＋10％
特殊効果：闘獣練終了時、ペットの獲得経験値を50％増加させる。
特殊効果：この餌をペットに与えると、ＨＰを18％回復する。
[食事可能な魔獣]
百獣綱 百蟲綱 有翼綱 草木綱 水棲綱 甲鱗綱 呪具綱 死屍綱"
Pawprint,Captured,,,"最大体力+30%
造成伤害+10%
特殊効果：斗兽奇弈结束时，魔獣获得的经验值增加50%
特殊効果：将此食料喂给魔獣后，可以恢复18%的体力
适于以下魔獣食用：
百兽纲 百虫纲 有翼纲 草木纲 水栖纲 甲鳞纲 咒具纲 死尸纲","最大ＨＰ＋30％
与ダメージ＋10％
特殊効果：闘獣練終了時、ペットの獲得経験値を50％増加させる。
特殊効果：この餌をペットに与えると、ＨＰを18％回復する。
[食事可能な魔獣]
百獣綱 百蟲綱 有翼綱 草木綱 水棲綱 甲鱗綱 呪具綱 死屍綱"
Pawprint,Captured,,,"最大体力+30%
造成伤害+10%
特殊効果：闘獣練结束时，魔兽获得的经验值增加50%
特殊効果：将此食事喂给魔兽后，可以恢复18%的体力
适于以下魔兽食用：
百兽纲 百虫纲 有翼纲 草木纲 水栖纲 甲鳞纲 咒具纲 死尸纲","最大ＨＰ＋30％
与ダメージ＋10％
特殊効果：闘獣練終了時、ペットの獲得経験値を50％増加させる。
特殊効果：この餌をペットに与えると、ＨＰを18％回復する。
[食事可能な魔獣]
百獣綱 百蟲綱 有翼綱 草木綱 水棲綱 甲鱗綱 呪具綱 死屍綱"
Pawprint,Captured,,,"最大体力+30%
造成伤害+10%
特殊効果：闘獣練结束时，魔兽获得的经验值增加50%
特殊効果：将此食料喂给魔兽后，可以恢复18%的体力
适于以下魔兽食用：
百兽纲 百虫纲 有翼纲 草木纲 水栖纲 甲鳞纲 咒具纲 死尸纲","最大ＨＰ＋30％
与ダメージ＋10％
特殊効果：闘獣練終了時、ペットの獲得経験値を50％増加させる。
特殊効果：この餌をペットに与えると、ＨＰを18％回復する。
[食事可能な魔獣]
百獣綱 百蟲綱 有翼綱 草木綱 水棲綱 甲鱗綱 呪具綱 死屍綱"
Pawprint,Captured,,,"最大体力+30%
造成伤害+10%
特殊効果：闘獣練结束时，魔獣获得的经验值增加50%
特殊効果：将此食事喂给魔獣后，可以恢复18%的体力
适于以下魔獣食用：
百兽纲 百虫纲 有翼纲 草木纲 水栖纲 甲鳞纲 咒具纲 死尸纲","最大ＨＰ＋30％
与ダメージ＋10％
特殊効果：闘獣練終了時、ペットの獲得経験値を50％増加させる。
特殊効果：この餌をペットに与えると、ＨＰを18％回復する。
[食事可能な魔獣]
百獣綱 百蟲綱 有翼綱 草木綱 水棲綱 甲鱗綱 呪具綱 死屍綱"
Pawprint,Captured,,,"最大体力+30%
造成伤害+10%
特殊効果：闘獣練结束时，魔獣获得的经验值增加50%
特殊効果：将此食料喂给魔獣后，可以恢复18%的体力
适于以下魔獣食用：
百兽纲 百虫纲 有翼纲 草木纲 水栖纲 甲鳞纲 咒具纲 死尸纲","最大ＨＰ＋30％
与ダメージ＋10％
特殊効果：闘獣練終了時、ペットの獲得経験値を50％増加させる。
特殊効果：この餌をペットに与えると、ＨＰを18％回復する。
[食事可能な魔獣]
百獣綱 百蟲綱 有翼綱 草木綱 水棲綱 甲鱗綱 呪具綱 死屍綱"
Pawprint,Captured,,,"最大体力+30%
造成伤害+10%
特殊效果：斗兽奇弈结束时，魔兽获得的经验值增加50%
特殊效果：将此食事喂给魔兽后，可以恢复18%的体力
适于以下魔兽食用：
百兽纲 百虫纲 有翼纲 草木纲 水栖纲 甲鳞纲 咒具纲 死尸纲","最大ＨＰ＋30％
与ダメージ＋10％
特殊効果：闘獣練終了時、ペットの獲得経験値を50％増加させる。
特殊効果：この餌をペットに与えると、ＨＰを18％回復する。
[食事可能な魔獣]
百獣綱 百蟲綱 有翼綱 草木綱 水棲綱 甲鱗綱 呪具綱 死屍綱"
Pawprint,,,,"最大体力+30%
造成伤害+10%
特殊效果：斗兽奇弈结束时，魔兽获得的经验值增加50%
特殊效果：将此食料喂给魔兽后，可以恢复18%的体力
适于以下魔兽食用：
百兽纲 百虫纲 有翼纲 草木纲 水栖纲 甲鳞纲 咒具纲 死尸纲","最大ＨＰ＋30％
与ダメージ＋10％
特殊効果：闘獣練終了時、ペットの獲得経験値を50％増加させる。
特殊効果：この餌をペットに与えると、ＨＰを18％回復する。
[食事可能な魔獣]
百獣綱 百蟲綱 有翼綱 草木綱 水棲綱 甲鱗綱 呪具綱 死屍綱"
Pawprint,Captured,,,"最大体力+30%
造成伤害+10%
特殊效果：斗兽奇弈结束时，魔獣获得的经验值增加50%
特殊效果：将此食事喂给魔獣后，可以恢复18%的体力
适于以下魔獣食用：
百兽纲 百虫纲 有翼纲 草木纲 水栖纲 甲鳞纲 咒具纲 死尸纲","最大ＨＰ＋30％
与ダメージ＋10％
特殊効果：闘獣練終了時、ペットの獲得経験値を50％増加させる。
特殊効果：この餌をペットに与えると、ＨＰを18％回復する。
[食事可能な魔獣]
百獣綱 百蟲綱 有翼綱 草木綱 水棲綱 甲鱗綱 呪具綱 死屍綱"
Pawprint,Captured,,,"最大体力+30%
造成伤害+10%
特殊效果：斗兽奇弈结束时，魔獣获得的经验值增加50%
特殊效果：将此食料喂给魔獣后，可以恢复18%的体力
适于以下魔獣食用：
百兽纲 百虫纲 有翼纲 草木纲 水栖纲 甲鳞纲 咒具纲 死尸纲","最大ＨＰ＋30％
与ダメージ＋10％
特殊効果：闘獣練終了時、ペットの獲得経験値を50％増加させる。
特殊効果：この餌をペットに与えると、ＨＰを18％回復する。
[食事可能な魔獣]
百獣綱 百蟲綱 有翼綱 草木綱 水棲綱 甲鱗綱 呪具綱 死屍綱"
Pawprint,Captured,,,"最大体力+30%
造成伤害+10%
特殊效果：闘獣練结束时，魔兽获得的经验值增加50%
特殊效果：将此食事喂给魔兽后，可以恢复18%的体力
适于以下魔兽食用：
百兽纲 百虫纲 有翼纲 草木纲 水栖纲 甲鳞纲 咒具纲 死尸纲","最大ＨＰ＋30％
与ダメージ＋10％
特殊効果：闘獣練終了時、ペットの獲得経験値を50％増加させる。
特殊効果：この餌をペットに与えると、ＨＰを18％回復する。
[食事可能な魔獣]
百獣綱 百蟲綱 有翼綱 草木綱 水棲綱 甲鱗綱 呪具綱 死屍綱"
Pawprint,Captured,,,"最大体力+30%
造成伤害+10%
特殊效果：闘獣練结束时，魔兽获得的经验值增加50%
特殊效果：将此食料喂给魔兽后，可以恢复18%的体力
适于以下魔兽食用：
百兽纲 百虫纲 有翼纲 草木纲 水栖纲 甲鳞纲 咒具纲 死尸纲","最大ＨＰ＋30％
与ダメージ＋10％
特殊効果：闘獣練終了時、ペットの獲得経験値を50％増加させる。
特殊効果：この餌をペットに与えると、ＨＰを18％回復する。
[食事可能な魔獣]
百獣綱 百蟲綱 有翼綱 草木綱 水棲綱 甲鱗綱 呪具綱 死屍綱"
Pawprint,Captured,,,"最大体力+30%
造成伤害+10%
特殊效果：闘獣練结束时，魔獣获得的经验值增加50%
特殊效果：将此食事喂给魔獣后，可以恢复18%的体力
适于以下魔獣食用：
百兽纲 百虫纲 有翼纲 草木纲 水栖纲 甲鳞纲 咒具纲 死尸纲","最大ＨＰ＋30％
与ダメージ＋10％
特殊効果：闘獣練終了時、ペットの獲得経験値を50％増加させる。
特殊効果：この餌をペットに与えると、ＨＰを18％回復する。
[食事可能な魔獣]
百獣綱 百蟲綱 有翼綱 草木綱 水棲綱 甲鱗綱 呪具綱 死屍綱"
Pawprint,Captured,,,"最大体力+30%
造成伤害+10%
特殊效果：闘獣練结束时，魔獣获得的经验值增加50%
特殊效果：将此食料喂给魔獣后，可以恢复18%的体力
适于以下魔獣食用：
百兽纲 百虫纲 有翼纲 草木纲 水栖纲 甲鳞纲 咒具纲 死尸纲","最大ＨＰ＋30％
与ダメージ＋10％
特殊効果：闘獣練終了時、ペットの獲得経験値を50％増加させる。
特殊効果：この餌をペットに与えると、ＨＰを18％回復する。
[食事可能な魔獣]
百獣綱 百蟲綱 有翼綱 草木綱 水棲綱 甲鱗綱 呪具綱 死屍綱"
Pawprint,Captured,,,"最大体力+30%
造成伤害+15%
特殊効果：对敌人造成致命一击时，为自身附加1档“体力持续恢复”状态
体力持续恢复效果：每隔一段时间恢复自身最大体力的3%
体力持续恢复持续时间：6秒
最大档数：8档
特殊効果：将此食事喂给魔兽后，可以恢复18%的体力
适于以下魔兽食用：
水栖纲","最大ＨＰ＋30％
与ダメージ＋15％
特殊効果：敵にとどめをさしたとき、自身に「徐々にＨＰ回復」を1スタック付与する。
徐々にＨＰ回復効果：一定時間ごとにＨＰを最大ＨＰの3％分回復する。
徐々にＨＰ回復効果時間：6秒
最大スタック8
特殊効果：この餌をペットに与えると、ＨＰを18％回復する。
[食事可能な魔獣]
水棲綱"
Pawprint,Captured,,,"最大体力+30%
造成伤害+15%
特殊効果：对敌人造成致命一击时，为自身附加1档“体力持续恢复”状态
体力持续恢复效果：每隔一段时间恢复自身最大体力的3%
体力持续恢复持续时间：6秒
最大档数：8档
特殊効果：将此食事喂给魔獣后，可以恢复18%的体力
适于以下魔獣食用：
水栖纲","最大ＨＰ＋30％
与ダメージ＋15％
特殊効果：敵にとどめをさしたとき、自身に「徐々にＨＰ回復」を1スタック付与する。
徐々にＨＰ回復効果：一定時間ごとにＨＰを最大ＨＰの3％分回復する。
徐々にＨＰ回復効果時間：6秒
最大スタック8
特殊効果：この餌をペットに与えると、ＨＰを18％回復する。
[食事可能な魔獣]
水棲綱"
Pawprint,Captured,,,"最大体力+30%
造成伤害+15%
特殊効果：对敌人造成致命一击时，为自身附加1档“体力持续恢复”状态
体力持续恢复效果：每隔一段时间恢复自身最大体力的3%
体力持续恢复持续时间：6秒
最大档数：8档
特殊効果：将此食料喂给魔兽后，可以恢复18%的体力
适于以下魔兽食用：
水栖纲","最大ＨＰ＋30％
与ダメージ＋15％
特殊効果：敵にとどめをさしたとき、自身に「徐々にＨＰ回復」を1スタック付与する。
徐々にＨＰ回復効果：一定時間ごとにＨＰを最大ＨＰの3％分回復する。
徐々にＨＰ回復効果時間：6秒
最大スタック8
特殊効果：この餌をペットに与えると、ＨＰを18％回復する。
[食事可能な魔獣]
水棲綱"
Pawprint,Captured,,,"最大体力+30%
造成伤害+15%
特殊効果：对敌人造成致命一击时，为自身附加1档“体力持续恢复”状态
体力持续恢复效果：每隔一段时间恢复自身最大体力的3%
体力持续恢复持续时间：6秒
最大档数：8档
特殊効果：将此食料喂给魔獣后，可以恢复18%的体力
适于以下魔獣食用：
水栖纲","最大ＨＰ＋30％
与ダメージ＋15％
特殊効果：敵にとどめをさしたとき、自身に「徐々にＨＰ回復」を1スタック付与する。
徐々にＨＰ回復効果：一定時間ごとにＨＰを最大ＨＰの3％分回復する。
徐々にＨＰ回復効果時間：6秒
最大スタック8
特殊効果：この餌をペットに与えると、ＨＰを18％回復する。
[食事可能な魔獣]
水棲綱"
Pawprint,Captured,,,"最大体力+30%
造成伤害+15%
特殊效果：对敌人造成致命一击时，为自身附加1档“体力持续恢复”状态
体力持续恢复效果：每隔一段时间恢复自身最大体力的3%
体力持续恢复持续时间：6秒
最大档数：8档
特殊效果：将此食事喂给魔兽后，可以恢复18%的体力
适于以下魔兽食用：
水栖纲","最大ＨＰ＋30％
与ダメージ＋15％
特殊効果：敵にとどめをさしたとき、自身に「徐々にＨＰ回復」を1スタック付与する。
徐々にＨＰ回復効果：一定時間ごとにＨＰを最大ＨＰの3％分回復する。
徐々にＨＰ回復効果時間：6秒
最大スタック8
特殊効果：この餌をペットに与えると、ＨＰを18％回復する。
[食事可能な魔獣]
水棲綱"
Pawprint,Captured,,,"最大体力+30%
造成伤害+15%
特殊效果：对敌人造成致命一击时，为自身附加1档“体力持续恢复”状态
体力持续恢复效果：每隔一段时间恢复自身最大体力的3%
体力持续恢复持续时间：6秒
最大档数：8档
特殊效果：将此食事喂给魔獣后，可以恢复18%的体力
适于以下魔獣食用：
水栖纲","最大ＨＰ＋30％
与ダメージ＋15％
特殊効果：敵にとどめをさしたとき、自身に「徐々にＨＰ回復」を1スタック付与する。
徐々にＨＰ回復効果：一定時間ごとにＨＰを最大ＨＰの3％分回復する。
徐々にＨＰ回復効果時間：6秒
最大スタック8
特殊効果：この餌をペットに与えると、ＨＰを18％回復する。
[食事可能な魔獣]
水棲綱"
Pawprint,,,,"最大体力+30%
造成伤害+15%
特殊效果：对敌人造成致命一击时，为自身附加1档“体力持续恢复”状态
体力持续恢复效果：每隔一段时间恢复自身最大体力的3%
体力持续恢复持续时间：6秒
最大档数：8档
特殊效果：将此食料喂给魔兽后，可以恢复18%的体力
适于以下魔兽食用：
水栖纲","最大ＨＰ＋30％
与ダメージ＋15％
特殊効果：敵にとどめをさしたとき、自身に「徐々にＨＰ回復」を1スタック付与する。
徐々にＨＰ回復効果：一定時間ごとにＨＰを最大ＨＰの3％分回復する。
徐々にＨＰ回復効果時間：6秒
最大スタック8
特殊効果：この餌をペットに与えると、ＨＰを18％回復する。
[食事可能な魔獣]
水棲綱"
Pawprint,Captured,,,"最大体力+30%
造成伤害+15%
特殊效果：对敌人造成致命一击时，为自身附加1档“体力持续恢复”状态
体力持续恢复效果：每隔一段时间恢复自身最大体力的3%
体力持续恢复持续时间：6秒
最大档数：8档
特殊效果：将此食料喂给魔獣后，可以恢复18%的体力
适于以下魔獣食用：
水栖纲","最大ＨＰ＋30％
与ダメージ＋15％
特殊効果：敵にとどめをさしたとき、自身に「徐々にＨＰ回復」を1スタック付与する。
徐々にＨＰ回復効果：一定時間ごとにＨＰを最大ＨＰの3％分回復する。
徐々にＨＰ回復効果時間：6秒
最大スタック8
特殊効果：この餌をペットに与えると、ＨＰを18％回復する。
[食事可能な魔獣]
水棲綱"
Pawprint,Captured,,,"最大体力+30%
造成伤害+18%
特殊効果：自身发动战技触发兽心协作技时，为自身附加“卓异”状态
卓异效果：除特定攻击之外其他所有攻击均无效化，且造成伤害提高10%
卓异持续时间：9秒","最大ＨＰ＋30％
与ダメージ＋18％
特殊効果：自身のウェポンスキル実行時に獣心技連携に成功すると、自身に「エクセレンス」を付与する。
エクセレンス効果：一部を除くすべての攻撃を無効化し、かつ与ダメージが10％増加する。
エクセレンス効果時間：9秒"
Pawprint,,,,"最大体力+30%
造成伤害+18%
特殊效果：自身发动战技触发兽心协作技时，为自身附加“卓异”状态
卓异效果：除特定攻击之外其他所有攻击均无效化，且造成伤害提高10%
卓异持续时间：9秒","最大ＨＰ＋30％
与ダメージ＋18％
特殊効果：自身のウェポンスキル実行時に獣心技連携に成功すると、自身に「エクセレンス」を付与する。
エクセレンス効果：一部を除くすべての攻撃を無効化し、かつ与ダメージが10％増加する。
エクセレンス効果時間：9秒"
Pawprint,Captured,,,"最大体力+30%
加速+15%
特殊効果：魔兽发动战技触发兽心协作技时，有30%的几率恢复一部分消耗的技力
特殊効果：将此食事喂给魔兽后，可以恢复18%的体力
适于以下魔兽食用：
百虫纲","最大ＨＰ＋30％
ヘイスト＋15％
特殊効果：ペットのウェポンスキル実行時に獣心技連携に成功すると、30％の確率で消費したＴＰの一部が回復する。
特殊効果：この餌をペットに与えると、ＨＰを18％回復する。
[食事可能な魔獣]
百蟲綱"
Pawprint,Captured,,,"最大体力+30%
加速+15%
特殊効果：魔兽发动战技触发兽心协作技时，有30%的几率恢复一部分消耗的技力
特殊効果：将此食料喂给魔兽后，可以恢复18%的体力
适于以下魔兽食用：
百虫纲","最大ＨＰ＋30％
ヘイスト＋15％
特殊効果：ペットのウェポンスキル実行時に獣心技連携に成功すると、30％の確率で消費したＴＰの一部が回復する。
特殊効果：この餌をペットに与えると、ＨＰを18％回復する。
[食事可能な魔獣]
百蟲綱"
Pawprint,Captured,,,"最大体力+30%
加速+15%
特殊効果：魔獣发动战技触发兽心协作技时，有30%的几率恢复一部分消耗的技力
特殊効果：将此食事喂给魔獣后，可以恢复18%的体力
适于以下魔獣食用：
百虫纲","最大ＨＰ＋30％
ヘイスト＋15％
特殊効果：ペットのウェポンスキル実行時に獣心技連携に成功すると、30％の確率で消費したＴＰの一部が回復する。
特殊効果：この餌をペットに与えると、ＨＰを18％回復する。
[食事可能な魔獣]
百蟲綱"
Pawprint,Captured,,,"最大体力+30%
加速+15%
特殊効果：魔獣发动战技触发兽心协作技时，有30%的几率恢复一部分消耗的技力
特殊効果：将此食料喂给魔獣后，可以恢复18%的体力
适于以下魔獣食用：
百虫纲","最大ＨＰ＋30％
ヘイスト＋15％
特殊効果：ペットのウェポンスキル実行時に獣心技連携に成功すると、30％の確率で消費したＴＰの一部が回復する。
特殊効果：この餌をペットに与えると、ＨＰを18％回復する。
[食事可能な魔獣]
百蟲綱"
Pawprint,Captured,,,"最大体力+30%
加速+15%
特殊效果：魔兽发动战技触发兽心协作技时，有30%的几率恢复一部分消耗的技力
特殊效果：将此食事喂给魔兽后，可以恢复18%的体力
适于以下魔兽食用：
百虫纲","最大ＨＰ＋30％
ヘイスト＋15％
特殊効果：ペットのウェポンスキル実行時に獣心技連携に成功すると、30％の確率で消費したＴＰの一部が回復する。
特殊効果：この餌をペットに与えると、ＨＰを18％回復する。
[食事可能な魔獣]
百蟲綱"
Pawprint,Captured,,,"最大体力+30%
加速+15%
特殊效果：魔兽发动战技触发兽心协作技时，有30%的几率恢复一部分消耗的技力
特殊效果：将此食料喂给魔兽后，可以恢复18%的体力
适于以下魔兽食用：
百虫纲","最大ＨＰ＋30％
ヘイスト＋15％
特殊効果：ペットのウェポンスキル実行時に獣心技連携に成功すると、30％の確率で消費したＴＰの一部が回復する。
特殊効果：この餌をペットに与えると、ＨＰを18％回復する。
[食事可能な魔獣]
百蟲綱"
Pawprint,Captured,,,"最大体力+30%
加速+15%
特殊效果：魔獣发动战技触发兽心协作技时，有30%的几率恢复一部分消耗的技力
特殊效果：将此食事喂给魔獣后，可以恢复18%的体力
适于以下魔獣食用：
百虫纲","最大ＨＰ＋30％
ヘイスト＋15％
特殊効果：ペットのウェポンスキル実行時に獣心技連携に成功すると、30％の確率で消費したＴＰの一部が回復する。
特殊効果：この餌をペットに与えると、ＨＰを18％回復する。
[食事可能な魔獣]
百蟲綱"
Pawprint,Captured,,,"最大体力+30%
加速+15%
特殊效果：魔獣发动战技触发兽心协作技时，有30%的几率恢复一部分消耗的技力
特殊效果：将此食料喂给魔獣后，可以恢复18%的体力
适于以下魔獣食用：
百虫纲","最大ＨＰ＋30％
ヘイスト＋15％
特殊効果：ペットのウェポンスキル実行時に獣心技連携に成功すると、30％の確率で消費したＴＰの一部が回復する。
特殊効果：この餌をペットに与えると、ＨＰを18％回復する。
[食事可能な魔獣]
百蟲綱"
Pawprint,Captured,,,"最大体力+30%
特殊効果：受到伤害时为自身附加1档“受到魔法伤害减轻”状态
受到魔法伤害减轻效果：受到的魔法伤害减轻5%
受到魔法伤害减轻持续时间：60秒
最大档数：8档
特殊効果：将此食事喂给魔兽后，可以恢复18%的体力
适于以下魔兽食用：
咒具纲","最大ＨＰ＋30％
特殊効果：ダメージを受けたとき、自身に「魔法被ダメージ軽減」を1スタック付与する。
魔法被ダメージ軽減効果：受ける魔法ダメージを5％軽減する。
魔法被ダメージ軽減効果時間：60秒
最大スタック8
特殊効果：この餌をペットに与えると、ＨＰを18％回復する。
[食事可能な魔獣]
呪具綱"
Pawprint,Captured,,,"最大体力+30%
特殊効果：受到伤害时为自身附加1档“受到魔法伤害减轻”状态
受到魔法伤害减轻效果：受到的魔法伤害减轻5%
受到魔法伤害减轻持续时间：60秒
最大档数：8档
特殊効果：将此食事喂给魔獣后，可以恢复18%的体力
适于以下魔獣食用：
咒具纲","最大ＨＰ＋30％
特殊効果：ダメージを受けたとき、自身に「魔法被ダメージ軽減」を1スタック付与する。
魔法被ダメージ軽減効果：受ける魔法ダメージを5％軽減する。
魔法被ダメージ軽減効果時間：60秒
最大スタック8
特殊効果：この餌をペットに与えると、ＨＰを18％回復する。
[食事可能な魔獣]
呪具綱"
Pawprint,Captured,,,"最大体力+30%
特殊効果：受到伤害时为自身附加1档“受到魔法伤害减轻”状态
受到魔法伤害减轻效果：受到的魔法伤害减轻5%
受到魔法伤害减轻持续时间：60秒
最大档数：8档
特殊効果：将此食料喂给魔兽后，可以恢复18%的体力
适于以下魔兽食用：
咒具纲","最大ＨＰ＋30％
特殊効果：ダメージを受けたとき、自身に「魔法被ダメージ軽減」を1スタック付与する。
魔法被ダメージ軽減効果：受ける魔法ダメージを5％軽減する。
魔法被ダメージ軽減効果時間：60秒
最大スタック8
特殊効果：この餌をペットに与えると、ＨＰを18％回復する。
[食事可能な魔獣]
呪具綱"
Pawprint,Captured,,,"最大体力+30%
特殊効果：受到伤害时为自身附加1档“受到魔法伤害减轻”状态
受到魔法伤害减轻效果：受到的魔法伤害减轻5%
受到魔法伤害减轻持续时间：60秒
最大档数：8档
特殊効果：将此食料喂给魔獣后，可以恢复18%的体力
适于以下魔獣食用：
咒具纲","最大ＨＰ＋30％
特殊効果：ダメージを受けたとき、自身に「魔法被ダメージ軽減」を1スタック付与する。
魔法被ダメージ軽減効果：受ける魔法ダメージを5％軽減する。
魔法被ダメージ軽減効果時間：60秒
最大スタック8
特殊効果：この餌をペットに与えると、ＨＰを18％回復する。
[食事可能な魔獣]
呪具綱"
Pawprint,Captured,,,"最大体力+30%
特殊効果：在帐篷休息时可以使体力完全恢复
特殊効果：将此食事喂给魔兽后，可以恢复18%的体力
适于以下魔兽食用：
百兽纲 百虫纲 有翼纲 草木纲 水栖纲 甲鳞纲","最大ＨＰ＋30％
特殊効果：テント休息時にＨＰを満タンまで回復できるようになる。
特殊効果：この餌をペットに与えると、ＨＰを18％回復する。
[食事可能な魔獣]
百獣綱 百蟲綱 有翼綱 草木綱 水棲綱 甲鱗綱"
Pawprint,Captured,,,"最大体力+30%
特殊効果：在帐篷休息时可以使体力完全恢复
特殊効果：将此食事喂给魔獣后，可以恢复18%的体力
适于以下魔獣食用：
百兽纲 百虫纲 有翼纲 草木纲 水栖纲 甲鳞纲","最大ＨＰ＋30％
特殊効果：テント休息時にＨＰを満タンまで回復できるようになる。
特殊効果：この餌をペットに与えると、ＨＰを18％回復する。
[食事可能な魔獣]
百獣綱 百蟲綱 有翼綱 草木綱 水棲綱 甲鱗綱"
Pawprint,Captured,,,"最大体力+30%
特殊効果：在帐篷休息时可以使体力完全恢复
特殊効果：将此食料喂给魔兽后，可以恢复18%的体力
适于以下魔兽食用：
百兽纲 百虫纲 有翼纲 草木纲 水栖纲 甲鳞纲","最大ＨＰ＋30％
特殊効果：テント休息時にＨＰを満タンまで回復できるようになる。
特殊効果：この餌をペットに与えると、ＨＰを18％回復する。
[食事可能な魔獣]
百獣綱 百蟲綱 有翼綱 草木綱 水棲綱 甲鱗綱"
Pawprint,Captured,,,"最大体力+30%
特殊効果：在帐篷休息时可以使体力完全恢复
特殊効果：将此食料喂给魔獣后，可以恢复18%的体力
适于以下魔獣食用：
百兽纲 百虫纲 有翼纲 草木纲 水栖纲 甲鳞纲","最大ＨＰ＋30％
特殊効果：テント休息時にＨＰを満タンまで回復できるようになる。
特殊効果：この餌をペットに与えると、ＨＰを18％回復する。
[食事可能な魔獣]
百獣綱 百蟲綱 有翼綱 草木綱 水棲綱 甲鱗綱"
Pawprint,Captured,,,"最大体力+30%
特殊效果：受到伤害时为自身附加1档“受到魔法伤害减轻”状态
受到魔法伤害减轻效果：受到的魔法伤害减轻5%
受到魔法伤害减轻持续时间：60秒
最大档数：8档
特殊效果：将此食事喂给魔兽后，可以恢复18%的体力
适于以下魔兽食用：
咒具纲","最大ＨＰ＋30％
特殊効果：ダメージを受けたとき、自身に「魔法被ダメージ軽減」を1スタック付与する。
魔法被ダメージ軽減効果：受ける魔法ダメージを5％軽減する。
魔法被ダメージ軽減効果時間：60秒
最大スタック8
特殊効果：この餌をペットに与えると、ＨＰを18％回復する。
[食事可能な魔獣]
呪具綱"
Pawprint,Captured,,,"最大体力+30%
特殊效果：受到伤害时为自身附加1档“受到魔法伤害减轻”状态
受到魔法伤害减轻效果：受到的魔法伤害减轻5%
受到魔法伤害减轻持续时间：60秒
最大档数：8档
特殊效果：将此食事喂给魔獣后，可以恢复18%的体力
适于以下魔獣食用：
咒具纲","最大ＨＰ＋30％
特殊効果：ダメージを受けたとき、自身に「魔法被ダメージ軽減」を1スタック付与する。
魔法被ダメージ軽減効果：受ける魔法ダメージを5％軽減する。
魔法被ダメージ軽減効果時間：60秒
最大スタック8
特殊効果：この餌をペットに与えると、ＨＰを18％回復する。
[食事可能な魔獣]
呪具綱"
Pawprint,Captured,,,"最大体力+30%
特殊效果：受到伤害时为自身附加1档“受到魔法伤害减轻”状态
受到魔法伤害减轻效果：受到的魔法伤害减轻5%
受到魔法伤害减轻持续时间：60秒
最大档数：8档
特殊效果：将此食料喂给魔兽后，可以恢复18%的体力
适于以下魔兽食用：
咒具纲","最大ＨＰ＋30％
特殊効果：ダメージを受けたとき、自身に「魔法被ダメージ軽減」を1スタック付与する。
魔法被ダメージ軽減効果：受ける魔法ダメージを5％軽減する。
魔法被ダメージ軽減効果時間：60秒
最大スタック8
特殊効果：この餌をペットに与えると、ＨＰを18％回復する。
[食事可能な魔獣]
呪具綱"
Pawprint,Captured,,,"最大体力+30%
特殊效果：受到伤害时为自身附加1档“受到魔法伤害减轻”状态
受到魔法伤害减轻效果：受到的魔法伤害减轻5%
受到魔法伤害减轻持续时间：60秒
最大档数：8档
特殊效果：将此食料喂给魔獣后，可以恢复18%的体力
适于以下魔獣食用：
咒具纲","最大ＨＰ＋30％
特殊効果：ダメージを受けたとき、自身に「魔法被ダメージ軽減」を1スタック付与する。
魔法被ダメージ軽減効果：受ける魔法ダメージを5％軽減する。
魔法被ダメージ軽減効果時間：60秒
最大スタック8
特殊効果：この餌をペットに与えると、ＨＰを18％回復する。
[食事可能な魔獣]
呪具綱"
Pawprint,Captured,,,"最大体力+30%
特殊效果：在帐篷休息时可以使体力完全恢复
特殊效果：将此食事喂给魔兽后，可以恢复18%的体力
适于以下魔兽食用：
百兽纲 百虫纲 有翼纲 草木纲 水栖纲 甲鳞纲","最大ＨＰ＋30％
特殊効果：テント休息時にＨＰを満タンまで回復できるようになる。
特殊効果：この餌をペットに与えると、ＨＰを18％回復する。
[食事可能な魔獣]
百獣綱 百蟲綱 有翼綱 草木綱 水棲綱 甲鱗綱"
Pawprint,Captured,,,"最大体力+30%
特殊效果：在帐篷休息时可以使体力完全恢复
特殊效果：将此食事喂给魔獣后，可以恢复18%的体力
适于以下魔獣食用：
百兽纲 百虫纲 有翼纲 草木纲 水栖纲 甲鳞纲","最大ＨＰ＋30％
特殊効果：テント休息時にＨＰを満タンまで回復できるようになる。
特殊効果：この餌をペットに与えると、ＨＰを18％回復する。
[食事可能な魔獣]
百獣綱 百蟲綱 有翼綱 草木綱 水棲綱 甲鱗綱"
Pawprint,Captured,,,"最大体力+30%
特殊效果：在帐篷休息时可以使体力完全恢复
特殊效果：将此食料喂给魔兽后，可以恢复18%的体力
适于以下魔兽食用：
百兽纲 百虫纲 有翼纲 草木纲 水栖纲 甲鳞纲","最大ＨＰ＋30％
特殊効果：テント休息時にＨＰを満タンまで回復できるようになる。
特殊効果：この餌をペットに与えると、ＨＰを18％回復する。
[食事可能な魔獣]
百獣綱 百蟲綱 有翼綱 草木綱 水棲綱 甲鱗綱"
Pawprint,Captured,,,"最大体力+30%
特殊效果：在帐篷休息时可以使体力完全恢复
特殊效果：将此食料喂给魔獣后，可以恢复18%的体力
适于以下魔獣食用：
百兽纲 百虫纲 有翼纲 草木纲 水栖纲 甲鳞纲","最大ＨＰ＋30％
特殊効果：テント休息時にＨＰを満タンまで回復できるようになる。
特殊効果：この餌をペットに与えると、ＨＰを18％回復する。
[食事可能な魔獣]
百獣綱 百蟲綱 有翼綱 草木綱 水棲綱 甲鱗綱"
Pawprint,Captured,,,"最大体力+30%
造成伤害+10%
特殊効果：斗兽奇弈结束时，魔兽获得的经验值增加50%
特殊効果：将此食事喂给魔兽后，可以恢复18%的体力
适于以下魔兽食用：
百兽纲 百虫纲 有翼纲 草木纲 水栖纲 甲鳞纲 咒具纲 死尸纲","最大ＨＰ＋30％
与ダメージ＋10％
特殊効果：闘獣練終了時、ペットの獲得経験値を50％増加させる。
特殊効果：この餌をペットに与えると、ＨＰを18％回復する。
[食事可能な魔獣]
百獣綱 百蟲綱 有翼綱 草木綱 水棲綱 甲鱗綱 呪具綱 死屍綱"
Pawprint,Captured,,,"最大体力+30%
造成伤害+10%
特殊効果：斗兽奇弈结束时，魔兽获得的经验值增加50%
特殊効果：将此食料喂给魔兽后，可以恢复18%的体力
适于以下魔兽食用：
百兽纲 百虫纲 有翼纲 草木纲 水栖纲 甲鳞纲 咒具纲 死尸纲","最大ＨＰ＋30％
与ダメージ＋10％
特殊効果：闘獣練終了時、ペットの獲得経験値を50％増加させる。
特殊効果：この餌をペットに与えると、ＨＰを18％回復する。
[食事可能な魔獣]
百獣綱 百蟲綱 有翼綱 草木綱 水棲綱 甲鱗綱 呪具綱 死屍綱"
Pawprint,Captured,,,"最大体力+30%
造成伤害+10%
特殊効果：斗兽奇弈结束时，魔獣获得的经验值增加50%
特殊効果：将此食事喂给魔獣后，可以恢复18%的体力
适于以下魔獣食用：
百兽纲 百虫纲 有翼纲 草木纲 水栖纲 甲鳞纲 咒具纲 死尸纲","最大ＨＰ＋30％
与ダメージ＋10％
特殊効果：闘獣練終了時、ペットの獲得経験値を50％増加させる。
特殊効果：この餌をペットに与えると、ＨＰを18％回復する。
[食事可能な魔獣]
百獣綱 百蟲綱 有翼綱 草木綱 水棲綱 甲鱗綱 呪具綱 死屍綱"
Pawprint,Captured,,,"最大体力+30%
造成伤害+10%
特殊効果：斗兽奇弈结束时，魔獣获得的经验值增加50%
特殊効果：将此食料喂给魔獣后，可以恢复18%的体力
适于以下魔獣食用：
百兽纲 百虫纲 有翼纲 草木纲 水栖纲 甲鳞纲 咒具纲 死尸纲","最大ＨＰ＋30％
与ダメージ＋10％
特殊効果：闘獣練終了時、ペットの獲得経験値を50％増加させる。
特殊効果：この餌をペットに与えると、ＨＰを18％回復する。
[食事可能な魔獣]
百獣綱 百蟲綱 有翼綱 草木綱 水棲綱 甲鱗綱 呪具綱 死屍綱"
Pawprint,Captured,,,"最大体力+30%
造成伤害+10%
特殊効果：闘獣練结束时，魔兽获得的经验值增加50%
特殊効果：将此食事喂给魔兽后，可以恢复18%的体力
适于以下魔兽食用：
百兽纲 百虫纲 有翼纲 草木纲 水栖纲 甲鳞纲 咒具纲 死尸纲","最大ＨＰ＋30％
与ダメージ＋10％
特殊効果：闘獣練終了時、ペットの獲得経験値を50％増加させる。
特殊効果：この餌をペットに与えると、ＨＰを18％回復する。
[食事可能な魔獣]
百獣綱 百蟲綱 有翼綱 草木綱 水棲綱 甲鱗綱 呪具綱 死屍綱"
Pawprint,Captured,,,"最大体力+30%
造成伤害+10%
特殊効果：闘獣練结束时，魔兽获得的经验值增加50%
特殊効果：将此食料喂给魔兽后，可以恢复18%的体力
适于以下魔兽食用：
百兽纲 百虫纲 有翼纲 草木纲 水栖纲 甲鳞纲 咒具纲 死尸纲","最大ＨＰ＋30％
与ダメージ＋10％
特殊効果：闘獣練終了時、ペットの獲得経験値を50％増加させる。
特殊効果：この餌をペットに与えると、ＨＰを18％回復する。
[食事可能な魔獣]
百獣綱 百蟲綱 有翼綱 草木綱 水棲綱 甲鱗綱 呪具綱 死屍綱"
Pawprint,Captured,,,"最大体力+30%
造成伤害+10%
特殊効果：闘獣練结束时，魔獣获得的经验值增加50%
特殊効果：将此食事喂给魔獣后，可以恢复18%的体力
适于以下魔獣食用：
百兽纲 百虫纲 有翼纲 草木纲 水栖纲 甲鳞纲 咒具纲 死尸纲","最大ＨＰ＋30％
与ダメージ＋10％
特殊効果：闘獣練終了時、ペットの獲得経験値を50％増加させる。
特殊効果：この餌をペットに与えると、ＨＰを18％回復する。
[食事可能な魔獣]
百獣綱 百蟲綱 有翼綱 草木綱 水棲綱 甲鱗綱 呪具綱 死屍綱"
Pawprint,Captured,,,"最大体力+30%
造成伤害+10%
特殊効果：闘獣練结束时，魔獣获得的经验值增加50%
特殊効果：将此食料喂给魔獣后，可以恢复18%的体力
适于以下魔獣食用：
百兽纲 百虫纲 有翼纲 草木纲 水栖纲 甲鳞纲 咒具纲 死尸纲","最大ＨＰ＋30％
与ダメージ＋10％
特殊効果：闘獣練終了時、ペットの獲得経験値を50％増加させる。
特殊効果：この餌をペットに与えると、ＨＰを18％回復する。
[食事可能な魔獣]
百獣綱 百蟲綱 有翼綱 草木綱 水棲綱 甲鱗綱 呪具綱 死屍綱"
Pawprint,Captured,,,"最大体力+30%
造成伤害+10%
特殊效果：斗兽奇弈结束时，魔兽获得的经验值增加50%
特殊效果：将此食事喂给魔兽后，可以恢复18%的体力
适于以下魔兽食用：
百兽纲 百虫纲 有翼纲 草木纲 水栖纲 甲鳞纲 咒具纲 死尸纲","最大ＨＰ＋30％
与ダメージ＋10％
特殊効果：闘獣練終了時、ペットの獲得経験値を50％増加させる。
特殊効果：この餌をペットに与えると、ＨＰを18％回復する。
[食事可能な魔獣]
百獣綱 百蟲綱 有翼綱 草木綱 水棲綱 甲鱗綱 呪具綱 死屍綱"
Pawprint,Captured,,,"最大体力+30%
造成伤害+10%
特殊效果：斗兽奇弈结束时，魔兽获得的经验值增加50%
特殊效果：将此食料喂给魔兽后，可以恢复18%的体力
适于以下魔兽食用：
百兽纲 百虫纲 有翼纲 草木纲 水栖纲 甲鳞纲 咒具纲 死尸纲","最大ＨＰ＋30％
与ダメージ＋10％
特殊効果：闘獣練終了時、ペットの獲得経験値を50％増加させる。
特殊効果：この餌をペットに与えると、ＨＰを18％回復する。
[食事可能な魔獣]
百獣綱 百蟲綱 有翼綱 草木綱 水棲綱 甲鱗綱 呪具綱 死屍綱"
Pawprint,Captured,,,"最大体力+30%
造成伤害+10%
特殊效果：斗兽奇弈结束时，魔獣获得的经验值增加50%
特殊效果：将此食事喂给魔獣后，可以恢复18%的体力
适于以下魔獣食用：
百兽纲 百虫纲 有翼纲 草木纲 水栖纲 甲鳞纲 咒具纲 死尸纲","最大ＨＰ＋30％
与ダメージ＋10％
特殊効果：闘獣練終了時、ペットの獲得経験値を50％増加させる。
特殊効果：この餌をペットに与えると、ＨＰを18％回復する。
[食事可能な魔獣]
百獣綱 百蟲綱 有翼綱 草木綱 水棲綱 甲鱗綱 呪具綱 死屍綱"
Pawprint,Captured,,,"最大体力+30%
造成伤害+10%
特殊效果：斗兽奇弈结束时，魔獣获得的经验值增加50%
特殊效果：将此食料喂给魔獣后，可以恢复18%的体力
适于以下魔獣食用：
百兽纲 百虫纲 有翼纲 草木纲 水栖纲 甲鳞纲 咒具纲 死尸纲","最大ＨＰ＋30％
与ダメージ＋10％
特殊効果：闘獣練終了時、ペットの獲得経験値を50％増加させる。
特殊効果：この餌をペットに与えると、ＨＰを18％回復する。
[食事可能な魔獣]
百獣綱 百蟲綱 有翼綱 草木綱 水棲綱 甲鱗綱 呪具綱 死屍綱"
Pawprint,Captured,,,"最大体力+30%
造成伤害+10%
特殊效果：闘獣練结束时，魔兽获得的经验值增加50%
特殊效果：将此食事喂给魔兽后，可以恢复18%的体力
适于以下魔兽食用：
百兽纲 百虫纲 有翼纲 草木纲 水栖纲 甲鳞纲 咒具纲 死尸纲","最大ＨＰ＋30％
与ダメージ＋10％
特殊効果：闘獣練終了時、ペットの獲得経験値を50％増加させる。
特殊効果：この餌をペットに与えると、ＨＰを18％回復する。
[食事可能な魔獣]
百獣綱 百蟲綱 有翼綱 草木綱 水棲綱 甲鱗綱 呪具綱 死屍綱"
Pawprint,Captured,,,"最大体力+30%
造成伤害+10%
特殊效果：闘獣練结束时，魔兽获得的经验值增加50%
特殊效果：将此食料喂给魔兽后，可以恢复18%的体力
适于以下魔兽食用：
百兽纲 百虫纲 有翼纲 草木纲 水栖纲 甲鳞纲 咒具纲 死尸纲","最大ＨＰ＋30％
与ダメージ＋10％
特殊効果：闘獣練終了時、ペットの獲得経験値を50％増加させる。
特殊効果：この餌をペットに与えると、ＨＰを18％回復する。
[食事可能な魔獣]
百獣綱 百蟲綱 有翼綱 草木綱 水棲綱 甲鱗綱 呪具綱 死屍綱"
Pawprint,Captured,,,"最大体力+30%
造成伤害+10%
特殊效果：闘獣練结束时，魔獣获得的经验值增加50%
特殊效果：将此食事喂给魔獣后，可以恢复18%的体力
适于以下魔獣食用：
百兽纲 百虫纲 有翼纲 草木纲 水栖纲 甲鳞纲 咒具纲 死尸纲","最大ＨＰ＋30％
与ダメージ＋10％
特殊効果：闘獣練終了時、ペットの獲得経験値を50％増加させる。
特殊効果：この餌をペットに与えると、ＨＰを18％回復する。
[食事可能な魔獣]
百獣綱 百蟲綱 有翼綱 草木綱 水棲綱 甲鱗綱 呪具綱 死屍綱"
Pawprint,Captured,,,"最大体力+30%
造成伤害+10%
特殊效果：闘獣練结束时，魔獣获得的经验值增加50%
特殊效果：将此食料喂给魔獣后，可以恢复18%的体力
适于以下魔獣食用：
百兽纲 百虫纲 有翼纲 草木纲 水栖纲 甲鳞纲 咒具纲 死尸纲","最大ＨＰ＋30％
与ダメージ＋10％
特殊効果：闘獣練終了時、ペットの獲得経験値を50％増加させる。
特殊効果：この餌をペットに与えると、ＨＰを18％回復する。
[食事可能な魔獣]
百獣綱 百蟲綱 有翼綱 草木綱 水棲綱 甲鱗綱 呪具綱 死屍綱"
Pawprint,Captured,,,"最大体力+30%
造成伤害+15%
特殊効果：对敌人造成致命一击时，为自身附加1档“体力持续恢复”状态
体力持续恢复效果：每隔一段时间恢复自身最大体力的3%
体力持续恢复持续时间：6秒
最大档数：8档
特殊効果：将此食事喂给魔兽后，可以恢复18%的体力
适于以下魔兽食用：
水栖纲","最大ＨＰ＋30％
与ダメージ＋15％
特殊効果：敵にとどめをさしたとき、自身に「徐々にＨＰ回復」を1スタック付与する。
徐々にＨＰ回復効果：一定時間ごとにＨＰを最大ＨＰの3％分回復する。
徐々にＨＰ回復効果時間：6秒
最大スタック8
特殊効果：この餌をペットに与えると、ＨＰを18％回復する。
[食事可能な魔獣]
水棲綱"
Pawprint,Captured,,,"最大体力+30%
造成伤害+15%
特殊効果：对敌人造成致命一击时，为自身附加1档“体力持续恢复”状态
体力持续恢复效果：每隔一段时间恢复自身最大体力的3%
体力持续恢复持续时间：6秒
最大档数：8档
特殊効果：将此食事喂给魔獣后，可以恢复18%的体力
适于以下魔獣食用：
水栖纲","最大ＨＰ＋30％
与ダメージ＋15％
特殊効果：敵にとどめをさしたとき、自身に「徐々にＨＰ回復」を1スタック付与する。
徐々にＨＰ回復効果：一定時間ごとにＨＰを最大ＨＰの3％分回復する。
徐々にＨＰ回復効果時間：6秒
最大スタック8
特殊効果：この餌をペットに与えると、ＨＰを18％回復する。
[食事可能な魔獣]
水棲綱"
Pawprint,Captured,,,"最大体力+30%
造成伤害+15%
特殊効果：对敌人造成致命一击时，为自身附加1档“体力持续恢复”状态
体力持续恢复效果：每隔一段时间恢复自身最大体力的3%
体力持续恢复持续时间：6秒
最大档数：8档
特殊効果：将此食料喂给魔兽后，可以恢复18%的体力
适于以下魔兽食用：
水栖纲","最大ＨＰ＋30％
与ダメージ＋15％
特殊効果：敵にとどめをさしたとき、自身に「徐々にＨＰ回復」を1スタック付与する。
徐々にＨＰ回復効果：一定時間ごとにＨＰを最大ＨＰの3％分回復する。
徐々にＨＰ回復効果時間：6秒
最大スタック8
特殊効果：この餌をペットに与えると、ＨＰを18％回復する。
[食事可能な魔獣]
水棲綱"
Pawprint,Captured,,,"最大体力+30%
造成伤害+15%
特殊効果：对敌人造成致命一击时，为自身附加1档“体力持续恢复”状态
体力持续恢复效果：每隔一段时间恢复自身最大体力的3%
体力持续恢复持续时间：6秒
最大档数：8档
特殊効果：将此食料喂给魔獣后，可以恢复18%的体力
适于以下魔獣食用：
水栖纲","最大ＨＰ＋30％
与ダメージ＋15％
特殊効果：敵にとどめをさしたとき、自身に「徐々にＨＰ回復」を1スタック付与する。
徐々にＨＰ回復効果：一定時間ごとにＨＰを最大ＨＰの3％分回復する。
徐々にＨＰ回復効果時間：6秒
最大スタック8
特殊効果：この餌をペットに与えると、ＨＰを18％回復する。
[食事可能な魔獣]
水棲綱"
Pawprint,Captured,,,"最大体力+30%
造成伤害+15%
特殊效果：对敌人造成致命一击时，为自身附加1档“体力持续恢复”状态
体力持续恢复效果：每隔一段时间恢复自身最大体力的3%
体力持续恢复持续时间：6秒
最大档数：8档
特殊效果：将此食事喂给魔兽后，可以恢复18%的体力
适于以下魔兽食用：
水栖纲","最大ＨＰ＋30％
与ダメージ＋15％
特殊効果：敵にとどめをさしたとき、自身に「徐々にＨＰ回復」を1スタック付与する。
徐々にＨＰ回復効果：一定時間ごとにＨＰを最大ＨＰの3％分回復する。
徐々にＨＰ回復効果時間：6秒
最大スタック8
特殊効果：この餌をペットに与えると、ＨＰを18％回復する。
[食事可能な魔獣]
水棲綱"
Pawprint,Captured,,,"最大体力+30%
造成伤害+15%
特殊效果：对敌人造成致命一击时，为自身附加1档“体力持续恢复”状态
体力持续恢复效果：每隔一段时间恢复自身最大体力的3%
体力持续恢复持续时间：6秒
最大档数：8档
特殊效果：将此食事喂给魔獣后，可以恢复18%的体力
适于以下魔獣食用：
水栖纲","最大ＨＰ＋30％
与ダメージ＋15％
特殊効果：敵にとどめをさしたとき、自身に「徐々にＨＰ回復」を1スタック付与する。
徐々にＨＰ回復効果：一定時間ごとにＨＰを最大ＨＰの3％分回復する。
徐々にＨＰ回復効果時間：6秒
最大スタック8
特殊効果：この餌をペットに与えると、ＨＰを18％回復する。
[食事可能な魔獣]
水棲綱"
Pawprint,Captured,,,"最大体力+30%
造成伤害+15%
特殊效果：对敌人造成致命一击时，为自身附加1档“体力持续恢复”状态
体力持续恢复效果：每隔一段时间恢复自身最大体力的3%
体力持续恢复持续时间：6秒
最大档数：8档
特殊效果：将此食料喂给魔兽后，可以恢复18%的体力
适于以下魔兽食用：
水栖纲","最大ＨＰ＋30％
与ダメージ＋15％
特殊効果：敵にとどめをさしたとき、自身に「徐々にＨＰ回復」を1スタック付与する。
徐々にＨＰ回復効果：一定時間ごとにＨＰを最大ＨＰの3％分回復する。
徐々にＨＰ回復効果時間：6秒
最大スタック8
特殊効果：この餌をペットに与えると、ＨＰを18％回復する。
[食事可能な魔獣]
水棲綱"
Pawprint,Captured,,,"最大体力+30%
造成伤害+15%
特殊效果：对敌人造成致命一击时，为自身附加1档“体力持续恢复”状态
体力持续恢复效果：每隔一段时间恢复自身最大体力的3%
体力持续恢复持续时间：6秒
最大档数：8档
特殊效果：将此食料喂给魔獣后，可以恢复18%的体力
适于以下魔獣食用：
水栖纲","最大ＨＰ＋30％
与ダメージ＋15％
特殊効果：敵にとどめをさしたとき、自身に「徐々にＨＰ回復」を1スタック付与する。
徐々にＨＰ回復効果：一定時間ごとにＨＰを最大ＨＰの3％分回復する。
徐々にＨＰ回復効果時間：6秒
最大スタック8
特殊効果：この餌をペットに与えると、ＨＰを18％回復する。
[食事可能な魔獣]
水棲綱"
Pawprint,Captured,,,"最大体力+30%
造成伤害+18%
特殊効果：自身发动战技触发兽心协作技时，为自身附加“卓异”状态
卓异效果：除特定攻击之外其他所有攻击均无效化，且造成伤害提高10%
卓异持续时间：9秒","最大ＨＰ＋30％
与ダメージ＋18％
特殊効果：自身のウェポンスキル実行時に獣心技連携に成功すると、自身に「エクセレンス」を付与する。
エクセレンス効果：一部を除くすべての攻撃を無効化し、かつ与ダメージが10％増加する。
エクセレンス効果時間：9秒"
Pawprint,Captured,,,"最大体力+30%
造成伤害+18%
特殊效果：自身发动战技触发兽心协作技时，为自身附加“卓异”状态
卓异效果：除特定攻击之外其他所有攻击均无效化，且造成伤害提高10%
卓异持续时间：9秒","最大ＨＰ＋30％
与ダメージ＋18％
特殊効果：自身のウェポンスキル実行時に獣心技連携に成功すると、自身に「エクセレンス」を付与する。
エクセレンス効果：一部を除くすべての攻撃を無効化し、かつ与ダメージが10％増加する。
エクセレンス効果時間：9秒"
Pawprint,Captured,,,"最大体力+5%
特殊効果：技力累积量提高5%
特殊効果：对敌人造成致命一击时，为自身附加1档“激昂”状态
激昂效果：造成伤害+10%、受到伤害-5%
激昂持续时间：180秒
最大档数：4档","最大ＨＰ＋5％
特殊効果：ＴＰ蓄積量を5％上昇させる。
特殊効果：敵にとどめをさしたとき、自身に「ハイテンション」を1スタック付与する。
ハイテンション効果：与ダメージ＋10％、被ダメージ－5％
ハイテンション効果時間：180秒
最大スタック：4"
Pawprint,,,,"最大体力+5%
特殊效果：技力累积量提高5%
特殊效果：对敌人造成致命一击时，为自身附加1档“激昂”状态
激昂效果：造成伤害+10%、受到伤害-5%
激昂持续时间：180秒
最大档数：4档","最大ＨＰ＋5％
特殊効果：ＴＰ蓄積量を5％上昇させる。
特殊効果：敵にとどめをさしたとき、自身に「ハイテンション」を1スタック付与する。
ハイテンション効果：与ダメージ＋10％、被ダメージ－5％
ハイテンション効果時間：180秒
最大スタック：4"
Pawprint,Captured,,,"最大体力+5%
特殊効果：技力累积量提高5%
特殊効果：对敌人造成致命一击时，为自身附加1档“激昂”状态
激昂效果：造成伤害+10%、受到伤害-5%
激昂持续时间：180秒
最大档数：4档","最大ＨＰ＋5％
特殊効果：ＴＰ蓄積量を5％上昇させる。
特殊効果：敵にとどめをさしたとき、自身に「ハイテンション」を1スタック付与する。
ハイテンション効果：与ダメージ＋10％、被ダメージ－5％
ハイテンション効果時間：180秒
最大スタック：4"
Pawprint,Captured,,,"最大体力+5%
特殊效果：技力累积量提高5%
特殊效果：对敌人造成致命一击时，为自身附加1档“激昂”状态
激昂效果：造成伤害+10%、受到伤害-5%
激昂持续时间：180秒
最大档数：4档","最大ＨＰ＋5％
特殊効果：ＴＰ蓄積量を5％上昇させる。
特殊効果：敵にとどめをさしたとき、自身に「ハイテンション」を1スタック付与する。
ハイテンション効果：与ダメージ＋10％、被ダメージ－5％
ハイテンション効果時間：180秒
最大スタック：4"
Pawprint,Captured,,,"最大体力+50%
受到伤害-20%
特殊効果：受到伤害时有50%的几率为自身附加1档“加速”状态
加速效果：自动攻击间隔、战技与魔法的咏唱及复唱时间缩短3%
加速持续时间：60秒
最大档数：5档
特殊効果：将此食事喂给魔兽后，可以恢复26%的体力
适于以下魔兽食用：
草木纲","最大ＨＰ＋50％
被ダメージ－20％
特殊効果：ダメージを受けたとき、50％の確率で自身に「ヘイスト」を1スタック付与する。
ヘイスト効果：オートアタックの攻撃間隔と、ウェポンスキルおよび魔法のキャストタイムとリキャストタイムを3％短縮する。
ヘイスト効果時間：60秒
最大スタック：5
特殊効果：この餌をペットに与えると、ＨＰを26％回復する。
[食事可能な魔獣]
草木綱"
Pawprint,Captured,,,"最大体力+50%
受到伤害-20%
特殊効果：受到伤害时有50%的几率为自身附加1档“加速”状态
加速效果：自动攻击间隔、战技与魔法的咏唱及复唱时间缩短3%
加速持续时间：60秒
最大档数：5档
特殊効果：将此食事喂给魔獣后，可以恢复26%的体力
适于以下魔獣食用：
草木纲","最大ＨＰ＋50％
被ダメージ－20％
特殊効果：ダメージを受けたとき、50％の確率で自身に「ヘイスト」を1スタック付与する。
ヘイスト効果：オートアタックの攻撃間隔と、ウェポンスキルおよび魔法のキャストタイムとリキャストタイムを3％短縮する。
ヘイスト効果時間：60秒
最大スタック：5
特殊効果：この餌をペットに与えると、ＨＰを26％回復する。
[食事可能な魔獣]
草木綱"
Pawprint,Captured,,,"最大体力+50%
受到伤害-20%
特殊効果：受到伤害时有50%的几率为自身附加1档“加速”状态
加速效果：自动攻击间隔、战技与魔法的咏唱及复唱时间缩短3%
加速持续时间：60秒
最大档数：5档
特殊効果：将此食料喂给魔兽后，可以恢复26%的体力
适于以下魔兽食用：
草木纲","最大ＨＰ＋50％
被ダメージ－20％
特殊効果：ダメージを受けたとき、50％の確率で自身に「ヘイスト」を1スタック付与する。
ヘイスト効果：オートアタックの攻撃間隔と、ウェポンスキルおよび魔法のキャストタイムとリキャストタイムを3％短縮する。
ヘイスト効果時間：60秒
最大スタック：5
特殊効果：この餌をペットに与えると、ＨＰを26％回復する。
[食事可能な魔獣]
草木綱"
Pawprint,Captured,,,"最大体力+50%
受到伤害-20%
特殊効果：受到伤害时有50%的几率为自身附加1档“加速”状态
加速效果：自动攻击间隔、战技与魔法的咏唱及复唱时间缩短3%
加速持续时间：60秒
最大档数：5档
特殊効果：将此食料喂给魔獣后，可以恢复26%的体力
适于以下魔獣食用：
草木纲","最大ＨＰ＋50％
被ダメージ－20％
特殊効果：ダメージを受けたとき、50％の確率で自身に「ヘイスト」を1スタック付与する。
ヘイスト効果：オートアタックの攻撃間隔と、ウェポンスキルおよび魔法のキャストタイムとリキャストタイムを3％短縮する。
ヘイスト効果時間：60秒
最大スタック：5
特殊効果：この餌をペットに与えると、ＨＰを26％回復する。
[食事可能な魔獣]
草木綱"
Pawprint,Captured,,,"最大体力+50%
受到伤害-20%
特殊效果：受到伤害时有50%的几率为自身附加1档“加速”状态
加速效果：自动攻击间隔、战技与魔法的咏唱及复唱时间缩短3%
加速持续时间：60秒
最大档数：5档
特殊效果：将此食事喂给魔兽后，可以恢复26%的体力
适于以下魔兽食用：
草木纲","最大ＨＰ＋50％
被ダメージ－20％
特殊効果：ダメージを受けたとき、50％の確率で自身に「ヘイスト」を1スタック付与する。
ヘイスト効果：オートアタックの攻撃間隔と、ウェポンスキルおよび魔法のキャストタイムとリキャストタイムを3％短縮する。
ヘイスト効果時間：60秒
最大スタック：5
特殊効果：この餌をペットに与えると、ＨＰを26％回復する。
[食事可能な魔獣]
草木綱"
Pawprint,Captured,,,"最大体力+50%
受到伤害-20%
特殊效果：受到伤害时有50%的几率为自身附加1档“加速”状态
加速效果：自动攻击间隔、战技与魔法的咏唱及复唱时间缩短3%
加速持续时间：60秒
最大档数：5档
特殊效果：将此食事喂给魔獣后，可以恢复26%的体力
适于以下魔獣食用：
草木纲","最大ＨＰ＋50％
被ダメージ－20％
特殊効果：ダメージを受けたとき、50％の確率で自身に「ヘイスト」を1スタック付与する。
ヘイスト効果：オートアタックの攻撃間隔と、ウェポンスキルおよび魔法のキャストタイムとリキャストタイムを3％短縮する。
ヘイスト効果時間：60秒
最大スタック：5
特殊効果：この餌をペットに与えると、ＨＰを26％回復する。
[食事可能な魔獣]
草木綱"
Pawprint,,,,"最大体力+50%
受到伤害-20%
特殊效果：受到伤害时有50%的几率为自身附加1档“加速”状态
加速效果：自动攻击间隔、战技与魔法的咏唱及复唱时间缩短3%
加速持续时间：60秒
最大档数：5档
特殊效果：将此食料喂给魔兽后，可以恢复26%的体力
适于以下魔兽食用：
草木纲","最大ＨＰ＋50％
被ダメージ－20％
特殊効果：ダメージを受けたとき、50％の確率で自身に「ヘイスト」を1スタック付与する。
ヘイスト効果：オートアタックの攻撃間隔と、ウェポンスキルおよび魔法のキャストタイムとリキャストタイムを3％短縮する。
ヘイスト効果時間：60秒
最大スタック：5
特殊効果：この餌をペットに与えると、ＨＰを26％回復する。
[食事可能な魔獣]
草木綱"
Pawprint,Captured,,,"最大体力+50%
受到伤害-20%
特殊效果：受到伤害时有50%的几率为自身附加1档“加速”状态
加速效果：自动攻击间隔、战技与魔法的咏唱及复唱时间缩短3%
加速持续时间：60秒
最大档数：5档
特殊效果：将此食料喂给魔獣后，可以恢复26%的体力
适于以下魔獣食用：
草木纲","最大ＨＰ＋50％
被ダメージ－20％
特殊効果：ダメージを受けたとき、50％の確率で自身に「ヘイスト」を1スタック付与する。
ヘイスト効果：オートアタックの攻撃間隔と、ウェポンスキルおよび魔法のキャストタイムとリキャストタイムを3％短縮する。
ヘイスト効果時間：60秒
最大スタック：5
特殊効果：この餌をペットに与えると、ＨＰを26％回復する。
[食事可能な魔獣]
草木綱"
Pawprint,Captured,,,"最大体力+50%
受到伤害-20%
特殊効果：受到伤害时有50%的几率为自身附加1档“加速”状态
加速效果：自动攻击间隔、战技与魔法的咏唱及复唱时间缩短3%
加速持续时间：60秒
最大档数：5档
特殊効果：将此食事喂给魔兽后，可以恢复26%的体力
适于以下魔兽食用：
草木纲","最大ＨＰ＋50％
被ダメージ－20％
特殊効果：ダメージを受けたとき、50％の確率で自身に「ヘイスト」を1スタック付与する。
ヘイスト効果：オートアタックの攻撃間隔と、ウェポンスキルおよび魔法のキャストタイムとリキャストタイムを3％短縮する。
ヘイスト効果時間：60秒
最大スタック：5
特殊効果：この餌をペットに与えると、ＨＰを26％回復する。
[食事可能な魔獣]
草木綱"
Pawprint,Captured,,,"最大体力+50%
受到伤害-20%
特殊効果：受到伤害时有50%的几率为自身附加1档“加速”状态
加速效果：自动攻击间隔、战技与魔法的咏唱及复唱时间缩短3%
加速持续时间：60秒
最大档数：5档
特殊効果：将此食事喂给魔獣后，可以恢复26%的体力
适于以下魔獣食用：
草木纲","最大ＨＰ＋50％
被ダメージ－20％
特殊効果：ダメージを受けたとき、50％の確率で自身に「ヘイスト」を1スタック付与する。
ヘイスト効果：オートアタックの攻撃間隔と、ウェポンスキルおよび魔法のキャストタイムとリキャストタイムを3％短縮する。
ヘイスト効果時間：60秒
最大スタック：5
特殊効果：この餌をペットに与えると、ＨＰを26％回復する。
[食事可能な魔獣]
草木綱"
Pawprint,Captured,,,"最大体力+50%
受到伤害-20%
特殊効果：受到伤害时有50%的几率为自身附加1档“加速”状态
加速效果：自动攻击间隔、战技与魔法的咏唱及复唱时间缩短3%
加速持续时间：60秒
最大档数：5档
特殊効果：将此食料喂给魔兽后，可以恢复26%的体力
适于以下魔兽食用：
草木纲","最大ＨＰ＋50％
被ダメージ－20％
特殊効果：ダメージを受けたとき、50％の確率で自身に「ヘイスト」を1スタック付与する。
ヘイスト効果：オートアタックの攻撃間隔と、ウェポンスキルおよび魔法のキャストタイムとリキャストタイムを3％短縮する。
ヘイスト効果時間：60秒
最大スタック：5
特殊効果：この餌をペットに与えると、ＨＰを26％回復する。
[食事可能な魔獣]
草木綱"
Pawprint,Captured,,,"最大体力+50%
受到伤害-20%
特殊効果：受到伤害时有50%的几率为自身附加1档“加速”状态
加速效果：自动攻击间隔、战技与魔法的咏唱及复唱时间缩短3%
加速持续时间：60秒
最大档数：5档
特殊効果：将此食料喂给魔獣后，可以恢复26%的体力
适于以下魔獣食用：
草木纲","最大ＨＰ＋50％
被ダメージ－20％
特殊効果：ダメージを受けたとき、50％の確率で自身に「ヘイスト」を1スタック付与する。
ヘイスト効果：オートアタックの攻撃間隔と、ウェポンスキルおよび魔法のキャストタイムとリキャストタイムを3％短縮する。
ヘイスト効果時間：60秒
最大スタック：5
特殊効果：この餌をペットに与えると、ＨＰを26％回復する。
[食事可能な魔獣]
草木綱"
Pawprint,Captured,,,"最大体力+50%
受到伤害-20%
特殊效果：受到伤害时有50%的几率为自身附加1档“加速”状态
加速效果：自动攻击间隔、战技与魔法的咏唱及复唱时间缩短3%
加速持续时间：60秒
最大档数：5档
特殊效果：将此食事喂给魔兽后，可以恢复26%的体力
适于以下魔兽食用：
草木纲","最大ＨＰ＋50％
被ダメージ－20％
特殊効果：ダメージを受けたとき、50％の確率で自身に「ヘイスト」を1スタック付与する。
ヘイスト効果：オートアタックの攻撃間隔と、ウェポンスキルおよび魔法のキャストタイムとリキャストタイムを3％短縮する。
ヘイスト効果時間：60秒
最大スタック：5
特殊効果：この餌をペットに与えると、ＨＰを26％回復する。
[食事可能な魔獣]
草木綱"
Pawprint,Captured,,,"最大体力+50%
受到伤害-20%
特殊效果：受到伤害时有50%的几率为自身附加1档“加速”状态
加速效果：自动攻击间隔、战技与魔法的咏唱及复唱时间缩短3%
加速持续时间：60秒
最大档数：5档
特殊效果：将此食事喂给魔獣后，可以恢复26%的体力
适于以下魔獣食用：
草木纲","最大ＨＰ＋50％
被ダメージ－20％
特殊効果：ダメージを受けたとき、50％の確率で自身に「ヘイスト」を1スタック付与する。
ヘイスト効果：オートアタックの攻撃間隔と、ウェポンスキルおよび魔法のキャストタイムとリキャストタイムを3％短縮する。
ヘイスト効果時間：60秒
最大スタック：5
特殊効果：この餌をペットに与えると、ＨＰを26％回復する。
[食事可能な魔獣]
草木綱"
Pawprint,Captured,,,"最大体力+50%
受到伤害-20%
特殊效果：受到伤害时有50%的几率为自身附加1档“加速”状态
加速效果：自动攻击间隔、战技与魔法的咏唱及复唱时间缩短3%
加速持续时间：60秒
最大档数：5档
特殊效果：将此食料喂给魔兽后，可以恢复26%的体力
适于以下魔兽食用：
草木纲","最大ＨＰ＋50％
被ダメージ－20％
特殊効果：ダメージを受けたとき、50％の確率で自身に「ヘイスト」を1スタック付与する。
ヘイスト効果：オートアタックの攻撃間隔と、ウェポンスキルおよび魔法のキャストタイムとリキャストタイムを3％短縮する。
ヘイスト効果時間：60秒
最大スタック：5
特殊効果：この餌をペットに与えると、ＨＰを26％回復する。
[食事可能な魔獣]
草木綱"
Pawprint,Captured,,,"最大体力+50%
受到伤害-20%
特殊效果：受到伤害时有50%的几率为自身附加1档“加速”状态
加速效果：自动攻击间隔、战技与魔法的咏唱及复唱时间缩短3%
加速持续时间：60秒
最大档数：5档
特殊效果：将此食料喂给魔獣后，可以恢复26%的体力
适于以下魔獣食用：
草木纲","最大ＨＰ＋50％
被ダメージ－20％
特殊効果：ダメージを受けたとき、50％の確率で自身に「ヘイスト」を1スタック付与する。
ヘイスト効果：オートアタックの攻撃間隔と、ウェポンスキルおよび魔法のキャストタイムとリキャストタイムを3％短縮する。
ヘイスト効果時間：60秒
最大スタック：5
特殊効果：この餌をペットに与えると、ＨＰを26％回復する。
[食事可能な魔獣]
草木綱"
Pawprint,,,,"最大体力+6%
回避率+8%
睡眠耐性+100%","最大ＨＰ＋6％
回避率＋8％
睡眠耐性＋100％"
Pawprint,Captured,,,"最大体力+6%
回避率+8%
睡眠耐性+100%","最大ＨＰ＋6％
回避率＋8％
睡眠耐性＋100％"
Pawprint,,,,有効###启用,有効###启用
Pawprint,ExactFix,,,有效,有効
Pawprint,DLLSourceScan,,,未勾选时，规则生效便请求靠近当前目标背后。启用 BMR 时由 BMR 处理走位。,未チェック時は、ルール発動時に現在のターゲットの背後へ接近します。BMR有効時はBMRが移動を処理します。
Pawprint,DLLSourceScan,,,未就绪,未準備
Pawprint,DLLSourceScan,,,未指定,未指定
Pawprint,Capture0923,,,未捕獲,未捕獲
Pawprint,,,,未捕獲のみ表示###只看未捕获,未捕獲のみ表示###只看未捕获
Pawprint,DLLSourceScan,,,未捕获,未捕獲
Pawprint,DLLSourceScan,,,未满目标按低价，满后按预设,目標数までは安価なものを優先し、達成後はプリセットに従う
Pawprint,DLLSourceScan,,,未知,不明
Pawprint,DLLSourceScan,,,未能取得完整图鉴。,図鑑を完全に取得できませんでした。
Pawprint,DLLSourceScan,,,未能接近劳妲,ラウダへ接近できませんでした
Pawprint,DLLSourceScan,,,未能读取完整图鉴，未执行斗兽编组,図鑑を完全に読み込めなかったため、闘獣練の編成を実行しませんでした
Pawprint,,,,未选中魔物,魔物が選択されていません
Pawprint,DLLSourceScan,,,本场可匹配 ,この戦闘で一致：
Pawprint,DLLSourceScan,,,本场没有匹配的道具（该规则不会使用任何道具）,この戦闘で一致するアイテムがありません（このルールではアイテムを使用しません）
Pawprint,Captured,,,本店预算##shoplimit,この店での予算##shoplimit
Pawprint,AssociatedWindowCapture,,,本店预算##shoplimit###本店预算##shoplimit,この店での予算##shoplimit###本店预算##shoplimit
Pawprint,DLLSourceScan,,,本盘全局限制中已禁用此类别,この戦闘の全体制限でこのカテゴリは無効です
Pawprint,DLLSourceScan,,,本盘禁止休息,この戦闘では休憩禁止
Pawprint,DLLSourceScan,,,本盘禁止消费,この戦闘では消費禁止
Pawprint,DLLSourceScan,,,本盘禁止获得装备,この戦闘ではビーストギア取得禁止
Pawprint,DLLSourceScan,,,本轮结束，跳过 ,今回の処理を終了。スキップ：
Pawprint,DLLSourceScan,,,本轮：,今回：
Pawprint,,,,查图鉴名称,図鑑名を検索
Pawprint,,,,查询,検索
Pawprint,Captured,,,树精,トレント
Pawprint,AssociatedWindowCapture2,,,树精血量低于一半后对自己使用功能道具（不含时之沙）,トレントのHPが50%未満になったら、自分に補助アイテムを使用する（時の砂を除く）
Pawprint,Captured,,,"格挡性能+100%
受到物理伤害-5%
最大HP+2%","ブロック性能＋100％
物理被ダメージ－5％
最大ＨＰ＋2％"
Pawprint,,,,"格挡性能+100%
受到物理伤害-5%
最大体力+2%","ブロック性能＋100％
物理被ダメージ－5％
最大ＨＰ＋2％"
Pawprint,Captured,,,"格挡性能+100%
受到物理伤害-5%
最大HP+2%","ブロック性能＋100％
物理被ダメージ－5％
最大ＨＰ＋2％"
Pawprint,Captured,,,"格挡性能+100%
受到物理伤害-5%
最大体力+2%","ブロック性能＋100％
物理被ダメージ－5％
最大ＨＰ＋2％"
Pawprint,Captured,,,"格挡性能+125%
受到伤害-25%
最大HP+35%","ブロック性能＋125％
被ダメージ－25％
最大ＨＰ＋35％"
Pawprint,,,,"格挡性能+125%
受到伤害-25%
最大体力+35%","ブロック性能＋125％
被ダメージ－25％
最大ＨＰ＋35％"
Pawprint,Captured,,,"格挡性能+125%
受到伤害-25%
最大HP+35%","ブロック性能＋125％
被ダメージ－25％
最大ＨＰ＋35％"
Pawprint,Captured,,,"格挡性能+125%
受到伤害-25%
最大体力+35%","ブロック性能＋125％
被ダメージ－25％
最大ＨＰ＋35％"
Pawprint,,,,"格挡性能+30%
回避率+10%","ブロック性能＋30％
回避率＋10％"
Pawprint,Captured,,,"格挡性能+30%
回避率+10%","ブロック性能＋30％
回避率＋10％"
Pawprint,Captured,,,"格挡性能+50%
特殊効果：30%几率使水属性伤害无效并吸收
特殊効果：盾格挡时有10%的几率为自身附加“反射”状态
反射效果：反射除特定攻击之外的所有魔法攻击
持续时间：60秒","ブロック性能＋50％
特殊効果：30％の確率で水属性ダメージを無効化し、吸収する。
特殊効果：盾ブロック発生時、10％の確率で自身に「リフレク」を付与する。
リフレク効果：一部を除くすべての魔法攻撃を反射する。
効果時間：60秒"
Pawprint,,,,"格挡性能+50%
特殊效果：30%几率使水属性伤害无效并吸收
特殊效果：盾格挡时有10%的几率为自身附加“反射”状态
反射效果：反射除特定攻击之外的所有魔法攻击
持续时间：60秒","ブロック性能＋50％
特殊効果：30％の確率で水属性ダメージを無効化し、吸収する。
特殊効果：盾ブロック発生時、10％の確率で自身に「リフレク」を付与する。
リフレク効果：一部を除くすべての魔法攻撃を反射する。
効果時間：60秒"
Pawprint,Captured,,,"格挡性能+50%
造成伤害+3%
特殊効果：30%几率使火属性伤害无效并吸收","ブロック性能＋50％
与ダメージ＋3％
特殊効果：30％の確率で火属性ダメージを無効化し、吸収する。"
Pawprint,,,,"格挡性能+50%
造成伤害+3%
特殊效果：30%几率使火属性伤害无效并吸收","ブロック性能＋50％
与ダメージ＋3％
特殊効果：30％の確率で火属性ダメージを無効化し、吸収する。"
Pawprint,Captured,,,"格挡性能+50%
特殊効果：30%几率使水属性伤害无效并吸收
特殊効果：盾格挡时有10%的几率为自身附加“反射”状态
反射效果：反射除特定攻击之外的所有魔法攻击
持续时间：60秒","ブロック性能＋50％
特殊効果：30％の確率で水属性ダメージを無効化し、吸収する。
特殊効果：盾ブロック発生時、10％の確率で自身に「リフレク」を付与する。
リフレク効果：一部を除くすべての魔法攻撃を反射する。
効果時間：60秒"
Pawprint,Captured,,,"格挡性能+50%
特殊效果：30%几率使水属性伤害无效并吸收
特殊效果：盾格挡时有10%的几率为自身附加“反射”状态
反射效果：反射除特定攻击之外的所有魔法攻击
持续时间：60秒","ブロック性能＋50％
特殊効果：30％の確率で水属性ダメージを無効化し、吸収する。
特殊効果：盾ブロック発生時、10％の確率で自身に「リフレク」を付与する。
リフレク効果：一部を除くすべての魔法攻撃を反射する。
効果時間：60秒"
Pawprint,Captured,,,"格挡性能+50%
造成伤害+3%
特殊効果：30%几率使火属性伤害无效并吸收","ブロック性能＋50％
与ダメージ＋3％
特殊効果：30％の確率で火属性ダメージを無効化し、吸収する。"
Pawprint,Captured,,,"格挡性能+50%
造成伤害+3%
特殊效果：30%几率使火属性伤害无效并吸收","ブロック性能＋50％
与ダメージ＋3％
特殊効果：30％の確率で火属性ダメージを無効化し、吸収する。"
Pawprint,,,,"格挡性能+75%
受到魔法伤害-10%","ブロック性能＋75％
魔法被ダメージ－10％"
Pawprint,Captured,,,"格挡性能+75%
受到魔法伤害-10%","ブロック性能＋75％
魔法被ダメージ－10％"
Pawprint,DLLSourceScan,,,框架更新异常,フレーム更新エラー
Pawprint,AssociatedWindowCapture2,,,梦魔血量低于一半时连续使用全部道具,ナイトメアのHPが50%未満になったら、すべてのアイテムを連続使用する
Pawprint,DLLSourceScan,,,检测失败,検出失敗
Pawprint,DLLSourceScan,,,次/件,回／個
Pawprint,,,,次数 (1–999),回数（1～999）
Pawprint,DLLSourceScan,,,正在交互，无法开始寻找任务,操作中のため探索タスクを開始できません
Pawprint,Captured,,,正在准备激活凭证,認証コードを準備中
Pawprint,DLLSourceScan,,,正在切换区域,エリア移動中です
Pawprint,DLLSourceScan,,,正在打开魔物图鉴…,魔獣図鑑を開いています…
Pawprint,DLLSourceScan,,,正在打开魔物图鉴，等待数据刷新…,魔獣図鑑を開いています。データ更新を待機中…
Pawprint,DLLSourceScan,,,正在播放过场动画,カットシーン再生中です
Pawprint,DLLSourceScan,,,正在校验自动斗兽文件，请稍后重试,闘獣練自動化ファイルを検証中です。しばらくしてから再試行してください
Pawprint,Captured,,,正在生成激活凭证,認証コードを生成中
Pawprint,DLLSourceScan,,,正在自动读取另一页图鉴…,図鑑の別ページを自動で読み込み中…
Pawprint,DLLSourceScan,,,正在记录斗兽流程,闘獣練の進行を記録中
Pawprint,DLLSourceScan,,,正在记录斗兽流程 · ,闘獣練の進行を記録中 · 
Pawprint,DLLSourceScan,,,正在读取图鉴,図鑑を読み込み中
Pawprint,DLLSourceScan,,,此战斗格暂无内置定制逻辑,この戦闘マスに内蔵の専用ロジックはありません
Pawprint,AssociatedWindowCapture,,,此节点单独設定###此节点单独设置,このノードだけ個別設定###此节点单独设置
Pawprint,DLLSourceScan,,,此节点单独设置,このノードのみ個別設定
Pawprint,,,,死亡后自动重开,死亡後に自動再開
Pawprint,AssociatedWindowCapture2,,,死亡后自動重开###死亡后自动重开,死亡後に自動再開###死亡后自动重开
Pawprint,,,,死亡後に自動再開###死亡后自动重开,死亡後に自動再開###死亡后自动重开
Pawprint,DLLSourceScan,,,每个目标一次,対象ごとに1回
Pawprint,DLLSourceScan,,,每场一次,1戦につき1回
Pawprint,DLLSourceScan,,,每场一次：条件结束后不再启用。不限次数：条件再次满足时可重新启用。,1戦につき1回：条件終了後は再発動しません。回数制限なし：条件を再び満たすと再発動します。
Pawprint,DLLSourceScan,,,每局开始前在局外检查：食物增益剩余不足 15 分钟时自动吃 炖剑山芋 或 焦糖爆米花,各周回の開始前に確認：食事効果の残り時間が15分未満なら、山芋煮またはキャラメルポップコーンを自動で使用
Pawprint,DLLSourceScan,,,每次召唤一次,召喚ごとに1回
Pawprint,,,,水晶塔 古代人迷宫,クリスタルタワー：古代の民の迷宮
Pawprint,DLLSourceScan,,,没有可购买的装备（需要装备未满10件且余额足够）,購入できるビーストギアがありません（所持数10個未満かつ残高が必要）
Pawprint,DLLSourceScan,,,沿用首战骑士的招架与保护条件,初戦のナイト用パリィ／プロテクト条件を引き継ぐ
Pawprint,,,,流沙迷宫樵鸣洞,流砂迷宮 カッターズクライ
Pawprint,,,,海德拉讨伐战,ハイドラ討伐戦
Pawprint,DLLSourceScan,,,添加规则,ルールを追加
Pawprint,DLLSourceScan,,,游戏名称,ゲーム内名称
Pawprint,DLLSourceScan,,,游戏界面尚未加载,ゲーム画面がまだ読み込まれていません
Pawprint,DLLSourceScan,,,游戏目标：,ゲーム内ターゲット：
Pawprint,DLLSourceScan,,,游戏表读取失败：,ゲームデータの読み込みに失敗：
Pawprint,,,,準備完了,準備完了
Pawprint,Captured,,,满装备 · 零消费,ビーストギア最大 · 消費なし
Pawprint,DLLSourceScan,,,点击读取图鉴，检查全部 50 项收集状态。,クリックして図鑑を読み込み、全50項目の収集状態を確認します。
Pawprint,Captured,,,無料報酬,無料報酬
Pawprint,,,,物品,アイテム
Pawprint,,,,物理被ダメージ－15％,物理被ダメージ－15％
Pawprint,,,,特一安定周回,特一盤・安定周回
Pawprint,Captured,,,"特殊効果：30%几率使土属性伤害无效并吸收
特殊効果：盾格挡时有10%的几率为自身附加“石肤”状态
石肤效果：抵消相当于最大HP15%的伤害量
石肤持续时间：60秒","特殊効果：30％の確率で土属性ダメージを無効化し、吸収する。
特殊効果：盾ブロック発生時、10％の確率で自身に「ストンスキン」を付与する。
ストンスキン効果：最大ＨＰの15％分のダメージを軽減する。
ストンスキン効果時間：60秒"
Pawprint,Captured,,,"特殊効果：30%几率使土属性伤害无效并吸收
特殊効果：盾格挡时有10%的几率为自身附加“石肤”状态
石肤效果：抵消相当于最大体力15%的伤害量
石肤持续时间：60秒","特殊効果：30％の確率で土属性ダメージを無効化し、吸収する。
特殊効果：盾ブロック発生時、10％の確率で自身に「ストンスキン」を付与する。
ストンスキン効果：最大ＨＰの15％分のダメージを軽減する。
ストンスキン効果時間：60秒"
Pawprint,Captured,,,"特殊効果：30%几率使土属性伤害无效并吸收
特殊効果：盾格挡时有10%的几率为自身附加“石肤”状态
石肤效果：抵消相当于最大HP15%的伤害量
石肤持续时间：60秒","特殊効果：30％の確率で土属性ダメージを無効化し、吸収する。
特殊効果：盾ブロック発生時、10％の確率で自身に「ストンスキン」を付与する。
ストンスキン効果：最大ＨＰの15％分のダメージを軽減する。
ストンスキン効果時間：60秒"
Pawprint,Captured,,,"特殊効果：30%几率使土属性伤害无效并吸收
特殊効果：盾格挡时有10%的几率为自身附加“石肤”状态
石肤效果：抵消相当于最大体力15%的伤害量
石肤持续时间：60秒","特殊効果：30％の確率で土属性ダメージを無効化し、吸収する。
特殊効果：盾ブロック発生時、10％の確率で自身に「ストンスキン」を付与する。
ストンスキン効果：最大ＨＰの15％分のダメージを軽減する。
ストンスキン効果時間：60秒"
Pawprint,Captured,,,"特殊効果：30%几率使雷属性伤害无效并吸收
特殊効果：暴击时有5%的几率为自身附加1档“激昂”状态
激昂效果：造成伤害+10%、受到伤害-5%
激昂持续时间：180秒
最大档数：4档","特殊効果：30％の確率で雷属性ダメージを無効化し、吸収する。
特殊効果：クリティカル発生時、5％の確率で自身に「ハイテンション」を1スタック付与する。
ハイテンション効果：与ダメージ＋10％、被ダメージ－5％
ハイテンション効果時間：180秒
最大スタック：4"
Pawprint,Captured,,,"特殊効果：30%几率使雷属性伤害无效并吸收
特殊効果：暴击时有5%的几率为自身附加1档“激昂”状态
激昂效果：造成伤害+10%、受到伤害-5%
激昂持续时间：180秒
最大档数：4档","特殊効果：30％の確率で雷属性ダメージを無効化し、吸収する。
特殊効果：クリティカル発生時、5％の確率で自身に「ハイテンション」を1スタック付与する。
ハイテンション効果：与ダメージ＋10％、被ダメージ－5％
ハイテンション効果時間：180秒
最大スタック：4"
Pawprint,Captured,,,"特殊効果：30%几率使风属性伤害无效并吸收
特殊効果：盾格挡时有50%的几率为自身附加1档“闪躲”状态
闪躲效果：除特定攻击之外其他所有物理攻击均无效化，无效化时消耗1档闪躲
闪躲持续时间：120秒","特殊効果：30％の確率で風属性ダメージを無効化し、吸収する。
特殊効果：盾ブロック発生時、50％の確率で自身に「ブリンク」を1スタック付与する。
ブリンク効果：一部を除くすべての物理攻撃を無効化する。無効化するとスタックを1消費する。
ブリンク効果時間：120秒"
Pawprint,Captured,,,"特殊効果：30%几率使风属性伤害无效并吸收
特殊効果：盾格挡时有50%的几率为自身附加1档“闪躲”状态
闪躲效果：除特定攻击之外其他所有物理攻击均无效化，无效化时消耗1档闪躲
闪躲持续时间：120秒","特殊効果：30％の確率で風属性ダメージを無効化し、吸収する。
特殊効果：盾ブロック発生時、50％の確率で自身に「ブリンク」を1スタック付与する。
ブリンク効果：一部を除くすべての物理攻撃を無効化する。無効化するとスタックを1消費する。
ブリンク効果時間：120秒"
Pawprint,,,,特殊効果：テントイベント時にランダムな「ビーストポーション」を1つ得る。,特殊効果：テントイベント時にランダムな「ビーストポーション」を1つ得る。
Pawprint,Captured,,,"特殊効果：受到伤害时有20%的几率为自身附加1档“闪躲”状态
闪躲效果：除特定攻击之外其他所有物理攻击均无效化，无效化时消耗1档闪躲
闪躲持续时间：120秒","特殊効果：ダメージを受けたとき、20％の確率で自身に「ブリンク」を1スタック付与する。
ブリンク効果：一部を除くすべての物理攻撃を無効化する。無効化するとスタックを1消費する。
ブリンク効果時間：120秒"
Pawprint,Captured,,,"特殊効果：受到伤害时有20%的几率为自身附加1档“闪躲”状态
闪躲效果：除特定攻击之外其他所有物理攻击均无效化，无效化时消耗1档闪躲
闪躲持续时间：120秒","特殊効果：ダメージを受けたとき、20％の確率で自身に「ブリンク」を1スタック付与する。
ブリンク効果：一部を除くすべての物理攻撃を無効化する。無効化するとスタックを1消費する。
ブリンク効果時間：120秒"
Pawprint,Captured,,,"特殊効果：受到物理伤害时反击，对对方造成打击属性物理伤害，反击伤害受到其他食事或奇弈道具的物理伤害提高、魔兽力量的影响
反击伤害威力：350
适于以下魔兽食用：
百兽纲 百虫纲 有翼纲 甲鳞纲 死尸纲","特殊効果：物理攻撃を受けたときに相手に反撃物理打属性ダメージを与える。反撃ダメージは他のフィードやクルーシブルアイテムによる物理与ダメージアップ、ペットの力の影響を受ける。
反撃ダメージの威力：350
[食事可能な魔獣]
百獣綱 百蟲綱 有翼綱 甲鱗綱 死屍綱"
Pawprint,Captured,,,"特殊効果：受到物理伤害时反击，对对方造成打击属性物理伤害，反击伤害受到其他食事或奇弈道具的物理伤害提高、魔兽力量的影响
反击伤害威力：350
适于以下魔兽食用：
百兽纲 百虫纲 有翼纲 甲鳞纲 死尸纲","特殊効果：物理攻撃を受けたときに相手に反撃物理打属性ダメージを与える。反撃ダメージは他のフィードやクルーシブルアイテムによる物理与ダメージアップ、ペットの力の影響を受ける。
反撃ダメージの威力：350
[食事可能な魔獣]
百獣綱 百蟲綱 有翼綱 甲鱗綱 死屍綱"
Pawprint,Captured,,,"特殊効果：受到物理伤害时反击，对对方造成打击属性物理伤害，反击伤害受到其他食事或奇弈道具的物理伤害提高、魔獣力量的影响
反击伤害威力：350
适于以下魔獣食用：
百兽纲 百虫纲 有翼纲 甲鳞纲 死尸纲","特殊効果：物理攻撃を受けたときに相手に反撃物理打属性ダメージを与える。反撃ダメージは他のフィードやクルーシブルアイテムによる物理与ダメージアップ、ペットの力の影響を受ける。
反撃ダメージの威力：350
[食事可能な魔獣]
百獣綱 百蟲綱 有翼綱 甲鱗綱 死屍綱"
Pawprint,Captured,,,"特殊効果：受到物理伤害时反击，对对方造成打击属性物理伤害，反击伤害受到其他食事或奇弈道具的物理伤害提高、魔獣力量的影响
反击伤害威力：350
适于以下魔獣食用：
百兽纲 百虫纲 有翼纲 甲鳞纲 死尸纲","特殊効果：物理攻撃を受けたときに相手に反撃物理打属性ダメージを与える。反撃ダメージは他のフィードやクルーシブルアイテムによる物理与ダメージアップ、ペットの力の影響を受ける。
反撃ダメージの威力：350
[食事可能な魔獣]
百獣綱 百蟲綱 有翼綱 甲鱗綱 死屍綱"
Pawprint,Captured,,,"特殊効果：受到物理伤害时反击，对对方造成打击属性物理伤害，反击伤害受到其他食料或奇弈道具的物理伤害提高、魔兽力量的影响
反击伤害威力：350
适于以下魔兽食用：
百兽纲 百虫纲 有翼纲 甲鳞纲 死尸纲","特殊効果：物理攻撃を受けたときに相手に反撃物理打属性ダメージを与える。反撃ダメージは他のフィードやクルーシブルアイテムによる物理与ダメージアップ、ペットの力の影響を受ける。
反撃ダメージの威力：350
[食事可能な魔獣]
百獣綱 百蟲綱 有翼綱 甲鱗綱 死屍綱"
Pawprint,Captured,,,"特殊効果：受到物理伤害时反击，对对方造成打击属性物理伤害，反击伤害受到其他食料或奇弈道具的物理伤害提高、魔兽力量的影响
反击伤害威力：350
适于以下魔兽食用：
百兽纲 百虫纲 有翼纲 甲鳞纲 死尸纲","特殊効果：物理攻撃を受けたときに相手に反撃物理打属性ダメージを与える。反撃ダメージは他のフィードやクルーシブルアイテムによる物理与ダメージアップ、ペットの力の影響を受ける。
反撃ダメージの威力：350
[食事可能な魔獣]
百獣綱 百蟲綱 有翼綱 甲鱗綱 死屍綱"
Pawprint,Captured,,,"特殊効果：受到物理伤害时反击，对对方造成打击属性物理伤害，反击伤害受到其他食料或奇弈道具的物理伤害提高、魔獣力量的影响
反击伤害威力：350
适于以下魔獣食用：
百兽纲 百虫纲 有翼纲 甲鳞纲 死尸纲","特殊効果：物理攻撃を受けたときに相手に反撃物理打属性ダメージを与える。反撃ダメージは他のフィードやクルーシブルアイテムによる物理与ダメージアップ、ペットの力の影響を受ける。
反撃ダメージの威力：350
[食事可能な魔獣]
百獣綱 百蟲綱 有翼綱 甲鱗綱 死屍綱"
Pawprint,Captured,,,"特殊効果：受到物理伤害时反击，对对方造成打击属性物理伤害，反击伤害受到其他食料或奇弈道具的物理伤害提高、魔獣力量的影响
反击伤害威力：350
适于以下魔獣食用：
百兽纲 百虫纲 有翼纲 甲鳞纲 死尸纲","特殊効果：物理攻撃を受けたときに相手に反撃物理打属性ダメージを与える。反撃ダメージは他のフィードやクルーシブルアイテムによる物理与ダメージアップ、ペットの力の影響を受ける。
反撃ダメージの威力：350
[食事可能な魔獣]
百獣綱 百蟲綱 有翼綱 甲鱗綱 死屍綱"
Pawprint,Captured,,,"特殊効果：受到物理伤害时反击，对对方造成无属性魔法伤害，反击伤害受到其他斗兽装备、道具或能力类技能的魔法伤害提高的影响
反击伤害威力：360","特殊効果：物理攻撃を受けたときに相手に反撃魔法無属性ダメージを与える。反撃ダメージは他のビーストギアなどのアイテムやアビリティによる魔法与ダメージアップの影響を受ける。
反撃ダメージの威力：360"
Pawprint,Captured,,,"特殊効果：受到物理伤害时反击，对对方造成无属性魔法伤害，反击伤害受到其他斗兽装备、道具或能力类技能的魔法伤害提高的影响
反击伤害威力：360","特殊効果：物理攻撃を受けたときに相手に反撃魔法無属性ダメージを与える。反撃ダメージは他のビーストギアなどのアイテムやアビリティによる魔法与ダメージアップの影響を受ける。
反撃ダメージの威力：360"
Pawprint,Captured,,,"特殊効果：受到魔法伤害时反击，对对方造成无属性魔法伤害，反击伤害受到其他食事或奇弈道具的魔法伤害提高、魔兽智力的影响
反击伤害威力：350
适于以下魔兽食用：
草木纲 水栖纲","特殊効果：魔法攻撃を受けたときに相手に反撃魔法無属性ダメージを与える。反撃ダメージは他のフィードやクルーシブルアイテムによる魔法与ダメージアップ、ペットの賢さの影響を受ける。
反撃ダメージの威力：350
[食事可能な魔獣]
草木綱 水棲綱"
Pawprint,Captured,,,"特殊効果：受到魔法伤害时反击，对对方造成无属性魔法伤害，反击伤害受到其他食事或奇弈道具的魔法伤害提高、魔兽智力的影响
反击伤害威力：350
适于以下魔兽食用：
草木纲 水栖纲","特殊効果：魔法攻撃を受けたときに相手に反撃魔法無属性ダメージを与える。反撃ダメージは他のフィードやクルーシブルアイテムによる魔法与ダメージアップ、ペットの賢さの影響を受ける。
反撃ダメージの威力：350
[食事可能な魔獣]
草木綱 水棲綱"
Pawprint,Captured,,,"特殊効果：受到魔法伤害时反击，对对方造成无属性魔法伤害，反击伤害受到其他食事或奇弈道具的魔法伤害提高、魔獣智力的影响
反击伤害威力：350
适于以下魔獣食用：
草木纲 水栖纲","特殊効果：魔法攻撃を受けたときに相手に反撃魔法無属性ダメージを与える。反撃ダメージは他のフィードやクルーシブルアイテムによる魔法与ダメージアップ、ペットの賢さの影響を受ける。
反撃ダメージの威力：350
[食事可能な魔獣]
草木綱 水棲綱"
Pawprint,Captured,,,"特殊効果：受到魔法伤害时反击，对对方造成无属性魔法伤害，反击伤害受到其他食事或奇弈道具的魔法伤害提高、魔獣智力的影响
反击伤害威力：350
适于以下魔獣食用：
草木纲 水栖纲","特殊効果：魔法攻撃を受けたときに相手に反撃魔法無属性ダメージを与える。反撃ダメージは他のフィードやクルーシブルアイテムによる魔法与ダメージアップ、ペットの賢さの影響を受ける。
反撃ダメージの威力：350
[食事可能な魔獣]
草木綱 水棲綱"
Pawprint,Captured,,,"特殊効果：受到魔法伤害时反击，对对方造成无属性魔法伤害，反击伤害受到其他食料或奇弈道具的魔法伤害提高、魔兽智力的影响
反击伤害威力：350
适于以下魔兽食用：
草木纲 水栖纲","特殊効果：魔法攻撃を受けたときに相手に反撃魔法無属性ダメージを与える。反撃ダメージは他のフィードやクルーシブルアイテムによる魔法与ダメージアップ、ペットの賢さの影響を受ける。
反撃ダメージの威力：350
[食事可能な魔獣]
草木綱 水棲綱"
Pawprint,Captured,,,"特殊効果：受到魔法伤害时反击，对对方造成无属性魔法伤害，反击伤害受到其他食料或奇弈道具的魔法伤害提高、魔兽智力的影响
反击伤害威力：350
适于以下魔兽食用：
草木纲 水栖纲","特殊効果：魔法攻撃を受けたときに相手に反撃魔法無属性ダメージを与える。反撃ダメージは他のフィードやクルーシブルアイテムによる魔法与ダメージアップ、ペットの賢さの影響を受ける。
反撃ダメージの威力：350
[食事可能な魔獣]
草木綱 水棲綱"
Pawprint,Captured,,,"特殊効果：受到魔法伤害时反击，对对方造成无属性魔法伤害，反击伤害受到其他食料或奇弈道具的魔法伤害提高、魔獣智力的影响
反击伤害威力：350
适于以下魔獣食用：
草木纲 水栖纲","特殊効果：魔法攻撃を受けたときに相手に反撃魔法無属性ダメージを与える。反撃ダメージは他のフィードやクルーシブルアイテムによる魔法与ダメージアップ、ペットの賢さの影響を受ける。
反撃ダメージの威力：350
[食事可能な魔獣]
草木綱 水棲綱"
Pawprint,Captured,,,"特殊効果：受到魔法伤害时反击，对对方造成无属性魔法伤害，反击伤害受到其他食料或奇弈道具的魔法伤害提高、魔獣智力的影响
反击伤害威力：350
适于以下魔獣食用：
草木纲 水栖纲","特殊効果：魔法攻撃を受けたときに相手に反撃魔法無属性ダメージを与える。反撃ダメージは他のフィードやクルーシブルアイテムによる魔法与ダメージアップ、ペットの賢さの影響を受ける。
反撃ダメージの威力：350
[食事可能な魔獣]
草木綱 水棲綱"
Pawprint,Captured,,,特殊効果：在帐篷休息时随机获得1个魔兽恢复药,特殊効果：テントイベント時にランダムな「ビーストポーション」を1つ得る。
Pawprint,Captured,,,特殊効果：在帐篷休息时随机获得1个魔獣恢复药,特殊効果：テントイベント時にランダムな「ビーストポーション」を1つ得る。
Pawprint,Captured,,,"特殊効果：在战斗中被驯兽师召唤时，或者开始战斗时，魔兽的技力增加100点
适于以下魔兽食用：
有翼纲","特殊効果：戦闘中に魔獣使いによって呼び出されたとき、または戦闘を開始したとき、ペットのＴＰを100増加させる。
[食事可能な魔獣]
有翼綱"
Pawprint,Captured,,,"特殊効果：在战斗中被驯兽师召唤时，或者开始战斗时，魔兽的技力增加100点
适于以下魔兽食用：
有翼纲","特殊効果：戦闘中に魔獣使いによって呼び出されたとき、または戦闘を開始したとき、ペットのＴＰを100増加させる。
[食事可能な魔獣]
有翼綱"
Pawprint,Captured,,,"特殊効果：在战斗中被驯兽师召唤时，或者开始战斗时，魔獣的技力增加100点
适于以下魔獣食用：
有翼纲","特殊効果：戦闘中に魔獣使いによって呼び出されたとき、または戦闘を開始したとき、ペットのＴＰを100増加させる。
[食事可能な魔獣]
有翼綱"
Pawprint,Captured,,,"特殊効果：在战斗中被驯兽师召唤时，或者开始战斗时，魔獣的技力增加100点
适于以下魔獣食用：
有翼纲","特殊効果：戦闘中に魔獣使いによって呼び出されたとき、または戦闘を開始したとき、ペットのＴＰを100増加させる。
[食事可能な魔獣]
有翼綱"
Pawprint,Captured,,,"特殊効果：对敌人造成致命一击时，为自身附加1档“激昂”状态
激昂效果：造成伤害+15%、受到伤害-8%
激昂持续时间：60秒
最大档数：4档
适于以下魔兽食用：
百兽纲 百虫纲 有翼纲 草木纲 水栖纲 甲鳞纲 咒具纲 死尸纲","特殊効果：敵にとどめをさしたとき、自身に「ハイテンション」を1スタック付与する。
ハイテンション効果：与ダメージ＋15％、被ダメージ－8％
ハイテンション効果時間：60秒
最大スタック：4
[食事可能な魔獣]
百獣綱 百蟲綱 有翼綱 草木綱 水棲綱 甲鱗綱 呪具綱 死屍綱"
Pawprint,Captured,,,"特殊効果：对敌人造成致命一击时，为自身附加1档“激昂”状态
激昂效果：造成伤害+15%、受到伤害-8%
激昂持续时间：60秒
最大档数：4档
适于以下魔獣食用：
百兽纲 百虫纲 有翼纲 草木纲 水栖纲 甲鳞纲 咒具纲 死尸纲","特殊効果：敵にとどめをさしたとき、自身に「ハイテンション」を1スタック付与する。
ハイテンション効果：与ダメージ＋15％、被ダメージ－8％
ハイテンション効果時間：60秒
最大スタック：4
[食事可能な魔獣]
百獣綱 百蟲綱 有翼綱 草木綱 水棲綱 甲鱗綱 呪具綱 死屍綱"
Pawprint,Captured,,,"特殊効果：对敌人造成致命一击时，为自身附加1档“激昂”状态
激昂效果：造成伤害+15%、受到伤害-8%
激昂持续时间：60秒
最大档数：4档
适于以下魔兽食用：
百兽纲 百虫纲 有翼纲 草木纲 水栖纲 甲鳞纲 咒具纲 死尸纲","特殊効果：敵にとどめをさしたとき、自身に「ハイテンション」を1スタック付与する。
ハイテンション効果：与ダメージ＋15％、被ダメージ－8％
ハイテンション効果時間：60秒
最大スタック：4
[食事可能な魔獣]
百獣綱 百蟲綱 有翼綱 草木綱 水棲綱 甲鱗綱 呪具綱 死屍綱"
Pawprint,Captured,,,"特殊効果：对敌人造成致命一击时，为自身附加1档“激昂”状态
激昂效果：造成伤害+15%、受到伤害-8%
激昂持续时间：60秒
最大档数：4档
适于以下魔獣食用：
百兽纲 百虫纲 有翼纲 草木纲 水栖纲 甲鳞纲 咒具纲 死尸纲","特殊効果：敵にとどめをさしたとき、自身に「ハイテンション」を1スタック付与する。
ハイテンション効果：与ダメージ＋15％、被ダメージ－8％
ハイテンション効果時間：60秒
最大スタック：4
[食事可能な魔獣]
百獣綱 百蟲綱 有翼綱 草木綱 水棲綱 甲鱗綱 呪具綱 死屍綱"
Pawprint,Captured,,,特殊効果：战斗结束时恢复玩家25%的体力,特殊効果：戦闘イベント終了時にプレイヤーのＨＰを25％回復する。
Pawprint,,,,特殊効果：戦闘イベント終了時にプレイヤーのＨＰを25％回復する。,特殊効果：戦闘イベント終了時にプレイヤーのＨＰを25％回復する。
Pawprint,,,,特殊効果：戦闘不能になったとき、ペットが犠牲となりプレイヤーは生き返る。ペットを召喚していなかった場合は効果が発動しない。,特殊効果：戦闘不能になったとき、ペットが犠牲となりプレイヤーは生き返る。ペットを召喚していなかった場合は効果が発動しない。
Pawprint,Captured,,,"特殊効果：盾格挡时为自身附加1档“受到魔法伤害减轻”状态
受到魔法伤害减轻效果：受到的魔法伤害减轻5%
受到魔法伤害减轻持续时间：60秒
最大档数：8档","特殊効果：盾ブロック発生時、自身に「魔法被ダメージ軽減」を1スタック付与する。
魔法被ダメージ軽減効果：受ける魔法ダメージを5％軽減する。
魔法被ダメージ軽減効果時間：60秒
最大スタック8"
Pawprint,Captured,,,"特殊効果：盾格挡时为自身附加1档“受到魔法伤害减轻”状态
受到魔法伤害减轻效果：受到的魔法伤害减轻5%
受到魔法伤害减轻持续时间：60秒
最大档数：8档","特殊効果：盾ブロック発生時、自身に「魔法被ダメージ軽減」を1スタック付与する。
魔法被ダメージ軽減効果：受ける魔法ダメージを5％軽減する。
魔法被ダメージ軽減効果時間：60秒
最大スタック8"
Pawprint,Captured,,,"特殊効果：自动攻击追加冰属性伤害
追加伤害受到其他斗兽装备、道具或能力类技能的魔法伤害提高的影响
追加伤害威力：240
当同时持有其他具备自动攻击追加效果的斗兽装备时，仅能发挥1个效果","特殊効果：オートアタックに追加氷属性ダメージを付与する。
追加ダメージは他のビーストギアなどのアイテムやアビリティによる魔法与ダメージアップの影響を受ける。
追加ダメージの威力：240
オートアタック追加効果を持つ他のビーストギアと同時に所持すると、1つしか効果が発揮されない。"
Pawprint,Captured,,,"特殊効果：自动攻击追加冰属性伤害
追加伤害受到其他斗兽装备、道具或能力类技能的魔法伤害提高的影响
追加伤害威力：240
当同时持有其他具备自动攻击追加效果的斗兽装备时，仅能发挥1个效果","特殊効果：オートアタックに追加氷属性ダメージを付与する。
追加ダメージは他のビーストギアなどのアイテムやアビリティによる魔法与ダメージアップの影響を受ける。
追加ダメージの威力：240
オートアタック追加効果を持つ他のビーストギアと同時に所持すると、1つしか効果が発揮されない。"
Pawprint,Captured,,,"特殊効果：自动攻击追加土属性伤害
追加伤害受到其他斗兽装备、道具或能力类技能的魔法伤害提高的影响
追加伤害威力：240
当同时持有其他具备自动攻击追加效果的斗兽装备时，仅能发挥1个效果","特殊効果：オートアタックに追加土属性ダメージを付与する。
追加ダメージは他のビーストギアなどのアイテムやアビリティによる魔法与ダメージアップの影響を受ける。
追加ダメージの威力：240
オートアタック追加効果を持つ他のビーストギアと同時に所持すると、1つしか効果が発揮されない。"
Pawprint,Captured,,,"特殊効果：自动攻击追加土属性伤害
追加伤害受到其他斗兽装备、道具或能力类技能的魔法伤害提高的影响
追加伤害威力：240
当同时持有其他具备自动攻击追加效果的斗兽装备时，仅能发挥1个效果","特殊効果：オートアタックに追加土属性ダメージを付与する。
追加ダメージは他のビーストギアなどのアイテムやアビリティによる魔法与ダメージアップの影響を受ける。
追加ダメージの威力：240
オートアタック追加効果を持つ他のビーストギアと同時に所持すると、1つしか効果が発揮されない。"
Pawprint,Captured,,,"特殊効果：自动攻击追加水属性伤害
追加伤害受到其他斗兽装备、道具或能力类技能的魔法伤害提高的影响
追加伤害威力：240
当同时持有其他具备自动攻击追加效果的斗兽装备时，仅能发挥1个效果","特殊効果：オートアタックに追加水属性ダメージを付与する。
追加ダメージは他のビーストギアなどのアイテムやアビリティによる魔法与ダメージアップの影響を受ける。
追加ダメージの威力：240
オートアタック追加効果を持つ他のビーストギアと同時に所持すると、1つしか効果が発揮されない。"
Pawprint,Captured,,,"特殊効果：自动攻击追加水属性伤害
追加伤害受到其他斗兽装备、道具或能力类技能的魔法伤害提高的影响
追加伤害威力：240
当同时持有其他具备自动攻击追加效果的斗兽装备时，仅能发挥1个效果","特殊効果：オートアタックに追加水属性ダメージを付与する。
追加ダメージは他のビーストギアなどのアイテムやアビリティによる魔法与ダメージアップの影響を受ける。
追加ダメージの威力：240
オートアタック追加効果を持つ他のビーストギアと同時に所持すると、1つしか効果が発揮されない。"
Pawprint,Captured,,,"特殊効果：自动攻击追加火属性伤害
追加伤害受到其他斗兽装备、道具或能力类技能的魔法伤害提高的影响
追加伤害威力：240
当同时持有其他具备自动攻击追加效果的斗兽装备时，仅能发挥1个效果","特殊効果：オートアタックに追加火属性ダメージを付与する。
追加ダメージは他のビーストギアなどのアイテムやアビリティによる魔法与ダメージアップの影響を受ける。
追加ダメージの威力：240
オートアタック追加効果を持つ他のビーストギアと同時に所持すると、1つしか効果が発揮されない。"
Pawprint,Captured,,,"特殊効果：自动攻击追加火属性伤害
追加伤害受到其他斗兽装备、道具或能力类技能的魔法伤害提高的影响
追加伤害威力：240
当同时持有其他具备自动攻击追加效果的斗兽装备时，仅能发挥1个效果","特殊効果：オートアタックに追加火属性ダメージを付与する。
追加ダメージは他のビーストギアなどのアイテムやアビリティによる魔法与ダメージアップの影響を受ける。
追加ダメージの威力：240
オートアタック追加効果を持つ他のビーストギアと同時に所持すると、1つしか効果が発揮されない。"
Pawprint,Captured,,,"特殊効果：自动攻击追加雷属性伤害
追加伤害受到其他斗兽装备、道具或能力类技能的魔法伤害提高的影响
追加伤害威力：240
当同时持有其他具备自动攻击追加效果的斗兽装备时，仅能发挥1个效果","特殊効果：オートアタックに追加雷属性ダメージを付与する。
追加ダメージは他のビーストギアなどのアイテムやアビリティによる魔法与ダメージアップの影響を受ける。
追加ダメージの威力：240
オートアタック追加効果を持つ他のビーストギアと同時に所持すると、1つしか効果が発揮されない。"
Pawprint,Captured,,,"特殊効果：自动攻击追加雷属性伤害
追加伤害受到其他斗兽装备、道具或能力类技能的魔法伤害提高的影响
追加伤害威力：240
当同时持有其他具备自动攻击追加效果的斗兽装备时，仅能发挥1个效果","特殊効果：オートアタックに追加雷属性ダメージを付与する。
追加ダメージは他のビーストギアなどのアイテムやアビリティによる魔法与ダメージアップの影響を受ける。
追加ダメージの威力：240
オートアタック追加効果を持つ他のビーストギアと同時に所持すると、1つしか効果が発揮されない。"
Pawprint,Captured,,,"特殊効果：自动攻击追加风属性伤害
追加伤害受到其他斗兽装备、道具或能力类技能的魔法伤害提高的影响
追加伤害威力：240
当同时持有其他具备自动攻击追加效果的斗兽装备时，仅能发挥1个效果","特殊効果：オートアタックに追加風属性ダメージを付与する。
追加ダメージは他のビーストギアなどのアイテムやアビリティによる魔法与ダメージアップの影響を受ける。
追加ダメージの威力：240
オートアタック追加効果を持つ他のビーストギアと同時に所持すると、1つしか効果が発揮されない。"
Pawprint,Captured,,,"特殊効果：自动攻击追加风属性伤害
追加伤害受到其他斗兽装备、道具或能力类技能的魔法伤害提高的影响
追加伤害威力：240
当同时持有其他具备自动攻击追加效果的斗兽装备时，仅能发挥1个效果","特殊効果：オートアタックに追加風属性ダメージを付与する。
追加ダメージは他のビーストギアなどのアイテムやアビリティによる魔法与ダメージアップの影響を受ける。
追加ダメージの威力：240
オートアタック追加効果を持つ他のビーストギアと同時に所持すると、1つしか効果が発揮されない。"
Pawprint,Captured,,,"特殊効果：被驯兽师召唤时，为自身附加“反射”状态
反射效果：反射除特定攻击之外的所有魔法攻击
持续时间：60秒
适于以下魔兽食用：
甲鳞纲","特殊効果：魔獣使いによって呼び出されたときに、自身に「リフレク」を付与する。
リフレク効果：一部を除くすべての魔法攻撃を反射する。
効果時間：60秒
[食事可能な魔獣]
甲鱗綱"
Pawprint,Captured,,,"特殊効果：被驯兽师召唤时，为自身附加“反射”状态
反射效果：反射除特定攻击之外的所有魔法攻击
持续时间：60秒
适于以下魔獣食用：
甲鳞纲","特殊効果：魔獣使いによって呼び出されたときに、自身に「リフレク」を付与する。
リフレク効果：一部を除くすべての魔法攻撃を反射する。
効果時間：60秒
[食事可能な魔獣]
甲鱗綱"
Pawprint,Captured,,,"特殊効果：被驯兽师召唤时，为自身附加“反射”状态
反射效果：反射除特定攻击之外的所有魔法攻击
持续时间：60秒
适于以下魔兽食用：
甲鳞纲","特殊効果：魔獣使いによって呼び出されたときに、自身に「リフレク」を付与する。
リフレク効果：一部を除くすべての魔法攻撃を反射する。
効果時間：60秒
[食事可能な魔獣]
甲鱗綱"
Pawprint,Captured,,,"特殊効果：被驯兽师召唤时，为自身附加“反射”状态
反射效果：反射除特定攻击之外的所有魔法攻击
持续时间：60秒
适于以下魔獣食用：
甲鳞纲","特殊効果：魔獣使いによって呼び出されたときに、自身に「リフレク」を付与する。
リフレク効果：一部を除くすべての魔法攻撃を反射する。
効果時間：60秒
[食事可能な魔獣]
甲鱗綱"
Pawprint,Captured,,,"特殊効果：被驯兽师召唤时，为自身附加“石肤”状态
石肤效果：抵消相当于最大HP24%的伤害量
持续时间：60秒
适于以下魔兽食用：
百兽纲 百虫纲 有翼纲 草木纲 水栖纲 甲鳞纲 死尸纲","特殊効果：魔獣使いによって呼び出されたときに、自身に「ストンスキン」を付与する。
ストンスキン効果：最大ＨＰの24％分のダメージを軽減する。
ストンスキン効果時間：60秒
[食事可能な魔獣]
百獣綱 百蟲綱 有翼綱 草木綱 水棲綱 甲鱗綱 死屍綱"
Pawprint,Captured,,,"特殊効果：被驯兽师召唤时，为自身附加“石肤”状态
石肤效果：抵消相当于最大HP24%的伤害量
持续时间：60秒
适于以下魔獣食用：
百兽纲 百虫纲 有翼纲 草木纲 水栖纲 甲鳞纲 死尸纲","特殊効果：魔獣使いによって呼び出されたときに、自身に「ストンスキン」を付与する。
ストンスキン効果：最大ＨＰの24％分のダメージを軽減する。
ストンスキン効果時間：60秒
[食事可能な魔獣]
百獣綱 百蟲綱 有翼綱 草木綱 水棲綱 甲鱗綱 死屍綱"
Pawprint,Captured,,,"特殊効果：被驯兽师召唤时，为自身附加“石肤”状态
石肤效果：抵消相当于最大体力24%的伤害量
持续时间：60秒
适于以下魔兽食用：
百兽纲 百虫纲 有翼纲 草木纲 水栖纲 甲鳞纲 死尸纲","特殊効果：魔獣使いによって呼び出されたときに、自身に「ストンスキン」を付与する。
ストンスキン効果：最大ＨＰの24％分のダメージを軽減する。
ストンスキン効果時間：60秒
[食事可能な魔獣]
百獣綱 百蟲綱 有翼綱 草木綱 水棲綱 甲鱗綱 死屍綱"
Pawprint,Captured,,,"特殊効果：被驯兽师召唤时，为自身附加“石肤”状态
石肤效果：抵消相当于最大体力24%的伤害量
持续时间：60秒
适于以下魔獣食用：
百兽纲 百虫纲 有翼纲 草木纲 水栖纲 甲鳞纲 死尸纲","特殊効果：魔獣使いによって呼び出されたときに、自身に「ストンスキン」を付与する。
ストンスキン効果：最大ＨＰの24％分のダメージを軽減する。
ストンスキン効果時間：60秒
[食事可能な魔獣]
百獣綱 百蟲綱 有翼綱 草木綱 水棲綱 甲鱗綱 死屍綱"
Pawprint,Captured,,,"特殊効果：被驯兽师召唤时，为自身附加“石肤”状态
石肤效果：抵消相当于最大HP24%的伤害量
持续时间：60秒
适于以下魔兽食用：
百兽纲 百虫纲 有翼纲 草木纲 水栖纲 甲鳞纲 死尸纲","特殊効果：魔獣使いによって呼び出されたときに、自身に「ストンスキン」を付与する。
ストンスキン効果：最大ＨＰの24％分のダメージを軽減する。
ストンスキン効果時間：60秒
[食事可能な魔獣]
百獣綱 百蟲綱 有翼綱 草木綱 水棲綱 甲鱗綱 死屍綱"
Pawprint,Captured,,,"特殊効果：被驯兽师召唤时，为自身附加“石肤”状态
石肤效果：抵消相当于最大HP24%的伤害量
持续时间：60秒
适于以下魔獣食用：
百兽纲 百虫纲 有翼纲 草木纲 水栖纲 甲鳞纲 死尸纲","特殊効果：魔獣使いによって呼び出されたときに、自身に「ストンスキン」を付与する。
ストンスキン効果：最大ＨＰの24％分のダメージを軽減する。
ストンスキン効果時間：60秒
[食事可能な魔獣]
百獣綱 百蟲綱 有翼綱 草木綱 水棲綱 甲鱗綱 死屍綱"
Pawprint,Captured,,,"特殊効果：被驯兽师召唤时，为自身附加“石肤”状态
石肤效果：抵消相当于最大体力24%的伤害量
持续时间：60秒
适于以下魔兽食用：
百兽纲 百虫纲 有翼纲 草木纲 水栖纲 甲鳞纲 死尸纲","特殊効果：魔獣使いによって呼び出されたときに、自身に「ストンスキン」を付与する。
ストンスキン効果：最大ＨＰの24％分のダメージを軽減する。
ストンスキン効果時間：60秒
[食事可能な魔獣]
百獣綱 百蟲綱 有翼綱 草木綱 水棲綱 甲鱗綱 死屍綱"
Pawprint,Captured,,,"特殊効果：被驯兽师召唤时，为自身附加“石肤”状态
石肤效果：抵消相当于最大体力24%的伤害量
持续时间：60秒
适于以下魔獣食用：
百兽纲 百虫纲 有翼纲 草木纲 水栖纲 甲鳞纲 死尸纲","特殊効果：魔獣使いによって呼び出されたときに、自身に「ストンスキン」を付与する。
ストンスキン効果：最大ＨＰの24％分のダメージを軽減する。
ストンスキン効果時間：60秒
[食事可能な魔獣]
百獣綱 百蟲綱 有翼綱 草木綱 水棲綱 甲鱗綱 死屍綱"
Pawprint,Captured,,,特殊効果：陷入无法战斗状态时，牺牲魔兽，玩家得以复活，魔兽尚未召唤时无法发动此效果,特殊効果：戦闘不能になったとき、ペットが犠牲となりプレイヤーは生き返る。ペットを召喚していなかった場合は効果が発動しない。
Pawprint,Captured,,,特殊効果：陷入无法战斗状态时，牺牲魔獣，玩家得以复活，魔獣尚未召唤时无法发动此效果,特殊効果：戦闘不能になったとき、ペットが犠牲となりプレイヤーは生き返る。ペットを召喚していなかった場合は効果が発動しない。
Pawprint,Captured,,,"特殊效果：30%几率使土属性伤害无效并吸收
特殊效果：盾格挡时有10%的几率为自身附加“石肤”状态
石肤效果：抵消相当于最大HP15%的伤害量
石肤持续时间：60秒","特殊効果：30％の確率で土属性ダメージを無効化し、吸収する。
特殊効果：盾ブロック発生時、10％の確率で自身に「ストンスキン」を付与する。
ストンスキン効果：最大ＨＰの15％分のダメージを軽減する。
ストンスキン効果時間：60秒"
Pawprint,,,,"特殊效果：30%几率使土属性伤害无效并吸收
特殊效果：盾格挡时有10%的几率为自身附加“石肤”状态
石肤效果：抵消相当于最大体力15%的伤害量
石肤持续时间：60秒","特殊効果：30％の確率で土属性ダメージを無効化し、吸収する。
特殊効果：盾ブロック発生時、10％の確率で自身に「ストンスキン」を付与する。
ストンスキン効果：最大ＨＰの15％分のダメージを軽減する。
ストンスキン効果時間：60秒"
Pawprint,Captured,,,"特殊效果：30%几率使土属性伤害无效并吸收
特殊效果：盾格挡时有10%的几率为自身附加“石肤”状态
石肤效果：抵消相当于最大HP15%的伤害量
石肤持续时间：60秒","特殊効果：30％の確率で土属性ダメージを無効化し、吸収する。
特殊効果：盾ブロック発生時、10％の確率で自身に「ストンスキン」を付与する。
ストンスキン効果：最大ＨＰの15％分のダメージを軽減する。
ストンスキン効果時間：60秒"
Pawprint,Captured,,,"特殊效果：30%几率使土属性伤害无效并吸收
特殊效果：盾格挡时有10%的几率为自身附加“石肤”状态
石肤效果：抵消相当于最大体力15%的伤害量
石肤持续时间：60秒","特殊効果：30％の確率で土属性ダメージを無効化し、吸収する。
特殊効果：盾ブロック発生時、10％の確率で自身に「ストンスキン」を付与する。
ストンスキン効果：最大ＨＰの15％分のダメージを軽減する。
ストンスキン効果時間：60秒"
Pawprint,,,,"特殊效果：30%几率使雷属性伤害无效并吸收
特殊效果：暴击时有5%的几率为自身附加1档“激昂”状态
激昂效果：造成伤害+10%、受到伤害-5%
激昂持续时间：180秒
最大档数：4档","特殊効果：30％の確率で雷属性ダメージを無効化し、吸収する。
特殊効果：クリティカル発生時、5％の確率で自身に「ハイテンション」を1スタック付与する。
ハイテンション効果：与ダメージ＋10％、被ダメージ－5％
ハイテンション効果時間：180秒
最大スタック：4"
Pawprint,Captured,,,"特殊效果：30%几率使雷属性伤害无效并吸收
特殊效果：暴击时有5%的几率为自身附加1档“激昂”状态
激昂效果：造成伤害+10%、受到伤害-5%
激昂持续时间：180秒
最大档数：4档","特殊効果：30％の確率で雷属性ダメージを無効化し、吸収する。
特殊効果：クリティカル発生時、5％の確率で自身に「ハイテンション」を1スタック付与する。
ハイテンション効果：与ダメージ＋10％、被ダメージ－5％
ハイテンション効果時間：180秒
最大スタック：4"
Pawprint,,,,"特殊效果：30%几率使风属性伤害无效并吸收
特殊效果：盾格挡时有50%的几率为自身附加1档“闪躲”状态
闪躲效果：除特定攻击之外其他所有物理攻击均无效化，无效化时消耗1档闪躲
闪躲持续时间：120秒","特殊効果：30％の確率で風属性ダメージを無効化し、吸収する。
特殊効果：盾ブロック発生時、50％の確率で自身に「ブリンク」を1スタック付与する。
ブリンク効果：一部を除くすべての物理攻撃を無効化する。無効化するとスタックを1消費する。
ブリンク効果時間：120秒"
Pawprint,Captured,,,"特殊效果：30%几率使风属性伤害无效并吸收
特殊效果：盾格挡时有50%的几率为自身附加1档“闪躲”状态
闪躲效果：除特定攻击之外其他所有物理攻击均无效化，无效化时消耗1档闪躲
闪躲持续时间：120秒","特殊効果：30％の確率で風属性ダメージを無効化し、吸収する。
特殊効果：盾ブロック発生時、50％の確率で自身に「ブリンク」を1スタック付与する。
ブリンク効果：一部を除くすべての物理攻撃を無効化する。無効化するとスタックを1消費する。
ブリンク効果時間：120秒"
Pawprint,,,,"特殊效果：受到伤害时有20%的几率为自身附加1档“闪躲”状态
闪躲效果：除特定攻击之外其他所有物理攻击均无效化，无效化时消耗1档闪躲
闪躲持续时间：120秒","特殊効果：ダメージを受けたとき、20％の確率で自身に「ブリンク」を1スタック付与する。
ブリンク効果：一部を除くすべての物理攻撃を無効化する。無効化するとスタックを1消費する。
ブリンク効果時間：120秒"
Pawprint,Captured,,,"特殊效果：受到伤害时有20%的几率为自身附加1档“闪躲”状态
闪躲效果：除特定攻击之外其他所有物理攻击均无效化，无效化时消耗1档闪躲
闪躲持续时间：120秒","特殊効果：ダメージを受けたとき、20％の確率で自身に「ブリンク」を1スタック付与する。
ブリンク効果：一部を除くすべての物理攻撃を無効化する。無効化するとスタックを1消費する。
ブリンク効果時間：120秒"
Pawprint,Captured,,,"特殊效果：受到物理伤害时反击，对对方造成打击属性物理伤害，反击伤害受到其他食事或奇弈道具的物理伤害提高、魔兽力量的影响
反击伤害威力：350
适于以下魔兽食用：
百兽纲 百虫纲 有翼纲 甲鳞纲 死尸纲","特殊効果：物理攻撃を受けたときに相手に反撃物理打属性ダメージを与える。反撃ダメージは他のフィードやクルーシブルアイテムによる物理与ダメージアップ、ペットの力の影響を受ける。
反撃ダメージの威力：350
[食事可能な魔獣]
百獣綱 百蟲綱 有翼綱 甲鱗綱 死屍綱"
Pawprint,Captured,,,"特殊效果：受到物理伤害时反击，对对方造成打击属性物理伤害，反击伤害受到其他食事或奇弈道具的物理伤害提高、魔兽力量的影响
反击伤害威力：350
适于以下魔兽食用：
百兽纲 百虫纲 有翼纲 甲鳞纲 死尸纲","特殊効果：物理攻撃を受けたときに相手に反撃物理打属性ダメージを与える。反撃ダメージは他のフィードやクルーシブルアイテムによる物理与ダメージアップ、ペットの力の影響を受ける。
反撃ダメージの威力：350
[食事可能な魔獣]
百獣綱 百蟲綱 有翼綱 甲鱗綱 死屍綱"
Pawprint,Captured,,,"特殊效果：受到物理伤害时反击，对对方造成打击属性物理伤害，反击伤害受到其他食事或奇弈道具的物理伤害提高、魔獣力量的影响
反击伤害威力：350
适于以下魔獣食用：
百兽纲 百虫纲 有翼纲 甲鳞纲 死尸纲","特殊効果：物理攻撃を受けたときに相手に反撃物理打属性ダメージを与える。反撃ダメージは他のフィードやクルーシブルアイテムによる物理与ダメージアップ、ペットの力の影響を受ける。
反撃ダメージの威力：350
[食事可能な魔獣]
百獣綱 百蟲綱 有翼綱 甲鱗綱 死屍綱"
Pawprint,Captured,,,"特殊效果：受到物理伤害时反击，对对方造成打击属性物理伤害，反击伤害受到其他食事或奇弈道具的物理伤害提高、魔獣力量的影响
反击伤害威力：350
适于以下魔獣食用：
百兽纲 百虫纲 有翼纲 甲鳞纲 死尸纲","特殊効果：物理攻撃を受けたときに相手に反撃物理打属性ダメージを与える。反撃ダメージは他のフィードやクルーシブルアイテムによる物理与ダメージアップ、ペットの力の影響を受ける。
反撃ダメージの威力：350
[食事可能な魔獣]
百獣綱 百蟲綱 有翼綱 甲鱗綱 死屍綱"
Pawprint,,,,"特殊效果：受到物理伤害时反击，对对方造成打击属性物理伤害，反击伤害受到其他食料或奇弈道具的物理伤害提高、魔兽力量的影响
反击伤害威力：350
适于以下魔兽食用：
百兽纲 百虫纲 有翼纲 甲鳞纲 死尸纲","特殊効果：物理攻撃を受けたときに相手に反撃物理打属性ダメージを与える。反撃ダメージは他のフィードやクルーシブルアイテムによる物理与ダメージアップ、ペットの力の影響を受ける。
反撃ダメージの威力：350
[食事可能な魔獣]
百獣綱 百蟲綱 有翼綱 甲鱗綱 死屍綱"
Pawprint,Captured,,,"特殊效果：受到物理伤害时反击，对对方造成打击属性物理伤害，反击伤害受到其他食料或奇弈道具的物理伤害提高、魔兽力量的影响
反击伤害威力：350
适于以下魔兽食用：
百兽纲 百虫纲 有翼纲 甲鳞纲 死尸纲","特殊効果：物理攻撃を受けたときに相手に反撃物理打属性ダメージを与える。反撃ダメージは他のフィードやクルーシブルアイテムによる物理与ダメージアップ、ペットの力の影響を受ける。
反撃ダメージの威力：350
[食事可能な魔獣]
百獣綱 百蟲綱 有翼綱 甲鱗綱 死屍綱"
Pawprint,Captured,,,"特殊效果：受到物理伤害时反击，对对方造成打击属性物理伤害，反击伤害受到其他食料或奇弈道具的物理伤害提高、魔獣力量的影响
反击伤害威力：350
适于以下魔獣食用：
百兽纲 百虫纲 有翼纲 甲鳞纲 死尸纲","特殊効果：物理攻撃を受けたときに相手に反撃物理打属性ダメージを与える。反撃ダメージは他のフィードやクルーシブルアイテムによる物理与ダメージアップ、ペットの力の影響を受ける。
反撃ダメージの威力：350
[食事可能な魔獣]
百獣綱 百蟲綱 有翼綱 甲鱗綱 死屍綱"
Pawprint,Captured,,,"特殊效果：受到物理伤害时反击，对对方造成打击属性物理伤害，反击伤害受到其他食料或奇弈道具的物理伤害提高、魔獣力量的影响
反击伤害威力：350
适于以下魔獣食用：
百兽纲 百虫纲 有翼纲 甲鳞纲 死尸纲","特殊効果：物理攻撃を受けたときに相手に反撃物理打属性ダメージを与える。反撃ダメージは他のフィードやクルーシブルアイテムによる物理与ダメージアップ、ペットの力の影響を受ける。
反撃ダメージの威力：350
[食事可能な魔獣]
百獣綱 百蟲綱 有翼綱 甲鱗綱 死屍綱"
Pawprint,,,,"特殊效果：受到物理伤害时反击，对对方造成无属性魔法伤害，反击伤害受到其他斗兽装备、道具或能力类技能的魔法伤害提高的影响
反击伤害威力：360","特殊効果：物理攻撃を受けたときに相手に反撃魔法無属性ダメージを与える。反撃ダメージは他のビーストギアなどのアイテムやアビリティによる魔法与ダメージアップの影響を受ける。
反撃ダメージの威力：360"
Pawprint,Captured,,,"特殊效果：受到物理伤害时反击，对对方造成无属性魔法伤害，反击伤害受到其他斗兽装备、道具或能力类技能的魔法伤害提高的影响
反击伤害威力：360","特殊効果：物理攻撃を受けたときに相手に反撃魔法無属性ダメージを与える。反撃ダメージは他のビーストギアなどのアイテムやアビリティによる魔法与ダメージアップの影響を受ける。
反撃ダメージの威力：360"
Pawprint,Captured,,,"特殊效果：受到魔法伤害时反击，对对方造成无属性魔法伤害，反击伤害受到其他食事或奇弈道具的魔法伤害提高、魔兽智力的影响
反击伤害威力：350
适于以下魔兽食用：
草木纲 水栖纲","特殊効果：魔法攻撃を受けたときに相手に反撃魔法無属性ダメージを与える。反撃ダメージは他のフィードやクルーシブルアイテムによる魔法与ダメージアップ、ペットの賢さの影響を受ける。
反撃ダメージの威力：350
[食事可能な魔獣]
草木綱 水棲綱"
Pawprint,Captured,,,"特殊效果：受到魔法伤害时反击，对对方造成无属性魔法伤害，反击伤害受到其他食事或奇弈道具的魔法伤害提高、魔兽智力的影响
反击伤害威力：350
适于以下魔兽食用：
草木纲 水栖纲","特殊効果：魔法攻撃を受けたときに相手に反撃魔法無属性ダメージを与える。反撃ダメージは他のフィードやクルーシブルアイテムによる魔法与ダメージアップ、ペットの賢さの影響を受ける。
反撃ダメージの威力：350
[食事可能な魔獣]
草木綱 水棲綱"
Pawprint,Captured,,,"特殊效果：受到魔法伤害时反击，对对方造成无属性魔法伤害，反击伤害受到其他食事或奇弈道具的魔法伤害提高、魔獣智力的影响
反击伤害威力：350
适于以下魔獣食用：
草木纲 水栖纲","特殊効果：魔法攻撃を受けたときに相手に反撃魔法無属性ダメージを与える。反撃ダメージは他のフィードやクルーシブルアイテムによる魔法与ダメージアップ、ペットの賢さの影響を受ける。
反撃ダメージの威力：350
[食事可能な魔獣]
草木綱 水棲綱"
Pawprint,Captured,,,"特殊效果：受到魔法伤害时反击，对对方造成无属性魔法伤害，反击伤害受到其他食事或奇弈道具的魔法伤害提高、魔獣智力的影响
反击伤害威力：350
适于以下魔獣食用：
草木纲 水栖纲","特殊効果：魔法攻撃を受けたときに相手に反撃魔法無属性ダメージを与える。反撃ダメージは他のフィードやクルーシブルアイテムによる魔法与ダメージアップ、ペットの賢さの影響を受ける。
反撃ダメージの威力：350
[食事可能な魔獣]
草木綱 水棲綱"
Pawprint,,,,"特殊效果：受到魔法伤害时反击，对对方造成无属性魔法伤害，反击伤害受到其他食料或奇弈道具的魔法伤害提高、魔兽智力的影响
反击伤害威力：350
适于以下魔兽食用：
草木纲 水栖纲","特殊効果：魔法攻撃を受けたときに相手に反撃魔法無属性ダメージを与える。反撃ダメージは他のフィードやクルーシブルアイテムによる魔法与ダメージアップ、ペットの賢さの影響を受ける。
反撃ダメージの威力：350
[食事可能な魔獣]
草木綱 水棲綱"
Pawprint,Captured,,,"特殊效果：受到魔法伤害时反击，对对方造成无属性魔法伤害，反击伤害受到其他食料或奇弈道具的魔法伤害提高、魔兽智力的影响
反击伤害威力：350
适于以下魔兽食用：
草木纲 水栖纲","特殊効果：魔法攻撃を受けたときに相手に反撃魔法無属性ダメージを与える。反撃ダメージは他のフィードやクルーシブルアイテムによる魔法与ダメージアップ、ペットの賢さの影響を受ける。
反撃ダメージの威力：350
[食事可能な魔獣]
草木綱 水棲綱"
Pawprint,Captured,,,"特殊效果：受到魔法伤害时反击，对对方造成无属性魔法伤害，反击伤害受到其他食料或奇弈道具的魔法伤害提高、魔獣智力的影响
反击伤害威力：350
适于以下魔獣食用：
草木纲 水栖纲","特殊効果：魔法攻撃を受けたときに相手に反撃魔法無属性ダメージを与える。反撃ダメージは他のフィードやクルーシブルアイテムによる魔法与ダメージアップ、ペットの賢さの影響を受ける。
反撃ダメージの威力：350
[食事可能な魔獣]
草木綱 水棲綱"
Pawprint,Captured,,,"特殊效果：受到魔法伤害时反击，对对方造成无属性魔法伤害，反击伤害受到其他食料或奇弈道具的魔法伤害提高、魔獣智力的影响
反击伤害威力：350
适于以下魔獣食用：
草木纲 水栖纲","特殊効果：魔法攻撃を受けたときに相手に反撃魔法無属性ダメージを与える。反撃ダメージは他のフィードやクルーシブルアイテムによる魔法与ダメージアップ、ペットの賢さの影響を受ける。
反撃ダメージの威力：350
[食事可能な魔獣]
草木綱 水棲綱"
Pawprint,,,,特殊效果：在帐篷休息时随机获得1个魔兽恢复药,特殊効果：テントイベント時にランダムな「ビーストポーション」を1つ得る。
Pawprint,Captured,,,特殊效果：在帐篷休息时随机获得1个魔獣恢复药,特殊効果：テントイベント時にランダムな「ビーストポーション」を1つ得る。
Pawprint,,,,"特殊效果：在战斗中被驯兽师召唤时，或者开始战斗时，魔兽的技力增加100点
适于以下魔兽食用：
有翼纲","特殊効果：戦闘中に魔獣使いによって呼び出されたとき、または戦闘を開始したとき、ペットのＴＰを100増加させる。
[食事可能な魔獣]
有翼綱"
Pawprint,Captured,,,"特殊效果：在战斗中被驯兽师召唤时，或者开始战斗时，魔兽的技力增加100点
适于以下魔兽食用：
有翼纲","特殊効果：戦闘中に魔獣使いによって呼び出されたとき、または戦闘を開始したとき、ペットのＴＰを100増加させる。
[食事可能な魔獣]
有翼綱"
Pawprint,Captured,,,"特殊效果：在战斗中被驯兽师召唤时，或者开始战斗时，魔獣的技力增加100点
适于以下魔獣食用：
有翼纲","特殊効果：戦闘中に魔獣使いによって呼び出されたとき、または戦闘を開始したとき、ペットのＴＰを100増加させる。
[食事可能な魔獣]
有翼綱"
Pawprint,Captured,,,"特殊效果：在战斗中被驯兽师召唤时，或者开始战斗时，魔獣的技力增加100点
适于以下魔獣食用：
有翼纲","特殊効果：戦闘中に魔獣使いによって呼び出されたとき、または戦闘を開始したとき、ペットのＴＰを100増加させる。
[食事可能な魔獣]
有翼綱"
Pawprint,,,,"特殊效果：对敌人造成致命一击时，为自身附加1档“激昂”状态
激昂效果：造成伤害+15%、受到伤害-8%
激昂持续时间：60秒
最大档数：4档
适于以下魔兽食用：
百兽纲 百虫纲 有翼纲 草木纲 水栖纲 甲鳞纲 咒具纲 死尸纲","特殊効果：敵にとどめをさしたとき、自身に「ハイテンション」を1スタック付与する。
ハイテンション効果：与ダメージ＋15％、被ダメージ－8％
ハイテンション効果時間：60秒
最大スタック：4
[食事可能な魔獣]
百獣綱 百蟲綱 有翼綱 草木綱 水棲綱 甲鱗綱 呪具綱 死屍綱"
Pawprint,Captured,,,"特殊效果：对敌人造成致命一击时，为自身附加1档“激昂”状态
激昂效果：造成伤害+15%、受到伤害-8%
激昂持续时间：60秒
最大档数：4档
适于以下魔獣食用：
百兽纲 百虫纲 有翼纲 草木纲 水栖纲 甲鳞纲 咒具纲 死尸纲","特殊効果：敵にとどめをさしたとき、自身に「ハイテンション」を1スタック付与する。
ハイテンション効果：与ダメージ＋15％、被ダメージ－8％
ハイテンション効果時間：60秒
最大スタック：4
[食事可能な魔獣]
百獣綱 百蟲綱 有翼綱 草木綱 水棲綱 甲鱗綱 呪具綱 死屍綱"
Pawprint,Captured,,,"特殊效果：对敌人造成致命一击时，为自身附加1档“激昂”状态
激昂效果：造成伤害+15%、受到伤害-8%
激昂持续时间：60秒
最大档数：4档
适于以下魔兽食用：
百兽纲 百虫纲 有翼纲 草木纲 水栖纲 甲鳞纲 咒具纲 死尸纲","特殊効果：敵にとどめをさしたとき、自身に「ハイテンション」を1スタック付与する。
ハイテンション効果：与ダメージ＋15％、被ダメージ－8％
ハイテンション効果時間：60秒
最大スタック：4
[食事可能な魔獣]
百獣綱 百蟲綱 有翼綱 草木綱 水棲綱 甲鱗綱 呪具綱 死屍綱"
Pawprint,Captured,,,"特殊效果：对敌人造成致命一击时，为自身附加1档“激昂”状态
激昂效果：造成伤害+15%、受到伤害-8%
激昂持续时间：60秒
最大档数：4档
适于以下魔獣食用：
百兽纲 百虫纲 有翼纲 草木纲 水栖纲 甲鳞纲 咒具纲 死尸纲","特殊効果：敵にとどめをさしたとき、自身に「ハイテンション」を1スタック付与する。
ハイテンション効果：与ダメージ＋15％、被ダメージ－8％
ハイテンション効果時間：60秒
最大スタック：4
[食事可能な魔獣]
百獣綱 百蟲綱 有翼綱 草木綱 水棲綱 甲鱗綱 呪具綱 死屍綱"
Pawprint,,,,特殊效果：战斗结束时恢复玩家25%的体力,特殊効果：戦闘イベント終了時にプレイヤーのＨＰを25％回復する。
Pawprint,,,,"特殊效果：盾格挡时为自身附加1档“受到魔法伤害减轻”状态
受到魔法伤害减轻效果：受到的魔法伤害减轻5%
受到魔法伤害减轻持续时间：60秒
最大档数：8档","特殊効果：盾ブロック発生時、自身に「魔法被ダメージ軽減」を1スタック付与する。
魔法被ダメージ軽減効果：受ける魔法ダメージを5％軽減する。
魔法被ダメージ軽減効果時間：60秒
最大スタック8"
Pawprint,Captured,,,"特殊效果：盾格挡时为自身附加1档“受到魔法伤害减轻”状态
受到魔法伤害减轻效果：受到的魔法伤害减轻5%
受到魔法伤害减轻持续时间：60秒
最大档数：8档","特殊効果：盾ブロック発生時、自身に「魔法被ダメージ軽減」を1スタック付与する。
魔法被ダメージ軽減効果：受ける魔法ダメージを5％軽減する。
魔法被ダメージ軽減効果時間：60秒
最大スタック8"
Pawprint,,,,"特殊效果：自动攻击追加冰属性伤害
追加伤害受到其他斗兽装备、道具或能力类技能的魔法伤害提高的影响
追加伤害威力：240
当同时持有其他具备自动攻击追加效果的斗兽装备时，仅能发挥1个效果","特殊効果：オートアタックに追加氷属性ダメージを付与する。
追加ダメージは他のビーストギアなどのアイテムやアビリティによる魔法与ダメージアップの影響を受ける。
追加ダメージの威力：240
オートアタック追加効果を持つ他のビーストギアと同時に所持すると、1つしか効果が発揮されない。"
Pawprint,Captured,,,"特殊效果：自动攻击追加冰属性伤害
追加伤害受到其他斗兽装备、道具或能力类技能的魔法伤害提高的影响
追加伤害威力：240
当同时持有其他具备自动攻击追加效果的斗兽装备时，仅能发挥1个效果","特殊効果：オートアタックに追加氷属性ダメージを付与する。
追加ダメージは他のビーストギアなどのアイテムやアビリティによる魔法与ダメージアップの影響を受ける。
追加ダメージの威力：240
オートアタック追加効果を持つ他のビーストギアと同時に所持すると、1つしか効果が発揮されない。"
Pawprint,,,,"特殊效果：自动攻击追加土属性伤害
追加伤害受到其他斗兽装备、道具或能力类技能的魔法伤害提高的影响
追加伤害威力：240
当同时持有其他具备自动攻击追加效果的斗兽装备时，仅能发挥1个效果","特殊効果：オートアタックに追加土属性ダメージを付与する。
追加ダメージは他のビーストギアなどのアイテムやアビリティによる魔法与ダメージアップの影響を受ける。
追加ダメージの威力：240
オートアタック追加効果を持つ他のビーストギアと同時に所持すると、1つしか効果が発揮されない。"
Pawprint,Captured,,,"特殊效果：自动攻击追加土属性伤害
追加伤害受到其他斗兽装备、道具或能力类技能的魔法伤害提高的影响
追加伤害威力：240
当同时持有其他具备自动攻击追加效果的斗兽装备时，仅能发挥1个效果","特殊効果：オートアタックに追加土属性ダメージを付与する。
追加ダメージは他のビーストギアなどのアイテムやアビリティによる魔法与ダメージアップの影響を受ける。
追加ダメージの威力：240
オートアタック追加効果を持つ他のビーストギアと同時に所持すると、1つしか効果が発揮されない。"
Pawprint,,,,"特殊效果：自动攻击追加水属性伤害
追加伤害受到其他斗兽装备、道具或能力类技能的魔法伤害提高的影响
追加伤害威力：240
当同时持有其他具备自动攻击追加效果的斗兽装备时，仅能发挥1个效果","特殊効果：オートアタックに追加水属性ダメージを付与する。
追加ダメージは他のビーストギアなどのアイテムやアビリティによる魔法与ダメージアップの影響を受ける。
追加ダメージの威力：240
オートアタック追加効果を持つ他のビーストギアと同時に所持すると、1つしか効果が発揮されない。"
Pawprint,Captured,,,"特殊效果：自动攻击追加水属性伤害
追加伤害受到其他斗兽装备、道具或能力类技能的魔法伤害提高的影响
追加伤害威力：240
当同时持有其他具备自动攻击追加效果的斗兽装备时，仅能发挥1个效果","特殊効果：オートアタックに追加水属性ダメージを付与する。
追加ダメージは他のビーストギアなどのアイテムやアビリティによる魔法与ダメージアップの影響を受ける。
追加ダメージの威力：240
オートアタック追加効果を持つ他のビーストギアと同時に所持すると、1つしか効果が発揮されない。"
Pawprint,,,,"特殊效果：自动攻击追加火属性伤害
追加伤害受到其他斗兽装备、道具或能力类技能的魔法伤害提高的影响
追加伤害威力：240
当同时持有其他具备自动攻击追加效果的斗兽装备时，仅能发挥1个效果","特殊効果：オートアタックに追加火属性ダメージを付与する。
追加ダメージは他のビーストギアなどのアイテムやアビリティによる魔法与ダメージアップの影響を受ける。
追加ダメージの威力：240
オートアタック追加効果を持つ他のビーストギアと同時に所持すると、1つしか効果が発揮されない。"
Pawprint,Captured,,,"特殊效果：自动攻击追加火属性伤害
追加伤害受到其他斗兽装备、道具或能力类技能的魔法伤害提高的影响
追加伤害威力：240
当同时持有其他具备自动攻击追加效果的斗兽装备时，仅能发挥1个效果","特殊効果：オートアタックに追加火属性ダメージを付与する。
追加ダメージは他のビーストギアなどのアイテムやアビリティによる魔法与ダメージアップの影響を受ける。
追加ダメージの威力：240
オートアタック追加効果を持つ他のビーストギアと同時に所持すると、1つしか効果が発揮されない。"
Pawprint,,,,"特殊效果：自动攻击追加雷属性伤害
追加伤害受到其他斗兽装备、道具或能力类技能的魔法伤害提高的影响
追加伤害威力：240
当同时持有其他具备自动攻击追加效果的斗兽装备时，仅能发挥1个效果","特殊効果：オートアタックに追加雷属性ダメージを付与する。
追加ダメージは他のビーストギアなどのアイテムやアビリティによる魔法与ダメージアップの影響を受ける。
追加ダメージの威力：240
オートアタック追加効果を持つ他のビーストギアと同時に所持すると、1つしか効果が発揮されない。"
Pawprint,Captured,,,"特殊效果：自动攻击追加雷属性伤害
追加伤害受到其他斗兽装备、道具或能力类技能的魔法伤害提高的影响
追加伤害威力：240
当同时持有其他具备自动攻击追加效果的斗兽装备时，仅能发挥1个效果","特殊効果：オートアタックに追加雷属性ダメージを付与する。
追加ダメージは他のビーストギアなどのアイテムやアビリティによる魔法与ダメージアップの影響を受ける。
追加ダメージの威力：240
オートアタック追加効果を持つ他のビーストギアと同時に所持すると、1つしか効果が発揮されない。"
Pawprint,,,,"特殊效果：自动攻击追加风属性伤害
追加伤害受到其他斗兽装备、道具或能力类技能的魔法伤害提高的影响
追加伤害威力：240
当同时持有其他具备自动攻击追加效果的斗兽装备时，仅能发挥1个效果","特殊効果：オートアタックに追加風属性ダメージを付与する。
追加ダメージは他のビーストギアなどのアイテムやアビリティによる魔法与ダメージアップの影響を受ける。
追加ダメージの威力：240
オートアタック追加効果を持つ他のビーストギアと同時に所持すると、1つしか効果が発揮されない。"
Pawprint,Captured,,,"特殊效果：自动攻击追加风属性伤害
追加伤害受到其他斗兽装备、道具或能力类技能的魔法伤害提高的影响
追加伤害威力：240
当同时持有其他具备自动攻击追加效果的斗兽装备时，仅能发挥1个效果","特殊効果：オートアタックに追加風属性ダメージを付与する。
追加ダメージは他のビーストギアなどのアイテムやアビリティによる魔法与ダメージアップの影響を受ける。
追加ダメージの威力：240
オートアタック追加効果を持つ他のビーストギアと同時に所持すると、1つしか効果が発揮されない。"
Pawprint,,,,"特殊效果：被驯兽师召唤时，为自身附加“反射”状态
反射效果：反射除特定攻击之外的所有魔法攻击
持续时间：60秒
适于以下魔兽食用：
甲鳞纲","特殊効果：魔獣使いによって呼び出されたときに、自身に「リフレク」を付与する。
リフレク効果：一部を除くすべての魔法攻撃を反射する。
効果時間：60秒
[食事可能な魔獣]
甲鱗綱"
Pawprint,Captured,,,"特殊效果：被驯兽师召唤时，为自身附加“反射”状态
反射效果：反射除特定攻击之外的所有魔法攻击
持续时间：60秒
适于以下魔獣食用：
甲鳞纲","特殊効果：魔獣使いによって呼び出されたときに、自身に「リフレク」を付与する。
リフレク効果：一部を除くすべての魔法攻撃を反射する。
効果時間：60秒
[食事可能な魔獣]
甲鱗綱"
Pawprint,Captured,,,"特殊效果：被驯兽师召唤时，为自身附加“反射”状态
反射效果：反射除特定攻击之外的所有魔法攻击
持续时间：60秒
适于以下魔兽食用：
甲鳞纲","特殊効果：魔獣使いによって呼び出されたときに、自身に「リフレク」を付与する。
リフレク効果：一部を除くすべての魔法攻撃を反射する。
効果時間：60秒
[食事可能な魔獣]
甲鱗綱"
Pawprint,Captured,,,"特殊效果：被驯兽师召唤时，为自身附加“反射”状态
反射效果：反射除特定攻击之外的所有魔法攻击
持续时间：60秒
适于以下魔獣食用：
甲鳞纲","特殊効果：魔獣使いによって呼び出されたときに、自身に「リフレク」を付与する。
リフレク効果：一部を除くすべての魔法攻撃を反射する。
効果時間：60秒
[食事可能な魔獣]
甲鱗綱"
Pawprint,Captured,,,"特殊效果：被驯兽师召唤时，为自身附加“石肤”状态
石肤效果：抵消相当于最大HP24%的伤害量
持续时间：60秒
适于以下魔兽食用：
百兽纲 百虫纲 有翼纲 草木纲 水栖纲 甲鳞纲 死尸纲","特殊効果：魔獣使いによって呼び出されたときに、自身に「ストンスキン」を付与する。
ストンスキン効果：最大ＨＰの24％分のダメージを軽減する。
ストンスキン効果時間：60秒
[食事可能な魔獣]
百獣綱 百蟲綱 有翼綱 草木綱 水棲綱 甲鱗綱 死屍綱"
Pawprint,Captured,,,"特殊效果：被驯兽师召唤时，为自身附加“石肤”状态
石肤效果：抵消相当于最大HP24%的伤害量
持续时间：60秒
适于以下魔獣食用：
百兽纲 百虫纲 有翼纲 草木纲 水栖纲 甲鳞纲 死尸纲","特殊効果：魔獣使いによって呼び出されたときに、自身に「ストンスキン」を付与する。
ストンスキン効果：最大ＨＰの24％分のダメージを軽減する。
ストンスキン効果時間：60秒
[食事可能な魔獣]
百獣綱 百蟲綱 有翼綱 草木綱 水棲綱 甲鱗綱 死屍綱"
Pawprint,,,,"特殊效果：被驯兽师召唤时，为自身附加“石肤”状态
石肤效果：抵消相当于最大体力24%的伤害量
持续时间：60秒
适于以下魔兽食用：
百兽纲 百虫纲 有翼纲 草木纲 水栖纲 甲鳞纲 死尸纲","特殊効果：魔獣使いによって呼び出されたときに、自身に「ストンスキン」を付与する。
ストンスキン効果：最大ＨＰの24％分のダメージを軽減する。
ストンスキン効果時間：60秒
[食事可能な魔獣]
百獣綱 百蟲綱 有翼綱 草木綱 水棲綱 甲鱗綱 死屍綱"
Pawprint,Captured,,,"特殊效果：被驯兽师召唤时，为自身附加“石肤”状态
石肤效果：抵消相当于最大体力24%的伤害量
持续时间：60秒
适于以下魔獣食用：
百兽纲 百虫纲 有翼纲 草木纲 水栖纲 甲鳞纲 死尸纲","特殊効果：魔獣使いによって呼び出されたときに、自身に「ストンスキン」を付与する。
ストンスキン効果：最大ＨＰの24％分のダメージを軽減する。
ストンスキン効果時間：60秒
[食事可能な魔獣]
百獣綱 百蟲綱 有翼綱 草木綱 水棲綱 甲鱗綱 死屍綱"
Pawprint,Captured,,,"特殊效果：被驯兽师召唤时，为自身附加“石肤”状态
石肤效果：抵消相当于最大HP24%的伤害量
持续时间：60秒
适于以下魔兽食用：
百兽纲 百虫纲 有翼纲 草木纲 水栖纲 甲鳞纲 死尸纲","特殊効果：魔獣使いによって呼び出されたときに、自身に「ストンスキン」を付与する。
ストンスキン効果：最大ＨＰの24％分のダメージを軽減する。
ストンスキン効果時間：60秒
[食事可能な魔獣]
百獣綱 百蟲綱 有翼綱 草木綱 水棲綱 甲鱗綱 死屍綱"
Pawprint,Captured,,,"特殊效果：被驯兽师召唤时，为自身附加“石肤”状态
石肤效果：抵消相当于最大HP24%的伤害量
持续时间：60秒
适于以下魔獣食用：
百兽纲 百虫纲 有翼纲 草木纲 水栖纲 甲鳞纲 死尸纲","特殊効果：魔獣使いによって呼び出されたときに、自身に「ストンスキン」を付与する。
ストンスキン効果：最大ＨＰの24％分のダメージを軽減する。
ストンスキン効果時間：60秒
[食事可能な魔獣]
百獣綱 百蟲綱 有翼綱 草木綱 水棲綱 甲鱗綱 死屍綱"
Pawprint,Captured,,,"特殊效果：被驯兽师召唤时，为自身附加“石肤”状态
石肤效果：抵消相当于最大体力24%的伤害量
持续时间：60秒
适于以下魔兽食用：
百兽纲 百虫纲 有翼纲 草木纲 水栖纲 甲鳞纲 死尸纲","特殊効果：魔獣使いによって呼び出されたときに、自身に「ストンスキン」を付与する。
ストンスキン効果：最大ＨＰの24％分のダメージを軽減する。
ストンスキン効果時間：60秒
[食事可能な魔獣]
百獣綱 百蟲綱 有翼綱 草木綱 水棲綱 甲鱗綱 死屍綱"
Pawprint,Captured,,,"特殊效果：被驯兽师召唤时，为自身附加“石肤”状态
石肤效果：抵消相当于最大体力24%的伤害量
持续时间：60秒
适于以下魔獣食用：
百兽纲 百虫纲 有翼纲 草木纲 水栖纲 甲鳞纲 死尸纲","特殊効果：魔獣使いによって呼び出されたときに、自身に「ストンスキン」を付与する。
ストンスキン効果：最大ＨＰの24％分のダメージを軽減する。
ストンスキン効果時間：60秒
[食事可能な魔獣]
百獣綱 百蟲綱 有翼綱 草木綱 水棲綱 甲鱗綱 死屍綱"
Pawprint,,,,特殊效果：陷入无法战斗状态时，牺牲魔兽，玩家得以复活，魔兽尚未召唤时无法发动此效果,特殊効果：戦闘不能になったとき、ペットが犠牲となりプレイヤーは生き返る。ペットを召喚していなかった場合は効果が発動しない。
Pawprint,Captured,,,特殊效果：陷入无法战斗状态时，牺牲魔獣，玩家得以复活，魔獣尚未召唤时无法发动此效果,特殊効果：戦闘不能になったとき、ペットが犠牲となりプレイヤーは生き返る。ペットを召喚していなかった場合は効果が発動しない。
Pawprint,MixedTooltipFix,,,獣角,獣角
Pawprint,DLLSourceScan,,,玩家HP低于,プレイヤーのHPが指定値未満
Pawprint,,,,玩家体力低于 (%),プレイヤーHPがこの値未満（%）
Pawprint,DLLSourceScan,,,玩家体力低于 (%)##nodeheal,プレイヤーHPがこの値未満（%）##nodeheal
Pawprint,DLLSourceScan,,,玩家已死亡,キャラクターが戦闘不能です
Pawprint,DLLSourceScan,,,玩家未登录,キャラクターがログインしていません
Pawprint,DLLSourceScan,,,玩家未登录或未加载,キャラクターが未ログイン、または未読み込みです
Pawprint,DLLSourceScan,,,玩家自己,プレイヤー自身
Pawprint,DLLSourceScan,,,玩家退出登录,キャラクターがログアウトしました
Pawprint,ExactFix,,,生成并复制一号凭,アカウント認証コードを生成してコピー
Pawprint,ExactFix,,,生成并复制一机一凭,端末認証コードを生成してコピー
Pawprint,,,,生成并复制机器凭证,端末認証コードを生成してコピー
Pawprint,,,,生成并复制账号凭证,アカウント認証コードを生成してコピー
Pawprint,DLLSourceScan,,,界面状态已变化，取消本次操作,画面状態が変わったため、今回の操作を中止しました
Pawprint,DLLSourceScan,,,界面绘制出错，已跳过本页内容：,画面描画でエラーが発生したため、このページをスキップしました：
Pawprint,DLLSourceScan,,,登录后设置预设,ログイン後にプリセットを設定
Pawprint,DLLSourceScan,,,目录引用,図鑑参照
Pawprint,DLLSourceScan,,,目标,対象
Pawprint,DLLSourceScan,,,目标优先,ターゲット優先
Pawprint,AssociatedWindowCapture,,,目标优先主教、其次骑士；骑士在场时对其使用吸引注意,ビショップを最優先、次にナイトを優先。ナイトがいる場合は「ちゅういをひく」を使用
Pawprint,ExactFix,,,"目标优先主教、其次骑士；骑士在场时对其使用吸引注意
已启用 · 点击停用","ビショップを最優先、次にナイトを優先。ナイトがいる場合は「ちゅういをひく」を使用
有効 · クリックで無効化"
Pawprint,ExactFix,,,"目标优先主教、其次骑士；骑士在场时对其使用吸引注意
已启用 · 点击停用","ビショップを最優先、次にナイトを優先。ナイトがいる場合は「ちゅういをひく」を使用
有効 · クリックで無効化"
Pawprint,DLLSourceScan,,,目标区域没有已解锁的大水晶。,対象エリアに開放済みのエーテライトがありません。
Pawprint,,,,目标数据,対象データ
Pawprint,DLLSourceScan,,,目标等级不满足当前任务条件,対象レベルが現在のタスク条件を満たしていません
Pawprint,DLLSourceScan,,,目标系统尚未就绪,対象システムの準備ができていません
Pawprint,DLLSourceScan,,,目的地坐标不完整,目的地の座標が不完全です
Pawprint,,,,"睡眠耐性+100%
受到伤害-10%
适于以下魔兽食用：
百兽纲 百虫纲 有翼纲 草木纲 水栖纲 甲鳞纲 咒具纲 死尸纲","睡眠耐性＋100％
被ダメージ－10％
[食事可能な魔獣]
百獣綱 百蟲綱 有翼綱 草木綱 水棲綱 甲鱗綱 呪具綱 死屍綱"
Pawprint,Captured,,,"睡眠耐性+100%
受到伤害-10%
适于以下魔獣食用：
百兽纲 百虫纲 有翼纲 草木纲 水栖纲 甲鳞纲 咒具纲 死尸纲","睡眠耐性＋100％
被ダメージ－10％
[食事可能な魔獣]
百獣綱 百蟲綱 有翼綱 草木綱 水棲綱 甲鱗綱 呪具綱 死屍綱"
Pawprint,Captured,,,"睡眠耐性+100%
受到伤害-10%
适于以下魔兽食用：
百兽纲 百虫纲 有翼纲 草木纲 水栖纲 甲鳞纲 咒具纲 死尸纲","睡眠耐性＋100％
被ダメージ－10％
[食事可能な魔獣]
百獣綱 百蟲綱 有翼綱 草木綱 水棲綱 甲鱗綱 呪具綱 死屍綱"
Pawprint,Captured,,,"睡眠耐性+100%
受到伤害-10%
适于以下魔獣食用：
百兽纲 百虫纲 有翼纲 草木纲 水栖纲 甲鳞纲 咒具纲 死尸纲","睡眠耐性＋100％
被ダメージ－10％
[食事可能な魔獣]
百獣綱 百蟲綱 有翼綱 草木綱 水棲綱 甲鱗綱 呪具綱 死屍綱"
Pawprint,,,,"石化耐性+100%
受到伤害-10%
适于以下魔兽食用：
百兽纲 百虫纲 有翼纲 草木纲 水栖纲 甲鳞纲 咒具纲 死尸纲","石化耐性＋100％
被ダメージ－10％
[食事可能な魔獣]
百獣綱 百蟲綱 有翼綱 草木綱 水棲綱 甲鱗綱 呪具綱 死屍綱"
Pawprint,Captured,,,"石化耐性+100%
受到伤害-10%
适于以下魔獣食用：
百兽纲 百虫纲 有翼纲 草木纲 水栖纲 甲鳞纲 咒具纲 死尸纲","石化耐性＋100％
被ダメージ－10％
[食事可能な魔獣]
百獣綱 百蟲綱 有翼綱 草木綱 水棲綱 甲鱗綱 呪具綱 死屍綱"
Pawprint,,,,"石化耐性+100%
失明耐性+100%
麻痹耐性+100%","石化耐性＋100％
暗闇耐性＋100％
麻痺耐性＋100％"
Pawprint,Captured,,,"石化耐性+100%
受到伤害-10%
适于以下魔兽食用：
百兽纲 百虫纲 有翼纲 草木纲 水栖纲 甲鳞纲 咒具纲 死尸纲","石化耐性＋100％
被ダメージ－10％
[食事可能な魔獣]
百獣綱 百蟲綱 有翼綱 草木綱 水棲綱 甲鱗綱 呪具綱 死屍綱"
Pawprint,Captured,,,"石化耐性+100%
受到伤害-10%
适于以下魔獣食用：
百兽纲 百虫纲 有翼纲 草木纲 水栖纲 甲鳞纲 咒具纲 死尸纲","石化耐性＋100％
被ダメージ－10％
[食事可能な魔獣]
百獣綱 百蟲綱 有翼綱 草木綱 水棲綱 甲鱗綱 呪具綱 死屍綱"
Pawprint,Captured,,,"石化耐性+100%
失明耐性+100%
麻痹耐性+100%","石化耐性＋100％
暗闇耐性＋100％
麻痺耐性＋100％"
Pawprint,DLLSourceScan,,,确定,決定
Pawprint,DLLSourceScan,,,确定要全部获取,すべて受け取りますか
Pawprint,DLLSourceScan,,,确认,確認
Pawprint,DLLSourceScan,,,确认文字不匹配,確認メッセージが一致しません
Pawprint,DLLSourceScan,,,秒,秒
Pawprint,DLLSourceScan,,,秒可触发（0=不限）,秒間のみ発動可能（0＝制限なし）
Pawprint,DLLSourceScan,,,秒后,秒後
Pawprint,DLLSourceScan,,,称号　,称号　
Pawprint,,,,称号　熟練魔獣使い ×76 · 精鋭魔獣使い ×51 · 一流魔獣使い ×25 · 特級魔獣使い ×144 · 伝説の魔獣使い ×1,称号　熟練魔獣使い ×76 · 精鋭魔獣使い ×51 · 一流魔獣使い ×25 · 特級魔獣使い ×144 · 伝説の魔獣使い ×1
Pawprint,DLLSourceScan,,,移动运行：,移動実行：
Pawprint,Captured,,,"移动速度-20%
受到伤害-20%
最大HP+30%","移動速度－20％
被ダメージ－20％
最大ＨＰ＋30％"
Pawprint,,,,"移动速度-20%
受到伤害-20%
最大体力+30%","移動速度－20％
被ダメージ－20％
最大ＨＰ＋30％"
Pawprint,Captured,,,"移动速度-20%
受到伤害-20%
最大HP+30%","移動速度－20％
被ダメージ－20％
最大ＨＰ＋30％"
Pawprint,Captured,,,"移动速度-20%
受到伤害-20%
最大体力+30%","移動速度－20％
被ダメージ－20％
最大ＨＰ＋30％"
Pawprint,DLLSourceScan,,,移除,削除
Pawprint,MixedTooltipFix,,,突入編成 0/15,突入編成 0/15
Pawprint,DLLSourceScan,,,窗口关闭/,ウィンドウを閉じる／
Pawprint,ScreenshotFix,,,第 ,第 
Pawprint,AssociatedWindowCapture2,,,第 1 格 · 奇子·佛劳洛斯 / 雷元精,1マス目 · フラウロス・ピース / 雷エレメンタル
Pawprint,AssociatedWindowCapture2,,,第 1 格 · 奇子·博学林鸮,1マス目 · 博学のオウル・ピース
Pawprint,AssociatedWindowCapture2,,,第 1 格 · 奇子·曼提克,1マス目 · マンティコア・ピース
Pawprint,AssociatedWindowCapture2,,,第 1 格 · 奇子·游侠骑士 / 奇子·主教,1マス目 · レンジャーナイト・ピース / ビショップ・ピース
Pawprint,AssociatedWindowCapture,,,第 1 格 · 奇子·骑士 / 奇子·主教,1マス目 · ナイト・ピース / ビショップ・ピース
Pawprint,FullCaptureReview,,,"第 1 格 · 奇子·骑士 / 奇子·主教
★ 目标优先主教、其次骑士；骑士在场时对其使用吸引注意（启用）","1マス目 · ナイト・ピース / ビショップ・ピース
★ ビショップを最優先、次にナイトを優先。ナイトがいる場合は「ちゅういをひく」を使用（有効）"
Pawprint,FullCaptureReview,,,"第 1 格 · 奇子·骑士 / 奇子·主教
★ 目标优先主教、其次骑士；骑士在场时对其使用吸引注意（启用）","1マス目 · ナイト・ピース / ビショップ・ピース
★ ビショップを最優先、次にナイトを優先。ナイトがいる場合は「ちゅういをひく」を使用（有効）"
Pawprint,Captured,,,第 1/2 次 · 商店 · 1级魔兽恢复药（70 币）,1/2 回目 · ショップ · ビーストポーションG1（70コイン）
Pawprint,Captured,,,第 1/2 次 · 商店 · 坚守戒指（522 币）,1/2 回目 · ショップ · 堅守の指輪（522コイン）
Pawprint,Captured,,,第 1/2 次 · 商店 · 确认结束,1/2 回目 · ショップ · 終了を確認
Pawprint,Captured,,,第 1/2 次 · 商店 · 确认购买1级魔兽恢复药,1/2 回目 · ショップ · ビーストポーションG1の購入を確認
Pawprint,Captured,,,第 1/2 次 · 商店 · 确认购买坚守戒指,1/2 回目 · ショップ · 堅守の指輪の購入を確認
Pawprint,Captured,,,第 1/2 次 · 商店 · 确认购买钢铁铠甲,1/2 回目 · ショップ · 鋼鉄の鎧の購入を確認
Pawprint,Captured,,,第 1/2 次 · 商店 · 确认购买魔咒帽子,1/2 回目 · ショップ · まじないの帽子の購入を確認
Pawprint,Captured,,,第 1/2 次 · 商店 · 结束购买,1/2 回目 · ショップ · 購入終了
Pawprint,Captured,,,第 1/2 次 · 商店 · 读取商品,1/2 回目 · ショップ · 商品を読み込み
Pawprint,Captured,,,第 1/2 次 · 商店 · 购买完成,1/2 回目 · ショップ · 購入完了
Pawprint,Captured,,,第 1/2 次 · 商店 · 钢铁铠甲（315 币）,1/2 回目 · ショップ · 鋼鉄の鎧（315コイン）
Pawprint,Captured,,,第 1/2 次 · 商店 · 魔咒帽子（280 币）,1/2 回目 · ショップ · まじないの帽子（280コイン）
Pawprint,Captured,,,第 1/2 次 · 宝箱 · 已领取,1/2 回目 · 宝箱 · 受取済み
Pawprint,Captured,,,第 1/2 次 · 宝箱 · 读取奖励,1/2 回目 · 宝箱 · 報酬を読み込み
Pawprint,Captured,,,第 1/2 次 · 宝箱 · 选择加速腰带,1/2 回目 · 宝箱 · 加速ベルトを選択
Pawprint,Captured,,,第 1/2 次 · 宝箱 · 选择缠冰斧,1/2 回目 · 宝箱 · 氷纏いの斧を選択
Pawprint,Captured,,,第 1/2 次 · 宝箱 · 领取加速腰带,1/2 回目 · 宝箱 · 加速ベルトを受取
Pawprint,Captured,,,第 1/2 次 · 宝箱 · 领取缠冰斧,1/2 回目 · 宝箱 · 氷纏いの斧を受取
Pawprint,Captured,,,第 1/2 次 · 战利品 · 全部获取,1/2 回目 · 戦利品 · すべて取得
Pawprint,Captured,,,第 1/2 次 · 战利品 · 已结束领取,1/2 回目 · 戦利品 · 受取終了
Pawprint,Captured,,,第 1/2 次 · 战利品 · 读取奖励,1/2 回目 · 戦利品 · 報酬を読み込み
Pawprint,Captured,,,第 1/2 次 · 斗兽 · 与劳妲交谈,1/2 回目 · 闘獣 · ラウダと会話
Pawprint,Captured,,,第 1/2 次 · 斗兽 · 体力已达到设定阈值,1/2 回目 · 闘獣 · HPが設定値に到達
Pawprint,Captured,,,第 1/2 次 · 斗兽 · 使用3级魔兽恢复药,1/2 回目 · 闘獣 · ビーストポーションG3を使用
Pawprint,Captured,,,"第 1/2 次 · 斗兽 · 前往黑衣森林中央林区的劳妲（22.0, 22.8）","1/2 回目 · 闘獣 · 黒衣森：中央森林のラウダへ移動（22.0, 22.8）"
Pawprint,Captured,,,第 1/2 次 · 斗兽 · 已确认出发,1/2 回目 · 闘獣 · 出発を確認
Pawprint,Captured,,,第 1/2 次 · 斗兽 · 接近劳妲,1/2 回目 · 闘獣 · ラウダへ接近
Pawprint,Captured,,,第 1/2 次 · 斗兽 · 确认入场警告,1/2 回目 · 闘獣 · 入場警告を確認
Pawprint,Captured,,,第 1/2 次 · 斗兽 · 等待体力更新,1/2 回目 · 闘獣 · HP更新待機
Pawprint,Captured,,,第 1/2 次 · 斗兽 · 等待入场,1/2 回目 · 闘獣 · 入場待機
Pawprint,Captured,,,第 1/2 次 · 斗兽 · 等待出发确认,1/2 回目 · 闘獣 · 出発確認待機
Pawprint,Captured,,,第 1/2 次 · 斗兽 · 等待场地切换,1/2 回目 · 闘獣 · エリア切替待機
Pawprint,Captured,,,第 1/2 次 · 斗兽 · 等待战斗界面就绪,1/2 回目 · 闘獣 · 戦闘画面の準備待ち
Pawprint,Captured,,,第 1/2 次 · 斗兽 · 等待挑战选项就绪,1/2 回目 · 闘獣 · 挑戦選択の準備待ち
Pawprint,Captured,,,第 1/2 次 · 斗兽 · 等待第二盘列表就绪,1/2 回目 · 闘獣 · 第2盤リストの準備待ち
Pawprint,Captured,,,第 1/2 次 · 斗兽 · 等待编队数据加载,1/2 回目 · 闘獣 · 編成データの読み込み待ち
Pawprint,Captured,,,第 1/2 次 · 斗兽 · 编组 12/12,1/2 回目 · 闘獣 · 編成 12/12
Pawprint,Captured,,,第 1/2 次 · 斗兽 · 读取已解锁魔兽,1/2 回目 · 闘獣 · 解放済み魔獣を読み込み
Pawprint,Captured,,,第 1/2 次 · 斗兽 · 选择第二盘,1/2 回目 · 闘獣 · 第2盤を選択
Pawprint,Captured,,,第 1/2 次 · 本场战斗 · 完成，已返回棋盘,1/2 回目 · この戦闘 · 完了、盤面へ戻りました
Pawprint,Captured,,,第 1/2 次 · 本场战斗 · 开始战斗,1/2 回目 · この戦闘 · 戦闘開始
Pawprint,Captured,,,第 1/2 次 · 本场战斗 · 等待战斗结束,1/2 回目 · この戦闘 · 戦闘終了待機
Pawprint,Captured,,,第 1/2 次 · 本场战斗 · 等待进入战斗场地,1/2 回目 · この戦闘 · 戦闘エリア入場待機
Pawprint,Captured,,,第 1/2 次 · 第二盘 · 前往第 1 格,1/2 回目 · 第2盤 · 1マス目へ移動
Pawprint,Captured,,,第 1/2 次 · 第二盘 · 前往第 2 格,1/2 回目 · 第2盤 · 2マス目へ移動
Pawprint,Captured,,,第 1/2 次 · 第二盘 · 前往第 3 格,1/2 回目 · 第2盤 · 3マス目へ移動
Pawprint,Captured,,,第 1/2 次 · 第二盘 · 前往第 5 格,1/2 回目 · 第2盤 · 5マス目へ移動
Pawprint,Captured,,,第 1/2 次 · 第二盘 · 前往第 7 格,1/2 回目 · 第2盤 · 7マス目へ移動
Pawprint,Captured,,,第 1/2 次 · 第二盘 · 前往第 8 格,1/2 回目 · 第2盤 · 8マス目へ移動
Pawprint,Captured,,,第 1/2 次 · 第二盘 · 前往第 9 格,1/2 回目 · 第2盤 · 9マス目へ移動
Pawprint,Captured,,,第 1/2 次 · 第二盘 · 等待棋盘就绪,1/2 回目 · 第2盤 · 盤面の準備待ち
Pawprint,Captured,,,第 1/2 次 · 第二盘 · 等待第 1 格事件,1/2 回目 · 第2盤 · 1マス目のイベント待機
Pawprint,Captured,,,第 1/2 次 · 第二盘 · 等待第 2 格事件,1/2 回目 · 第2盤 · 2マス目のイベント待機
Pawprint,Captured,,,第 1/2 次 · 第二盘 · 等待第 3 格事件,1/2 回目 · 第2盤 · 3マス目のイベント待機
Pawprint,Captured,,,第 1/2 次 · 第二盘 · 等待第 7 格事件,1/2 回目 · 第2盤 · 7マス目のイベント待機
Pawprint,Captured,,,第 1/2 次 · 第二盘 · 等待过场或场地切换,1/2 回目 · 第2盤 · カットシーンまたはエリア切替待機
Pawprint,Captured,,,第 1/2 次 · 等待道具复活（最多 10 秒）,1/2 回目 · アイテムによる蘇生待ち（最大10秒）
Pawprint,AssociatedWindowCapture2,,,第 10 格 · 商店,10マス目 · ショップ
Pawprint,AssociatedWindowCapture2,,,第 10 格 · 奇子·巨像,10マス目 · ゴーレム・ピース
Pawprint,AssociatedWindowCapture2,,,第 10 格 · 奇子·杜尔迦 / 奇子·转盘堡,10マス目 · ドゥルガー・ピース / ターンテーブル・ピース
Pawprint,Captured,,,第 10 格 · 帐篷,10マス目 · テント
Pawprint,Captured,,,第 10 格 · 随机事件,10マス目 · ランダムイベント
Pawprint,Captured,,,第 11 格 · 商店,11マス目 · ショップ
Pawprint,AssociatedWindowCapture2,,,第 11 格 · 奇子·塞壬 / 奇子·蹒跚鬼 / 奇子·爬行鬼,11マス目 · セイレーン・ピース / シャンブラー・ピース / クローラー・ピース
Pawprint,AssociatedWindowCapture2,,,第 11 格 · 奇子·树精 / 奇子·蛞蝓 / 奇子·花苗 / 奇子·凶蛛蝎 / 奇子·比洛克,11マス目 · トレント・ピース / スラッグ・ピース / フラワーシードリング・ピース / ダイアマイト・ピース / ビロコ・ピース
Pawprint,FullCaptureReview,,,"第 11 格 · 奇子·树精 / 奇子·蛞蝓 / 奇子·花苗 / 奇子·凶蛛蝎 / 奇子·比洛克
★ 蛞蝓存活超过5秒就对其使用攻击类道具（启用）
★ 树精血量低于一半后对自己使用功能道具（不含时之沙）（启用）","11マス目 · トレント・ピース / スラッグ・ピース / フラワーシードリング・ピース / ダイアマイト・ピース / ビロコ・ピース
★ スラッグが5秒以上生存していたら、攻撃系アイテムを使用（有効）
★ トレントのHPが50%未満になったら、自分に補助アイテムを使用（時の砂を除く）（有効）"
Pawprint,FullCaptureReview,,,"第 11 格 · 奇子·树精 / 奇子·蛞蝓 / 奇子·花苗 / 奇子·凶蛛蝎 / 奇子·比洛克
★ 蛞蝓存活超过5秒就对其使用攻击类道具（启用）
★ 树精血量低于一半后对自己使用功能道具（不含时之沙）（启用）","11マス目 · トレント・ピース / スラッグ・ピース / フラワーシードリング・ピース / ダイアマイト・ピース / ビロコ・ピース
★ スラッグが5秒以上生存していたら、攻撃系アイテムを使用（有効）
★ トレントのHPが50%未満になったら、自分に補助アイテムを使用（時の砂を除く）（有効）"
Pawprint,AssociatedWindowCapture2,,,第 11 格 · 宝箱,11マス目 · 宝箱
Pawprint,,,,第 11 格 · 帐篷,11マス目 · テント
Pawprint,AssociatedWindowCapture2,,,第 12 格 · 商店,12マス目 · ショップ
Pawprint,AssociatedWindowCapture2,,,第 12 格 · 宝箱,12マス目 · 宝箱
Pawprint,,,,第 12 格 · 随机事件,12マス目 · ランダムイベント
Pawprint,AssociatedWindowCapture2,,,第 12 格 · 魅惑女妖 帕德索 / 奇子·梦魔法师 / 奇子·梦魔骑士,12マス目 · 魅惑の妖女 パドソ / ナイトメアメイジ・ピース / ナイトメアナイト・ピース
Pawprint,FullCaptureReview,,,"第 12 格 · 魅惑女妖 帕德索 / 奇子·梦魔法师 / 奇子·梦魔骑士
★ 梦魔血量低于一半时连续使用全部道具（启用）","12マス目 · 魅惑の妖女 パドソ / ナイトメアメイジ・ピース / ナイトメアナイト・ピース
★ ナイトメアのHPが50%未満になったら、すべてのアイテムを連続使用（有効）"
Pawprint,FullCaptureReview,,,"第 12 格 · 魅惑女妖 帕德索 / 奇子·梦魔法师 / 奇子·梦魔骑士
★ 梦魔血量低于一半时连续使用全部道具（启用）","12マス目 · 魅惑の妖女 パドソ / ナイトメアメイジ・ピース / ナイトメアナイト・ピース
★ ナイトメアのHPが50%未満になったら、すべてのアイテムを連続使用（有効）"
Pawprint,AssociatedWindowCapture2,,,第 13 格 · 商店,13マス目 · ショップ
Pawprint,AssociatedWindowCapture2,,,第 13 格 · 寻兽探奇 路斯福洛克斯 / 小地豆,13マス目 · 獣探しのルスフロックス / 小さなマンドラゴラ
Pawprint,AssociatedWindowCapture2,,,第 13 格 · 随机事件,13マス目 · ランダムイベント
Pawprint,,,,第 14 格 · 宝箱,14マス目 · 宝箱
Pawprint,AssociatedWindowCapture2,,,第 14 格 · 帐篷,14マス目 · テント
Pawprint,AssociatedWindowCapture2,,,第 14 格 · 怨毒龙 博尔格尼 / 有毒物质,14マス目 · 怨毒竜 ボルグニ / 有毒物質
Pawprint,FullCaptureReview,,,"第 14 格 · 怨毒龙 博尔格尼 / 有毒物质
★ 怨毒龙上天落地后立即重新选中它（启用）
★ 怨毒龙血量低于一半时连续使用全部非恢复道具（启用）","14マス目 · 怨毒竜 ボルグニ / 有毒物質
★ 怨毒竜が飛び上がって着地したら、すぐに再ターゲットする（有効）
★ 怨毒竜のHPが50%未満になったら、回復以外のアイテムをすべて連続使用（有効）"
Pawprint,FullCaptureReview,,,"第 14 格 · 怨毒龙 博尔格尼 / 有毒物质
★ 怨毒龙上天落地后立即重新选中它（启用）
★ 怨毒龙血量低于一半时连续使用全部非恢复道具（启用）","14マス目 · 怨毒竜 ボルグニ / 有毒物質
★ 怨毒竜が飛び上がって着地したら、すぐに再ターゲットする（有効）
★ 怨毒竜のHPが50%未満になったら、回復以外のアイテムをすべて連続使用（有効）"
Pawprint,AssociatedWindowCapture2,,,第 15 格 · 商店,15マス目 · ショップ
Pawprint,,,,第 15 格 · 宝箱,15マス目 · 宝箱
Pawprint,AssociatedWindowCapture2,,,第 16 格 · 奇子·奇美拉,16マス目 · キマイラ・ピース
Pawprint,AssociatedWindowCapture2,,,第 16 格 · 贪食无厌 加特勒 / 奇子·塔纳托斯,16マス目 · 貪欲のガトラー / タナトス・ピース
Pawprint,AssociatedWindowCapture2,,,第 17 格 · 奇子·斯芬克斯,17マス目 · スフィンクス・ピース
Pawprint,AssociatedWindowCapture2,,,第 18 格 · 奇子·巨人 / 奇子·独眼巨人 / 凝胶化雷电 / 凝胶化火焰,18マス目 · ジャイアント・ピース / サイクロプス・ピース / ゲル状雷 / ゲル状炎
Pawprint,AssociatedWindowCapture2,,,第 19 格 · 商店,19マス目 · ショップ
Pawprint,AssociatedWindowCapture2,,,第 2 格 · 商店,2マス目 · ショップ
Pawprint,AssociatedWindowCapture,,,第 2 格 · 奇子·上级恶魔,2マス目 · 上級デーモン・ピース
Pawprint,AssociatedWindowCapture2,,,第 2 格 · 奇子·夺心魔 / 奇子·毒性魔菇,2マス目 · マインドフレア・ピース / ポイズンマッシュルーム・ピース
Pawprint,AssociatedWindowCapture2,,,第 2 格 · 奇子·尤弥尔 / 奇子·鱼人,2マス目 · ユミール・ピース / サハギン・ピース
Pawprint,AssociatedWindowCapture2,,,第 2 格 · 奇子·魔界花 / 奇子·幼苗 / 奇子·大口花 / 腐汁,2マス目 · モルボル・ピース / シードリング・ピース / オチュー・ピース / 腐汁
Pawprint,FullCaptureReview,,,"第 2 格 · 奇子·魔界花 / 奇子·幼苗 / 奇子·大口花 / 腐汁
★ 四只幼苗全部出现后调用 PR 的最后一击（启用）","2マス目 · モルボル・ピース / シードリング・ピース / オチュー・ピース / 腐汁
★ 4体の幼苗がすべて出現したら、PRの「さいごのいちげき」を使用（有効）"
Pawprint,FullCaptureReview,,,"第 2 格 · 奇子·魔界花 / 奇子·幼苗 / 奇子·大口花 / 腐汁
★ 四只幼苗全部出现后调用 PR 的最后一击（启用）","2マス目 · モルボル・ピース / シードリング・ピース / オチュー・ピース / 腐汁
★ 4体の幼苗がすべて出現したら、PRの「さいごのいちげき」を使用（有効）"
Pawprint,,,,第 20 格 · 随机事件,20マス目 · ランダムイベント
Pawprint,,,,第 21 格 · 帐篷,21マス目 · テント
Pawprint,,,,第 22 格 · 宝箱,22マス目 · 宝箱
Pawprint,,,,第 23 格 · 随机事件,23マス目 · ランダムイベント
Pawprint,AssociatedWindowCapture2,,,第 24 格 · 奇子·冥鬼之眼王 / 奇子·哈帕利特 / 奇子·肮脏之眼,24マス目 · アーリマンキング・ピース / ハパリット・ピース / ダーティアイ・ピース
Pawprint,AssociatedWindowCapture2,,,第 25 格 · 魔斧之主 劳妲 / 奇子·塔纳托斯,25マス目 · 魔斧の主 ラウダ / タナトス・ピース
Pawprint,,,,第 3 格 · 商店,3マス目 · ショップ
Pawprint,AssociatedWindowCapture,,,第 3 格 · 奇子·夺灵魔,3マス目 · ソウルイーター・ピース
Pawprint,FullCaptureReview,,,第 3 格 · 奇子·牛头魔 / 奇子·冥鬼之眼,3マス目 · タウルス・ピース／アーリマン・ピース
Pawprint,AssociatedWindowCapture2,,,第 3 格 · 随机事件,3マス目 · ランダムイベント
Pawprint,AssociatedWindowCapture2,,,第 4 格 · 商店,4マス目 · ショップ
Pawprint,ScreenshotFix,,,第 4 格 · 奇子·双足ニニ,4マス目 · ワイバーン・ピース
Pawprint,ScreenshotFix,,,第 4 格 · 奇子·双足飞龙,4マス目 · ワイバーン・ピース
Pawprint,AssociatedWindowCapture2,,,第 4 格 · 奇子·祖 / 奇子·公雏鸟 / 奇子·母雏鸟,4マス目 · ズー・ピース / オスの雛・ピース / メスの雛・ピース
Pawprint,,,,第 4 格 · 帐篷,4マス目 · テント
Pawprint,AssociatedWindowCapture2,,,第 5 格 · 奇子·卡托布莱帕斯,5マス目 · カトブレパス・ピース
Pawprint,,,,第 5 格 · 宝箱,5マス目 · 宝箱
Pawprint,AssociatedWindowCapture2,,,第 5 格 · 帐篷,5マス目 · テント
Pawprint,AssociatedWindowCapture,,,第 6 格 · 奇子·祸蛛蝎 / 奇子·灵蛛蝎,6マス目 · ダイアマイト・ピース / スピリットダイアマイト・ピース
Pawprint,FullCaptureReview,,,"第 6 格 · 奇子·祸蛛蝎 / 奇子·灵蛛蝎
★ 开局45秒内对已召唤魔兽使用吸引注意，重新召唤后补用（启用）","6マス目 · ダイアマイト・ピース / スピリットダイアマイト・ピース
★ 戦闘開始から45秒以内に召喚済み魔獣へ「ちゅういをひく」を使用し、再召喚後も使用（有効）"
Pawprint,FullCaptureReview,,,"第 6 格 · 奇子·祸蛛蝎 / 奇子·灵蛛蝎
★ 开局45秒内对已召唤魔獣使用吸引注意，重新召唤后补用（启用）","6マス目 · ダイアマイト・ピース / スピリットダイアマイト・ピース
★ 戦闘開始から45秒以内に召喚済み魔獣へ「ちゅういをひく」を使用し、再召喚後も使用（有効）"
Pawprint,FullCaptureReview,,,"第 6 格 · 奇子·祸蛛蝎 / 奇子·灵蛛蝎
★ 开局45秒内对已召唤魔兽使用吸引注意，重新召唤后补用（启用）","6マス目 · ダイアマイト・ピース / スピリットダイアマイト・ピース
★ 戦闘開始から45秒以内に召喚済み魔獣へ「ちゅういをひく」を使用し、再召喚後も使用（有効）"
Pawprint,FullCaptureReview,,,"第 6 格 · 奇子·祸蛛蝎 / 奇子·灵蛛蝎
★ 开局45秒内对已召唤魔獣使用吸引注意，重新召唤后补用（启用）","6マス目 · ダイアマイト・ピース / スピリットダイアマイト・ピース
★ 戦闘開始から45秒以内に召喚済み魔獣へ「ちゅういをひく」を使用し、再召喚後も使用（有効）"
Pawprint,AssociatedWindowCapture2,,,第 6 格 · 宝箱,6マス目 · 宝箱
Pawprint,AssociatedWindowCapture2,,,第 6 格 · 帐篷,6マス目 · テント
Pawprint,,,,第 6 格 · 随机事件,6マス目 · ランダムイベント
Pawprint,AssociatedWindowCapture2,,,第 7 格 · 奇子·石像鬼,7マス目 · ガーゴイル・ピース
Pawprint,AssociatedWindowCapture2,,,第 7 格 · 奇子·虚灵法师 / 奇子·僵尸,7マス目 · ヴォイドメイジ・ピース / ゾンビー・ピース
Pawprint,Captured,,,第 7 格 · 宝箱,7マス目 · 宝箱
Pawprint,AssociatedWindowCapture2,,,第 7 格 · 帐篷,7マス目 · テント
Pawprint,,,,第 7 格 · 随机事件,7マス目 · ランダムイベント
Pawprint,AssociatedWindowCapture2,,,第 8 格 · 奇子·拉哈穆 / 奇子·巨像,8マス目 · ラハム・ピース / ゴーレム・ピース
Pawprint,AssociatedWindowCapture2,,,第 8 格 · 奇子·火蛟 / 奇子·棘鼹 / 奇子·狱蟾蜍 / 奇子·蓝闪蝶,8マス目 · ファイアドレイク・ピース / スパインモール・ピース / ヘルトード・ピース / ブルーフラッシュ・ピース
Pawprint,AssociatedWindowCapture,,,第 8 格 · 奇子·食人魔 / 奇子·妖火 / 奇子·大妖火,8マス目 · オーガ・ピース / ウィル・オ・ウィスプ・ピース / グレート・ウィル・オ・ウィスプ・ピース
Pawprint,FullCaptureReview,,,"第 8 格 · 奇子·食人魔 / 奇子·妖火 / 奇子·大妖火
★ 优先攻击大鬼，大小火焰怪为备选目标（启用）","8マス目 · オーガ・ピース / ウィル・オ・ウィスプ・ピース / グレート・ウィル・オ・ウィスプ・ピース
★ 大鬼を優先攻撃し、大小の火炎系を予備ターゲットにする（有効）"
Pawprint,FullCaptureReview,,,"第 8 格 · 奇子·食人魔 / 奇子·妖火 / 奇子·大妖火
★ 优先攻击大鬼，大小火焰怪为备选目标（启用）","8マス目 · オーガ・ピース / ウィル・オ・ウィスプ・ピース / グレート・ウィル・オ・ウィスプ・ピース
★ 大鬼を優先攻撃し、大小の火炎系を予備ターゲットにする（有効）"
Pawprint,AssociatedWindowCapture2,,,第 8 格 · 宝箱,8マス目 · 宝箱
Pawprint,AssociatedWindowCapture2,,,第 8 格 · 随机事件,8マス目 · ランダムイベント
Pawprint,ScreenshotFix,,,第 9 格 · 奇子·牛魔老哥 / 奇子·牛魔老弟,9マス目 · ミノタウロス兄・ピース / ミノタウロス弟・ピース
Pawprint,,,,第 9 格 · 宝箱,9マス目 · 宝箱
Pawprint,DLLSourceScan,,,等待 vnavmesh 释放路径后才能启用野外躲避,vnavmeshが経路を解放するまでフィールド回避を有効にできません
Pawprint,DLLSourceScan,,,等待休息窗口,休憩ウィンドウの表示待ち
Pawprint,DLLSourceScan,,,等待图鉴数据刷新：,図鑑データの更新を待機中：
Pawprint,DLLSourceScan,,,等待图鉴页码更新…,図鑑のページ番号更新を待機中…
Pawprint,DLLSourceScan,,,等待弹窗交接,ポップアップの切り替わりを待機中
Pawprint,DLLSourceScan,,,等待棋盘就绪,盤面の準備完了を待機中
Pawprint,DLLSourceScan,,,等待的界面已关闭,待機していた画面が閉じられました
Pawprint,DLLSourceScan,,,等待编组图鉴打开,編成図鑑が開くまで待機
Pawprint,DLLSourceScan,,,等待过场或场地切换,カットシーンまたはフィールド切替を待機中
Pawprint,,,,策略模板,戦略テンプレート
Pawprint,,,,类别,カテゴリ
Pawprint,,,,粘贴字符串,文字列を貼り付け
Pawprint,,,,精英,エリート
Pawprint,AssociatedWindowCapture2,,,精英战,エリート戦
Pawprint,,,,练级提升一级,1レベル上げる
Pawprint,DLLSourceScan,,,练级设置已变更,レベル上げ設定を変更しました
Pawprint,DLLSourceScan,,,结算任务或角色已变化,リザルト処理中にタスクまたはキャラクターが変わりました
Pawprint,,,,统计,統計
Pawprint,,,,继续,再開
Pawprint,,,,继续##arena,再開##arena
Pawprint,,,,编号 / 魔物,番号／魔物
Pawprint,DLLSourceScan,,,编组图鉴翻页未生效,編成図鑑のページ移動が反映されませんでした
Pawprint,DLLSourceScan,,,编组已满或魔兽已在队伍中,編成が満員か、ペットがすでにパーティに入っています
Pawprint,DLLSourceScan,,,编组已满或魔獣已在队伍中,編成が満員か、ペットがすでにパーティに入っています
Pawprint,DLLSourceScan,,,网格就绪,ナビメッシュ準備完了
Pawprint,DLLSourceScan,,,背包里没有可出售的道具,所持品に売却できるアイテムがありません
Pawprint,DLLSourceScan,,,背后接近,背後へ接近
Pawprint,SourceReview,,,背后接近（内置）,背後へ接近（内蔵）
Pawprint,,,,腐坏遗迹无限城市街古迹,腐敗遺跡 古アムダプール市街
Pawprint,,,,自动完成斗兽奇弈(WIP),闘獣練を自動攻略（WIP）
Pawprint,Captured,,,自动完成闘獣練(WIP),闘獣練を自動攻略（WIP）
Pawprint,,,,自动捕获,自動捕獲
Pawprint,ExactFix,,,自动斗兽,闘獣練自動化
Pawprint,DLLSourceScan,,,自动斗兽文件校验失败，请重新安装完整发布包,闘獣練自動化ファイルの検証に失敗しました。完全版パッケージを再インストールしてください
Pawprint,DLLSourceScan,,,自动斗兽文件校验超时，请重新加载插件,闘獣練自動化ファイルの検証がタイムアウトしました。プラグインを再読み込みしてください
Pawprint,Captured,,,自动斗兽需要有效的 Omni 授权,闘獣練自動化には有効なOmni認証が必要です
Pawprint,DLLSourceScan,,,自动练级提升一级,自動レベル上げで1レベル上昇
Pawprint,DLLSourceScan,,,自动练级需要在野外区域启动,自動レベル上げはフィールドエリアで開始してください
Pawprint,AssociatedWindowCapture2,,,自動闘獣需要有效的 Omni 授权,闘獣自動化には有効なOmni認証が必要です
Pawprint,DLLSourceScan,,,自定义规则…,カスタムルール…
Pawprint,,,,自身かペットを対象とし、ＨＰを10％回復する。,自身かペットを対象とし、ＨＰを10％回復する。
Pawprint,,,,自身かペットを対象とし、ＨＰを23％回復する。,自身かペットを対象とし、ＨＰを23％回復する。
Pawprint,,,,自身かペットを対象とし、ＨＰを36％回復する。,自身かペットを対象とし、ＨＰを36％回復する。
Pawprint,,,,自身かペットを対象とし、ＨＰを50％回復する。,自身かペットを対象とし、ＨＰを50％回復する。
Pawprint,,,,自身と周囲の味方のＨＰを10％回復する。,自身と周囲の味方のＨＰを10％回復する。
Pawprint,,,,自身と周囲の味方のＨＰを25％回復する。,自身と周囲の味方のＨＰを25％回復する。
Pawprint,,,,自身と周囲の味方のＨＰを40％回復する。,自身と周囲の味方のＨＰを40％回復する。
Pawprint,Captured,,,至少保留##shoplimit,最低保持額##shoplimit
Pawprint,AssociatedWindowCapture,,,至少保留##shoplimit###至少保留##shoplimit,最低保持額##shoplimit###至少保留##shoplimit
Pawprint,,,,至少保留斗兽币,最低ビーストコイン保持額
Pawprint,DLLSourceScan,,,节点设置###ArenaNodeEditor,マス設定###ArenaNodeEditor
Pawprint,,,,节点默认行为,マスの既定動作
Pawprint,AssociatedWindowCapture,,,获得装備###获得装备,装備を取得###获得装备
Pawprint,Captured,,,获得装备,ビーストギアを取得
Pawprint,Captured,,,获得道具,クルーシブルアイテムを取得
Pawprint,AssociatedWindowCapture2,,,蛞蝓存活超过5秒就对其使用攻击类道具,スラッグが5秒以上生存していたら、攻撃系アイテムを使用する
Pawprint,ExactFix,,,"蛞蝓存活超过5秒就对其使用攻击类道具
已启用 · 点击停用","スラッグが5秒以上生存していたら、攻撃系アイテムを使用
有効 · クリックで無効化"
Pawprint,ExactFix,,,"蛞蝓存活超过5秒就对其使用攻击类道具
已启用 · 点击停用","スラッグが5秒以上生存していたら、攻撃系アイテムを使用
有効 · クリックで無効化"
Pawprint,Captured,,,螳螂,マンティス
Pawprint,DLLSourceScan,,,行程运行：,移動処理実行：
Pawprint,Captured,,,装備,装備
Pawprint,Captured,,,装備購入###装备购买,装備購入###装备购买
Pawprint,AssociatedWindowCapture,,,装備购买###装备购买,装備購入###装备购买
Pawprint,,,,装备,ビーストギア
Pawprint,,,,装备件数,ビーストギア数
Pawprint,DLLSourceScan,,,装备替换任务已结束,ビーストギア交換タスクは終了しました
Pawprint,DLLSourceScan,,,装备替换点击事件不唯一,ビーストギア交換のクリックイベントが一意ではありません
Pawprint,DLLSourceScan,,,装备替换角色或奇盘已变化,ビーストギア交換中にキャラクターまたは盤面が変わりました
Pawprint,Captured,,,装备购买,ビーストギア購入
Pawprint,,,,西拉诺西亚,西ラノシア
Pawprint,,,,西萨纳兰,西ザナラーン
Pawprint,,,,规则,ルール
Pawprint,DLLSourceScan,,,规则名称（留空按内容生成摘要）,ルール名（空欄の場合は内容から概要を生成）
Pawprint,DLLSourceScan,,,角色发生变化，图鉴扫描已取消。,キャラクターが変わったため、図鑑スキャンを中止しました。
Pawprint,DLLSourceScan,,,角色变化，图鉴扫描已取消,キャラクターが変わったため、図鑑スキャンを中止しました
Pawprint,DLLSourceScan,,,角色变化，记录已保存,キャラクターが変わったため、記録を保存しました
Pawprint,DLLSourceScan,,,角色尚未加载,キャラクターがまだ読み込まれていません
Pawprint,DLLSourceScan,,,角色尚未返回入口，无法开始下一局,キャラクターがまだ入口に戻っていないため、次の戦闘を開始できません
Pawprint,DLLSourceScan,,,角色或,キャラクターまたは
Pawprint,DLLSourceScan,,,角色或职业发生变化，已取消读取后出发。,キャラクターまたはジョブが変わったため、読取後の出発を中止しました。
Pawprint,DLLSourceScan,,,角色等级尚未加载。,キャラクターレベルがまだ読み込まれていません。
Pawprint,DLLSourceScan,,,触发,発動条件
Pawprint,DLLSourceScan,,,触发后保持本场生效,発動後はこの戦闘中ずっと有効
Pawprint,DLLSourceScan,,,触发的敌人,条件を満たした敵
Pawprint,,,,読み込み時にウィンドウを開く###加载时打开窗口,読み込み時にウィンドウを開く###加载时打开窗口
Pawprint,,,,认证 / 重新认证 OMNI,OMNIを認証／再認証
Pawprint,,,,"让陷入无法战斗状态的魔兽复活
该道具仅可在战斗地图中使用","戦闘不能になったペットを復活させる。
このアイテムはイベントマップのみで使用できる。"
Pawprint,Captured,,,"让陷入无法战斗状态的魔兽复活
该道具仅可在战斗地图中使用","戦闘不能になったペットを復活させる。
このアイテムはイベントマップのみで使用できる。"
Pawprint,Captured,,,"让陷入无法战斗状态的魔獣复活
该道具仅可在战斗地图中使用","戦闘不能になったペットを復活させる。
このアイテムはイベントマップのみで使用できる。"
Pawprint,Captured,,,"让陷入无法战斗状态的魔獣复活
该道具仅可在战斗地图中使用","戦闘不能になったペットを復活させる。
このアイテムはイベントマップのみで使用できる。"
Pawprint,DLLSourceScan,,,记录中断：,記録中断：
Pawprint,DLLSourceScan,,,记录已保存,記録を保存しました
Pawprint,,,,记录斗兽流程,闘獣練の進行を記録
Pawprint,,,,设置,設定
Pawprint,DLLSourceScan,,,该多人副本暂不支持,このマルチコンテンツには現在対応していません
Pawprint,DLLSourceScan,,,该条目位置尚未补充,この項目の位置情報は未登録です
Pawprint,DLLSourceScan,,,请先停止当前任务或图鉴扫描。,先に現在のタスクまたは図鑑スキャンを停止してください。
Pawprint,DLLSourceScan,,,请先停用 BossMod 输出预设；野外躲避由 Pawprint 单独管理 AI,先にBossModの出力プリセットを無効にしてください。フィールド回避ではPawprintがAIを個別管理します
Pawprint,DLLSourceScan,,,请先关闭其他交互窗口,先にほかの操作ウィンドウを閉じてください
Pawprint,DLLSourceScan,,,请先切换为驯兽师,先に魔獣使いへ切り替えてください
Pawprint,DLLSourceScan,,,请先切换为驯兽师。,先に魔獣使いへ切り替えてください。
Pawprint,DLLSourceScan,,,请先在插件配置选择内置简单战斗或 PR。,先にプラグイン設定で「内蔵簡易戦闘」または「PR」を選択してください。
Pawprint,DLLSourceScan,,,请先完成依赖配置：,先に依存関係の設定を完了してください：
Pawprint,DLLSourceScan,,,请先打开商店购买页，再开始出售测试,先にショップの購入画面を開いてから売却テストを開始してください
Pawprint,DLLSourceScan,,,请先登录角色,先にキャラクターへログインしてください
Pawprint,DLLSourceScan,,,请先离开当前副本,先に現在のコンテンツから退出してください
Pawprint,DLLSourceScan,,,请关闭查看窗口,閲覧ウィンドウを閉じてください
Pawprint,DLLSourceScan,,,请只启用所选的 ,選択したものだけを有効にしてください：
Pawprint,DLLSourceScan,,,请启用 Lifestream 传送,Lifestreamのテレポを有効にしてください
Pawprint,DLLSourceScan,,,请启用 PR 的 XSZYYS ACR,PRのXSZYYS ACRを有効にしてください
Pawprint,DLLSourceScan,,,请启用 vnavmesh 移动,vnavmeshの移動を有効にしてください
Pawprint,DLLSourceScan,,,请在 PR 中选择 XSZYYS 驯兽师 ACR,PRでXSZYYS魔獣使いACRを選択してください
Pawprint,DLLSourceScan,,,请在插件配置启用 AutoDuty 副本捕猎,プラグイン設定でAutoDutyのコンテンツ捕獲を有効にしてください
Pawprint,DLLSourceScan,,,请处理商店,ショップを処理してください
Pawprint,DLLSourceScan,,,请处理确认窗口,確認ウィンドウを処理してください
Pawprint,DLLSourceScan,,,请处理魔兽或休息选项,ペットまたは休憩の選択を処理してください
Pawprint,DLLSourceScan,,,请处理魔獣或休息选项,ペットまたは休憩の選択を処理してください
Pawprint,DLLSourceScan,,,请安装并启用 PromeRotation,PromeRotationをインストールして有効にしてください
Pawprint,DLLSourceScan,,,请完成战斗,戦闘を完了してください
Pawprint,DLLSourceScan,,,请登录游戏后验证 Omni 授权,ゲームへログイン後、Omni認証を確認してください
Pawprint,DLLSourceScan,,,请编队并开始战斗,編成して戦闘を開始してください
Pawprint,DLLSourceScan,,,请选择宝箱奖励,宝箱の報酬を選択してください
Pawprint,DLLSourceScan,,,请领取战利品,戦利品を受け取ってください
Pawprint,DLLSourceScan,,,读取中：,読込中：
Pawprint,DLLSourceScan,,,读取已解锁魔兽,開放済みの魔物を読み込む
Pawprint,DLLSourceScan,,,读取已解锁魔獣,開放済みの魔物を読み込む
Pawprint,AssociatedWindowCapture,,,购买装備###购买装备,ビーストギアを購入###购买装备
Pawprint,Captured,,,购买装备,ビーストギアを購入
Pawprint,Captured,,,购买道具,クルーシブルアイテムを購入
Pawprint,Captured,,,购买食事,フィードを購入
Pawprint,AssociatedWindowCapture,,,购买食事###购买食料,フィードを購入###购买食料
Pawprint,Captured,,,购买食料,フィードを購入
Pawprint,,,,起点,開始地点
Pawprint,DLLSourceScan,,,跨区域传送到已解锁的大水晶,別エリアの開放済みエーテライトへテレポ
Pawprint,,,,路线图,ルート図
Pawprint,DLLSourceScan,,,运行或停止接口不可用,実行／停止用インターフェースを利用できません
Pawprint,,,,运行日志,実行ログ
Pawprint,DLLSourceScan,,,运行：,実行中：
Pawprint,DLLSourceScan,,,返回可能结果,戻り値候補
Pawprint,DLLSourceScan,,,进入战斗,戦闘開始
Pawprint,,,,进入战斗后10s自动开怪,戦闘開始から10秒後に自動で攻撃開始
Pawprint,ScreenshotFix,,,进入战斗后调用ACR起手,戦闘開始後にACRの開幕処理を実行
Pawprint,ScreenshotFix,,,进入战斗后调用驯兽师助手ACR起手,戦闘開始後に魔獣使いアシスタントACRの開幕処理を実行
Pawprint,DLLSourceScan,,,进入战斗，寻找任务已停止,戦闘に入ったため、探索タスクを停止しました
Pawprint,DLLSourceScan,,,进入本商店时自动卖掉优先级列表中未勾选（禁用）的持有装备/道具,このショップへ入った時、優先順位リストで未チェック（無効）の所持ビーストギア／アイテムを自動売却
Pawprint,,,,逆转要害沙斯塔夏溶洞,逆襲要害 サスタシャ浸食洞
Pawprint,DLLSourceScan,,,选择/,選択／
Pawprint,DLLSourceScan,,,选择副本魔物时运行已有路线，发现目标后交接捕获,コンテンツ内の魔物を選択した場合、既存ルートを実行し、対象発見後に捕獲処理へ引き継ぎます
Pawprint,,,,通常 第1戦###低段第一盘,第一盤###低段第一盘
Pawprint,,,,通常 第2戦###低段第二盘,第二盤###低段第二盘
Pawprint,,,,通常 第3戦###低段第三盘,第三盤###低段第三盘
Pawprint,Captured,,,"造成伤害+1%
特殊効果：战斗开始前有35%的几率可以选择是否逃离，选择逃离时虽然得不到战利品但是可以回避战斗
无法避开强敌和头目
追加效果：成功逃离时，为自身附加1档“游击”状态
游击效果：造成伤害+18%、回避率+4%
游击持续时间：永久","与ダメージ＋1％
特殊効果：エネミーイベントの開始直前に35％の確率で逃走するかどうか選択することができる。逃走した場合は戦利品は得られないがバトルを回避できる。
エリートおよびボスからは逃走できない。
追加効果：逃走したとき、自身に「ヒット＆アウェイ」を1スタック付与する。
ヒット＆アウェイ効果：与ダメージ＋18％、回避率＋4％
ヒット＆アウェイ効果時間：永続"
Pawprint,,,,"造成伤害+1%
特殊效果：战斗开始前有35%的几率可以选择是否逃离，选择逃离时虽然得不到战利品但是可以回避战斗
无法避开强敌和头目
追加效果：成功逃离时，为自身附加1档“游击”状态
游击效果：造成伤害+18%、回避率+4%
游击持续时间：永久","与ダメージ＋1％
特殊効果：エネミーイベントの開始直前に35％の確率で逃走するかどうか選択することができる。逃走した場合は戦利品は得られないがバトルを回避できる。
エリートおよびボスからは逃走できない。
追加効果：逃走したとき、自身に「ヒット＆アウェイ」を1スタック付与する。
ヒット＆アウェイ効果：与ダメージ＋18％、回避率＋4％
ヒット＆アウェイ効果時間：永続"
Pawprint,Captured,,,"造成伤害+1%
特殊効果：战斗开始前有35%的几率可以选择是否逃离，选择逃离时虽然得不到战利品但是可以回避战斗
无法避开强敌和头目
追加效果：成功逃离时，为自身附加1档“游击”状态
游击效果：造成伤害+18%、回避率+4%
游击持续时间：永久","与ダメージ＋1％
特殊効果：エネミーイベントの開始直前に35％の確率で逃走するかどうか選択することができる。逃走した場合は戦利品は得られないがバトルを回避できる。
エリートおよびボスからは逃走できない。
追加効果：逃走したとき、自身に「ヒット＆アウェイ」を1スタック付与する。
ヒット＆アウェイ効果：与ダメージ＋18％、回避率＋4％
ヒット＆アウェイ効果時間：永続"
Pawprint,Captured,,,"造成伤害+1%
特殊效果：战斗开始前有35%的几率可以选择是否逃离，选择逃离时虽然得不到战利品但是可以回避战斗
无法避开强敌和头目
追加效果：成功逃离时，为自身附加1档“游击”状态
游击效果：造成伤害+18%、回避率+4%
游击持续时间：永久","与ダメージ＋1％
特殊効果：エネミーイベントの開始直前に35％の確率で逃走するかどうか選択することができる。逃走した場合は戦利品は得られないがバトルを回避できる。
エリートおよびボスからは逃走できない。
追加効果：逃走したとき、自身に「ヒット＆アウェイ」を1スタック付与する。
ヒット＆アウェイ効果：与ダメージ＋18％、回避率＋4％
ヒット＆アウェイ効果時間：永続"
Pawprint,Captured,,,"造成伤害+10%
受到伤害-10%
特殊効果：在帐篷休息时不会损失食事
适于以下魔兽食用：
百兽纲 百虫纲 有翼纲 草木纲 水栖纲 甲鳞纲 咒具纲 死尸纲","与ダメージ＋10％
被ダメージ－10％
特殊効果：テントでの休息時、フィードを失わなくなる。
[食事可能な魔獣]
百獣綱 百蟲綱 有翼綱 草木綱 水棲綱 甲鱗綱 呪具綱 死屍綱"
Pawprint,Captured,,,"造成伤害+10%
受到伤害-10%
特殊効果：在帐篷休息时不会损失食事
适于以下魔獣食用：
百兽纲 百虫纲 有翼纲 草木纲 水栖纲 甲鳞纲 咒具纲 死尸纲","与ダメージ＋10％
被ダメージ－10％
特殊効果：テントでの休息時、フィードを失わなくなる。
[食事可能な魔獣]
百獣綱 百蟲綱 有翼綱 草木綱 水棲綱 甲鱗綱 呪具綱 死屍綱"
Pawprint,Captured,,,"造成伤害+10%
受到伤害-10%
特殊効果：在帐篷休息时不会损失食料
适于以下魔兽食用：
百兽纲 百虫纲 有翼纲 草木纲 水栖纲 甲鳞纲 咒具纲 死尸纲","与ダメージ＋10％
被ダメージ－10％
特殊効果：テントでの休息時、フィードを失わなくなる。
[食事可能な魔獣]
百獣綱 百蟲綱 有翼綱 草木綱 水棲綱 甲鱗綱 呪具綱 死屍綱"
Pawprint,Captured,,,"造成伤害+10%
受到伤害-10%
特殊効果：在帐篷休息时不会损失食料
适于以下魔獣食用：
百兽纲 百虫纲 有翼纲 草木纲 水栖纲 甲鳞纲 咒具纲 死尸纲","与ダメージ＋10％
被ダメージ－10％
特殊効果：テントでの休息時、フィードを失わなくなる。
[食事可能な魔獣]
百獣綱 百蟲綱 有翼綱 草木綱 水棲綱 甲鱗綱 呪具綱 死屍綱"
Pawprint,Captured,,,"造成伤害+10%
受到伤害-10%
特殊效果：在帐篷休息时不会损失食事
适于以下魔兽食用：
百兽纲 百虫纲 有翼纲 草木纲 水栖纲 甲鳞纲 咒具纲 死尸纲","与ダメージ＋10％
被ダメージ－10％
特殊効果：テントでの休息時、フィードを失わなくなる。
[食事可能な魔獣]
百獣綱 百蟲綱 有翼綱 草木綱 水棲綱 甲鱗綱 呪具綱 死屍綱"
Pawprint,Captured,,,"造成伤害+10%
受到伤害-10%
特殊效果：在帐篷休息时不会损失食事
适于以下魔獣食用：
百兽纲 百虫纲 有翼纲 草木纲 水栖纲 甲鳞纲 咒具纲 死尸纲","与ダメージ＋10％
被ダメージ－10％
特殊効果：テントでの休息時、フィードを失わなくなる。
[食事可能な魔獣]
百獣綱 百蟲綱 有翼綱 草木綱 水棲綱 甲鱗綱 呪具綱 死屍綱"
Pawprint,,,,"造成伤害+10%
受到伤害-10%
特殊效果：在帐篷休息时不会损失食料
适于以下魔兽食用：
百兽纲 百虫纲 有翼纲 草木纲 水栖纲 甲鳞纲 咒具纲 死尸纲","与ダメージ＋10％
被ダメージ－10％
特殊効果：テントでの休息時、フィードを失わなくなる。
[食事可能な魔獣]
百獣綱 百蟲綱 有翼綱 草木綱 水棲綱 甲鱗綱 呪具綱 死屍綱"
Pawprint,Captured,,,"造成伤害+10%
受到伤害-10%
特殊效果：在帐篷休息时不会损失食料
适于以下魔獣食用：
百兽纲 百虫纲 有翼纲 草木纲 水栖纲 甲鳞纲 咒具纲 死尸纲","与ダメージ＋10％
被ダメージ－10％
特殊効果：テントでの休息時、フィードを失わなくなる。
[食事可能な魔獣]
百獣綱 百蟲綱 有翼綱 草木綱 水棲綱 甲鱗綱 呪具綱 死屍綱"
Pawprint,Captured,,,"造成伤害+10%
受到伤害-10%
特殊効果：在帐篷休息时不会损失食事
适于以下魔兽食用：
百兽纲 百虫纲 有翼纲 草木纲 水栖纲 甲鳞纲 咒具纲 死尸纲","与ダメージ＋10％
被ダメージ－10％
特殊効果：テントでの休息時、フィードを失わなくなる。
[食事可能な魔獣]
百獣綱 百蟲綱 有翼綱 草木綱 水棲綱 甲鱗綱 呪具綱 死屍綱"
Pawprint,Captured,,,"造成伤害+10%
受到伤害-10%
特殊効果：在帐篷休息时不会损失食事
适于以下魔獣食用：
百兽纲 百虫纲 有翼纲 草木纲 水栖纲 甲鳞纲 咒具纲 死尸纲","与ダメージ＋10％
被ダメージ－10％
特殊効果：テントでの休息時、フィードを失わなくなる。
[食事可能な魔獣]
百獣綱 百蟲綱 有翼綱 草木綱 水棲綱 甲鱗綱 呪具綱 死屍綱"
Pawprint,Captured,,,"造成伤害+10%
受到伤害-10%
特殊効果：在帐篷休息时不会损失食料
适于以下魔兽食用：
百兽纲 百虫纲 有翼纲 草木纲 水栖纲 甲鳞纲 咒具纲 死尸纲","与ダメージ＋10％
被ダメージ－10％
特殊効果：テントでの休息時、フィードを失わなくなる。
[食事可能な魔獣]
百獣綱 百蟲綱 有翼綱 草木綱 水棲綱 甲鱗綱 呪具綱 死屍綱"
Pawprint,Captured,,,"造成伤害+10%
受到伤害-10%
特殊効果：在帐篷休息时不会损失食料
适于以下魔獣食用：
百兽纲 百虫纲 有翼纲 草木纲 水栖纲 甲鳞纲 咒具纲 死尸纲","与ダメージ＋10％
被ダメージ－10％
特殊効果：テントでの休息時、フィードを失わなくなる。
[食事可能な魔獣]
百獣綱 百蟲綱 有翼綱 草木綱 水棲綱 甲鱗綱 呪具綱 死屍綱"
Pawprint,Captured,,,"造成伤害+10%
受到伤害-10%
特殊效果：在帐篷休息时不会损失食事
适于以下魔兽食用：
百兽纲 百虫纲 有翼纲 草木纲 水栖纲 甲鳞纲 咒具纲 死尸纲","与ダメージ＋10％
被ダメージ－10％
特殊効果：テントでの休息時、フィードを失わなくなる。
[食事可能な魔獣]
百獣綱 百蟲綱 有翼綱 草木綱 水棲綱 甲鱗綱 呪具綱 死屍綱"
Pawprint,Captured,,,"造成伤害+10%
受到伤害-10%
特殊效果：在帐篷休息时不会损失食事
适于以下魔獣食用：
百兽纲 百虫纲 有翼纲 草木纲 水栖纲 甲鳞纲 咒具纲 死尸纲","与ダメージ＋10％
被ダメージ－10％
特殊効果：テントでの休息時、フィードを失わなくなる。
[食事可能な魔獣]
百獣綱 百蟲綱 有翼綱 草木綱 水棲綱 甲鱗綱 呪具綱 死屍綱"
Pawprint,Captured,,,"造成伤害+10%
受到伤害-10%
特殊效果：在帐篷休息时不会损失食料
适于以下魔兽食用：
百兽纲 百虫纲 有翼纲 草木纲 水栖纲 甲鳞纲 咒具纲 死尸纲","与ダメージ＋10％
被ダメージ－10％
特殊効果：テントでの休息時、フィードを失わなくなる。
[食事可能な魔獣]
百獣綱 百蟲綱 有翼綱 草木綱 水棲綱 甲鱗綱 呪具綱 死屍綱"
Pawprint,Captured,,,"造成伤害+10%
受到伤害-10%
特殊效果：在帐篷休息时不会损失食料
适于以下魔獣食用：
百兽纲 百虫纲 有翼纲 草木纲 水栖纲 甲鳞纲 咒具纲 死尸纲","与ダメージ＋10％
被ダメージ－10％
特殊効果：テントでの休息時、フィードを失わなくなる。
[食事可能な魔獣]
百獣綱 百蟲綱 有翼綱 草木綱 水棲綱 甲鱗綱 呪具綱 死屍綱"
Pawprint,Captured,,,"造成伤害+12%
麻痹耐性+100%
特殊効果：自身发动战技触发兽心协作技时，有10%的几率恢复一部分消耗的技力","与ダメージ＋12％
麻痺耐性＋100％
特殊効果：自身のウェポンスキル実行時に獣心技連携に成功すると、10％の確率で消費したＴＰの一部が回復する。"
Pawprint,,,,"造成伤害+12%
麻痹耐性+100%
特殊效果：自身发动战技触发兽心协作技时，有10%的几率恢复一部分消耗的技力","与ダメージ＋12％
麻痺耐性＋100％
特殊効果：自身のウェポンスキル実行時に獣心技連携に成功すると、10％の確率で消費したＴＰの一部が回復する。"
Pawprint,Captured,,,"造成伤害+12%
麻痹耐性+100%
特殊効果：自身发动战技触发兽心协作技时，有10%的几率恢复一部分消耗的技力","与ダメージ＋12％
麻痺耐性＋100％
特殊効果：自身のウェポンスキル実行時に獣心技連携に成功すると、10％の確率で消費したＴＰの一部が回復する。"
Pawprint,Captured,,,"造成伤害+12%
麻痹耐性+100%
特殊效果：自身发动战技触发兽心协作技时，有10%的几率恢复一部分消耗的技力","与ダメージ＋12％
麻痺耐性＋100％
特殊効果：自身のウェポンスキル実行時に獣心技連携に成功すると、10％の確率で消費したＴＰの一部が回復する。"
Pawprint,Captured,,,"造成伤害+15%
受到伤害-35%
特殊効果：受到伤害时有3%的几率为自身附加“中毒”状态
持续时间：30秒
适于以下魔兽食用：
甲鳞纲","与ダメージ＋15％
被ダメージ－35％
特殊効果：ダメージを受けたとき、3％の確率で自身に毒を付与する。
効果時間：30秒
[食事可能な魔獣]
甲鱗綱"
Pawprint,Captured,,,"造成伤害+15%
受到伤害-35%
特殊効果：受到伤害时有3%的几率为自身附加“中毒”状态
持续时间：30秒
适于以下魔獣食用：
甲鳞纲","与ダメージ＋15％
被ダメージ－35％
特殊効果：ダメージを受けたとき、3％の確率で自身に毒を付与する。
効果時間：30秒
[食事可能な魔獣]
甲鱗綱"
Pawprint,,,,"造成伤害+15%
受到伤害-35%
特殊效果：受到伤害时有3%的几率为自身附加“中毒”状态
持续时间：30秒
适于以下魔兽食用：
甲鳞纲","与ダメージ＋15％
被ダメージ－35％
特殊効果：ダメージを受けたとき、3％の確率で自身に毒を付与する。
効果時間：30秒
[食事可能な魔獣]
甲鱗綱"
Pawprint,Captured,,,"造成伤害+15%
受到伤害-35%
特殊效果：受到伤害时有3%的几率为自身附加“中毒”状态
持续时间：30秒
适于以下魔獣食用：
甲鳞纲","与ダメージ＋15％
被ダメージ－35％
特殊効果：ダメージを受けたとき、3％の確率で自身に毒を付与する。
効果時間：30秒
[食事可能な魔獣]
甲鱗綱"
Pawprint,Captured,,,"造成伤害+15%
受到伤害-35%
特殊効果：受到伤害时有3%的几率为自身附加“中毒”状态
持续时间：30秒
适于以下魔兽食用：
甲鳞纲","与ダメージ＋15％
被ダメージ－35％
特殊効果：ダメージを受けたとき、3％の確率で自身に毒を付与する。
効果時間：30秒
[食事可能な魔獣]
甲鱗綱"
Pawprint,Captured,,,"造成伤害+15%
受到伤害-35%
特殊効果：受到伤害时有3%的几率为自身附加“中毒”状态
持续时间：30秒
适于以下魔獣食用：
甲鳞纲","与ダメージ＋15％
被ダメージ－35％
特殊効果：ダメージを受けたとき、3％の確率で自身に毒を付与する。
効果時間：30秒
[食事可能な魔獣]
甲鱗綱"
Pawprint,Captured,,,"造成伤害+15%
受到伤害-35%
特殊效果：受到伤害时有3%的几率为自身附加“中毒”状态
持续时间：30秒
适于以下魔兽食用：
甲鳞纲","与ダメージ＋15％
被ダメージ－35％
特殊効果：ダメージを受けたとき、3％の確率で自身に毒を付与する。
効果時間：30秒
[食事可能な魔獣]
甲鱗綱"
Pawprint,Captured,,,"造成伤害+15%
受到伤害-35%
特殊效果：受到伤害时有3%的几率为自身附加“中毒”状态
持续时间：30秒
适于以下魔獣食用：
甲鳞纲","与ダメージ＋15％
被ダメージ－35％
特殊効果：ダメージを受けたとき、3％の確率で自身に毒を付与する。
効果時間：30秒
[食事可能な魔獣]
甲鱗綱"
Pawprint,Captured,,,"造成伤害+20%
特殊効果：受到伤害时有1%的几率为自身附加“死亡宣告”状态
死亡宣告持续时间：2秒
特殊効果：技力累积量提高20%","与ダメージ＋20％
特殊効果：ダメージを受けたとき、1％の確率で自身に「死の宣告」を付与する。
死の宣告効果時間：2秒
特殊効果：ＴＰ蓄積量を20％上昇させる。"
Pawprint,,,,"造成伤害+20%
特殊效果：受到伤害时有1%的几率为自身附加“死亡宣告”状态
死亡宣告持续时间：2秒
特殊效果：技力累积量提高20%","与ダメージ＋20％
特殊効果：ダメージを受けたとき、1％の確率で自身に「死の宣告」を付与する。
死の宣告効果時間：2秒
特殊効果：ＴＰ蓄積量を20％上昇させる。"
Pawprint,Captured,,,"造成伤害+20%
特殊効果：受到伤害时有1%的几率为自身附加“死亡宣告”状态
死亡宣告持续时间：2秒
特殊効果：技力累积量提高20%","与ダメージ＋20％
特殊効果：ダメージを受けたとき、1％の確率で自身に「死の宣告」を付与する。
死の宣告効果時間：2秒
特殊効果：ＴＰ蓄積量を20％上昇させる。"
Pawprint,Captured,,,"造成伤害+20%
特殊效果：受到伤害时有1%的几率为自身附加“死亡宣告”状态
死亡宣告持续时间：2秒
特殊效果：技力累积量提高20%","与ダメージ＋20％
特殊効果：ダメージを受けたとき、1％の確率で自身に「死の宣告」を付与する。
死の宣告効果時間：2秒
特殊効果：ＴＰ蓄積量を20％上昇させる。"
Pawprint,Captured,,,"造成伤害+25%
加速+5%
特殊効果：暴击时有10%的几率为自身附加“烈焰锢”状态
烈焰锢效果：移动时会受到魔法伤害
烈焰锢持续时间：9秒","与ダメージ＋25％
ヘイスト＋5％
特殊効果：クリティカル発生時、10％の確率で自身に「焔の枷」を付与する。
焔の枷の効果：移動すると魔法ダメージを受ける。
焔の枷効果時間：9秒"
Pawprint,,,,"造成伤害+25%
加速+5%
特殊效果：暴击时有10%的几率为自身附加“烈焰锢”状态
烈焰锢效果：移动时会受到魔法伤害
烈焰锢持续时间：9秒","与ダメージ＋25％
ヘイスト＋5％
特殊効果：クリティカル発生時、10％の確率で自身に「焔の枷」を付与する。
焔の枷の効果：移動すると魔法ダメージを受ける。
焔の枷効果時間：9秒"
Pawprint,,,,"造成伤害+25%
移动速度-20%","与ダメージ＋25％
移動速度－20％"
Pawprint,Captured,,,"造成伤害+25%
加速+5%
特殊効果：暴击时有10%的几率为自身附加“烈焰锢”状态
烈焰锢效果：移动时会受到魔法伤害
烈焰锢持续时间：9秒","与ダメージ＋25％
ヘイスト＋5％
特殊効果：クリティカル発生時、10％の確率で自身に「焔の枷」を付与する。
焔の枷の効果：移動すると魔法ダメージを受ける。
焔の枷効果時間：9秒"
Pawprint,Captured,,,"造成伤害+25%
加速+5%
特殊效果：暴击时有10%的几率为自身附加“烈焰锢”状态
烈焰锢效果：移动时会受到魔法伤害
烈焰锢持续时间：9秒","与ダメージ＋25％
ヘイスト＋5％
特殊効果：クリティカル発生時、10％の確率で自身に「焔の枷」を付与する。
焔の枷の効果：移動すると魔法ダメージを受ける。
焔の枷効果時間：9秒"
Pawprint,Captured,,,"造成伤害+25%
移动速度-20%","与ダメージ＋25％
移動速度－20％"
Pawprint,Captured,,,"造成伤害+30%
受到伤害-30%
特殊効果：暴击时为自身附加“噩梦”状态
持续时间：30秒
适于以下魔兽食用：
百兽纲 百虫纲 有翼纲 草木纲 水栖纲 甲鳞纲 死尸纲","与ダメージ＋30％
被ダメージ－30％
特殊効果：クリティカル発生時、自身に悪夢を付与する。
効果時間：30秒
[食事可能な魔獣]
百獣綱 百蟲綱 有翼綱 草木綱 水棲綱 甲鱗綱 死屍綱"
Pawprint,Captured,,,"造成伤害+30%
受到伤害-30%
特殊効果：暴击时为自身附加“噩梦”状态
持续时间：30秒
适于以下魔獣食用：
百兽纲 百虫纲 有翼纲 草木纲 水栖纲 甲鳞纲 死尸纲","与ダメージ＋30％
被ダメージ－30％
特殊効果：クリティカル発生時、自身に悪夢を付与する。
効果時間：30秒
[食事可能な魔獣]
百獣綱 百蟲綱 有翼綱 草木綱 水棲綱 甲鱗綱 死屍綱"
Pawprint,,,,"造成伤害+30%
受到伤害-30%
特殊效果：暴击时为自身附加“噩梦”状态
持续时间：30秒
适于以下魔兽食用：
百兽纲 百虫纲 有翼纲 草木纲 水栖纲 甲鳞纲 死尸纲","与ダメージ＋30％
被ダメージ－30％
特殊効果：クリティカル発生時、自身に悪夢を付与する。
効果時間：30秒
[食事可能な魔獣]
百獣綱 百蟲綱 有翼綱 草木綱 水棲綱 甲鱗綱 死屍綱"
Pawprint,Captured,,,"造成伤害+30%
受到伤害-30%
特殊效果：暴击时为自身附加“噩梦”状态
持续时间：30秒
适于以下魔獣食用：
百兽纲 百虫纲 有翼纲 草木纲 水栖纲 甲鳞纲 死尸纲","与ダメージ＋30％
被ダメージ－30％
特殊効果：クリティカル発生時、自身に悪夢を付与する。
効果時間：30秒
[食事可能な魔獣]
百獣綱 百蟲綱 有翼綱 草木綱 水棲綱 甲鱗綱 死屍綱"
Pawprint,Captured,,,"造成伤害+30%
受到物理伤害-30%
特殊効果：受到伤害时有3%的几率为自身附加“麻痹”状态
持续时间：30秒
适于以下魔兽食用：
百虫纲","与ダメージ＋30％
物理被ダメージ－30％
特殊効果：ダメージを受けたとき、3％の確率で自身に麻痺を付与する。
効果時間：30秒
[食事可能な魔獣]
百蟲綱"
Pawprint,Captured,,,"造成伤害+30%
受到物理伤害-30%
特殊効果：受到伤害时有3%的几率为自身附加“麻痹”状态
持续时间：30秒
适于以下魔獣食用：
百虫纲","与ダメージ＋30％
物理被ダメージ－30％
特殊効果：ダメージを受けたとき、3％の確率で自身に麻痺を付与する。
効果時間：30秒
[食事可能な魔獣]
百蟲綱"
Pawprint,,,,"造成伤害+30%
受到物理伤害-30%
特殊效果：受到伤害时有3%的几率为自身附加“麻痹”状态
持续时间：30秒
适于以下魔兽食用：
百虫纲","与ダメージ＋30％
物理被ダメージ－30％
特殊効果：ダメージを受けたとき、3％の確率で自身に麻痺を付与する。
効果時間：30秒
[食事可能な魔獣]
百蟲綱"
Pawprint,Captured,,,"造成伤害+30%
受到物理伤害-30%
特殊效果：受到伤害时有3%的几率为自身附加“麻痹”状态
持续时间：30秒
适于以下魔獣食用：
百虫纲","与ダメージ＋30％
物理被ダメージ－30％
特殊効果：ダメージを受けたとき、3％の確率で自身に麻痺を付与する。
効果時間：30秒
[食事可能な魔獣]
百蟲綱"
Pawprint,Captured,,,"造成伤害+30%
特殊効果：受到伤害时有5%的几率为自身附加“眩晕”状态
眩晕持续时间：3秒","与ダメージ＋30％
特殊効果：ダメージを受けたとき、5％の確率で自身に「スタン」を付与する。
スタン効果時間：3秒"
Pawprint,,,,"造成伤害+30%
特殊效果：受到伤害时有5%的几率为自身附加“眩晕”状态
眩晕持续时间：3秒","与ダメージ＋30％
特殊効果：ダメージを受けたとき、5％の確率で自身に「スタン」を付与する。
スタン効果時間：3秒"
Pawprint,Captured,,,"造成伤害+30%
受到伤害-30%
特殊効果：暴击时为自身附加“噩梦”状态
持续时间：30秒
适于以下魔兽食用：
百兽纲 百虫纲 有翼纲 草木纲 水栖纲 甲鳞纲 死尸纲","与ダメージ＋30％
被ダメージ－30％
特殊効果：クリティカル発生時、自身に悪夢を付与する。
効果時間：30秒
[食事可能な魔獣]
百獣綱 百蟲綱 有翼綱 草木綱 水棲綱 甲鱗綱 死屍綱"
Pawprint,Captured,,,"造成伤害+30%
受到伤害-30%
特殊効果：暴击时为自身附加“噩梦”状态
持续时间：30秒
适于以下魔獣食用：
百兽纲 百虫纲 有翼纲 草木纲 水栖纲 甲鳞纲 死尸纲","与ダメージ＋30％
被ダメージ－30％
特殊効果：クリティカル発生時、自身に悪夢を付与する。
効果時間：30秒
[食事可能な魔獣]
百獣綱 百蟲綱 有翼綱 草木綱 水棲綱 甲鱗綱 死屍綱"
Pawprint,Captured,,,"造成伤害+30%
受到伤害-30%
特殊效果：暴击时为自身附加“噩梦”状态
持续时间：30秒
适于以下魔兽食用：
百兽纲 百虫纲 有翼纲 草木纲 水栖纲 甲鳞纲 死尸纲","与ダメージ＋30％
被ダメージ－30％
特殊効果：クリティカル発生時、自身に悪夢を付与する。
効果時間：30秒
[食事可能な魔獣]
百獣綱 百蟲綱 有翼綱 草木綱 水棲綱 甲鱗綱 死屍綱"
Pawprint,Captured,,,"造成伤害+30%
受到伤害-30%
特殊效果：暴击时为自身附加“噩梦”状态
持续时间：30秒
适于以下魔獣食用：
百兽纲 百虫纲 有翼纲 草木纲 水栖纲 甲鳞纲 死尸纲","与ダメージ＋30％
被ダメージ－30％
特殊効果：クリティカル発生時、自身に悪夢を付与する。
効果時間：30秒
[食事可能な魔獣]
百獣綱 百蟲綱 有翼綱 草木綱 水棲綱 甲鱗綱 死屍綱"
Pawprint,Captured,,,"造成伤害+30%
受到物理伤害-30%
特殊効果：受到伤害时有3%的几率为自身附加“麻痹”状态
持续时间：30秒
适于以下魔兽食用：
百虫纲","与ダメージ＋30％
物理被ダメージ－30％
特殊効果：ダメージを受けたとき、3％の確率で自身に麻痺を付与する。
効果時間：30秒
[食事可能な魔獣]
百蟲綱"
Pawprint,Captured,,,"造成伤害+30%
受到物理伤害-30%
特殊効果：受到伤害时有3%的几率为自身附加“麻痹”状态
持续时间：30秒
适于以下魔獣食用：
百虫纲","与ダメージ＋30％
物理被ダメージ－30％
特殊効果：ダメージを受けたとき、3％の確率で自身に麻痺を付与する。
効果時間：30秒
[食事可能な魔獣]
百蟲綱"
Pawprint,Captured,,,"造成伤害+30%
受到物理伤害-30%
特殊效果：受到伤害时有3%的几率为自身附加“麻痹”状态
持续时间：30秒
适于以下魔兽食用：
百虫纲","与ダメージ＋30％
物理被ダメージ－30％
特殊効果：ダメージを受けたとき、3％の確率で自身に麻痺を付与する。
効果時間：30秒
[食事可能な魔獣]
百蟲綱"
Pawprint,Captured,,,"造成伤害+30%
受到物理伤害-30%
特殊效果：受到伤害时有3%的几率为自身附加“麻痹”状态
持续时间：30秒
适于以下魔獣食用：
百虫纲","与ダメージ＋30％
物理被ダメージ－30％
特殊効果：ダメージを受けたとき、3％の確率で自身に麻痺を付与する。
効果時間：30秒
[食事可能な魔獣]
百蟲綱"
Pawprint,Captured,,,"造成伤害+30%
特殊効果：受到伤害时有5%的几率为自身附加“眩晕”状态
眩晕持续时间：3秒","与ダメージ＋30％
特殊効果：ダメージを受けたとき、5％の確率で自身に「スタン」を付与する。
スタン効果時間：3秒"
Pawprint,Captured,,,"造成伤害+30%
特殊效果：受到伤害时有5%的几率为自身附加“眩晕”状态
眩晕持续时间：3秒","与ダメージ＋30％
特殊効果：ダメージを受けたとき、5％の確率で自身に「スタン」を付与する。
スタン効果時間：3秒"
Pawprint,Captured,,,"造成物理伤害+10%
暴击发动率+3%
特殊効果：此斗兽装备的性能也会对召唤中的魔兽产生影响","物理与ダメージ＋10％
クリティカル発動率＋3％
特殊効果：このビーストギアの性能は召喚中のペットにも影響を与える。"
Pawprint,Captured,,,"造成物理伤害+10%
暴击发动率+3%
特殊効果：此斗兽装备的性能也会对召唤中的魔獣产生影响","物理与ダメージ＋10％
クリティカル発動率＋3％
特殊効果：このビーストギアの性能は召喚中のペットにも影響を与える。"
Pawprint,FullCaptureReview,,,"造成物理伤害+10%
暴击发动率+3%
特殊効果：此闘獣装備的性能也会对召唤中的魔獣产生影响","物理与ダメージ＋10％
クリティカル発動率＋3％
特殊効果：このビーストギアの性能は召喚中のペットにも影響を与える。"
Pawprint,,,,"造成物理伤害+10%
暴击发动率+3%
特殊效果：此斗兽装备的性能也会对召唤中的魔兽产生影响","物理与ダメージ＋10％
クリティカル発動率＋3％
特殊効果：このビーストギアの性能は召喚中のペットにも影響を与える。"
Pawprint,Captured,,,"造成物理伤害+10%
暴击发动率+3%
特殊效果：此斗兽装备的性能也会对召唤中的魔獣产生影响","物理与ダメージ＋10％
クリティカル発動率＋3％
特殊効果：このビーストギアの性能は召喚中のペットにも影響を与える。"
Pawprint,FullCaptureReview,,,"造成物理伤害+10%
暴击发动率+3%
特殊效果：此闘獣装備的性能也会对召唤中的魔獣产生影响","物理与ダメージ＋10％
クリティカル発動率＋3％
特殊効果：このビーストギアの性能は召喚中のペットにも影響を与える。"
Pawprint,Captured,,,"造成物理伤害+10%
特殊効果：魔兽发动战技触发兽心协作技时，有30%的几率恢复一部分消耗的技力
适于以下魔兽食用：
百兽纲 百虫纲 草木纲 水栖纲 甲鳞纲 死尸纲","物理与ダメージ＋10％
特殊効果：ペットのウェポンスキル実行時に獣心技連携に成功すると、30％の確率で消費したＴＰの一部が回復する。
[食事可能な魔獣]
百獣綱 百蟲綱 草木綱 水棲綱 甲鱗綱 死屍綱"
Pawprint,Captured,,,"造成物理伤害+10%
特殊効果：魔獣发动战技触发兽心协作技时，有30%的几率恢复一部分消耗的技力
适于以下魔獣食用：
百兽纲 百虫纲 草木纲 水栖纲 甲鳞纲 死尸纲","物理与ダメージ＋10％
特殊効果：ペットのウェポンスキル実行時に獣心技連携に成功すると、30％の確率で消費したＴＰの一部が回復する。
[食事可能な魔獣]
百獣綱 百蟲綱 草木綱 水棲綱 甲鱗綱 死屍綱"
Pawprint,,,,"造成物理伤害+10%
特殊效果：魔兽发动战技触发兽心协作技时，有30%的几率恢复一部分消耗的技力
适于以下魔兽食用：
百兽纲 百虫纲 草木纲 水栖纲 甲鳞纲 死尸纲","物理与ダメージ＋10％
特殊効果：ペットのウェポンスキル実行時に獣心技連携に成功すると、30％の確率で消費したＴＰの一部が回復する。
[食事可能な魔獣]
百獣綱 百蟲綱 草木綱 水棲綱 甲鱗綱 死屍綱"
Pawprint,Captured,,,"造成物理伤害+10%
特殊效果：魔獣发动战技触发兽心协作技时，有30%的几率恢复一部分消耗的技力
适于以下魔獣食用：
百兽纲 百虫纲 草木纲 水栖纲 甲鳞纲 死尸纲","物理与ダメージ＋10％
特殊効果：ペットのウェポンスキル実行時に獣心技連携に成功すると、30％の確率で消費したＴＰの一部が回復する。
[食事可能な魔獣]
百獣綱 百蟲綱 草木綱 水棲綱 甲鱗綱 死屍綱"
Pawprint,Captured,,,"造成物理伤害+10%
暴击发动率+3%
特殊効果：此斗兽装备的性能也会对召唤中的魔兽产生影响","物理与ダメージ＋10％
クリティカル発動率＋3％
特殊効果：このビーストギアの性能は召喚中のペットにも影響を与える。"
Pawprint,Captured,,,"造成物理伤害+10%
暴击发动率+3%
特殊効果：此斗兽装备的性能也会对召唤中的魔獣产生影响","物理与ダメージ＋10％
クリティカル発動率＋3％
特殊効果：このビーストギアの性能は召喚中のペットにも影響を与える。"
Pawprint,FullCaptureReview,,,"造成物理伤害+10%
暴击发动率+3%
特殊効果：此闘獣装備的性能也会对召唤中的魔獣产生影响","物理与ダメージ＋10％
クリティカル発動率＋3％
特殊効果：このビーストギアの性能は召喚中のペットにも影響を与える。"
Pawprint,Captured,,,"造成物理伤害+10%
暴击发动率+3%
特殊效果：此斗兽装备的性能也会对召唤中的魔兽产生影响","物理与ダメージ＋10％
クリティカル発動率＋3％
特殊効果：このビーストギアの性能は召喚中のペットにも影響を与える。"
Pawprint,Captured,,,"造成物理伤害+10%
暴击发动率+3%
特殊效果：此斗兽装备的性能也会对召唤中的魔獣产生影响","物理与ダメージ＋10％
クリティカル発動率＋3％
特殊効果：このビーストギアの性能は召喚中のペットにも影響を与える。"
Pawprint,FullCaptureReview,,,"造成物理伤害+10%
暴击发动率+3%
特殊效果：此闘獣装備的性能也会对召唤中的魔獣产生影响","物理与ダメージ＋10％
クリティカル発動率＋3％
特殊効果：このビーストギアの性能は召喚中のペットにも影響を与える。"
Pawprint,Captured,,,"造成物理伤害+10%
特殊効果：魔兽发动战技触发兽心协作技时，有30%的几率恢复一部分消耗的技力
适于以下魔兽食用：
百兽纲 百虫纲 草木纲 水栖纲 甲鳞纲 死尸纲","物理与ダメージ＋10％
特殊効果：ペットのウェポンスキル実行時に獣心技連携に成功すると、30％の確率で消費したＴＰの一部が回復する。
[食事可能な魔獣]
百獣綱 百蟲綱 草木綱 水棲綱 甲鱗綱 死屍綱"
Pawprint,Captured,,,"造成物理伤害+10%
特殊効果：魔獣发动战技触发兽心协作技时，有30%的几率恢复一部分消耗的技力
适于以下魔獣食用：
百兽纲 百虫纲 草木纲 水栖纲 甲鳞纲 死尸纲","物理与ダメージ＋10％
特殊効果：ペットのウェポンスキル実行時に獣心技連携に成功すると、30％の確率で消費したＴＰの一部が回復する。
[食事可能な魔獣]
百獣綱 百蟲綱 草木綱 水棲綱 甲鱗綱 死屍綱"
Pawprint,Captured,,,"造成物理伤害+10%
特殊效果：魔兽发动战技触发兽心协作技时，有30%的几率恢复一部分消耗的技力
适于以下魔兽食用：
百兽纲 百虫纲 草木纲 水栖纲 甲鳞纲 死尸纲","物理与ダメージ＋10％
特殊効果：ペットのウェポンスキル実行時に獣心技連携に成功すると、30％の確率で消費したＴＰの一部が回復する。
[食事可能な魔獣]
百獣綱 百蟲綱 草木綱 水棲綱 甲鱗綱 死屍綱"
Pawprint,Captured,,,"造成物理伤害+10%
特殊效果：魔獣发动战技触发兽心协作技时，有30%的几率恢复一部分消耗的技力
适于以下魔獣食用：
百兽纲 百虫纲 草木纲 水栖纲 甲鳞纲 死尸纲","物理与ダメージ＋10％
特殊効果：ペットのウェポンスキル実行時に獣心技連携に成功すると、30％の確率で消費したＴＰの一部が回復する。
[食事可能な魔獣]
百獣綱 百蟲綱 草木綱 水棲綱 甲鱗綱 死屍綱"
Pawprint,,,,"造成物理伤害+12%
回避率+3%","物理与ダメージ＋12％
回避率＋3％"
Pawprint,Captured,,,"造成物理伤害+12%
回避率+3%","物理与ダメージ＋12％
回避率＋3％"
Pawprint,Captured,,,"造成物理伤害+20%
特殊効果：技力累积量提高50%
适于以下魔兽食用：
有翼纲","物理与ダメージ＋20％
特殊効果：ＴＰ蓄積量を50％上昇させる。
[食事可能な魔獣]
有翼綱"
Pawprint,Captured,,,"造成物理伤害+20%
特殊効果：技力累积量提高50%
适于以下魔獣食用：
有翼纲","物理与ダメージ＋20％
特殊効果：ＴＰ蓄積量を50％上昇させる。
[食事可能な魔獣]
有翼綱"
Pawprint,,,,"造成物理伤害+20%
特殊效果：技力累积量提高50%
适于以下魔兽食用：
有翼纲","物理与ダメージ＋20％
特殊効果：ＴＰ蓄積量を50％上昇させる。
[食事可能な魔獣]
有翼綱"
Pawprint,Captured,,,"造成物理伤害+20%
特殊效果：技力累积量提高50%
适于以下魔獣食用：
有翼纲","物理与ダメージ＋20％
特殊効果：ＴＰ蓄積量を50％上昇させる。
[食事可能な魔獣]
有翼綱"
Pawprint,,,,"造成物理伤害+20%
适于以下魔兽食用：
百兽纲 百虫纲 有翼纲 草木纲 水栖纲 甲鳞纲 死尸纲","物理与ダメージ＋20％
[食事可能な魔獣]
百獣綱 百蟲綱 有翼綱 草木綱 水棲綱 甲鱗綱 死屍綱"
Pawprint,Captured,,,"造成物理伤害+20%
适于以下魔獣食用：
百兽纲 百虫纲 有翼纲 草木纲 水栖纲 甲鳞纲 死尸纲","物理与ダメージ＋20％
[食事可能な魔獣]
百獣綱 百蟲綱 有翼綱 草木綱 水棲綱 甲鱗綱 死屍綱"
Pawprint,Captured,,,"造成物理伤害+20%
特殊効果：技力累积量提高50%
适于以下魔兽食用：
有翼纲","物理与ダメージ＋20％
特殊効果：ＴＰ蓄積量を50％上昇させる。
[食事可能な魔獣]
有翼綱"
Pawprint,Captured,,,"造成物理伤害+20%
特殊効果：技力累积量提高50%
适于以下魔獣食用：
有翼纲","物理与ダメージ＋20％
特殊効果：ＴＰ蓄積量を50％上昇させる。
[食事可能な魔獣]
有翼綱"
Pawprint,Captured,,,"造成物理伤害+20%
特殊效果：技力累积量提高50%
适于以下魔兽食用：
有翼纲","物理与ダメージ＋20％
特殊効果：ＴＰ蓄積量を50％上昇させる。
[食事可能な魔獣]
有翼綱"
Pawprint,Captured,,,"造成物理伤害+20%
特殊效果：技力累积量提高50%
适于以下魔獣食用：
有翼纲","物理与ダメージ＋20％
特殊効果：ＴＰ蓄積量を50％上昇させる。
[食事可能な魔獣]
有翼綱"
Pawprint,Captured,,,"造成物理伤害+20%
适于以下魔兽食用：
百兽纲 百虫纲 有翼纲 草木纲 水栖纲 甲鳞纲 死尸纲","物理与ダメージ＋20％
[食事可能な魔獣]
百獣綱 百蟲綱 有翼綱 草木綱 水棲綱 甲鱗綱 死屍綱"
Pawprint,Captured,,,"造成物理伤害+20%
适于以下魔獣食用：
百兽纲 百虫纲 有翼纲 草木纲 水栖纲 甲鳞纲 死尸纲","物理与ダメージ＋20％
[食事可能な魔獣]
百獣綱 百蟲綱 有翼綱 草木綱 水棲綱 甲鱗綱 死屍綱"
Pawprint,Captured,,,"造成物理伤害+30%
以太爆发威力+50%
最大HP-80%
适于以下魔兽食用：
百兽纲 百虫纲 有翼纲 草木纲 水栖纲 甲鳞纲 死尸纲","物理与ダメージ＋30％
エーテルバースト威力＋50％
最大ＨＰ－80％
[食事可能な魔獣]
百獣綱 百蟲綱 有翼綱 草木綱 水棲綱 甲鱗綱 死屍綱"
Pawprint,Captured,,,"造成物理伤害+30%
以太爆发威力+50%
最大HP-80%
适于以下魔獣食用：
百兽纲 百虫纲 有翼纲 草木纲 水栖纲 甲鳞纲 死尸纲","物理与ダメージ＋30％
エーテルバースト威力＋50％
最大ＨＰ－80％
[食事可能な魔獣]
百獣綱 百蟲綱 有翼綱 草木綱 水棲綱 甲鱗綱 死屍綱"
Pawprint,,,,"造成物理伤害+30%
以太爆发威力+50%
最大体力-80%
适于以下魔兽食用：
百兽纲 百虫纲 有翼纲 草木纲 水栖纲 甲鳞纲 死尸纲","物理与ダメージ＋30％
エーテルバースト威力＋50％
最大ＨＰ－80％
[食事可能な魔獣]
百獣綱 百蟲綱 有翼綱 草木綱 水棲綱 甲鱗綱 死屍綱"
Pawprint,Captured,,,"造成物理伤害+30%
以太爆发威力+50%
最大体力-80%
适于以下魔獣食用：
百兽纲 百虫纲 有翼纲 草木纲 水栖纲 甲鳞纲 死尸纲","物理与ダメージ＋30％
エーテルバースト威力＋50％
最大ＨＰ－80％
[食事可能な魔獣]
百獣綱 百蟲綱 有翼綱 草木綱 水棲綱 甲鱗綱 死屍綱"
Pawprint,Captured,,,"造成物理伤害+30%
以太爆发威力+50%
最大HP-80%
适于以下魔兽食用：
百兽纲 百虫纲 有翼纲 草木纲 水栖纲 甲鳞纲 死尸纲","物理与ダメージ＋30％
エーテルバースト威力＋50％
最大ＨＰ－80％
[食事可能な魔獣]
百獣綱 百蟲綱 有翼綱 草木綱 水棲綱 甲鱗綱 死屍綱"
Pawprint,Captured,,,"造成物理伤害+30%
以太爆发威力+50%
最大HP-80%
适于以下魔獣食用：
百兽纲 百虫纲 有翼纲 草木纲 水栖纲 甲鳞纲 死尸纲","物理与ダメージ＋30％
エーテルバースト威力＋50％
最大ＨＰ－80％
[食事可能な魔獣]
百獣綱 百蟲綱 有翼綱 草木綱 水棲綱 甲鱗綱 死屍綱"
Pawprint,Captured,,,"造成物理伤害+30%
以太爆发威力+50%
最大体力-80%
适于以下魔兽食用：
百兽纲 百虫纲 有翼纲 草木纲 水栖纲 甲鳞纲 死尸纲","物理与ダメージ＋30％
エーテルバースト威力＋50％
最大ＨＰ－80％
[食事可能な魔獣]
百獣綱 百蟲綱 有翼綱 草木綱 水棲綱 甲鱗綱 死屍綱"
Pawprint,Captured,,,"造成物理伤害+30%
以太爆发威力+50%
最大体力-80%
适于以下魔獣食用：
百兽纲 百虫纲 有翼纲 草木纲 水栖纲 甲鳞纲 死尸纲","物理与ダメージ＋30％
エーテルバースト威力＋50％
最大ＨＰ－80％
[食事可能な魔獣]
百獣綱 百蟲綱 有翼綱 草木綱 水棲綱 甲鱗綱 死屍綱"
Pawprint,Captured,,,"造成物理伤害+40%
特殊効果：暴击时为自身附加“失明”状态
持续时间：30秒
适于以下魔兽食用：
百兽纲 百虫纲 有翼纲 草木纲 水栖纲 甲鳞纲 咒具纲 死尸纲","物理与ダメージ＋40％
特殊効果：クリティカル発生時、自身に暗闇を付与する。
効果時間：30秒
[食事可能な魔獣]
百獣綱 百蟲綱 有翼綱 草木綱 水棲綱 甲鱗綱 呪具綱 死屍綱"
Pawprint,Captured,,,"造成物理伤害+40%
特殊効果：暴击时为自身附加“失明”状态
持续时间：30秒
适于以下魔獣食用：
百兽纲 百虫纲 有翼纲 草木纲 水栖纲 甲鳞纲 咒具纲 死尸纲","物理与ダメージ＋40％
特殊効果：クリティカル発生時、自身に暗闇を付与する。
効果時間：30秒
[食事可能な魔獣]
百獣綱 百蟲綱 有翼綱 草木綱 水棲綱 甲鱗綱 呪具綱 死屍綱"
Pawprint,,,,"造成物理伤害+40%
特殊效果：暴击时为自身附加“失明”状态
持续时间：30秒
适于以下魔兽食用：
百兽纲 百虫纲 有翼纲 草木纲 水栖纲 甲鳞纲 咒具纲 死尸纲","物理与ダメージ＋40％
特殊効果：クリティカル発生時、自身に暗闇を付与する。
効果時間：30秒
[食事可能な魔獣]
百獣綱 百蟲綱 有翼綱 草木綱 水棲綱 甲鱗綱 呪具綱 死屍綱"
Pawprint,Captured,,,"造成物理伤害+40%
特殊效果：暴击时为自身附加“失明”状态
持续时间：30秒
适于以下魔獣食用：
百兽纲 百虫纲 有翼纲 草木纲 水栖纲 甲鳞纲 咒具纲 死尸纲","物理与ダメージ＋40％
特殊効果：クリティカル発生時、自身に暗闇を付与する。
効果時間：30秒
[食事可能な魔獣]
百獣綱 百蟲綱 有翼綱 草木綱 水棲綱 甲鱗綱 呪具綱 死屍綱"
Pawprint,Captured,,,"造成物理伤害+40%
特殊効果：暴击时为自身附加“失明”状态
持续时间：30秒
适于以下魔兽食用：
百兽纲 百虫纲 有翼纲 草木纲 水栖纲 甲鳞纲 咒具纲 死尸纲","物理与ダメージ＋40％
特殊効果：クリティカル発生時、自身に暗闇を付与する。
効果時間：30秒
[食事可能な魔獣]
百獣綱 百蟲綱 有翼綱 草木綱 水棲綱 甲鱗綱 呪具綱 死屍綱"
Pawprint,Captured,,,"造成物理伤害+40%
特殊効果：暴击时为自身附加“失明”状态
持续时间：30秒
适于以下魔獣食用：
百兽纲 百虫纲 有翼纲 草木纲 水栖纲 甲鳞纲 咒具纲 死尸纲","物理与ダメージ＋40％
特殊効果：クリティカル発生時、自身に暗闇を付与する。
効果時間：30秒
[食事可能な魔獣]
百獣綱 百蟲綱 有翼綱 草木綱 水棲綱 甲鱗綱 呪具綱 死屍綱"
Pawprint,Captured,,,"造成物理伤害+40%
特殊效果：暴击时为自身附加“失明”状态
持续时间：30秒
适于以下魔兽食用：
百兽纲 百虫纲 有翼纲 草木纲 水栖纲 甲鳞纲 咒具纲 死尸纲","物理与ダメージ＋40％
特殊効果：クリティカル発生時、自身に暗闇を付与する。
効果時間：30秒
[食事可能な魔獣]
百獣綱 百蟲綱 有翼綱 草木綱 水棲綱 甲鱗綱 呪具綱 死屍綱"
Pawprint,Captured,,,"造成物理伤害+40%
特殊效果：暴击时为自身附加“失明”状态
持续时间：30秒
适于以下魔獣食用：
百兽纲 百虫纲 有翼纲 草木纲 水栖纲 甲鳞纲 咒具纲 死尸纲","物理与ダメージ＋40％
特殊効果：クリティカル発生時、自身に暗闇を付与する。
効果時間：30秒
[食事可能な魔獣]
百獣綱 百蟲綱 有翼綱 草木綱 水棲綱 甲鱗綱 呪具綱 死屍綱"
Pawprint,,,,"造成物理伤害+5%
受到物理伤害-5%","物理与ダメージ＋5％
物理被ダメージ－5％"
Pawprint,Captured,,,"造成物理伤害+5%
受到物理伤害-5%","物理与ダメージ＋5％
物理被ダメージ－5％"
Pawprint,Captured,,,"造成魔法伤害+18%
受到魔法伤害-15%
特殊効果：自身使用技能及奇弈道具的体力恢复效果提高15%","魔法与ダメージ＋18％
魔法被ダメージ－15％
特殊効果：自身が使用するアクションおよびクルーシブルアイテムのＨＰ回復効果が15％上昇する。"
Pawprint,,,,"造成魔法伤害+18%
受到魔法伤害-15%
特殊效果：自身使用技能及奇弈道具的体力恢复效果提高15%","魔法与ダメージ＋18％
魔法被ダメージ－15％
特殊効果：自身が使用するアクションおよびクルーシブルアイテムのＨＰ回復効果が15％上昇する。"
Pawprint,Captured,,,"造成魔法伤害+18%
受到魔法伤害-15%
特殊効果：自身使用技能及奇弈道具的体力恢复效果提高15%","魔法与ダメージ＋18％
魔法被ダメージ－15％
特殊効果：自身が使用するアクションおよびクルーシブルアイテムのＨＰ回復効果が15％上昇する。"
Pawprint,Captured,,,"造成魔法伤害+18%
受到魔法伤害-15%
特殊效果：自身使用技能及奇弈道具的体力恢复效果提高15%","魔法与ダメージ＋18％
魔法被ダメージ－15％
特殊効果：自身が使用するアクションおよびクルーシブルアイテムのＨＰ回復効果が15％上昇する。"
Pawprint,Captured,,,"造成魔法伤害+20%
特殊効果：此斗兽装备的性能也会对召唤中的魔兽产生影响","魔法与ダメージ＋20％
特殊効果：このビーストギアの性能は召喚中のペットにも影響を与える。"
Pawprint,Captured,,,"造成魔法伤害+20%
特殊効果：此斗兽装备的性能也会对召唤中的魔獣产生影响","魔法与ダメージ＋20％
特殊効果：このビーストギアの性能は召喚中のペットにも影響を与える。"
Pawprint,FullCaptureReview,,,"造成魔法伤害+20%
特殊効果：此闘獣装備的性能也会对召唤中的魔獣产生影响","魔法与ダメージ＋20％
特殊効果：このビーストギアの性能は召喚中のペットにも影響を与える。"
Pawprint,,,,"造成魔法伤害+20%
特殊效果：此斗兽装备的性能也会对召唤中的魔兽产生影响","魔法与ダメージ＋20％
特殊効果：このビーストギアの性能は召喚中のペットにも影響を与える。"
Pawprint,Captured,,,"造成魔法伤害+20%
特殊效果：此斗兽装备的性能也会对召唤中的魔獣产生影响","魔法与ダメージ＋20％
特殊効果：このビーストギアの性能は召喚中のペットにも影響を与える。"
Pawprint,FullCaptureReview,,,"造成魔法伤害+20%
特殊效果：此闘獣装備的性能也会对召唤中的魔獣产生影响","魔法与ダメージ＋20％
特殊効果：このビーストギアの性能は召喚中のペットにも影響を与える。"
Pawprint,Captured,,,"造成魔法伤害+20%
特殊効果：此斗兽装备的性能也会对召唤中的魔兽产生影响","魔法与ダメージ＋20％
特殊効果：このビーストギアの性能は召喚中のペットにも影響を与える。"
Pawprint,Captured,,,"造成魔法伤害+20%
特殊効果：此斗兽装备的性能也会对召唤中的魔獣产生影响","魔法与ダメージ＋20％
特殊効果：このビーストギアの性能は召喚中のペットにも影響を与える。"
Pawprint,FullCaptureReview,,,"造成魔法伤害+20%
特殊効果：此闘獣装備的性能也会对召唤中的魔獣产生影响","魔法与ダメージ＋20％
特殊効果：このビーストギアの性能は召喚中のペットにも影響を与える。"
Pawprint,Captured,,,"造成魔法伤害+20%
特殊效果：此斗兽装备的性能也会对召唤中的魔兽产生影响","魔法与ダメージ＋20％
特殊効果：このビーストギアの性能は召喚中のペットにも影響を与える。"
Pawprint,Captured,,,"造成魔法伤害+20%
特殊效果：此斗兽装备的性能也会对召唤中的魔獣产生影响","魔法与ダメージ＋20％
特殊効果：このビーストギアの性能は召喚中のペットにも影響を与える。"
Pawprint,FullCaptureReview,,,"造成魔法伤害+20%
特殊效果：此闘獣装備的性能也会对召唤中的魔獣产生影响","魔法与ダメージ＋20％
特殊効果：このビーストギアの性能は召喚中のペットにも影響を与える。"
Pawprint,,,,"造成魔法伤害+30%
以太爆发威力+15%
适于以下魔兽食用：
百兽纲 百虫纲 有翼纲 草木纲 水栖纲 甲鳞纲 死尸纲","魔法与ダメージ＋30％
エーテルバースト威力＋15％
[食事可能な魔獣]
百獣綱 百蟲綱 有翼綱 草木綱 水棲綱 甲鱗綱 死屍綱"
Pawprint,Captured,,,"造成魔法伤害+30%
以太爆发威力+15%
适于以下魔獣食用：
百兽纲 百虫纲 有翼纲 草木纲 水栖纲 甲鳞纲 死尸纲","魔法与ダメージ＋30％
エーテルバースト威力＋15％
[食事可能な魔獣]
百獣綱 百蟲綱 有翼綱 草木綱 水棲綱 甲鱗綱 死屍綱"
Pawprint,Captured,,,"造成魔法伤害+30%
以太爆发威力+15%
适于以下魔兽食用：
百兽纲 百虫纲 有翼纲 草木纲 水栖纲 甲鳞纲 死尸纲","魔法与ダメージ＋30％
エーテルバースト威力＋15％
[食事可能な魔獣]
百獣綱 百蟲綱 有翼綱 草木綱 水棲綱 甲鱗綱 死屍綱"
Pawprint,Captured,,,"造成魔法伤害+30%
以太爆发威力+15%
适于以下魔獣食用：
百兽纲 百虫纲 有翼纲 草木纲 水栖纲 甲鳞纲 死尸纲","魔法与ダメージ＋30％
エーテルバースト威力＋15％
[食事可能な魔獣]
百獣綱 百蟲綱 有翼綱 草木綱 水棲綱 甲鱗綱 死屍綱"
Pawprint,DLLSourceScan,,,道具/,アイテム/
Pawprint,,,,道具/功能,アイテム／補助
Pawprint,,,,道具/属性耐性,アイテム/属性耐性
Pawprint,,,,道具/强化·生存,アイテム／強化・生存
Pawprint,,,,道具/强化·输出,アイテム／強化・攻撃
Pawprint,,,,道具/攻击,アイテム／攻撃
Pawprint,,,,道具/药品·复活,アイテム／薬品・蘇生
Pawprint,,,,道具/药品·恢复,アイテム／薬品・回復
Pawprint,,,,道具/药品·解状态,アイテム／薬品・状態異常解除
Pawprint,,,,道具/药品·防状态,アイテム／薬品・状態異常耐性
Pawprint,,,,道具个数,アイテム数
Pawprint,MixedTooltipFix,,,道具個数,アイテム数
Pawprint,Captured,,,道具购买,アイテム購入
Pawprint,DLLSourceScan,,,重新召唤后,再召喚後
Pawprint,,,,重新检测,再検出
Pawprint,ExactFix,,,重新验证 OMNI,OMNIを再認証
Pawprint,DLLSourceScan,,,野外战斗自动躲避,フィールド戦闘の自動回避
Pawprint,DLLSourceScan,,,野外捕获完成；副本魔物可在下方选择,フィールド捕獲が完了しました。コンテンツ内の魔物は下から選択できます
Pawprint,,,,野外躲避,フィールド回避
Pawprint,DLLSourceScan,,,野外躲避设置已变更,フィールド回避設定を変更しました
Pawprint,FullCaptureReview,,,"闘獣币获得量+25%
受到物理伤害-10%","ビーストコイン獲得量＋25％
物理被ダメージ－10％"
Pawprint,FullCaptureReview,,,"闘獣币获得量+25%
回避率+4%
最大HP+12%","ビーストコイン獲得量＋25％
回避率＋4％
最大ＨＰ＋12％"
Pawprint,FullCaptureReview,,,"闘獣币获得量+25%
回避率+4%
最大体力+12%","ビーストコイン獲得量＋25％
回避率＋4％
最大ＨＰ＋12％"
Pawprint,FullCaptureReview,,,"闘獣币获得量+25%
暴击发动率-10%
造成伤害+5%","ビーストコイン獲得量＋25％
クリティカル発動率－10％
与ダメージ＋5％"
Pawprint,FullCaptureReview,,,"闘獣币获得量+25%
受到物理伤害-10%","ビーストコイン獲得量＋25％
物理被ダメージ－10％"
Pawprint,FullCaptureReview,,,"闘獣币获得量+25%
回避率+4%
最大HP+12%","ビーストコイン獲得量＋25％
回避率＋4％
最大ＨＰ＋12％"
Pawprint,FullCaptureReview,,,"闘獣币获得量+25%
回避率+4%
最大体力+12%","ビーストコイン獲得量＋25％
回避率＋4％
最大ＨＰ＋12％"
Pawprint,FullCaptureReview,,,"闘獣币获得量+25%
暴击发动率-10%
造成伤害+5%","ビーストコイン獲得量＋25％
クリティカル発動率－10％
与ダメージ＋5％"
Pawprint,DLLSourceScan,,,闘獣練,闘獣練
Pawprint,,,,闘獣練にはOmni Verificationが必要です,闘獣練にはOmni Verificationが必要です
Pawprint,,,,闘獣練の進行記録はありません,闘獣練の進行記録はありません
Pawprint,DLLSourceScan,,,闘獣練场内不执行捕获或野外练级,闘獣練内では捕獲やフィールドレベル上げを実行しません
Pawprint,AssociatedWindowCapture2,,,闘獣練需要 Omni Verification,闘獣練にはOmni認証が必要です
Pawprint,DLLSourceScan,,,防抖,連続発動防止
Pawprint,DLLSourceScan,,,附近魔物等级尚未加载。,付近の魔物レベルがまだ読み込まれていません。
Pawprint,DLLSourceScan,,,限制,制限
Pawprint,ScreenshotFix,,,随机事件,ランダムイベント
Pawprint,Captured,,,零装备 · 零消费,ビーストギアなし · 消費なし
Pawprint,,,,预设,プリセット
Pawprint,,,,预设分享,プリセット共有
Pawprint,DLLSourceScan,,,预设字符串过长,プリセット文字列が長すぎます
Pawprint,,,,预设设置,プリセット設定
Pawprint,,,,领航明灯天狼星灯塔,怪鳥巨塔 シリウス大灯台
Pawprint,,,,飛行を優先###优先飞行,飛行を優先###优先飞行
Pawprint,Captured,,,食事,フィード
Pawprint,Captured,,,食事購入###食料购买,フィード購入###食料购买
Pawprint,Captured,,,食事购买,フィード購入
Pawprint,AssociatedWindowCapture,,,食事购买###食料购买,食事購入###食料购买
Pawprint,,,,食料,フィード
Pawprint,Captured,,,食料购买,フィード購入
Pawprint,DLLSourceScan,,,食物任务、角色或奇盘已变化,フィード処理中にタスク、キャラクター、または盤面が変わりました
Pawprint,,,,首领,ボス
Pawprint,,,,高二 (2),特二盤 (2)
Pawprint,,,,高段第一盘,特一盤
Pawprint,,,,高段第二盘,特二盤
Pawprint,DLLSourceScan,,,高段第二盘暂不支持自动完成,特二盤の自動攻略には現在対応していません
Pawprint,Captured,,,"高速复唱+10%
特殊効果：自身发动战技触发兽心协作技时，有25%的几率恢复一部分消耗的技力","ファストリキャスト＋10％
特殊効果：自身のウェポンスキル実行時に獣心技連携に成功すると、25％の確率で消費したＴＰの一部が回復する。"
Pawprint,,,,"高速复唱+10%
特殊效果：自身发动战技触发兽心协作技时，有25%的几率恢复一部分消耗的技力","ファストリキャスト＋10％
特殊効果：自身のウェポンスキル実行時に獣心技連携に成功すると、25％の確率で消費したＴＰの一部が回復する。"
Pawprint,Captured,,,"高速复唱+10%
特殊効果：自身发动战技触发兽心协作技时，有25%的几率恢复一部分消耗的技力","ファストリキャスト＋10％
特殊効果：自身のウェポンスキル実行時に獣心技連携に成功すると、25％の確率で消費したＴＰの一部が回復する。"
Pawprint,Captured,,,"高速复唱+10%
特殊效果：自身发动战技触发兽心协作技时，有25%的几率恢复一部分消耗的技力","ファストリキャスト＋10％
特殊効果：自身のウェポンスキル実行時に獣心技連携に成功すると、25％の確率で消費したＴＰの一部が回復する。"
Pawprint,,,,"高速复唱+15%
受到物理伤害-8%","ファストリキャスト＋15％
物理被ダメージ－8％"
Pawprint,,,,"高速复唱+15%
受到魔法伤害-8%","ファストリキャスト＋15％
魔法被ダメージ－8％"
Pawprint,Captured,,,"高速复唱+15%
受到物理伤害-8%","ファストリキャスト＋15％
物理被ダメージ－8％"
Pawprint,Captured,,,"高速复唱+15%
受到魔法伤害-8%","ファストリキャスト＋15％
魔法被ダメージ－8％"
Pawprint,Captured,,,"高速复唱+25%
受到伤害-7%
最大HP+15%","ファストリキャスト＋25％
被ダメージ－7％
最大ＨＰ＋15％"
Pawprint,,,,"高速复唱+25%
受到伤害-7%
最大体力+15%","ファストリキャスト＋25％
被ダメージ－7％
最大ＨＰ＋15％"
Pawprint,Captured,,,"高速复唱+25%
受到伤害-7%
最大HP+15%","ファストリキャスト＋25％
被ダメージ－7％
最大ＨＰ＋15％"
Pawprint,Captured,,,"高速复唱+25%
受到伤害-7%
最大体力+15%","ファストリキャスト＋25％
被ダメージ－7％
最大ＨＰ＋15％"
Pawprint,Captured,,,魔兽体力低于（%）,ペットのHPが指定値未満（%）
Pawprint,DLLSourceScan,,,魔兽列表点击事件不唯一,ペット一覧のクリックイベントが一意ではありません
Pawprint,DLLSourceScan,,,魔兽图鉴编号无效,魔獣図鑑の番号が無効です
Pawprint,,,,魔兽领域日影地修炼所,剣闘領域 ハラタリ修練所
Pawprint,,,,魔法被ダメージ－10％,魔法被ダメージ－10％
Pawprint,,,,魔物が選択されていません,魔物が選択されていません
Pawprint,DLLSourceScan,,,魔物图鉴界面不可用,魔獣図鑑画面を利用できません
Pawprint,Captured,,,魔獣体力低于（%）,ペットのHPが指定値未満（%）
Pawprint,DLLSourceScan,,,魔獣列表点击事件不唯一,ペット一覧のクリックイベントが一意ではありません
Pawprint,DLLSourceScan,,,魔獣图鉴编号无效,魔獣図鑑の番号が無効です
Pawprint,,,,"麻痹耐性+100%
受到伤害-10%
适于以下魔兽食用：
百兽纲 百虫纲 有翼纲 草木纲 水栖纲 甲鳞纲 咒具纲 死尸纲","麻痺耐性＋100％
被ダメージ－10％
[食事可能な魔獣]
百獣綱 百蟲綱 有翼綱 草木綱 水棲綱 甲鱗綱 呪具綱 死屍綱"
Pawprint,Captured,,,"麻痹耐性+100%
受到伤害-10%
适于以下魔獣食用：
百兽纲 百虫纲 有翼纲 草木纲 水栖纲 甲鳞纲 咒具纲 死尸纲","麻痺耐性＋100％
被ダメージ－10％
[食事可能な魔獣]
百獣綱 百蟲綱 有翼綱 草木綱 水棲綱 甲鱗綱 呪具綱 死屍綱"
Pawprint,Captured,,,"麻痹耐性+100%
受到伤害-10%
适于以下魔兽食用：
百兽纲 百虫纲 有翼纲 草木纲 水栖纲 甲鳞纲 咒具纲 死尸纲","麻痺耐性＋100％
被ダメージ－10％
[食事可能な魔獣]
百獣綱 百蟲綱 有翼綱 草木綱 水棲綱 甲鱗綱 呪具綱 死屍綱"
Pawprint,Captured,,,"麻痹耐性+100%
受到伤害-10%
适于以下魔獣食用：
百兽纲 百虫纲 有翼纲 草木纲 水栖纲 甲鳞纲 咒具纲 死尸纲","麻痺耐性＋100％
被ダメージ－10％
[食事可能な魔獣]
百獣綱 百蟲綱 有翼綱 草木綱 水棲綱 甲鱗綱 呪具綱 死屍綱"
Pawprint,,,,黑衣森林中央林区,黒衣森：中央森林
Pawprint,,,,黑衣森林北部林区,黒衣森：北部森林
Pawprint,,,,黒衣森：中央森林,黒衣森：中央森林
Pawprint,Captured,,,黒衣森：北部森林,黒衣森：北部森林
Pawprint,,,,默认,既定
Pawprint,DLLSourceScan,,,（停用）,（無効化）
Pawprint,DLLSourceScan,,,（失败）,（失敗）
Pawprint,DLLSourceScan,,,（暂不支持）,（現在未対応）
Pawprint,DLLSourceScan,,,（未编入）,（未編成）
Pawprint,DLLSourceScan,,,（未解锁）,（未開放）
Pawprint,DLLSourceScan,,,（空白规则）,（空のルール）
Pawprint,SourceReview,,,（空规则）,（空のルール）
Pawprint,DLLSourceScan,,,）；仍保留未收录状态,）。未登録の状態は保持されます
Pawprint,DLLSourceScan,,,，准备下一只未捕获魔物,、次の未捕獲ペットを準備します
Pawprint,DLLSourceScan,,,，显示前 ,、先頭を表示：
Pawprint,DLLSourceScan,,,，状态 ,、状態 
Pawprint,DLLSourceScan,,,，避免共享 IPC 冲突,、共有IPCとの競合を避けます
Pawprint,DLLSourceScan,,,；已停止：,／停止済み：
Pawprint,,,,终点,終点
Pawprint,,,,清空整个队伍,編成をすべて解除
Pawprint,,,,魔兽体力低于 (%),魔獣のHPがこの値未満（%）
Pawprint,,,,魔獣体力低于 (%),魔獣のHPがこの値未満（%）
Pawprint,,,,库西,クーシー
Pawprint,,,,1 库西,1 クーシー
Pawprint,,,,1. 库西,1. クーシー
Pawprint,,,,2 库西,2 クーシー
Pawprint,,,,3 库西,3 クーシー
Pawprint,,,,3  库西,3  クーシー
Pawprint,,,,3. 库西,3. クーシー
Pawprint,,,,松鼠,スクウィレル
Pawprint,,,,1 松鼠,1 スクウィレル
Pawprint,,,,1  松鼠,1  スクウィレル
Pawprint,,,,1. 松鼠,1. スクウィレル
Pawprint,,,,2 松鼠,2 スクウィレル
Pawprint,,,,2  松鼠,2  スクウィレル
Pawprint,,,,2. 松鼠,2. スクウィレル
Pawprint,,,,3 松鼠,3 スクウィレル
Pawprint,,,,3. 松鼠,3. スクウィレル
Pawprint,,,,迷途羊羔,シープ
Pawprint,,,,1 迷途羊羔,1 シープ
Pawprint,,,,1  迷途羊羔,1  シープ
Pawprint,,,,1. 迷途羊羔,1. シープ
Pawprint,,,,2 迷途羊羔,2 シープ
Pawprint,,,,2  迷途羊羔,2  シープ
Pawprint,,,,2. 迷途羊羔,2. シープ
Pawprint,,,,3 迷途羊羔,3 シープ
Pawprint,,,,3  迷途羊羔,3  シープ
Pawprint,,,,3. 迷途羊羔,3. シープ
Pawprint,,,,陆鱼,プギル
Pawprint,,,,1 陆鱼,1 プギル
Pawprint,,,,1  陆鱼,1  プギル
Pawprint,,,,1. 陆鱼,1. プギル
Pawprint,,,,2 陆鱼,2 プギル
Pawprint,,,,2. 陆鱼,2. プギル
Pawprint,,,,3 陆鱼,3 プギル
Pawprint,,,,3  陆鱼,3  プギル
Pawprint,,,,3. 陆鱼,3. プギル
Pawprint,,,,奥猴,オポオポ
Pawprint,,,,1 奥猴,1 オポオポ
Pawprint,,,,1. 奥猴,1. オポオポ
Pawprint,,,,2 奥猴,2 オポオポ
Pawprint,,,,2  奥猴,2  オポオポ
Pawprint,,,,2. 奥猴,2. オポオポ
Pawprint,,,,3 奥猴,3 オポオポ
Pawprint,,,,3  奥猴,3  オポオポ
Pawprint,,,,3. 奥猴,3. オポオポ
Pawprint,,,,渡渡鸟,ドードー
Pawprint,,,,1 渡渡鸟,1 ドードー
Pawprint,,,,1  渡渡鸟,1  ドードー
Pawprint,,,,1. 渡渡鸟,1. ドードー
Pawprint,,,,2 渡渡鸟,2 ドードー
Pawprint,,,,2. 渡渡鸟,2. ドードー
Pawprint,,,,3 渡渡鸟,3 ドードー
Pawprint,,,,3  渡渡鸟,3  ドードー
Pawprint,,,,3. 渡渡鸟,3. ドードー
Pawprint,,,,矿爬虫,コブラン
Pawprint,,,,1 矿爬虫,1 コブラン
Pawprint,,,,1  矿爬虫,1  コブラン
Pawprint,,,,1. 矿爬虫,1. コブラン
Pawprint,,,,2 矿爬虫,2 コブラン
Pawprint,,,,2  矿爬虫,2  コブラン
Pawprint,,,,2. 矿爬虫,2. コブラン
Pawprint,,,,3 矿爬虫,3 コブラン
Pawprint,,,,3. 矿爬虫,3. コブラン
Pawprint,,,,凶蛛蝎,ダイアマイト
Pawprint,,,,1 凶蛛蝎,1 ダイアマイト
Pawprint,,,,1  凶蛛蝎,1  ダイアマイト
Pawprint,,,,1. 凶蛛蝎,1. ダイアマイト
Pawprint,,,,2 凶蛛蝎,2 ダイアマイト
Pawprint,,,,2  凶蛛蝎,2  ダイアマイト
Pawprint,,,,2. 凶蛛蝎,2. ダイアマイト
Pawprint,,,,3 凶蛛蝎,3 ダイアマイト
Pawprint,,,,3  凶蛛蝎,3  ダイアマイト
Pawprint,,,,3. 凶蛛蝎,3. ダイアマイト
Pawprint,,,,巨型陆蟹,メガロクラブ
Pawprint,,,,1 巨型陆蟹,1 メガロクラブ
Pawprint,,,,1  巨型陆蟹,1  メガロクラブ
Pawprint,,,,1. 巨型陆蟹,1. メガロクラブ
Pawprint,,,,2 巨型陆蟹,2 メガロクラブ
Pawprint,,,,2  巨型陆蟹,2  メガロクラブ
Pawprint,,,,2. 巨型陆蟹,2. メガロクラブ
Pawprint,,,,3 巨型陆蟹,3 メガロクラブ
Pawprint,,,,3  巨型陆蟹,3  メガロクラブ
Pawprint,,,,3. 巨型陆蟹,3. メガロクラブ
Pawprint,,,,胡蜂,ヴェスパ
Pawprint,,,,1 胡蜂,1 ヴェスパ
Pawprint,,,,2 胡蜂,2 ヴェスパ
Pawprint,,,,3 胡蜂,3 ヴェスパ
Pawprint,,,,兀鹫,ヴァルチャー
Pawprint,,,,1 兀鹫,1 ヴァルチャー
Pawprint,,,,1  兀鹫,1  ヴァルチャー
Pawprint,,,,1. 兀鹫,1. ヴァルチャー
Pawprint,,,,2 兀鹫,2 ヴァルチャー
Pawprint,,,,2  兀鹫,2  ヴァルチャー
Pawprint,,,,2. 兀鹫,2. ヴァルチャー
Pawprint,,,,3 兀鹫,3 ヴァルチャー
Pawprint,,,,3  兀鹫,3  ヴァルチャー
Pawprint,,,,3. 兀鹫,3. ヴァルチャー
Pawprint,,,,蔓德拉,マンドラゴラ
Pawprint,,,,1 蔓德拉,1 マンドラゴラ
Pawprint,,,,1  蔓德拉,1  マンドラゴラ
Pawprint,,,,1. 蔓德拉,1. マンドラゴラ
Pawprint,,,,2 蔓德拉,2 マンドラゴラ
Pawprint,,,,2  蔓德拉,2  マンドラゴラ
Pawprint,,,,2. 蔓德拉,2. マンドラゴラ
Pawprint,,,,3 蔓德拉,3 マンドラゴラ
Pawprint,,,,3  蔓德拉,3  マンドラゴラ
Pawprint,,,,3. 蔓德拉,3. マンドラゴラ
Pawprint,,,,死魂,ゲシュンペスト
Pawprint,,,,1 死魂,1 ゲシュンペスト
Pawprint,,,,1  死魂,1  ゲシュンペスト
Pawprint,,,,1. 死魂,1. ゲシュンペスト
Pawprint,,,,2 死魂,2 ゲシュンペスト
Pawprint,,,,2  死魂,2  ゲシュンペスト
Pawprint,,,,2. 死魂,2. ゲシュンペスト
Pawprint,,,,3 死魂,3 ゲシュンペスト
Pawprint,,,,3  死魂,3  ゲシュンペスト
Pawprint,,,,3. 死魂,3. ゲシュンペスト
Pawprint,,,,跳蜥,プーク
Pawprint,,,,1 跳蜥,1 プーク
Pawprint,,,,1  跳蜥,1  プーク
Pawprint,,,,1. 跳蜥,1. プーク
Pawprint,,,,2 跳蜥,2 プーク
Pawprint,,,,2  跳蜥,2  プーク
Pawprint,,,,2. 跳蜥,2. プーク
Pawprint,,,,3 跳蜥,3 プーク
Pawprint,,,,3  跳蜥,3  プーク
Pawprint,,,,3. 跳蜥,3. プーク
Pawprint,,,,壳蟹,クラブ
Pawprint,,,,1 壳蟹,1 クラブ
Pawprint,,,,1  壳蟹,1  クラブ
Pawprint,,,,1. 壳蟹,1. クラブ
Pawprint,,,,2 壳蟹,2 クラブ
Pawprint,,,,2  壳蟹,2  クラブ
Pawprint,,,,2. 壳蟹,2. クラブ
Pawprint,,,,3 壳蟹,3 クラブ
Pawprint,,,,3  壳蟹,3  クラブ
Pawprint,,,,3. 壳蟹,3. クラブ
Pawprint,,,,1 螳螂,1 マンティス
Pawprint,,,,2 螳螂,2 マンティス
Pawprint,,,,3 螳螂,3 マンティス
Pawprint,,,,3  螳螂,3  マンティス
Pawprint,,,,3. 螳螂,3. マンティス
Pawprint,,,,粘液怪,スライム
Pawprint,,,,1 粘液怪,1 スライム
Pawprint,,,,1  粘液怪,1  スライム
Pawprint,,,,1. 粘液怪,1. スライム
Pawprint,,,,2 粘液怪,2 スライム
Pawprint,,,,2  粘液怪,2  スライム
Pawprint,,,,2. 粘液怪,2. スライム
Pawprint,,,,3 粘液怪,3 スライム
Pawprint,,,,3  粘液怪,3  スライム
Pawprint,,,,3. 粘液怪,3. スライム
Pawprint,,,,无头骑士,デュラハン
Pawprint,,,,1 无头骑士,1 デュラハン
Pawprint,,,,1  无头骑士,1  デュラハン
Pawprint,,,,1. 无头骑士,1. デュラハン
Pawprint,,,,2 无头骑士,2 デュラハン
Pawprint,,,,2  无头骑士,2  デュラハン
Pawprint,,,,2. 无头骑士,2. デュラハン
Pawprint,,,,3 无头骑士,3 デュラハン
Pawprint,,,,3  无头骑士,3  デュラハン
Pawprint,,,,3. 无头骑士,3. デュラハン
Pawprint,,,,蝙蝠,バット
Pawprint,,,,1 蝙蝠,1 バット
Pawprint,,,,1  蝙蝠,1  バット
Pawprint,,,,1. 蝙蝠,1. バット
Pawprint,,,,2 蝙蝠,2 バット
Pawprint,,,,2  蝙蝠,2  バット
Pawprint,,,,2. 蝙蝠,2. バット
Pawprint,,,,3 蝙蝠,3 バット
Pawprint,,,,3  蝙蝠,3  バット
Pawprint,,,,3. 蝙蝠,3. バット
Pawprint,,,,陷阱草,フライングトラップ
Pawprint,,,,1 陷阱草,1 フライングトラップ
Pawprint,,,,1  陷阱草,1  フライングトラップ
Pawprint,,,,1. 陷阱草,1. フライングトラップ
Pawprint,,,,2 陷阱草,2 フライングトラップ
Pawprint,,,,2  陷阱草,2  フライングトラップ
Pawprint,,,,2. 陷阱草,2. フライングトラップ
Pawprint,,,,3 陷阱草,3 フライングトラップ
Pawprint,,,,3  陷阱草,3  フライングトラップ
Pawprint,,,,3. 陷阱草,3. フライングトラップ
Pawprint,,,,席兹,ジズ
Pawprint,,,,1 席兹,1 ジズ
Pawprint,,,,1  席兹,1  ジズ
Pawprint,,,,1. 席兹,1. ジズ
Pawprint,,,,2 席兹,2 ジズ
Pawprint,,,,2  席兹,2  ジズ
Pawprint,,,,2. 席兹,2. ジズ
Pawprint,,,,3 席兹,3 ジズ
Pawprint,,,,3  席兹,3  ジズ
Pawprint,,,,3. 席兹,3. ジズ
Pawprint,,,,仙人刺,サボテンダー
Pawprint,,,,1 仙人刺,1 サボテンダー
Pawprint,,,,1  仙人刺,1  サボテンダー
Pawprint,,,,1. 仙人刺,1. サボテンダー
Pawprint,,,,2 仙人刺,2 サボテンダー
Pawprint,,,,2  仙人刺,2  サボテンダー
Pawprint,,,,2. 仙人刺,2. サボテンダー
Pawprint,,,,3 仙人刺,3 サボテンダー
Pawprint,,,,3  仙人刺,3  サボテンダー
Pawprint,,,,3. 仙人刺,3. サボテンダー
Pawprint,,,,巨像,ゴーレム
Pawprint,,,,1 巨像,1 ゴーレム
Pawprint,,,,1  巨像,1  ゴーレム
Pawprint,,,,1. 巨像,1. ゴーレム
Pawprint,,,,2 巨像,2 ゴーレム
Pawprint,,,,2  巨像,2  ゴーレム
Pawprint,,,,2. 巨像,2. ゴーレム
Pawprint,,,,3 巨像,3 ゴーレム
Pawprint,,,,3  巨像,3  ゴーレム
Pawprint,,,,3. 巨像,3. ゴーレム
Pawprint,,,,碧企鹅,アプカル
Pawprint,,,,1 碧企鹅,1 アプカル
Pawprint,,,,1  碧企鹅,1  アプカル
Pawprint,,,,1. 碧企鹅,1. アプカル
Pawprint,,,,2 碧企鹅,2 アプカル
Pawprint,,,,2  碧企鹅,2  アプカル
Pawprint,,,,2. 碧企鹅,2. アプカル
Pawprint,,,,3 碧企鹅,3 アプカル
Pawprint,,,,3  碧企鹅,3  アプカル
Pawprint,,,,3. 碧企鹅,3. アプカル
Pawprint,,,,精金龟,アダマンタス
Pawprint,,,,1 精金龟,1 アダマンタス
Pawprint,,,,1  精金龟,1  アダマンタス
Pawprint,,,,1. 精金龟,1. アダマンタス
Pawprint,,,,2 精金龟,2 アダマンタス
Pawprint,,,,2  精金龟,2  アダマンタス
Pawprint,,,,2. 精金龟,2. アダマンタス
Pawprint,,,,3 精金龟,3 アダマンタス
Pawprint,,,,3  精金龟,3  アダマンタス
Pawprint,,,,3. 精金龟,3. アダマンタス
Pawprint,,,,大水牛,バッファロー
Pawprint,,,,1 大水牛,1 バッファロー
Pawprint,,,,1  大水牛,1  バッファロー
Pawprint,,,,1. 大水牛,1. バッファロー
Pawprint,,,,2 大水牛,2 バッファロー
Pawprint,,,,2  大水牛,2  バッファロー
Pawprint,,,,2. 大水牛,2. バッファロー
Pawprint,,,,3 大水牛,3 バッファロー
Pawprint,,,,3  大水牛,3  バッファロー
Pawprint,,,,3. 大水牛,3. バッファロー
Pawprint,,,,乌菊石,ウラグナイト
Pawprint,,,,1 乌菊石,1 ウラグナイト
Pawprint,,,,1  乌菊石,1  ウラグナイト
Pawprint,,,,1. 乌菊石,1. ウラグナイト
Pawprint,,,,2 乌菊石,2 ウラグナイト
Pawprint,,,,2  乌菊石,2  ウラグナイト
Pawprint,,,,2. 乌菊石,2. ウラグナイト
Pawprint,,,,3 乌菊石,3 ウラグナイト
Pawprint,,,,3  乌菊石,3  ウラグナイト
Pawprint,,,,3. 乌菊石,3. ウラグナイト
Pawprint,,,,巨虫,ジャイアントウォーム
Pawprint,,,,1 巨虫,1 ジャイアントウォーム
Pawprint,,,,1  巨虫,1  ジャイアントウォーム
Pawprint,,,,1. 巨虫,1. ジャイアントウォーム
Pawprint,,,,2 巨虫,2 ジャイアントウォーム
Pawprint,,,,2  巨虫,2  ジャイアントウォーム
Pawprint,,,,2. 巨虫,2. ジャイアントウォーム
Pawprint,,,,3 巨虫,3 ジャイアントウォーム
Pawprint,,,,3  巨虫,3  ジャイアントウォーム
Pawprint,,,,3. 巨虫,3. ジャイアントウォーム
Pawprint,,,,魔石精,スプリガン
Pawprint,,,,1 魔石精,1 スプリガン
Pawprint,,,,1  魔石精,1  スプリガン
Pawprint,,,,1. 魔石精,1. スプリガン
Pawprint,,,,2 魔石精,2 スプリガン
Pawprint,,,,2  魔石精,2  スプリガン
Pawprint,,,,2. 魔石精,2. スプリガン
Pawprint,,,,3 魔石精,3 スプリガン
Pawprint,,,,3  魔石精,3  スプリガン
Pawprint,,,,3. 魔石精,3. スプリガン
Pawprint,,,,古菩猩猩,グゥーブー
Pawprint,,,,1 古菩猩猩,1 グゥーブー
Pawprint,,,,1  古菩猩猩,1  グゥーブー
Pawprint,,,,1. 古菩猩猩,1. グゥーブー
Pawprint,,,,2 古菩猩猩,2 グゥーブー
Pawprint,,,,2  古菩猩猩,2  グゥーブー
Pawprint,,,,2. 古菩猩猩,2. グゥーブー
Pawprint,,,,3 古菩猩猩,3 グゥーブー
Pawprint,,,,3  古菩猩猩,3  グゥーブー
Pawprint,,,,3. 古菩猩猩,3. グゥーブー
Pawprint,,,,巨蟾蜍,ギガントード
Pawprint,,,,1 巨蟾蜍,1 ギガントード
Pawprint,,,,1  巨蟾蜍,1  ギガントード
Pawprint,,,,1. 巨蟾蜍,1. ギガントード
Pawprint,,,,2 巨蟾蜍,2 ギガントード
Pawprint,,,,2  巨蟾蜍,2  ギガントード
Pawprint,,,,2. 巨蟾蜍,2. ギガントード
Pawprint,,,,3 巨蟾蜍,3 ギガントード
Pawprint,,,,3  巨蟾蜍,3  ギガントード
Pawprint,,,,3. 巨蟾蜍,3. ギガントード
Pawprint,,,,蜂鸟,コリブリ
Pawprint,,,,1 蜂鸟,1 コリブリ
Pawprint,,,,1  蜂鸟,1  コリブリ
Pawprint,,,,1. 蜂鸟,1. コリブリ
Pawprint,,,,2 蜂鸟,2 コリブリ
Pawprint,,,,2. 蜂鸟,2. コリブリ
Pawprint,,,,3 蜂鸟,3 コリブリ
Pawprint,,,,长须豹,クァール
Pawprint,,,,1 长须豹,1 クァール
Pawprint,,,,1  长须豹,1  クァール
Pawprint,,,,1. 长须豹,1. クァール
Pawprint,,,,2 长须豹,2 クァール
Pawprint,,,,2  长须豹,2  クァール
Pawprint,,,,2. 长须豹,2. クァール
Pawprint,,,,3 长须豹,3 クァール
Pawprint,,,,3  长须豹,3  クァール
Pawprint,,,,3. 长须豹,3. クァール
Pawprint,,,,盗龙,ラプトル
Pawprint,,,,1 盗龙,1 ラプトル
Pawprint,,,,1  盗龙,1  ラプトル
Pawprint,,,,1. 盗龙,1. ラプトル
Pawprint,,,,2 盗龙,2 ラプトル
Pawprint,,,,2  盗龙,2  ラプトル
Pawprint,,,,2. 盗龙,2. ラプトル
Pawprint,,,,3 盗龙,3 ラプトル
Pawprint,,,,3  盗龙,3  ラプトル
Pawprint,,,,3. 盗龙,3. ラプトル
Pawprint,,,,烈阳火蛟,ドレイク
Pawprint,,,,1 烈阳火蛟,1 ドレイク
Pawprint,,,,1  烈阳火蛟,1  ドレイク
Pawprint,,,,1. 烈阳火蛟,1. ドレイク
Pawprint,,,,2 烈阳火蛟,2 ドレイク
Pawprint,,,,2  烈阳火蛟,2  ドレイク
Pawprint,,,,2. 烈阳火蛟,2. ドレイク
Pawprint,,,,3 烈阳火蛟,3 ドレイク
Pawprint,,,,3  烈阳火蛟,3  ドレイク
Pawprint,,,,3. 烈阳火蛟,3. ドレイク
Pawprint,,,,1 树精,1 トレント
Pawprint,,,,1  树精,1  トレント
Pawprint,,,,1. 树精,1. トレント
Pawprint,,,,2 树精,2 トレント
Pawprint,,,,2  树精,2  トレント
Pawprint,,,,2. 树精,2. トレント
Pawprint,,,,3 树精,3 トレント
Pawprint,,,,3. 树精,3. トレント
Pawprint,,,,灵蚁,アントリング
Pawprint,,,,1 灵蚁,1 アントリング
Pawprint,,,,1. 灵蚁,1. アントリング
Pawprint,,,,2 灵蚁,2 アントリング
Pawprint,,,,2  灵蚁,2  アントリング
Pawprint,,,,2. 灵蚁,2. アントリング
Pawprint,,,,3 灵蚁,3 アントリング
Pawprint,,,,3  灵蚁,3  アントリング
Pawprint,,,,3. 灵蚁,3. アントリング
Pawprint,,,,奇美拉,キマイラ
Pawprint,,,,1 奇美拉,1 キマイラ
Pawprint,,,,1. 奇美拉,1. キマイラ
Pawprint,,,,2 奇美拉,2 キマイラ
Pawprint,,,,2  奇美拉,2  キマイラ
Pawprint,,,,2. 奇美拉,2. キマイラ
Pawprint,,,,3 奇美拉,3 キマイラ
Pawprint,,,,3. 奇美拉,3. キマイラ
Pawprint,,,,魔界花,モルボル
Pawprint,,,,1 魔界花,1 モルボル
Pawprint,,,,1  魔界花,1  モルボル
Pawprint,,,,1. 魔界花,1. モルボル
Pawprint,,,,2 魔界花,2 モルボル
Pawprint,,,,2  魔界花,2  モルボル
Pawprint,,,,2. 魔界花,2. モルボル
Pawprint,,,,3 魔界花,3 モルボル
Pawprint,,,,3  魔界花,3  モルボル
Pawprint,,,,3. 魔界花,3. モルボル
Pawprint,,,,1 幽灵,1 ゴースト
Pawprint,,,,1  幽灵,1  ゴースト
Pawprint,,,,1. 幽灵,1. ゴースト
Pawprint,,,,2 幽灵,2 ゴースト
Pawprint,,,,2  幽灵,2  ゴースト
Pawprint,,,,2. 幽灵,2. ゴースト
Pawprint,,,,3 幽灵,3 ゴースト
Pawprint,,,,3. 幽灵,3. ゴースト
Pawprint,,,,蝾螈,サラマンダー
Pawprint,,,,1 蝾螈,1 サラマンダー
Pawprint,,,,1  蝾螈,1  サラマンダー
Pawprint,,,,1. 蝾螈,1. サラマンダー
Pawprint,,,,2 蝾螈,2 サラマンダー
Pawprint,,,,2  蝾螈,2  サラマンダー
Pawprint,,,,2. 蝾螈,2. サラマンダー
Pawprint,,,,3 蝾螈,3 サラマンダー
Pawprint,,,,3  蝾螈,3  サラマンダー
Pawprint,,,,3. 蝾螈,3. サラマンダー
Pawprint,,,,眼镜蛇,コブラ
Pawprint,,,,1 眼镜蛇,1 コブラ
Pawprint,,,,1  眼镜蛇,1  コブラ
Pawprint,,,,1. 眼镜蛇,1. コブラ
Pawprint,,,,2 眼镜蛇,2 コブラ
Pawprint,,,,2  眼镜蛇,2  コブラ
Pawprint,,,,2. 眼镜蛇,2. コブラ
Pawprint,,,,3 眼镜蛇,3 コブラ
Pawprint,,,,3  眼镜蛇,3  コブラ
Pawprint,,,,3. 眼镜蛇,3. コブラ
Pawprint,,,,海德拉,ハイドラ
Pawprint,,,,1 海德拉,1 ハイドラ
Pawprint,,,,1  海德拉,1  ハイドラ
Pawprint,,,,1. 海德拉,1. ハイドラ
Pawprint,,,,2 海德拉,2 ハイドラ
Pawprint,,,,2  海德拉,2  ハイドラ
Pawprint,,,,2. 海德拉,2. ハイドラ
Pawprint,,,,3 海德拉,3 ハイドラ
Pawprint,,,,3  海德拉,3  ハイドラ
Pawprint,,,,3. 海德拉,3. ハイドラ
Pawprint,,,,灯心蜻蛉,ダムゼルフライ
Pawprint,,,,1 灯心蜻蛉,1 ダムゼルフライ
Pawprint,,,,1. 灯心蜻蛉,1. ダムゼルフライ
Pawprint,,,,2 灯心蜻蛉,2 ダムゼルフライ
Pawprint,,,,2  灯心蜻蛉,2  ダムゼルフライ
Pawprint,,,,2. 灯心蜻蛉,2. ダムゼルフライ
Pawprint,,,,3 灯心蜻蛉,3 ダムゼルフライ
Pawprint,,,,腐坏古菩猩猩,ロッティンググゥーブー
Pawprint,,,,1 腐坏古菩猩猩,1 ロッティンググゥーブー
Pawprint,,,,1  腐坏古菩猩猩,1  ロッティンググゥーブー
Pawprint,,,,1. 腐坏古菩猩猩,1. ロッティンググゥーブー
Pawprint,,,,2 腐坏古菩猩猩,2 ロッティンググゥーブー
Pawprint,,,,2  腐坏古菩猩猩,2  ロッティンググゥーブー
Pawprint,,,,2. 腐坏古菩猩猩,2. ロッティンググゥーブー
Pawprint,,,,3 腐坏古菩猩猩,3 ロッティンググゥーブー
Pawprint,,,,3  腐坏古菩猩猩,3  ロッティンググゥーブー
Pawprint,,,,3. 腐坏古菩猩猩,3. ロッティンググゥーブー
Pawprint,,,,祖,ズー
Pawprint,,,,1 祖,1 ズー
Pawprint,,,,1  祖,1  ズー
Pawprint,,,,1. 祖,1. ズー
Pawprint,,,,2 祖,2 ズー
Pawprint,,,,2  祖,2  ズー
Pawprint,,,,2. 祖,2. ズー
Pawprint,,,,3 祖,3 ズー
Pawprint,,,,3  祖,3  ズー
Pawprint,,,,3. 祖,3. ズー
Pawprint,,,,寒冰巨像,アイスゴーレム
Pawprint,,,,1 寒冰巨像,1 アイスゴーレム
Pawprint,,,,1  寒冰巨像,1  アイスゴーレム
Pawprint,,,,1. 寒冰巨像,1. アイスゴーレム
Pawprint,,,,2 寒冰巨像,2 アイスゴーレム
Pawprint,,,,2  寒冰巨像,2  アイスゴーレム
Pawprint,,,,2. 寒冰巨像,2. アイスゴーレム
Pawprint,,,,3 寒冰巨像,3 アイスゴーレム
Pawprint,,,,3  寒冰巨像,3  アイスゴーレム
Pawprint,,,,3. 寒冰巨像,3. アイスゴーレム
Pawprint,,,,真红龙虾,カーラボス
Pawprint,,,,1 真红龙虾,1 カーラボス
Pawprint,,,,1  真红龙虾,1  カーラボス
Pawprint,,,,1. 真红龙虾,1. カーラボス
Pawprint,,,,2 真红龙虾,2 カーラボス
Pawprint,,,,2  真红龙虾,2  カーラボス
Pawprint,,,,2. 真红龙虾,2. カーラボス
Pawprint,,,,3 真红龙虾,3 カーラボス
Pawprint,,,,3  真红龙虾,3  カーラボス
Pawprint,,,,3. 真红龙虾,3. カーラボス
Pawprint,,,,大王花,ラフレシア
Pawprint,,,,1 大王花,1 ラフレシア
Pawprint,,,,1  大王花,1  ラフレシア
Pawprint,,,,1. 大王花,1. ラフレシア
Pawprint,,,,2 大王花,2 ラフレシア
Pawprint,,,,2  大王花,2  ラフレシア
Pawprint,,,,2. 大王花,2. ラフレシア
Pawprint,,,,3 大王花,3 ラフレシア
Pawprint,,,,3  大王花,3  ラフレシア
Pawprint,,,,3. 大王花,3. ラフレシア
Pawprint,,,,贝希摩斯,ベヒーモス
Pawprint,,,,1 贝希摩斯,1 ベヒーモス
Pawprint,,,,1  贝希摩斯,1  ベヒーモス
Pawprint,,,,1. 贝希摩斯,1. ベヒーモス
Pawprint,,,,2 贝希摩斯,2 ベヒーモス
Pawprint,,,,2  贝希摩斯,2  ベヒーモス
Pawprint,,,,2. 贝希摩斯,2. ベヒーモス
Pawprint,,,,3 贝希摩斯,3 ベヒーモス
Pawprint,,,,3  贝希摩斯,3  ベヒーモス
Pawprint,,,,3. 贝希摩斯,3. ベヒーモス
Pawprint,,,@Window,ArenaNodeEditor,
