Plugin,Menu,Section,Type,English,Japanese
"AutoRetainer","","","","
Items that are protected are unaffected by these actions",""
"AutoRetainer","","","","             アラグ銅貨: 1/0",""
"AutoRetainer","","",""," by kawaii, NightmareXIV",""
"AutoRetainer","","",""," by Puni.sh and NightmareXIV",""
"AutoRetainer","","","","""Close retainer list and disable plugin"" option for 3 previous settings is enforced during MultiMode operation.","前3項目では、Multi Mode動作中は「リテイナー一覧を閉じてプラグインを無効化」が強制されます。"
"AutoRetainer","","","","(not installed)","（未インストール）"
"AutoRetainer","","","","* Items that already in other lists WILL BE MOVED to Discard List","※ 他のリストに登録済みのアイテムは破棄リストへ移動します"
"AutoRetainer","","","","* Items that already in other lists WILL BE MOVED to Unconditional Sell List","※ 他のリストに登録済みのアイテムは無条件売却リストへ移動します"
"AutoRetainer","","","","* Items that already in Unconditional Sell List or Discard List WILL NOT BE ADDED to Quick Venture Sell List","※ 無条件売却リストまたは破棄リストに登録済みのアイテムは、ほりだしもの依頼売却リストには追加されません"
"AutoRetainer","","","","+ right click","+ 右クリック"
"AutoRetainer","","","","+ 右クリック",""
"AutoRetainer","","","","- Also pause ChillFrames plugin","- ChillFramesプラグインも一時停止"
"AutoRetainer","","","","- Also remove general FPS restriction","- 通常のFPS制限も解除"
"AutoRetainer","","","","- ChillFramesプラグインも一時停止###- Also pause ChillFrames plugin",""
"AutoRetainer","","","","- Lifestream  2.2.1.1+",""
"AutoRetainer","","","","- NoKillPlugin ",""
"AutoRetainer","","","","- 通常のFPS制限も解除###- Also remove general FPS restriction",""
"AutoRetainer","","","","...to apartment","…アパルトメントへ"
"AutoRetainer","","","","...to free company house","…FCハウスへ"
"AutoRetainer","","","","...to private house","…個人宅へ"
"AutoRetainer","","","","...to shared estate","…シェアハウスへ"
"AutoRetainer","","","","5分以内に依頼完了するリテイナーがいる場合はリテイナーメニューに留まる###Stay in retainer menu if there are retainers to finish ventures within 5 minutes or less",""
"AutoRetainer","","","","> [2026/09/02 13:43:24 +09:00] [NeoTaskManager] →Starting to execute task [InteractWithExchange@GCContinuation], timeout=20000",""
"AutoRetainer","","","","> [2026/09/02 13:43:24 +09:00] [NeoTaskManager] →Starting to execute task [SelectProvisioningMission@GCContinuation], timeout=20000",""
"AutoRetainer","","","","> [2026/09/02 13:43:24 +09:00] [NeoTaskManager] →Starting to execute task [WaitUntilNotOccupied@GCContinuation], timeout=20000",""
"AutoRetainer","","","","> [2026/09/02 13:43:24 +09:00] [NeoTaskManager] →→Task [CloseExchange@GCContinuation] completed successfully ",""
"AutoRetainer","","","","> [2026/09/02 13:43:24 +09:00] [NeoTaskManager] →→Task [InteractWithExchange@GCContinuation] completed successfully ",""
"AutoRetainer","","","","> [2026/09/02 13:43:24 +09:00] [NeoTaskManager] →→Task [WaitUntilNotOccupied@GCContinuation] completed successfully ",""
"AutoRetainer","","","","> [2026/09/02 13:43:25 +09:00] Entries: 調達任務
昇級
任務と軍票について
キャンセル",""
"AutoRetainer","","","","> [2026/09/02 13:43:25 +09:00] Entry found: AddonMaster.SelectString.Entry [Text=""調達任務"", Index=0]",""
"AutoRetainer","","","","> [2026/09/02 13:43:25 +09:00] Firing callback: SelectString, valueCount = 1, updateStatte = True, values:
",""
"AutoRetainer","","","","> [2026/09/02 13:43:25 +09:00] TrySelectSpecificEntry: selecting AddonMaster.SelectString.Entry [Text=""調達任務"", Index=0]",""
"AutoRetainer","","","","> [2026/09/02 13:43:25 +09:00] [NeoTaskManager] →Starting to execute task [SelectSupplyListTab(2)@<>c], timeout=20000",""
"AutoRetainer","","","","> [2026/09/02 13:43:25 +09:00] [NeoTaskManager] →→Task [SelectProvisioningMission@GCContinuation] completed successfully ",""
"AutoRetainer","","","","> [2026/09/02 13:43:26 +09:00] Delivering Item",""
"AutoRetainer","","","","> [2026/09/02 13:43:26 +09:00] Firing callback: GrandCompanySupplyList, valueCount = 3, updateStatte = True, values:
",""
"AutoRetainer","","","","> [2026/09/02 13:43:26 +09:00] Handing in item リバーズブレス・ラブリュス for 1979 seals (index=0)",""
"AutoRetainer","","","","> [2026/09/02 13:43:26 +09:00] Handle 1",""
"AutoRetainer","","","","> [2026/09/02 13:43:26 +09:00] Seals: 70054/90000, for item 1979 | リバーズブレス・ラブリュス: True",""
"AutoRetainer","","","","> [2026/09/02 13:43:26 +09:00] Setting exchange mode to Hide_Armoury_Chest_Items (2->2)",""
"AutoRetainer","","","","> [2026/09/02 13:43:26 +09:00] [NeoTaskManager] →Starting to execute task [EnableDeliveringIfPossible@GCContinuation], timeout=20000",""
"AutoRetainer","","","","> [2026/09/02 13:43:26 +09:00] [NeoTaskManager] →→Task [EnableDeliveringIfPossible@GCContinuation] completed successfully ",""
"AutoRetainer","","","","> [2026/09/02 13:43:26 +09:00] [NeoTaskManager] →→Task [SelectSupplyListTab(2)@<>c] completed successfully ",""
"AutoRetainer","","","","> [2026/09/02 13:43:27 +09:00] Delivering Item",""
"AutoRetainer","","","","> [2026/09/02 13:43:27 +09:00] Firing callback: GrandCompanySupplyList, valueCount = 3, updateStatte = True, values:
",""
"AutoRetainer","","","","> [2026/09/02 13:43:27 +09:00] Handing in item リバーズブレス・ツインファング for 1979 seals (index=0)",""
"AutoRetainer","","","","> [2026/09/02 13:43:27 +09:00] Handle 1",""
"AutoRetainer","","","","> [2026/09/02 13:43:27 +09:00] Seals: 72033/90000, for item 1979 | リバーズブレス・ツインファング: True",""
"AutoRetainer","","","","> [2026/09/02 13:43:27 +09:00] Setting exchange mode to Hide_Armoury_Chest_Items (2->2)",""
"AutoRetainer","","","","> [2026/09/02 13:43:28 +09:00] Delivering Item",""
"AutoRetainer","","","","> [2026/09/02 13:43:28 +09:00] Firing callback: GrandCompanySupplyList, valueCount = 3, updateStatte = True, values:
",""
"AutoRetainer","","","","> [2026/09/02 13:43:28 +09:00] Handing in item リバーズブレス・ストライカーハーフマスク for 1979 seals (index=0)",""
"AutoRetainer","","","","> [2026/09/02 13:43:28 +09:00] Handle 1",""
"AutoRetainer","","","","> [2026/09/02 13:43:28 +09:00] Seals: 74012/90000, for item 1979 | リバーズブレス・ストライカーハーフマスク: True",""
"AutoRetainer","","","","> [2026/09/02 13:43:28 +09:00] Setting exchange mode to Hide_Armoury_Chest_Items (2->2)",""
"AutoRetainer","","","","> [2026/09/02 13:43:29 +09:00] Delivering Item",""
"AutoRetainer","","","","> [2026/09/02 13:43:29 +09:00] Firing callback: GrandCompanySupplyList, valueCount = 3, updateStatte = True, values:
",""
"AutoRetainer","","","","> [2026/09/02 13:43:29 +09:00] Handing in item リバーズブレス・ヒーラーチェストラップ for 1979 seals (index=0)",""
"AutoRetainer","","","","> [2026/09/02 13:43:29 +09:00] Handle 1",""
"AutoRetainer","","","","> [2026/09/02 13:43:29 +09:00] Seals: 75991/90000, for item 1979 | リバーズブレス・ヒーラーチェストラップ: True",""
"AutoRetainer","","","","> [2026/09/02 13:43:30 +09:00] Delivering Item",""
"AutoRetainer","","","","> [2026/09/02 13:43:30 +09:00] Firing callback: GrandCompanySupplyList, valueCount = 3, updateStatte = True, values:
",""
"AutoRetainer","","","","> [2026/09/02 13:43:30 +09:00] Handing in item リバーズブレス・ストライカーアームガード for 1979 seals (index=0)",""
"AutoRetainer","","","","> [2026/09/02 13:43:30 +09:00] Handing in item リバーズブレス・レンジャーフィンガーラップ for 1979 seals (index=0)",""
"AutoRetainer","","","","> [2026/09/02 13:43:30 +09:00] Handle 1",""
"AutoRetainer","","","","> [2026/09/02 13:43:30 +09:00] Seals: 77970/90000, for item 1979 | リバーズブレス・ストライカーアームガード: True",""
"AutoRetainer","","","","> [2026/09/02 13:43:30 +09:00] Seals: 79949/90000, for item 1979 | リバーズブレス・レンジャーフィンガーラップ: True",""
"AutoRetainer","","","","> [2026/09/02 13:43:30 +09:00] Setting exchange mode to Hide_Armoury_Chest_Items (2->2)",""
"AutoRetainer","","","","> [2026/09/02 13:43:31 +09:00] Delivering Item",""
"AutoRetainer","","","","> [2026/09/02 13:43:31 +09:00] Firing callback: GrandCompanySupplyList, valueCount = 3, updateStatte = True, values:
",""
"AutoRetainer","","","","> [2026/09/02 13:43:31 +09:00] Handing in item リバーズブレス・ディフェンダーボトム for 1979 seals (index=0)",""
"AutoRetainer","","","","> [2026/09/02 13:43:31 +09:00] Handle 1",""
"AutoRetainer","","","","> [2026/09/02 13:43:31 +09:00] Seals: 81928/90000, for item 1979 | リバーズブレス・ディフェンダーボトム: True",""
"AutoRetainer","","","","> [2026/09/02 13:43:31 +09:00] Setting exchange mode to Hide_Armoury_Chest_Items (2->2)",""
"AutoRetainer","","","","> [2026/09/02 13:43:32 +09:00] Delivering Item",""
"AutoRetainer","","","","> [2026/09/02 13:43:32 +09:00] Firing callback: GrandCompanySupplyList, valueCount = 3, updateStatte = True, values:
",""
"AutoRetainer","","","","> [2026/09/02 13:43:32 +09:00] Handing in item リバーズブレス・レンジャーボトム for 1979 seals (index=0)",""
"AutoRetainer","","","","> [2026/09/02 13:43:32 +09:00] Handle 1",""
"AutoRetainer","","","","> [2026/09/02 13:43:32 +09:00] Seals: 83907/90000, for item 1979 | リバーズブレス・レンジャーボトム: True",""
"AutoRetainer","","","","> [2026/09/02 13:43:32 +09:00] Setting exchange mode to Hide_Armoury_Chest_Items (2->2)",""
"AutoRetainer","","","","> [2026/09/02 13:43:33 +09:00] Delivering Item",""
"AutoRetainer","","","","> [2026/09/02 13:43:33 +09:00] Firing callback: GrandCompanySupplyList, valueCount = 3, updateStatte = True, values:
",""
"AutoRetainer","","","","> [2026/09/02 13:43:33 +09:00] Handing in item リバーズブレス・ディフェンダーイヤリング for 1979 seals (index=0)",""
"AutoRetainer","","","","> [2026/09/02 13:43:33 +09:00] Handle 1",""
"AutoRetainer","","","","> [2026/09/02 13:43:33 +09:00] Seals: 85886/90000, for item 1979 | リバーズブレス・ディフェンダーイヤリング: True",""
"AutoRetainer","","","","> [2026/09/02 13:43:33 +09:00] Setting exchange mode to Hide_Armoury_Chest_Items (2->2)",""
"AutoRetainer","","","","> [2026/09/02 13:43:34 +09:00] Delivering Item",""
"AutoRetainer","","","","> [2026/09/02 13:43:34 +09:00] Firing callback: GrandCompanySupplyList, valueCount = 1, updateStatte = True, values:
",""
"AutoRetainer","","","","> [2026/09/02 13:43:34 +09:00] Firing callback: GrandCompanySupplyList, valueCount = 3, updateStatte = True, values:
",""
"AutoRetainer","","","","> [2026/09/02 13:43:34 +09:00] Handing in item リバーズブレス・ディフェンダーネックレス for 1979 seals (index=0)",""
"AutoRetainer","","","","> [2026/09/02 13:43:34 +09:00] Handle 1",""
"AutoRetainer","","","","> [2026/09/02 13:43:34 +09:00] Seals: 87865/90000, for item 1979 | リバーズブレス・ディフェンダーネックレス: True",""
"AutoRetainer","","","","> [2026/09/02 13:43:34 +09:00] Setting exchange mode to Hide_Armoury_Chest_Items (2->2)",""
"AutoRetainer","","","","> [2026/09/02 13:43:34 +09:00] [AutoRetainer] Too many seals, please spend them",""
"AutoRetainer","","","","> [2026/09/02 13:43:34 +09:00] [NeoTaskManager] Enqueued task BeginNewPurchase@GCContinuation",""
"AutoRetainer","","","","> [2026/09/02 13:43:34 +09:00] [NeoTaskManager] Enqueued task CloseSelectString@GCContinuation",""
"AutoRetainer","","","","> [2026/09/02 13:43:34 +09:00] [NeoTaskManager] Enqueued task CloseSupplyList@GCContinuation",""
"AutoRetainer","","","","> [2026/09/02 13:43:34 +09:00] [NeoTaskManager] Enqueued task EnableDeliveringIfPossible@GCContinuation",""
"AutoRetainer","","","","> [2026/09/02 13:43:34 +09:00] [NeoTaskManager] Enqueued task InteractWithExchange@GCContinuation",""
"AutoRetainer","","","","> [2026/09/02 13:43:34 +09:00] [NeoTaskManager] Enqueued task InteractWithShop@GCContinuation",""
"AutoRetainer","","","","> [2026/09/02 13:43:34 +09:00] [NeoTaskManager] Enqueued task SelectProvisioningMission@GCContinuation",""
"AutoRetainer","","","","> [2026/09/02 13:43:34 +09:00] [NeoTaskManager] Enqueued task SelectSupplyListTab(2)@<>c",""
"AutoRetainer","","","","> [2026/09/02 13:43:34 +09:00] [NeoTaskManager] Enqueued task WaitUntilNotOccupied@GCContinuation",""
"AutoRetainer","","","","> [2026/09/02 13:43:34 +09:00] [NeoTaskManager] →Starting to execute task [CloseSelectString@GCContinuation], timeout=20000",""
"AutoRetainer","","","","> [2026/09/02 13:43:34 +09:00] [NeoTaskManager] →Starting to execute task [CloseSupplyList@GCContinuation], timeout=20000",""
"AutoRetainer","","","","> [2026/09/02 13:43:34 +09:00] [NeoTaskManager] →→Task [CloseSupplyList@GCContinuation] completed successfully ",""
"AutoRetainer","","","","> [2026/09/02 13:43:35 +09:00] Firing callback: SelectString, valueCount = 1, updateStatte = True, values:
",""
"AutoRetainer","","","","> [2026/09/02 13:43:35 +09:00] [NeoTaskManager] Inserted task PurchaseItem@GCContinuation",""
"AutoRetainer","","","","> [2026/09/02 13:43:35 +09:00] [NeoTaskManager] →Starting to execute task [BeginNewPurchase@GCContinuation], timeout=20000",""
"AutoRetainer","","","","> [2026/09/02 13:43:35 +09:00] [NeoTaskManager] →Starting to execute task [InteractWithShop@GCContinuation], timeout=20000",""
"AutoRetainer","","","","> [2026/09/02 13:43:35 +09:00] [NeoTaskManager] →Starting to execute task [PurchaseItem@GCContinuation], timeout=20000",""
"AutoRetainer","","","","> [2026/09/02 13:43:35 +09:00] [NeoTaskManager] →Starting to execute task [WaitUntilNotOccupied@GCContinuation], timeout=20000",""
"AutoRetainer","","","","> [2026/09/02 13:43:35 +09:00] [NeoTaskManager] →→Task [BeginNewPurchase@GCContinuation] completed successfully ",""
"AutoRetainer","","","","> [2026/09/02 13:43:35 +09:00] [NeoTaskManager] →→Task [CloseSelectString@GCContinuation] completed successfully ",""
"AutoRetainer","","","","> [2026/09/02 13:43:35 +09:00] [NeoTaskManager] →→Task [InteractWithShop@GCContinuation] completed successfully ",""
"AutoRetainer","","","","> [2026/09/02 13:43:35 +09:00] [NeoTaskManager] →→Task [WaitUntilNotOccupied@GCContinuation] completed successfully ",""
"AutoRetainer","","","","> [2026/09/02 13:43:36 +09:00] Firing callback: GrandCompanyExchange, valueCount = 1, updateStatte = True, values:
",""
"AutoRetainer","","","","> [2026/09/02 13:43:36 +09:00] Firing callback: GrandCompanyExchange, valueCount = 9, updateStatte = True, values:
",""
"AutoRetainer","","","","> [2026/09/02 13:43:36 +09:00] SelectYesno 漆×33を、19,800枚の軍票と交換します。よろしいですか？ addon 1 by predicate",""
"AutoRetainer","","","","> [2026/09/02 13:43:36 +09:00] [NeoTaskManager] Inserted task <ContinuePurchase>b__1@<>c__DisplayClass33_0",""
"AutoRetainer","","","","> [2026/09/02 13:43:36 +09:00] [NeoTaskManager] Inserted task <ContinuePurchase>b__2@<>c__DisplayClass33_0",""
"AutoRetainer","","","","> [2026/09/02 13:43:36 +09:00] [NeoTaskManager] Inserted task BeginNewPurchase@GCContinuation",""
"AutoRetainer","","","","> [2026/09/02 13:43:36 +09:00] [NeoTaskManager] Inserted task CloseExchange@GCContinuation",""
"AutoRetainer","","","","> [2026/09/02 13:43:36 +09:00] [NeoTaskManager] Inserted task ConfirmExchange@GCContinuation",""
"AutoRetainer","","","","> [2026/09/02 13:43:36 +09:00] [NeoTaskManager] Inserted task Delay (4 frames)@<>c__DisplayClass2_0",""
"AutoRetainer","","","","> [2026/09/02 13:43:36 +09:00] [NeoTaskManager] →Starting to execute task [<ContinuePurchase>b__1@<>c__DisplayClass33_0], timeout=5000",""
"AutoRetainer","","","","> [2026/09/02 13:43:36 +09:00] [NeoTaskManager] →Starting to execute task [<ContinuePurchase>b__2@<>c__DisplayClass33_0], timeout=20000",""
"AutoRetainer","","","","> [2026/09/02 13:43:36 +09:00] [NeoTaskManager] →Starting to execute task [BeginNewPurchase@GCContinuation], timeout=20000",""
"AutoRetainer","","","","> [2026/09/02 13:43:36 +09:00] [NeoTaskManager] →Starting to execute task [CloseExchange@GCContinuation], timeout=20000",""
"AutoRetainer","","","","> [2026/09/02 13:43:36 +09:00] [NeoTaskManager] →Starting to execute task [ConfirmExchange@GCContinuation], timeout=5000",""
"AutoRetainer","","","","> [2026/09/02 13:43:36 +09:00] [NeoTaskManager] →Starting to execute task [Delay (4 frames)@<>c__DisplayClass2_0], timeout=20000",""
"AutoRetainer","","","","> [2026/09/02 13:43:36 +09:00] [NeoTaskManager] →→Task [<ContinuePurchase>b__1@<>c__DisplayClass33_0] completed successfully ",""
"AutoRetainer","","","","> [2026/09/02 13:43:36 +09:00] [NeoTaskManager] →→Task [<ContinuePurchase>b__2@<>c__DisplayClass33_0] completed successfully ",""
"AutoRetainer","","","","> [2026/09/02 13:43:36 +09:00] [NeoTaskManager] →→Task [BeginNewPurchase@GCContinuation] completed successfully ",""
"AutoRetainer","","","","> [2026/09/02 13:43:36 +09:00] [NeoTaskManager] →→Task [CloseExchange@GCContinuation] completed successfully ",""
"AutoRetainer","","","","> [2026/09/02 13:43:36 +09:00] [NeoTaskManager] →→Task [ConfirmExchange@GCContinuation] completed successfully ",""
"AutoRetainer","","","","> [2026/09/02 13:43:36 +09:00] [NeoTaskManager] →→Task [Delay (4 frames)@<>c__DisplayClass2_0] completed successfully ",""
"AutoRetainer","","","","> [2026/09/02 13:43:36 +09:00] [NeoTaskManager] →→Task [PurchaseItem@GCContinuation] completed successfully ",""
"AutoRetainer","","","","> [2026/09/02 13:43:37 +09:00] Entries: 調達任務
昇級
任務と軍票について
キャンセル",""
"AutoRetainer","","","","> [2026/09/02 13:43:37 +09:00] Entry found: AddonMaster.SelectString.Entry [Text=""調達任務"", Index=0]",""
"AutoRetainer","","","","> [2026/09/02 13:43:37 +09:00] Firing callback: SelectString, valueCount = 1, updateStatte = True, values:
",""
"AutoRetainer","","","","> [2026/09/02 13:43:37 +09:00] TrySelectSpecificEntry: selecting AddonMaster.SelectString.Entry [Text=""調達任務"", Index=0]",""
"AutoRetainer","","","","> [2026/09/02 13:43:37 +09:00] [NeoTaskManager] →Starting to execute task [InteractWithExchange@GCContinuation], timeout=20000",""
"AutoRetainer","","","","> [2026/09/02 13:43:37 +09:00] [NeoTaskManager] →Starting to execute task [SelectProvisioningMission@GCContinuation], timeout=20000",""
"AutoRetainer","","","","> [2026/09/02 13:43:37 +09:00] [NeoTaskManager] →Starting to execute task [WaitUntilNotOccupied@GCContinuation], timeout=20000",""
"AutoRetainer","","","","> [2026/09/02 13:43:37 +09:00] [NeoTaskManager] →→Task [InteractWithExchange@GCContinuation] completed successfully ",""
"AutoRetainer","","","","> [2026/09/02 13:43:37 +09:00] [NeoTaskManager] →→Task [SelectProvisioningMission@GCContinuation] completed successfully ",""
"AutoRetainer","","","","> [2026/09/02 13:43:37 +09:00] [NeoTaskManager] →→Task [WaitUntilNotOccupied@GCContinuation] completed successfully ",""
"AutoRetainer","","","","> [2026/09/02 13:43:38 +09:00] Delivering Item",""
"AutoRetainer","","","","> [2026/09/02 13:43:38 +09:00] Firing callback: GrandCompanySupplyList, valueCount = 3, updateStatte = True, values:
",""
"AutoRetainer","","","","> [2026/09/02 13:43:38 +09:00] Handing in item リバーズブレス・キャスターネックレス for 1979 seals (index=0)",""
"AutoRetainer","","","","> [2026/09/02 13:43:38 +09:00] Handle 1",""
"AutoRetainer","","","","> [2026/09/02 13:43:38 +09:00] Seals: 70044/90000, for item 1979 | リバーズブレス・キャスターネックレス: True",""
"AutoRetainer","","","","> [2026/09/02 13:43:38 +09:00] Setting exchange mode to Hide_Armoury_Chest_Items (2->2)",""
"AutoRetainer","","","","> [2026/09/02 13:43:38 +09:00] [NeoTaskManager] →Starting to execute task [EnableDeliveringIfPossible@GCContinuation], timeout=20000",""
"AutoRetainer","","","","> [2026/09/02 13:43:38 +09:00] [NeoTaskManager] →Starting to execute task [SelectSupplyListTab(2)@<>c], timeout=20000",""
"AutoRetainer","","","","> [2026/09/02 13:43:38 +09:00] [NeoTaskManager] →→Task [EnableDeliveringIfPossible@GCContinuation] completed successfully ",""
"AutoRetainer","","","","> [2026/09/02 13:43:38 +09:00] [NeoTaskManager] →→Task [SelectSupplyListTab(2)@<>c] completed successfully ",""
"AutoRetainer","","","","> [2026/09/02 13:43:39 +09:00] Delivering Item",""
"AutoRetainer","","","","> [2026/09/02 13:43:39 +09:00] Firing callback: GrandCompanySupplyList, valueCount = 1, updateStatte = True, values:
",""
"AutoRetainer","","","","> [2026/09/02 13:43:39 +09:00] Firing callback: GrandCompanySupplyList, valueCount = 3, updateStatte = True, values:
",""
"AutoRetainer","","","","> [2026/09/02 13:43:39 +09:00] Handing in item リバーズブレス・ヒーラーリング for 1979 seals (index=0)",""
"AutoRetainer","","","","> [2026/09/02 13:43:39 +09:00] Handle 1",""
"AutoRetainer","","","","> [2026/09/02 13:43:39 +09:00] Seals: 72023/90000, for item 1979 | リバーズブレス・ヒーラーリング: True",""
"AutoRetainer","","","","> [2026/09/02 13:43:39 +09:00] Setting exchange mode to Hide_Armoury_Chest_Items (2->2)",""
"AutoRetainer","","","","> [2026/09/02 13:43:39 +09:00] [AutoRetainer] Automatic handin has been completed",""
"AutoRetainer","","","","> [2026/09/02 13:43:39 +09:00] [NeoTaskManager] Enqueued task CloseSelectString@GCContinuation",""
"AutoRetainer","","","","> [2026/09/02 13:43:39 +09:00] [NeoTaskManager] Enqueued task CloseSupplyList@GCContinuation",""
"AutoRetainer","","","","> [2026/09/02 13:43:39 +09:00] [NeoTaskManager] Enqueued task WaitUntilNotOccupied@GCContinuation",""
"AutoRetainer","","","","> [2026/09/02 13:43:39 +09:00] [NeoTaskManager] →Starting to execute task [CloseSelectString@GCContinuation], timeout=20000",""
"AutoRetainer","","","","> [2026/09/02 13:43:39 +09:00] [NeoTaskManager] →Starting to execute task [CloseSupplyList@GCContinuation], timeout=20000",""
"AutoRetainer","","","","> [2026/09/02 13:43:39 +09:00] [NeoTaskManager] →→Task [CloseSupplyList@GCContinuation] completed successfully ",""
"AutoRetainer","","","","> [2026/09/02 13:43:40 +09:00] Firing callback: SelectString, valueCount = 1, updateStatte = True, values:
",""
"AutoRetainer","","","","> [2026/09/02 13:43:40 +09:00] FPS restrictions restored",""
"AutoRetainer","","","","> [2026/09/02 13:43:40 +09:00] TextAdvance unlocked",""
"AutoRetainer","","","","> [2026/09/02 13:43:40 +09:00] YesAlready unlocked",""
"AutoRetainer","","","","> [2026/09/02 13:43:40 +09:00] [NeoTaskManager] →Starting to execute task [WaitUntilNotOccupied@GCContinuation], timeout=20000",""
"AutoRetainer","","","","> [2026/09/02 13:43:40 +09:00] [NeoTaskManager] →→Task [CloseSelectString@GCContinuation] completed successfully ",""
"AutoRetainer","","","","> [2026/09/02 13:43:40 +09:00] [NeoTaskManager] →→Task [WaitUntilNotOccupied@GCContinuation] completed successfully ",""
"AutoRetainer","","","","> [2026/09/02 13:44:05 +09:00] [NeoTaskManager] Enqueued task <EnqueueWriteWhenPlayerAvailable>b__0_0@<>c",""
"AutoRetainer","","","","> [2026/09/02 13:44:05 +09:00] [NeoTaskManager] →Starting to execute task [<EnqueueWriteWhenPlayerAvailable>b__0_0@<>c], timeout=60000",""
"AutoRetainer","","","","> [2026/09/02 13:44:06 +09:00] [NeoTaskManager] →→Task [<EnqueueWriteWhenPlayerAvailable>b__0_0@<>c] completed successfully ",""
"AutoRetainer","","","","> [2026/09/02 13:44:10 +09:00] [NeoTaskManager] Enqueued task <EnqueueWriteWhenPlayerAvailable>b__0_0@<>c",""
"AutoRetainer","","","","> [2026/09/02 13:44:10 +09:00] [NeoTaskManager] →Starting to execute task [<EnqueueWriteWhenPlayerAvailable>b__0_0@<>c], timeout=60000",""
"AutoRetainer","","","","> [2026/09/02 13:44:10 +09:00] [NeoTaskManager] →→Task [<EnqueueWriteWhenPlayerAvailable>b__0_0@<>c] completed successfully ",""
"AutoRetainer","","","","> [2026/09/02 14:10:56 +09:00] [NeoTaskManager] Enqueued task <EnqueueWriteWhenPlayerAvailable>b__0_0@<>c",""
"AutoRetainer","","","","> [2026/09/02 14:10:56 +09:00] [NeoTaskManager] →Starting to execute task [<EnqueueWriteWhenPlayerAvailable>b__0_0@<>c], timeout=60000",""
"AutoRetainer","","","","> [2026/09/02 14:10:56 +09:00] [NeoTaskManager] →→Task [<EnqueueWriteWhenPlayerAvailable>b__0_0@<>c] completed successfully ",""
"AutoRetainer","","","","> [2026/09/02 14:27:46 +09:00] [NeoTaskManager] Enqueued task <EnqueueWriteWhenPlayerAvailable>b__0_0@<>c",""
"AutoRetainer","","","","> [2026/09/02 14:27:46 +09:00] [NeoTaskManager] →Starting to execute task [<EnqueueWriteWhenPlayerAvailable>b__0_0@<>c], timeout=60000",""
"AutoRetainer","","","","> [2026/09/02 14:27:46 +09:00] [NeoTaskManager] →→Task [<EnqueueWriteWhenPlayerAvailable>b__0_0@<>c] completed successfully ",""
"AutoRetainer","","","","> [2026/09/02 14:54:31 +09:00] [NeoTaskManager] Enqueued task <EnqueueWriteWhenPlayerAvailable>b__0_0@<>c",""
"AutoRetainer","","","","> [2026/09/02 14:54:31 +09:00] [NeoTaskManager] →Starting to execute task [<EnqueueWriteWhenPlayerAvailable>b__0_0@<>c], timeout=60000",""
"AutoRetainer","","","","> [2026/09/02 14:54:31 +09:00] [NeoTaskManager] →→Task [<EnqueueWriteWhenPlayerAvailable>b__0_0@<>c] completed successfully ",""
"AutoRetainer","","","","> [2026/09/02 14:55:17 +09:00] [NeoTaskManager] Enqueued task <EnqueueWriteWhenPlayerAvailable>b__0_0@<>c",""
"AutoRetainer","","","","> [2026/09/02 14:55:17 +09:00] [NeoTaskManager] →Starting to execute task [<EnqueueWriteWhenPlayerAvailable>b__0_0@<>c], timeout=60000",""
"AutoRetainer","","","","> [2026/09/02 14:55:17 +09:00] [NeoTaskManager] →→Task [<EnqueueWriteWhenPlayerAvailable>b__0_0@<>c] completed successfully ",""
"AutoRetainer","","","","> [2026/09/02 14:55:44 +09:00] FPS restrictions removed",""
"AutoRetainer","","","","> [2026/09/02 14:55:44 +09:00] TextAdvance locked",""
"AutoRetainer","","","","> [2026/09/02 14:55:44 +09:00] YesAlready locked",""
"AutoRetainer","","","","> [2026/09/02 14:55:44 +09:00] [NeoTaskManager] Enqueued task BeginNewPurchase@GCContinuation",""
"AutoRetainer","","","","> [2026/09/02 14:55:44 +09:00] [NeoTaskManager] Enqueued task EnableDeliveringIfPossible@GCContinuation",""
"AutoRetainer","","","","> [2026/09/02 14:55:44 +09:00] [NeoTaskManager] Enqueued task InteractWithExchange@GCContinuation",""
"AutoRetainer","","","","> [2026/09/02 14:55:44 +09:00] [NeoTaskManager] Enqueued task InteractWithShop@GCContinuation",""
"AutoRetainer","","","","> [2026/09/02 14:55:44 +09:00] [NeoTaskManager] Enqueued task SelectProvisioningMission@GCContinuation",""
"AutoRetainer","","","","> [2026/09/02 14:55:44 +09:00] [NeoTaskManager] Enqueued task SelectSupplyListTab(2)@<>c",""
"AutoRetainer","","","","> [2026/09/02 14:55:44 +09:00] [NeoTaskManager] Enqueued task WaitUntilNotOccupied@GCContinuation",""
"AutoRetainer","","","","> [2026/09/02 14:55:44 +09:00] [NeoTaskManager] Inserted task PurchaseItem@GCContinuation",""
"AutoRetainer","","","","> [2026/09/02 14:55:44 +09:00] [NeoTaskManager] →Starting to execute task [BeginNewPurchase@GCContinuation], timeout=20000",""
"AutoRetainer","","","","> [2026/09/02 14:55:44 +09:00] [NeoTaskManager] →Starting to execute task [InteractWithShop@GCContinuation], timeout=20000",""
"AutoRetainer","","","","> [2026/09/02 14:55:44 +09:00] [NeoTaskManager] →Starting to execute task [PurchaseItem@GCContinuation], timeout=20000",""
"AutoRetainer","","","","> [2026/09/02 14:55:44 +09:00] [NeoTaskManager] →Starting to execute task [WaitUntilNotOccupied@GCContinuation], timeout=20000",""
"AutoRetainer","","","","> [2026/09/02 14:55:44 +09:00] [NeoTaskManager] →→Task [BeginNewPurchase@GCContinuation] completed successfully ",""
"AutoRetainer","","","","> [2026/09/02 14:55:44 +09:00] [NeoTaskManager] →→Task [InteractWithShop@GCContinuation] completed successfully ",""
"AutoRetainer","","","","> [2026/09/02 14:55:44 +09:00] [NeoTaskManager] →→Task [WaitUntilNotOccupied@GCContinuation] completed successfully ",""
"AutoRetainer","","","","> [2026/09/02 14:55:45 +09:00] Firing callback: GrandCompanyExchange, valueCount = 9, updateStatte = True, values:
",""
"AutoRetainer","","","","> [2026/09/02 14:55:45 +09:00] SelectYesno 漆×6を、3,600枚の軍票と交換します。よろしいですか？ addon 1 by predicate",""
"AutoRetainer","","","","> [2026/09/02 14:55:45 +09:00] [NeoTaskManager] Inserted task <ContinuePurchase>b__1@<>c__DisplayClass33_0",""
"AutoRetainer","","","","> [2026/09/02 14:55:45 +09:00] [NeoTaskManager] Inserted task <ContinuePurchase>b__2@<>c__DisplayClass33_0",""
"AutoRetainer","","","","> [2026/09/02 14:55:45 +09:00] [NeoTaskManager] Inserted task BeginNewPurchase@GCContinuation",""
"AutoRetainer","","","","> [2026/09/02 14:55:45 +09:00] [NeoTaskManager] Inserted task ConfirmExchange@GCContinuation",""
"AutoRetainer","","","","> [2026/09/02 14:55:45 +09:00] [NeoTaskManager] Inserted task Delay (4 frames)@<>c__DisplayClass2_0",""
"AutoRetainer","","","","> [2026/09/02 14:55:45 +09:00] [NeoTaskManager] →Starting to execute task [ConfirmExchange@GCContinuation], timeout=5000",""
"AutoRetainer","","","","> [2026/09/02 14:55:45 +09:00] [NeoTaskManager] →→Task [ConfirmExchange@GCContinuation] completed successfully ",""
"AutoRetainer","","","","> [2026/09/02 14:55:45 +09:00] [NeoTaskManager] →→Task [PurchaseItem@GCContinuation] completed successfully ",""
"AutoRetainer","","","","> [2026/09/02 14:55:46 +09:00] Firing callback: GrandCompanyExchange, valueCount = 1, updateStatte = True, values:
",""
"AutoRetainer","","","","> [2026/09/02 14:55:46 +09:00] [NeoTaskManager] Inserted task CloseExchange@GCContinuation",""
"AutoRetainer","","","","> [2026/09/02 14:55:46 +09:00] [NeoTaskManager] →Starting to execute task [<ContinuePurchase>b__1@<>c__DisplayClass33_0], timeout=5000",""
"AutoRetainer","","","","> [2026/09/02 14:55:46 +09:00] [NeoTaskManager] →Starting to execute task [<ContinuePurchase>b__2@<>c__DisplayClass33_0], timeout=20000",""
"AutoRetainer","","","","> [2026/09/02 14:55:46 +09:00] [NeoTaskManager] →Starting to execute task [BeginNewPurchase@GCContinuation], timeout=20000",""
"AutoRetainer","","","","> [2026/09/02 14:55:46 +09:00] [NeoTaskManager] →Starting to execute task [CloseExchange@GCContinuation], timeout=20000",""
"AutoRetainer","","","","> [2026/09/02 14:55:46 +09:00] [NeoTaskManager] →Starting to execute task [Delay (4 frames)@<>c__DisplayClass2_0], timeout=20000",""
"AutoRetainer","","","","> [2026/09/02 14:55:46 +09:00] [NeoTaskManager] →Starting to execute task [InteractWithExchange@GCContinuation], timeout=20000",""
"AutoRetainer","","","","> [2026/09/02 14:55:46 +09:00] [NeoTaskManager] →Starting to execute task [SelectProvisioningMission@GCContinuation], timeout=20000",""
"AutoRetainer","","","","> [2026/09/02 14:55:46 +09:00] [NeoTaskManager] →Starting to execute task [WaitUntilNotOccupied@GCContinuation], timeout=20000",""
"AutoRetainer","","","","> [2026/09/02 14:55:46 +09:00] [NeoTaskManager] →→Task [<ContinuePurchase>b__1@<>c__DisplayClass33_0] completed successfully ",""
"AutoRetainer","","","","> [2026/09/02 14:55:46 +09:00] [NeoTaskManager] →→Task [<ContinuePurchase>b__2@<>c__DisplayClass33_0] completed successfully ",""
"AutoRetainer","","","","> [2026/09/02 14:55:46 +09:00] [NeoTaskManager] →→Task [BeginNewPurchase@GCContinuation] completed successfully ",""
"AutoRetainer","","","","> [2026/09/02 14:55:46 +09:00] [NeoTaskManager] →→Task [CloseExchange@GCContinuation] completed successfully ",""
"AutoRetainer","","","","> [2026/09/02 14:55:46 +09:00] [NeoTaskManager] →→Task [Delay (4 frames)@<>c__DisplayClass2_0] completed successfully ",""
"AutoRetainer","","","","> [2026/09/02 14:55:46 +09:00] [NeoTaskManager] →→Task [InteractWithExchange@GCContinuation] completed successfully ",""
"AutoRetainer","","","","> [2026/09/02 14:55:46 +09:00] [NeoTaskManager] →→Task [WaitUntilNotOccupied@GCContinuation] completed successfully ",""
"AutoRetainer","","","","> [2026/09/02 14:55:47 +09:00] Entries: 調達任務
昇級
任務と軍票について
キャンセル",""
"AutoRetainer","","","","> [2026/09/02 14:55:47 +09:00] Entry found: AddonMaster.SelectString.Entry [Text=""調達任務"", Index=0]",""
"AutoRetainer","","","","> [2026/09/02 14:55:47 +09:00] Firing callback: SelectString, valueCount = 1, updateStatte = True, values:
",""
"AutoRetainer","","","","> [2026/09/02 14:55:47 +09:00] TrySelectSpecificEntry: selecting AddonMaster.SelectString.Entry [Text=""調達任務"", Index=0]",""
"AutoRetainer","","","","> [2026/09/02 14:55:47 +09:00] [NeoTaskManager] →Starting to execute task [SelectSupplyListTab(2)@<>c], timeout=20000",""
"AutoRetainer","","","","> [2026/09/02 14:55:47 +09:00] [NeoTaskManager] →→Task [SelectProvisioningMission@GCContinuation] completed successfully ",""
"AutoRetainer","","","","> [2026/09/02 14:55:48 +09:00] Delivering Item",""
"AutoRetainer","","","","> [2026/09/02 14:55:48 +09:00] Firing callback: GrandCompanySupplyList, valueCount = 3, updateStatte = True, values:
",""
"AutoRetainer","","","","> [2026/09/02 14:55:48 +09:00] Handing in item リバーズブレス・ウォーサイズ for 1979 seals (index=0)",""
"AutoRetainer","","","","> [2026/09/02 14:55:48 +09:00] Handle 1",""
"AutoRetainer","","","","> [2026/09/02 14:55:48 +09:00] Seals: 70402/90000, for item 1979 | リバーズブレス・ウォーサイズ: True",""
"AutoRetainer","","","","> [2026/09/02 14:55:48 +09:00] Setting exchange mode to Hide_Armoury_Chest_Items (2->2)",""
"AutoRetainer","","","","> [2026/09/02 14:55:48 +09:00] [NeoTaskManager] →Starting to execute task [EnableDeliveringIfPossible@GCContinuation], timeout=20000",""
"AutoRetainer","","","","> [2026/09/02 14:55:48 +09:00] [NeoTaskManager] →→Task [EnableDeliveringIfPossible@GCContinuation] completed successfully ",""
"AutoRetainer","","","","> [2026/09/02 14:55:48 +09:00] [NeoTaskManager] →→Task [SelectSupplyListTab(2)@<>c] completed successfully ",""
"AutoRetainer","","","","> [2026/09/02 14:55:49 +09:00] Delivering Item",""
"AutoRetainer","","","","> [2026/09/02 14:55:49 +09:00] Firing callback: GrandCompanySupplyList, valueCount = 3, updateStatte = True, values:
",""
"AutoRetainer","","","","> [2026/09/02 14:55:49 +09:00] Handing in item リバーズブレス・レンジャーチェストピース for 1979 seals (index=0)",""
"AutoRetainer","","","","> [2026/09/02 14:55:49 +09:00] Handle 1",""
"AutoRetainer","","","","> [2026/09/02 14:55:49 +09:00] Seals: 72381/90000, for item 1979 | リバーズブレス・レンジャーチェストピース: True",""
"AutoRetainer","","","","> [2026/09/02 14:55:49 +09:00] Setting exchange mode to Hide_Armoury_Chest_Items (2->2)",""
"AutoRetainer","","","","> [2026/09/02 14:55:50 +09:00] Delivering Item",""
"AutoRetainer","","","","> [2026/09/02 14:55:50 +09:00] Firing callback: GrandCompanySupplyList, valueCount = 3, updateStatte = True, values:
",""
"AutoRetainer","","","","> [2026/09/02 14:55:50 +09:00] Handing in item リバーズブレス・キャスターフィンガーラップ for 1979 seals (index=0)",""
"AutoRetainer","","","","> [2026/09/02 14:55:50 +09:00] Handle 1",""
"AutoRetainer","","","","> [2026/09/02 14:55:50 +09:00] Seals: 74360/90000, for item 1979 | リバーズブレス・キャスターフィンガーラップ: True",""
"AutoRetainer","","","","> [2026/09/02 14:55:50 +09:00] Setting exchange mode to Hide_Armoury_Chest_Items (2->2)",""
"AutoRetainer","","","","> [2026/09/02 14:55:51 +09:00] Delivering Item",""
"AutoRetainer","","","","> [2026/09/02 14:55:51 +09:00] Firing callback: GrandCompanySupplyList, valueCount = 3, updateStatte = True, values:
",""
"AutoRetainer","","","","> [2026/09/02 14:55:51 +09:00] Handing in item リバーズブレス・ストライカーホーズ for 1979 seals (index=0)",""
"AutoRetainer","","","","> [2026/09/02 14:55:51 +09:00] Handle 1",""
"AutoRetainer","","","","> [2026/09/02 14:55:51 +09:00] Seals: 76339/90000, for item 1979 | リバーズブレス・ストライカーホーズ: True",""
"AutoRetainer","","","","> [2026/09/02 14:55:51 +09:00] Setting exchange mode to Hide_Armoury_Chest_Items (2->2)",""
"AutoRetainer","","","","> [2026/09/02 14:55:52 +09:00] Delivering Item",""
"AutoRetainer","","","","> [2026/09/02 14:55:52 +09:00] Firing callback: GrandCompanySupplyList, valueCount = 3, updateStatte = True, values:
",""
"AutoRetainer","","","","> [2026/09/02 14:55:52 +09:00] Handing in item リバーズブレス・レンジャーボトム for 1979 seals (index=0)",""
"AutoRetainer","","","","> [2026/09/02 14:55:52 +09:00] Handle 1",""
"AutoRetainer","","","","> [2026/09/02 14:55:52 +09:00] Seals: 78318/90000, for item 1979 | リバーズブレス・レンジャーボトム: True",""
"AutoRetainer","","","","> [2026/09/02 14:55:52 +09:00] Setting exchange mode to Hide_Armoury_Chest_Items (2->2)",""
"AutoRetainer","","","","> [2026/09/02 14:55:53 +09:00] Delivering Item",""
"AutoRetainer","","","","> [2026/09/02 14:55:53 +09:00] Firing callback: GrandCompanySupplyList, valueCount = 3, updateStatte = True, values:
",""
"AutoRetainer","","","","> [2026/09/02 14:55:53 +09:00] Handing in item リバーズブレス・スカウトグリーヴ for 1979 seals (index=0)",""
"AutoRetainer","","","","> [2026/09/02 14:55:53 +09:00] Handing in item リバーズブレス・レンジャーブーツ for 1979 seals (index=0)",""
"AutoRetainer","","","","> [2026/09/02 14:55:53 +09:00] Handle 1",""
"AutoRetainer","","","","> [2026/09/02 14:55:53 +09:00] Seals: 80297/90000, for item 1979 | リバーズブレス・スカウトグリーヴ: True",""
"AutoRetainer","","","","> [2026/09/02 14:55:53 +09:00] Seals: 82276/90000, for item 1979 | リバーズブレス・レンジャーブーツ: True",""
"AutoRetainer","","","","> [2026/09/02 14:55:53 +09:00] Setting exchange mode to Hide_Armoury_Chest_Items (2->2)",""
"AutoRetainer","","","","> [2026/09/02 14:55:54 +09:00] Delivering Item",""
"AutoRetainer","","","","> [2026/09/02 14:55:54 +09:00] Firing callback: GrandCompanySupplyList, valueCount = 3, updateStatte = True, values:
",""
"AutoRetainer","","","","> [2026/09/02 14:55:54 +09:00] Handing in item リバーズブレス・ヒーラーイヤリング for 1979 seals (index=0)",""
"AutoRetainer","","","","> [2026/09/02 14:55:54 +09:00] Handle 1",""
"AutoRetainer","","","","> [2026/09/02 14:55:54 +09:00] Seals: 84255/90000, for item 1979 | リバーズブレス・ヒーラーイヤリング: True",""
"AutoRetainer","","","","> [2026/09/02 14:55:54 +09:00] Setting exchange mode to Hide_Armoury_Chest_Items (2->2)",""
"AutoRetainer","","","","> [2026/09/02 14:55:55 +09:00] Delivering Item",""
"AutoRetainer","","","","> [2026/09/02 14:55:55 +09:00] Firing callback: GrandCompanySupplyList, valueCount = 3, updateStatte = True, values:
",""
"AutoRetainer","","","","> [2026/09/02 14:55:55 +09:00] Handing in item リバーズブレス・ディフェンダーネックレス for 1979 seals (index=0)",""
"AutoRetainer","","","","> [2026/09/02 14:55:55 +09:00] Handle 1",""
"AutoRetainer","","","","> [2026/09/02 14:55:55 +09:00] Seals: 86234/90000, for item 1979 | リバーズブレス・ディフェンダーネックレス: True",""
"AutoRetainer","","","","> [2026/09/02 14:55:55 +09:00] Setting exchange mode to Hide_Armoury_Chest_Items (2->2)",""
"AutoRetainer","","","","> [2026/09/02 14:55:56 +09:00] Firing callback: GrandCompanySupplyList, valueCount = 1, updateStatte = True, values:
",""
"AutoRetainer","","","","> [2026/09/02 14:55:56 +09:00] Firing callback: SelectString, valueCount = 1, updateStatte = True, values:
",""
"AutoRetainer","","","","> [2026/09/02 14:55:56 +09:00] Setting exchange mode to Hide_Armoury_Chest_Items (2->2)",""
"AutoRetainer","","","","> [2026/09/02 14:55:56 +09:00] [AutoRetainer] Too many seals, please spend them",""
"AutoRetainer","","","","> [2026/09/02 14:55:56 +09:00] [NeoTaskManager] Enqueued task BeginNewPurchase@GCContinuation",""
"AutoRetainer","","","","> [2026/09/02 14:55:56 +09:00] [NeoTaskManager] Enqueued task CloseSelectString@GCContinuation",""
"AutoRetainer","","","","> [2026/09/02 14:55:56 +09:00] [NeoTaskManager] Enqueued task CloseSupplyList@GCContinuation",""
"AutoRetainer","","","","> [2026/09/02 14:55:56 +09:00] [NeoTaskManager] Enqueued task EnableDeliveringIfPossible@GCContinuation",""
"AutoRetainer","","","","> [2026/09/02 14:55:56 +09:00] [NeoTaskManager] Enqueued task InteractWithExchange@GCContinuation",""
"AutoRetainer","","","","> [2026/09/02 14:55:56 +09:00] [NeoTaskManager] Enqueued task InteractWithShop@GCContinuation",""
"AutoRetainer","","","","> [2026/09/02 14:55:56 +09:00] [NeoTaskManager] Enqueued task SelectProvisioningMission@GCContinuation",""
"AutoRetainer","","","","> [2026/09/02 14:55:56 +09:00] [NeoTaskManager] Enqueued task SelectSupplyListTab(2)@<>c",""
"AutoRetainer","","","","> [2026/09/02 14:55:56 +09:00] [NeoTaskManager] Enqueued task WaitUntilNotOccupied@GCContinuation",""
"AutoRetainer","","","","> [2026/09/02 14:55:56 +09:00] [NeoTaskManager] →Starting to execute task [CloseSelectString@GCContinuation], timeout=20000",""
"AutoRetainer","","","","> [2026/09/02 14:55:56 +09:00] [NeoTaskManager] →Starting to execute task [CloseSupplyList@GCContinuation], timeout=20000",""
"AutoRetainer","","","","> [2026/09/02 14:55:56 +09:00] [NeoTaskManager] →Starting to execute task [InteractWithShop@GCContinuation], timeout=20000",""
"AutoRetainer","","","","> [2026/09/02 14:55:56 +09:00] [NeoTaskManager] →Starting to execute task [WaitUntilNotOccupied@GCContinuation], timeout=20000",""
"AutoRetainer","","","","> [2026/09/02 14:55:56 +09:00] [NeoTaskManager] →→Task [CloseSelectString@GCContinuation] completed successfully ",""
"AutoRetainer","","","","> [2026/09/02 14:55:56 +09:00] [NeoTaskManager] →→Task [CloseSupplyList@GCContinuation] completed successfully ",""
"AutoRetainer","","","","> [2026/09/02 14:55:56 +09:00] [NeoTaskManager] →→Task [WaitUntilNotOccupied@GCContinuation] completed successfully ",""
"AutoRetainer","","","","> [2026/09/02 14:55:57 +09:00] [NeoTaskManager] Inserted task PurchaseItem@GCContinuation",""
"AutoRetainer","","","","> [2026/09/02 14:55:57 +09:00] [NeoTaskManager] →Starting to execute task [BeginNewPurchase@GCContinuation], timeout=20000",""
"AutoRetainer","","","","> [2026/09/02 14:55:57 +09:00] [NeoTaskManager] →Starting to execute task [PurchaseItem@GCContinuation], timeout=20000",""
"AutoRetainer","","","","> [2026/09/02 14:55:57 +09:00] [NeoTaskManager] →→Task [BeginNewPurchase@GCContinuation] completed successfully ",""
"AutoRetainer","","","","> [2026/09/02 14:55:57 +09:00] [NeoTaskManager] →→Task [InteractWithShop@GCContinuation] completed successfully ",""
"AutoRetainer","","","","> [2026/09/02 14:55:58 +09:00] Firing callback: GrandCompanyExchange, valueCount = 1, updateStatte = True, values:
",""
"AutoRetainer","","","","> [2026/09/02 14:55:58 +09:00] Firing callback: GrandCompanyExchange, valueCount = 9, updateStatte = True, values:
",""
"AutoRetainer","","","","> [2026/09/02 14:55:58 +09:00] SelectYesno 漆×30を、18,000枚の軍票と交換します。よろしいですか？ addon 1 by predicate",""
"AutoRetainer","","","","> [2026/09/02 14:55:58 +09:00] [NeoTaskManager] Inserted task <ContinuePurchase>b__1@<>c__DisplayClass33_0",""
"AutoRetainer","","","","> [2026/09/02 14:55:58 +09:00] [NeoTaskManager] Inserted task <ContinuePurchase>b__2@<>c__DisplayClass33_0",""
"AutoRetainer","","","","> [2026/09/02 14:55:58 +09:00] [NeoTaskManager] Inserted task BeginNewPurchase@GCContinuation",""
"AutoRetainer","","","","> [2026/09/02 14:55:58 +09:00] [NeoTaskManager] Inserted task CloseExchange@GCContinuation",""
"AutoRetainer","","","","> [2026/09/02 14:55:58 +09:00] [NeoTaskManager] Inserted task ConfirmExchange@GCContinuation",""
"AutoRetainer","","","","> [2026/09/02 14:55:58 +09:00] [NeoTaskManager] Inserted task Delay (4 frames)@<>c__DisplayClass2_0",""
"AutoRetainer","","","","> [2026/09/02 14:55:58 +09:00] [NeoTaskManager] →Starting to execute task [<ContinuePurchase>b__1@<>c__DisplayClass33_0], timeout=5000",""
"AutoRetainer","","","","> [2026/09/02 14:55:58 +09:00] [NeoTaskManager] →Starting to execute task [<ContinuePurchase>b__2@<>c__DisplayClass33_0], timeout=20000",""
"AutoRetainer","","","","> [2026/09/02 14:55:58 +09:00] [NeoTaskManager] →Starting to execute task [BeginNewPurchase@GCContinuation], timeout=20000",""
"AutoRetainer","","","","> [2026/09/02 14:55:58 +09:00] [NeoTaskManager] →Starting to execute task [CloseExchange@GCContinuation], timeout=20000",""
"AutoRetainer","","","","> [2026/09/02 14:55:58 +09:00] [NeoTaskManager] →Starting to execute task [ConfirmExchange@GCContinuation], timeout=5000",""
"AutoRetainer","","","","> [2026/09/02 14:55:58 +09:00] [NeoTaskManager] →Starting to execute task [Delay (4 frames)@<>c__DisplayClass2_0], timeout=20000",""
"AutoRetainer","","","","> [2026/09/02 14:55:58 +09:00] [NeoTaskManager] →Starting to execute task [WaitUntilNotOccupied@GCContinuation], timeout=20000",""
"AutoRetainer","","","","> [2026/09/02 14:55:58 +09:00] [NeoTaskManager] →→Task [<ContinuePurchase>b__1@<>c__DisplayClass33_0] completed successfully ",""
"AutoRetainer","","","","> [2026/09/02 14:55:58 +09:00] [NeoTaskManager] →→Task [<ContinuePurchase>b__2@<>c__DisplayClass33_0] completed successfully ",""
"AutoRetainer","","","","> [2026/09/02 14:55:58 +09:00] [NeoTaskManager] →→Task [BeginNewPurchase@GCContinuation] completed successfully ",""
"AutoRetainer","","","","> [2026/09/02 14:55:58 +09:00] [NeoTaskManager] →→Task [CloseExchange@GCContinuation] completed successfully ",""
"AutoRetainer","","","","> [2026/09/02 14:55:58 +09:00] [NeoTaskManager] →→Task [ConfirmExchange@GCContinuation] completed successfully ",""
"AutoRetainer","","","","> [2026/09/02 14:55:58 +09:00] [NeoTaskManager] →→Task [Delay (4 frames)@<>c__DisplayClass2_0] completed successfully ",""
"AutoRetainer","","","","> [2026/09/02 14:55:58 +09:00] [NeoTaskManager] →→Task [PurchaseItem@GCContinuation] completed successfully ",""
"AutoRetainer","","","","> [2026/09/02 14:55:59 +09:00] Entries: 調達任務
昇級
任務と軍票について
キャンセル",""
"AutoRetainer","","","","> [2026/09/02 14:55:59 +09:00] Entry found: AddonMaster.SelectString.Entry [Text=""調達任務"", Index=0]",""
"AutoRetainer","","","","> [2026/09/02 14:55:59 +09:00] Firing callback: SelectString, valueCount = 1, updateStatte = True, values:
",""
"AutoRetainer","","","","> [2026/09/02 14:55:59 +09:00] TrySelectSpecificEntry: selecting AddonMaster.SelectString.Entry [Text=""調達任務"", Index=0]",""
"AutoRetainer","","","","> [2026/09/02 14:55:59 +09:00] [NeoTaskManager] →Starting to execute task [InteractWithExchange@GCContinuation], timeout=20000",""
"AutoRetainer","","","","> [2026/09/02 14:55:59 +09:00] [NeoTaskManager] →Starting to execute task [SelectProvisioningMission@GCContinuation], timeout=20000",""
"AutoRetainer","","","","> [2026/09/02 14:55:59 +09:00] [NeoTaskManager] →→Task [InteractWithExchange@GCContinuation] completed successfully ",""
"AutoRetainer","","","","> [2026/09/02 14:55:59 +09:00] [NeoTaskManager] →→Task [SelectProvisioningMission@GCContinuation] completed successfully ",""
"AutoRetainer","","","","> [2026/09/02 14:55:59 +09:00] [NeoTaskManager] →→Task [WaitUntilNotOccupied@GCContinuation] completed successfully ",""
"AutoRetainer","","","","> [2026/09/02 14:56:00 +09:00] Delivering Item",""
"AutoRetainer","","","","> [2026/09/02 14:56:00 +09:00] Firing callback: GrandCompanySupplyList, valueCount = 3, updateStatte = True, values:
",""
"AutoRetainer","","","","> [2026/09/02 14:56:00 +09:00] Handing in item リバーズブレス・レンジャーネックレス for 1979 seals (index=0)",""
"AutoRetainer","","","","> [2026/09/02 14:56:00 +09:00] Handle 1",""
"AutoRetainer","","","","> [2026/09/02 14:56:00 +09:00] Seals: 70213/90000, for item 1979 | リバーズブレス・レンジャーネックレス: True",""
"AutoRetainer","","","","> [2026/09/02 14:56:00 +09:00] Setting exchange mode to Hide_Armoury_Chest_Items (2->2)",""
"AutoRetainer","","","","> [2026/09/02 14:56:00 +09:00] [NeoTaskManager] →Starting to execute task [EnableDeliveringIfPossible@GCContinuation], timeout=20000",""
"AutoRetainer","","","","> [2026/09/02 14:56:00 +09:00] [NeoTaskManager] →Starting to execute task [SelectSupplyListTab(2)@<>c], timeout=20000",""
"AutoRetainer","","","","> [2026/09/02 14:56:00 +09:00] [NeoTaskManager] →→Task [EnableDeliveringIfPossible@GCContinuation] completed successfully ",""
"AutoRetainer","","","","> [2026/09/02 14:56:00 +09:00] [NeoTaskManager] →→Task [SelectSupplyListTab(2)@<>c] completed successfully ",""
"AutoRetainer","","","","> [2026/09/02 14:56:01 +09:00] Delivering Item",""
"AutoRetainer","","","","> [2026/09/02 14:56:01 +09:00] Firing callback: GrandCompanySupplyList, valueCount = 3, updateStatte = True, values:
",""
"AutoRetainer","","","","> [2026/09/02 14:56:01 +09:00] Handing in item リバーズブレス・アタッカーブレスレット for 1979 seals (index=0)",""
"AutoRetainer","","","","> [2026/09/02 14:56:01 +09:00] Handing in item リバーズブレス・キャスターネックレス for 1979 seals (index=0)",""
"AutoRetainer","","","","> [2026/09/02 14:56:01 +09:00] Handle 1",""
"AutoRetainer","","","","> [2026/09/02 14:56:01 +09:00] Seals: 72192/90000, for item 1979 | リバーズブレス・キャスターネックレス: True",""
"AutoRetainer","","","","> [2026/09/02 14:56:01 +09:00] Seals: 74171/90000, for item 1979 | リバーズブレス・アタッカーブレスレット: True",""
"AutoRetainer","","","","> [2026/09/02 14:56:01 +09:00] Setting exchange mode to Hide_Armoury_Chest_Items (2->2)",""
"AutoRetainer","","","","> [2026/09/02 14:56:02 +09:00] Delivering Item",""
"AutoRetainer","","","","> [2026/09/02 14:56:02 +09:00] Firing callback: GrandCompanySupplyList, valueCount = 3, updateStatte = True, values:
",""
"AutoRetainer","","","","> [2026/09/02 14:56:02 +09:00] Handing in item リバーズブレス・キャスターブレスレット for 1979 seals (index=0)",""
"AutoRetainer","","","","> [2026/09/02 14:56:02 +09:00] Handle 1",""
"AutoRetainer","","","","> [2026/09/02 14:56:02 +09:00] Seals: 76150/90000, for item 1979 | リバーズブレス・キャスターブレスレット: True",""
"AutoRetainer","","","","> [2026/09/02 14:56:02 +09:00] Setting exchange mode to Hide_Armoury_Chest_Items (2->2)",""
"AutoRetainer","","","","> [2026/09/02 14:56:03 +09:00] Delivering Item",""
"AutoRetainer","","","","> [2026/09/02 14:56:03 +09:00] Firing callback: GrandCompanySupplyList, valueCount = 3, updateStatte = True, values:
",""
"AutoRetainer","","","","> [2026/09/02 14:56:03 +09:00] Handing in item リバーズブレス・レンジャーリング for 1979 seals (index=0)",""
"AutoRetainer","","","","> [2026/09/02 14:56:03 +09:00] Handle 1",""
"AutoRetainer","","","","> [2026/09/02 14:56:03 +09:00] Seals: 78129/90000, for item 1979 | リバーズブレス・レンジャーリング: True",""
"AutoRetainer","","","","> [2026/09/02 14:56:03 +09:00] Setting exchange mode to Hide_Armoury_Chest_Items (2->2)",""
"AutoRetainer","","","","> [2026/09/02 14:56:04 +09:00] Delivering Item",""
"AutoRetainer","","","","> [2026/09/02 14:56:04 +09:00] Firing callback: GrandCompanySupplyList, valueCount = 3, updateStatte = True, values:
",""
"AutoRetainer","","","","> [2026/09/02 14:56:04 +09:00] Handing in item リバーズブレス・ヒーラーリング for 1979 seals (index=0)",""
"AutoRetainer","","","","> [2026/09/02 14:56:04 +09:00] Handle 1",""
"AutoRetainer","","","","> [2026/09/02 14:56:04 +09:00] Seals: 80108/90000, for item 1979 | リバーズブレス・ヒーラーリング: True",""
"AutoRetainer","","","","> [2026/09/02 14:56:04 +09:00] Setting exchange mode to Hide_Armoury_Chest_Items (2->2)",""
"AutoRetainer","","","","> [2026/09/02 14:56:05 +09:00] Firing callback: GrandCompanySupplyList, valueCount = 1, updateStatte = True, values:
",""
"AutoRetainer","","","","> [2026/09/02 14:56:05 +09:00] Setting exchange mode to Hide_Armoury_Chest_Items (2->2)",""
"AutoRetainer","","","","> [2026/09/02 14:56:05 +09:00] [AutoRetainer] Automatic handin has been completed",""
"AutoRetainer","","","","> [2026/09/02 14:56:05 +09:00] [NeoTaskManager] Enqueued task CloseSelectString@GCContinuation",""
"AutoRetainer","","","","> [2026/09/02 14:56:05 +09:00] [NeoTaskManager] Enqueued task CloseSupplyList@GCContinuation",""
"AutoRetainer","","","","> [2026/09/02 14:56:05 +09:00] [NeoTaskManager] Enqueued task WaitUntilNotOccupied@GCContinuation",""
"AutoRetainer","","","","> [2026/09/02 14:56:05 +09:00] [NeoTaskManager] →Starting to execute task [CloseSelectString@GCContinuation], timeout=20000",""
"AutoRetainer","","","","> [2026/09/02 14:56:05 +09:00] [NeoTaskManager] →Starting to execute task [CloseSupplyList@GCContinuation], timeout=20000",""
"AutoRetainer","","","","> [2026/09/02 14:56:05 +09:00] [NeoTaskManager] →→Task [CloseSupplyList@GCContinuation] completed successfully ",""
"AutoRetainer","","","","> [2026/09/02 14:56:06 +09:00] Firing callback: SelectString, valueCount = 1, updateStatte = True, values:
",""
"AutoRetainer","","","","> [2026/09/02 14:56:06 +09:00] FPS restrictions restored",""
"AutoRetainer","","","","> [2026/09/02 14:56:06 +09:00] TextAdvance unlocked",""
"AutoRetainer","","","","> [2026/09/02 14:56:06 +09:00] YesAlready unlocked",""
"AutoRetainer","","","","> [2026/09/02 14:56:06 +09:00] [NeoTaskManager] →Starting to execute task [WaitUntilNotOccupied@GCContinuation], timeout=20000",""
"AutoRetainer","","","","> [2026/09/02 14:56:06 +09:00] [NeoTaskManager] →→Task [CloseSelectString@GCContinuation] completed successfully ",""
"AutoRetainer","","","","> [2026/09/02 14:56:06 +09:00] [NeoTaskManager] →→Task [WaitUntilNotOccupied@GCContinuation] completed successfully ",""
"AutoRetainer","","","","> [2026/09/02 14:56:31 +09:00] [NeoTaskManager] Enqueued task <EnqueueWriteWhenPlayerAvailable>b__0_0@<>c",""
"AutoRetainer","","","","> [2026/09/02 14:56:31 +09:00] [NeoTaskManager] →Starting to execute task [<EnqueueWriteWhenPlayerAvailable>b__0_0@<>c], timeout=60000",""
"AutoRetainer","","","","> [2026/09/02 14:56:31 +09:00] [NeoTaskManager] →→Task [<EnqueueWriteWhenPlayerAvailable>b__0_0@<>c] completed successfully ",""
"AutoRetainer","","","","> [2026/09/02 14:56:35 +09:00] [NeoTaskManager] Enqueued task <EnqueueWriteWhenPlayerAvailable>b__0_0@<>c",""
"AutoRetainer","","","","> [2026/09/02 14:56:35 +09:00] [NeoTaskManager] →Starting to execute task [<EnqueueWriteWhenPlayerAvailable>b__0_0@<>c], timeout=60000",""
"AutoRetainer","","","","> [2026/09/02 14:56:36 +09:00] [NeoTaskManager] →→Task [<EnqueueWriteWhenPlayerAvailable>b__0_0@<>c] completed successfully ",""
"AutoRetainer","","","","> [2026/09/02 15:23:03 +09:00] [NeoTaskManager] Enqueued task <EnqueueWriteWhenPlayerAvailable>b__0_0@<>c",""
"AutoRetainer","","","","> [2026/09/02 15:23:03 +09:00] [NeoTaskManager] →Starting to execute task [<EnqueueWriteWhenPlayerAvailable>b__0_0@<>c], timeout=60000",""
"AutoRetainer","","","","> [2026/09/02 15:23:03 +09:00] [NeoTaskManager] →→Task [<EnqueueWriteWhenPlayerAvailable>b__0_0@<>c] completed successfully ",""
"AutoRetainer","","","","> [2026/09/02 15:27:29 +09:00] [NeoTaskManager] Enqueued task <EnqueueWriteWhenPlayerAvailable>b__0_0@<>c",""
"AutoRetainer","","","","> [2026/09/02 15:27:29 +09:00] [NeoTaskManager] →Starting to execute task [<EnqueueWriteWhenPlayerAvailable>b__0_0@<>c], timeout=60000",""
"AutoRetainer","","","","> [2026/09/02 15:27:29 +09:00] [NeoTaskManager] →→Task [<EnqueueWriteWhenPlayerAvailable>b__0_0@<>c] completed successfully ",""
"AutoRetainer","","","","> [2026/09/02 15:59:38 +09:00] [NeoTaskManager] Enqueued task <EnqueueWriteWhenPlayerAvailable>b__0_0@<>c",""
"AutoRetainer","","","","> [2026/09/02 15:59:38 +09:00] [NeoTaskManager] →Starting to execute task [<EnqueueWriteWhenPlayerAvailable>b__0_0@<>c], timeout=60000",""
"AutoRetainer","","","","> [2026/09/02 15:59:39 +09:00] [NeoTaskManager] →→Task [<EnqueueWriteWhenPlayerAvailable>b__0_0@<>c] completed successfully ",""
"AutoRetainer","","","","> [2026/09/02 16:01:54 +09:00] [NeoTaskManager] Enqueued task <EnqueueWriteWhenPlayerAvailable>b__0_0@<>c",""
"AutoRetainer","","","","> [2026/09/02 16:01:54 +09:00] [NeoTaskManager] →Starting to execute task [<EnqueueWriteWhenPlayerAvailable>b__0_0@<>c], timeout=60000",""
"AutoRetainer","","","","> [2026/09/02 16:01:55 +09:00] [NeoTaskManager] →→Task [<EnqueueWriteWhenPlayerAvailable>b__0_0@<>c] completed successfully ",""
"AutoRetainer","","","","> [2026/09/02 16:18:11 +09:00] [NeoTaskManager] Enqueued task <EnqueueWriteWhenPlayerAvailable>b__0_0@<>c",""
"AutoRetainer","","","","> [2026/09/02 16:18:11 +09:00] [NeoTaskManager] →Starting to execute task [<EnqueueWriteWhenPlayerAvailable>b__0_0@<>c], timeout=60000",""
"AutoRetainer","","","","> [2026/09/02 16:18:11 +09:00] [NeoTaskManager] →→Task [<EnqueueWriteWhenPlayerAvailable>b__0_0@<>c] completed successfully ",""
"AutoRetainer","","","","> [2026/09/02 16:25:33 +09:00] [NeoTaskManager] Enqueued task <EnqueueWriteWhenPlayerAvailable>b__0_0@<>c",""
"AutoRetainer","","","","> [2026/09/02 16:25:33 +09:00] [NeoTaskManager] →Starting to execute task [<EnqueueWriteWhenPlayerAvailable>b__0_0@<>c], timeout=60000",""
"AutoRetainer","","","","> [2026/09/02 16:25:33 +09:00] [NeoTaskManager] →→Task [<EnqueueWriteWhenPlayerAvailable>b__0_0@<>c] completed successfully ",""
"AutoRetainer","","","","> [2026/09/02 16:45:14 +09:00] [NeoTaskManager] Enqueued task <EnqueueWriteWhenPlayerAvailable>b__0_0@<>c",""
"AutoRetainer","","","","> [2026/09/02 16:45:14 +09:00] [NeoTaskManager] →Starting to execute task [<EnqueueWriteWhenPlayerAvailable>b__0_0@<>c], timeout=60000",""
"AutoRetainer","","","","> [2026/09/02 16:45:15 +09:00] [NeoTaskManager] →→Task [<EnqueueWriteWhenPlayerAvailable>b__0_0@<>c] completed successfully ",""
"AutoRetainer","","","","> [2026/09/02 16:48:13 +09:00] [NeoTaskManager] Enqueued task <EnqueueWriteWhenPlayerAvailable>b__0_0@<>c",""
"AutoRetainer","","","","> [2026/09/02 16:48:13 +09:00] [NeoTaskManager] →Starting to execute task [<EnqueueWriteWhenPlayerAvailable>b__0_0@<>c], timeout=60000",""
"AutoRetainer","","","","> [2026/09/02 16:48:14 +09:00] [NeoTaskManager] →→Task [<EnqueueWriteWhenPlayerAvailable>b__0_0@<>c] completed successfully ",""
"AutoRetainer","","","","> [2026/09/02 16:53:06 +09:00] [NeoTaskManager] Enqueued task <EnqueueWriteWhenPlayerAvailable>b__0_0@<>c",""
"AutoRetainer","","","","> [2026/09/02 16:53:06 +09:00] [NeoTaskManager] →Starting to execute task [<EnqueueWriteWhenPlayerAvailable>b__0_0@<>c], timeout=60000",""
"AutoRetainer","","","","> [2026/09/02 16:53:06 +09:00] [NeoTaskManager] →→Task [<EnqueueWriteWhenPlayerAvailable>b__0_0@<>c] completed successfully ",""
"AutoRetainer","","","","> [2026/09/02 17:05:04 +09:00] [NeoTaskManager] Enqueued task <EnqueueWriteWhenPlayerAvailable>b__0_0@<>c",""
"AutoRetainer","","","","> [2026/09/02 17:05:04 +09:00] [NeoTaskManager] →Starting to execute task [<EnqueueWriteWhenPlayerAvailable>b__0_0@<>c], timeout=60000",""
"AutoRetainer","","","","> [2026/09/02 17:05:04 +09:00] [NeoTaskManager] →→Task [<EnqueueWriteWhenPlayerAvailable>b__0_0@<>c] completed successfully ",""
"AutoRetainer","","","","> [2026/09/02 17:21:35 +09:00] [NeoTaskManager] Enqueued task <EnqueueWriteWhenPlayerAvailable>b__0_0@<>c",""
"AutoRetainer","","","","> [2026/09/02 17:21:35 +09:00] [NeoTaskManager] →Starting to execute task [<EnqueueWriteWhenPlayerAvailable>b__0_0@<>c], timeout=60000",""
"AutoRetainer","","","","> [2026/09/02 17:21:36 +09:00] [NeoTaskManager] →→Task [<EnqueueWriteWhenPlayerAvailable>b__0_0@<>c] completed successfully ",""
"AutoRetainer","","","","> [2026/09/02 17:27:36 +09:00] [NeoTaskManager] Enqueued task <EnqueueWriteWhenPlayerAvailable>b__0_0@<>c",""
"AutoRetainer","","","","> [2026/09/02 17:27:36 +09:00] [NeoTaskManager] →Starting to execute task [<EnqueueWriteWhenPlayerAvailable>b__0_0@<>c], timeout=60000",""
"AutoRetainer","","","","> [2026/09/02 17:27:36 +09:00] [NeoTaskManager] →→Task [<EnqueueWriteWhenPlayerAvailable>b__0_0@<>c] completed successfully ",""
"AutoRetainer","","","","> [2026/09/02 17:35:47 +09:00] [NeoTaskManager] Enqueued task <EnqueueWriteWhenPlayerAvailable>b__0_0@<>c",""
"AutoRetainer","","","","> [2026/09/02 17:35:47 +09:00] [NeoTaskManager] →Starting to execute task [<EnqueueWriteWhenPlayerAvailable>b__0_0@<>c], timeout=60000",""
"AutoRetainer","","","","> [2026/09/02 17:35:47 +09:00] [NeoTaskManager] →→Task [<EnqueueWriteWhenPlayerAvailable>b__0_0@<>c] completed successfully ",""
"AutoRetainer","","","","> [2026/09/02 17:41:48 +09:00] Loading icon 20622, hq=False",""
"AutoRetainer","","","","> [2026/09/02 17:41:48 +09:00] Loading icon 22802, hq=False",""
"AutoRetainer","","","","> [2026/09/02 17:41:48 +09:00] Loading icon 26523, hq=False",""
"AutoRetainer","","","","> [2026/09/02 17:41:48 +09:00] Loading icon 26527, hq=False",""
"AutoRetainer","","","","> [2026/09/02 17:41:48 +09:00] Loading icon 60871, hq=False",""
"AutoRetainer","","","","> [2026/09/02 17:41:48 +09:00] Loading icon 60872, hq=False",""
"AutoRetainer","","","","> [2026/09/02 17:41:48 +09:00] Loading icon 60873, hq=False",""
"AutoRetainer","","","","> [2026/09/02 17:41:48 +09:00] Loading icon 83108, hq=False",""
"AutoRetainer","","","","> [2026/09/02 17:41:48 +09:00] Loading icon 83109, hq=False",""
"AutoRetainer","","","","> [2026/09/02 17:41:48 +09:00] Loading icon 83111, hq=False",""
"AutoRetainer","","","","> [2026/09/02 17:41:48 +09:00] Starting ThreadLoadImageHandler",""
"AutoRetainer","","","","> [2026/09/02 17:41:48 +09:00] Stopping ThreadLoadImageHandler, ticks=100",""
"AutoRetainer","","","","> [2026/09/02 17:41:53 +09:00] Loading icon 20002, hq=False",""
"AutoRetainer","","","","> [2026/09/02 17:41:53 +09:00] Loading icon 20401, hq=False",""
"AutoRetainer","","","","> [2026/09/02 17:41:53 +09:00] Loading icon 20402, hq=False",""
"AutoRetainer","","","","> [2026/09/02 17:41:53 +09:00] Loading icon 20403, hq=False",""
"AutoRetainer","","","","> [2026/09/02 17:41:53 +09:00] Loading icon 20404, hq=False",""
"AutoRetainer","","","","> [2026/09/02 17:41:53 +09:00] Loading icon 20405, hq=False",""
"AutoRetainer","","","","> [2026/09/02 17:41:53 +09:00] Loading icon 20624, hq=False",""
"AutoRetainer","","","","> [2026/09/02 17:41:53 +09:00] Loading icon 20625, hq=False",""
"AutoRetainer","","","","> [2026/09/02 17:41:53 +09:00] Loading icon 20626, hq=False",""
"AutoRetainer","","","","> [2026/09/02 17:41:53 +09:00] Loading icon 20641, hq=False",""
"AutoRetainer","","","","> [2026/09/02 17:41:53 +09:00] Loading icon 20643, hq=False",""
"AutoRetainer","","","","> [2026/09/02 17:41:53 +09:00] Loading icon 20644, hq=False",""
"AutoRetainer","","","","> [2026/09/02 17:41:53 +09:00] Loading icon 20645, hq=False",""
"AutoRetainer","","","","> [2026/09/02 17:41:53 +09:00] Loading icon 20647, hq=False",""
"AutoRetainer","","","","> [2026/09/02 17:41:53 +09:00] Loading icon 20661, hq=False",""
"AutoRetainer","","","","> [2026/09/02 17:41:53 +09:00] Loading icon 20905, hq=False",""
"AutoRetainer","","","","> [2026/09/02 17:41:53 +09:00] Loading icon 20952, hq=False",""
"AutoRetainer","","","","> [2026/09/02 17:41:53 +09:00] Loading icon 21005, hq=False",""
"AutoRetainer","","","","> [2026/09/02 17:41:53 +09:00] Loading icon 21006, hq=False",""
"AutoRetainer","","","","> [2026/09/02 17:41:53 +09:00] Loading icon 21202, hq=False",""
"AutoRetainer","","","","> [2026/09/02 17:41:53 +09:00] Loading icon 21206, hq=False",""
"AutoRetainer","","","","> [2026/09/02 17:41:53 +09:00] Loading icon 21208, hq=False",""
"AutoRetainer","","","","> [2026/09/02 17:41:53 +09:00] Loading icon 21212, hq=False",""
"AutoRetainer","","","","> [2026/09/02 17:41:53 +09:00] Loading icon 21230, hq=False",""
"AutoRetainer","","","","> [2026/09/02 17:41:53 +09:00] Loading icon 21261, hq=False",""
"AutoRetainer","","","","> [2026/09/02 17:41:53 +09:00] Loading icon 21273, hq=False",""
"AutoRetainer","","","","> [2026/09/02 17:41:53 +09:00] Loading icon 21275, hq=False",""
"AutoRetainer","","","","> [2026/09/02 17:41:53 +09:00] Loading icon 21462, hq=False",""
"AutoRetainer","","","","> [2026/09/02 17:41:53 +09:00] Loading icon 21470, hq=False",""
"AutoRetainer","","","","> [2026/09/02 17:41:53 +09:00] Loading icon 21615, hq=False",""
"AutoRetainer","","","","> [2026/09/02 17:41:53 +09:00] Loading icon 21655, hq=False",""
"AutoRetainer","","","","> [2026/09/02 17:41:53 +09:00] Loading icon 21664, hq=False",""
"AutoRetainer","","","","> [2026/09/02 17:41:53 +09:00] Loading icon 21825, hq=False",""
"AutoRetainer","","","","> [2026/09/02 17:41:53 +09:00] Loading icon 21827, hq=False",""
"AutoRetainer","","","","> [2026/09/02 17:41:53 +09:00] Loading icon 21908, hq=False",""
"AutoRetainer","","","","> [2026/09/02 17:41:53 +09:00] Loading icon 21909, hq=False",""
"AutoRetainer","","","","> [2026/09/02 17:41:53 +09:00] Loading icon 22201, hq=False",""
"AutoRetainer","","","","> [2026/09/02 17:41:53 +09:00] Loading icon 22402, hq=False",""
"AutoRetainer","","","","> [2026/09/02 17:41:53 +09:00] Loading icon 22601, hq=False",""
"AutoRetainer","","","","> [2026/09/02 17:41:53 +09:00] Loading icon 22607, hq=False",""
"AutoRetainer","","","","> [2026/09/02 17:41:53 +09:00] Loading icon 22614, hq=False",""
"AutoRetainer","","","","> [2026/09/02 17:41:53 +09:00] Loading icon 22629, hq=False",""
"AutoRetainer","","","","> [2026/09/02 17:41:53 +09:00] Loading icon 22637, hq=False",""
"AutoRetainer","","","","> [2026/09/02 17:41:53 +09:00] Loading icon 22638, hq=False",""
"AutoRetainer","","","","> [2026/09/02 17:41:53 +09:00] Loading icon 22643, hq=False",""
"AutoRetainer","","","","> [2026/09/02 17:41:53 +09:00] Loading icon 22648, hq=False",""
"AutoRetainer","","","","> [2026/09/02 17:41:53 +09:00] Loading icon 24002, hq=False",""
"AutoRetainer","","","","> [2026/09/02 17:41:53 +09:00] Loading icon 24007, hq=False",""
"AutoRetainer","","","","> [2026/09/02 17:41:53 +09:00] Loading icon 24057, hq=False",""
"AutoRetainer","","","","> [2026/09/02 17:41:53 +09:00] Loading icon 24076, hq=False",""
"AutoRetainer","","","","> [2026/09/02 17:41:53 +09:00] Loading icon 24105, hq=False",""
"AutoRetainer","","","","> [2026/09/02 17:41:53 +09:00] Loading icon 24207, hq=False",""
"AutoRetainer","","","","> [2026/09/02 17:41:53 +09:00] Loading icon 24252, hq=False",""
"AutoRetainer","","","","> [2026/09/02 17:41:53 +09:00] Loading icon 24356, hq=False",""
"AutoRetainer","","","","> [2026/09/02 17:41:53 +09:00] Loading icon 24362, hq=False",""
"AutoRetainer","","","","> [2026/09/02 17:41:53 +09:00] Loading icon 24410, hq=False",""
"AutoRetainer","","","","> [2026/09/02 17:41:53 +09:00] Loading icon 25018, hq=False",""
"AutoRetainer","","","","> [2026/09/02 17:41:53 +09:00] Loading icon 25024, hq=False",""
"AutoRetainer","","","","> [2026/09/02 17:41:53 +09:00] Loading icon 25057, hq=False",""
"AutoRetainer","","","","> [2026/09/02 17:41:53 +09:00] Loading icon 25151, hq=False",""
"AutoRetainer","","","","> [2026/09/02 17:41:53 +09:00] Loading icon 25156, hq=False",""
"AutoRetainer","","","","> [2026/09/02 17:41:53 +09:00] Loading icon 25221, hq=False",""
"AutoRetainer","","","","> [2026/09/02 17:41:53 +09:00] Loading icon 25314, hq=False",""
"AutoRetainer","","","","> [2026/09/02 17:41:53 +09:00] Loading icon 25919, hq=False",""
"AutoRetainer","","","","> [2026/09/02 17:41:53 +09:00] Loading icon 25945, hq=False",""
"AutoRetainer","","","","> [2026/09/02 17:41:53 +09:00] Loading icon 26151, hq=False",""
"AutoRetainer","","","","> [2026/09/02 17:41:53 +09:00] Loading icon 26152, hq=False",""
"AutoRetainer","","","","> [2026/09/02 17:41:53 +09:00] Loading icon 26153, hq=False",""
"AutoRetainer","","","","> [2026/09/02 17:41:53 +09:00] Loading icon 26155, hq=False",""
"AutoRetainer","","","","> [2026/09/02 17:41:53 +09:00] Loading icon 26158, hq=False",""
"AutoRetainer","","","","> [2026/09/02 17:41:53 +09:00] Loading icon 26159, hq=False",""
"AutoRetainer","","","","> [2026/09/02 17:41:53 +09:00] Loading icon 26185, hq=False",""
"AutoRetainer","","","","> [2026/09/02 17:41:53 +09:00] Loading icon 26228, hq=False",""
"AutoRetainer","","","","> [2026/09/02 17:41:53 +09:00] Loading icon 26235, hq=False",""
"AutoRetainer","","","","> [2026/09/02 17:41:53 +09:00] Loading icon 26435, hq=False",""
"AutoRetainer","","","","> [2026/09/02 17:41:53 +09:00] Loading icon 26518, hq=False",""
"AutoRetainer","","","","> [2026/09/02 17:41:53 +09:00] Loading icon 26519, hq=False",""
"AutoRetainer","","","","> [2026/09/02 17:41:53 +09:00] Loading icon 26520, hq=False",""
"AutoRetainer","","","","> [2026/09/02 17:41:53 +09:00] Loading icon 27209, hq=False",""
"AutoRetainer","","","","> [2026/09/02 17:41:53 +09:00] Loading icon 27451, hq=False",""
"AutoRetainer","","","","> [2026/09/02 17:41:53 +09:00] Loading icon 27605, hq=False",""
"AutoRetainer","","","","> [2026/09/02 17:41:53 +09:00] Loading icon 27607, hq=False",""
"AutoRetainer","","","","> [2026/09/02 17:41:53 +09:00] Loading icon 27612, hq=False",""
"AutoRetainer","","","","> [2026/09/02 17:41:53 +09:00] Loading icon 30009, hq=False",""
"AutoRetainer","","","","> [2026/09/02 17:41:53 +09:00] Loading icon 30020, hq=False",""
"AutoRetainer","","","","> [2026/09/02 17:41:53 +09:00] Loading icon 30036, hq=False",""
"AutoRetainer","","","","> [2026/09/02 17:41:53 +09:00] Loading icon 30038, hq=False",""
"AutoRetainer","","","","> [2026/09/02 17:41:53 +09:00] Loading icon 30042, hq=False",""
"AutoRetainer","","","","> [2026/09/02 17:41:53 +09:00] Loading icon 30043, hq=False",""
"AutoRetainer","","","","> [2026/09/02 17:41:53 +09:00] Loading icon 30050, hq=False",""
"AutoRetainer","","","","> [2026/09/02 17:41:53 +09:00] Loading icon 30051, hq=False",""
"AutoRetainer","","","","> [2026/09/02 17:41:53 +09:00] Loading icon 30052, hq=False",""
"AutoRetainer","","","","> [2026/09/02 17:41:53 +09:00] Loading icon 30053, hq=False",""
"AutoRetainer","","","","> [2026/09/02 17:41:53 +09:00] Loading icon 30054, hq=False",""
"AutoRetainer","","","","> [2026/09/02 17:41:53 +09:00] Loading icon 30055, hq=False",""
"AutoRetainer","","","","> [2026/09/02 17:41:53 +09:00] Loading icon 30058, hq=False",""
"AutoRetainer","","","","> [2026/09/02 17:41:53 +09:00] Loading icon 30059, hq=False",""
"AutoRetainer","","","","> [2026/09/02 17:41:53 +09:00] Loading icon 30060, hq=False",""
"AutoRetainer","","","","> [2026/09/02 17:41:53 +09:00] Loading icon 30061, hq=False",""
"AutoRetainer","","","","> [2026/09/02 17:41:53 +09:00] Loading icon 30079, hq=False",""
"AutoRetainer","","","","> [2026/09/02 17:41:53 +09:00] Loading icon 30383, hq=False",""
"AutoRetainer","","","","> [2026/09/02 17:41:53 +09:00] Loading icon 30431, hq=False",""
"AutoRetainer","","","","> [2026/09/02 17:41:53 +09:00] Loading icon 30439, hq=False",""
"AutoRetainer","","","","> [2026/09/02 17:41:53 +09:00] Loading icon 30443, hq=False",""
"AutoRetainer","","","","> [2026/09/02 17:41:53 +09:00] Loading icon 30444, hq=False",""
"AutoRetainer","","","","> [2026/09/02 17:41:53 +09:00] Loading icon 30445, hq=False",""
"AutoRetainer","","","","> [2026/09/02 17:41:53 +09:00] Loading icon 30449, hq=False",""
"AutoRetainer","","","","> [2026/09/02 17:41:53 +09:00] Loading icon 30450, hq=False",""
"AutoRetainer","","","","> [2026/09/02 17:41:53 +09:00] Loading icon 30451, hq=False",""
"AutoRetainer","","","","> [2026/09/02 17:41:53 +09:00] Loading icon 30452, hq=False",""
"AutoRetainer","","","","> [2026/09/02 17:41:53 +09:00] Loading icon 30468, hq=False",""
"AutoRetainer","","","","> [2026/09/02 17:41:53 +09:00] Loading icon 30495, hq=False",""
"AutoRetainer","","","","> [2026/09/02 17:41:53 +09:00] Loading icon 30499, hq=False",""
"AutoRetainer","","","","> [2026/09/02 17:41:53 +09:00] Loading icon 30593, hq=False",""
"AutoRetainer","","","","> [2026/09/02 17:41:53 +09:00] Loading icon 30594, hq=False",""
"AutoRetainer","","","","> [2026/09/02 17:41:53 +09:00] Loading icon 30595, hq=False",""
"AutoRetainer","","","","> [2026/09/02 17:41:53 +09:00] Loading icon 31003, hq=False",""
"AutoRetainer","","","","> [2026/09/02 17:41:53 +09:00] Loading icon 31017, hq=False",""
"AutoRetainer","","","","> [2026/09/02 17:41:53 +09:00] Loading icon 31024, hq=False",""
"AutoRetainer","","","","> [2026/09/02 17:41:53 +09:00] Loading icon 31028, hq=False",""
"AutoRetainer","","","","> [2026/09/02 17:41:53 +09:00] Loading icon 31029, hq=False",""
"AutoRetainer","","","","> [2026/09/02 17:41:53 +09:00] Loading icon 31030, hq=False",""
"AutoRetainer","","","","> [2026/09/02 17:41:53 +09:00] Loading icon 31031, hq=False",""
"AutoRetainer","","","","> [2026/09/02 17:41:53 +09:00] Loading icon 31032, hq=False",""
"AutoRetainer","","","","> [2026/09/02 17:41:53 +09:00] Loading icon 31033, hq=False",""
"AutoRetainer","","","","> [2026/09/02 17:41:53 +09:00] Loading icon 31039, hq=False",""
"AutoRetainer","","","","> [2026/09/02 17:41:53 +09:00] Loading icon 31040, hq=False",""
"AutoRetainer","","","","> [2026/09/02 17:41:53 +09:00] Loading icon 31041, hq=False",""
"AutoRetainer","","","","> [2026/09/02 17:41:53 +09:00] Loading icon 31042, hq=False",""
"AutoRetainer","","","","> [2026/09/02 17:41:53 +09:00] Loading icon 31043, hq=False",""
"AutoRetainer","","","","> [2026/09/02 17:41:53 +09:00] Loading icon 31051, hq=False",""
"AutoRetainer","","","","> [2026/09/02 17:41:53 +09:00] Loading icon 31159, hq=False",""
"AutoRetainer","","","","> [2026/09/02 17:41:53 +09:00] Loading icon 31160, hq=False",""
"AutoRetainer","","","","> [2026/09/02 17:41:53 +09:00] Loading icon 31161, hq=False",""
"AutoRetainer","","","","> [2026/09/02 17:41:53 +09:00] Loading icon 31420, hq=False",""
"AutoRetainer","","","","> [2026/09/02 17:41:53 +09:00] Loading icon 31429, hq=False",""
"AutoRetainer","","","","> [2026/09/02 17:41:53 +09:00] Loading icon 31430, hq=False",""
"AutoRetainer","","","","> [2026/09/02 17:41:53 +09:00] Loading icon 31434, hq=False",""
"AutoRetainer","","","","> [2026/09/02 17:41:53 +09:00] Loading icon 31435, hq=False",""
"AutoRetainer","","","","> [2026/09/02 17:41:53 +09:00] Loading icon 31436, hq=False",""
"AutoRetainer","","","","> [2026/09/02 17:41:53 +09:00] Loading icon 31437, hq=False",""
"AutoRetainer","","","","> [2026/09/02 17:41:53 +09:00] Loading icon 31438, hq=False",""
"AutoRetainer","","","","> [2026/09/02 17:41:53 +09:00] Loading icon 31439, hq=False",""
"AutoRetainer","","","","> [2026/09/02 17:41:53 +09:00] Loading icon 31443, hq=False",""
"AutoRetainer","","","","> [2026/09/02 17:41:53 +09:00] Loading icon 31444, hq=False",""
"AutoRetainer","","","","> [2026/09/02 17:41:53 +09:00] Loading icon 31445, hq=False",""
"AutoRetainer","","","","> [2026/09/02 17:41:53 +09:00] Loading icon 31449, hq=False",""
"AutoRetainer","","","","> [2026/09/02 17:41:53 +09:00] Loading icon 31450, hq=False",""
"AutoRetainer","","","","> [2026/09/02 17:41:53 +09:00] Loading icon 31462, hq=False",""
"AutoRetainer","","","","> [2026/09/02 17:41:53 +09:00] Loading icon 31567, hq=False",""
"AutoRetainer","","","","> [2026/09/02 17:41:53 +09:00] Loading icon 31568, hq=False",""
"AutoRetainer","","","","> [2026/09/02 17:41:53 +09:00] Loading icon 31569, hq=False",""
"AutoRetainer","","","","> [2026/09/02 17:41:53 +09:00] Loading icon 31801, hq=False",""
"AutoRetainer","","","","> [2026/09/02 17:41:53 +09:00] Loading icon 31805, hq=False",""
"AutoRetainer","","","","> [2026/09/02 17:41:53 +09:00] Loading icon 31823, hq=False",""
"AutoRetainer","","","","> [2026/09/02 17:41:53 +09:00] Loading icon 31824, hq=False",""
"AutoRetainer","","","","> [2026/09/02 17:41:53 +09:00] Loading icon 31833, hq=False",""
"AutoRetainer","","","","> [2026/09/02 17:41:53 +09:00] Loading icon 31836, hq=False",""
"AutoRetainer","","","","> [2026/09/02 17:41:53 +09:00] Loading icon 31837, hq=False",""
"AutoRetainer","","","","> [2026/09/02 17:41:53 +09:00] Loading icon 31838, hq=False",""
"AutoRetainer","","","","> [2026/09/02 17:41:53 +09:00] Loading icon 31839, hq=False",""
"AutoRetainer","","","","> [2026/09/02 17:41:53 +09:00] Loading icon 31840, hq=False",""
"AutoRetainer","","","","> [2026/09/02 17:41:53 +09:00] Loading icon 31841, hq=False",""
"AutoRetainer","","","","> [2026/09/02 17:41:53 +09:00] Loading icon 31845, hq=False",""
"AutoRetainer","","","","> [2026/09/02 17:41:53 +09:00] Loading icon 31848, hq=False",""
"AutoRetainer","","","","> [2026/09/02 17:41:53 +09:00] Loading icon 31849, hq=False",""
"AutoRetainer","","","","> [2026/09/02 17:41:53 +09:00] Loading icon 31858, hq=False",""
"AutoRetainer","","","","> [2026/09/02 17:41:53 +09:00] Loading icon 31967, hq=False",""
"AutoRetainer","","","","> [2026/09/02 17:41:53 +09:00] Loading icon 31968, hq=False",""
"AutoRetainer","","","","> [2026/09/02 17:41:53 +09:00] Loading icon 31969, hq=False",""
"AutoRetainer","","","","> [2026/09/02 17:41:53 +09:00] Loading icon 32216, hq=False",""
"AutoRetainer","","","","> [2026/09/02 17:41:53 +09:00] Loading icon 32219, hq=False",""
"AutoRetainer","","","","> [2026/09/02 17:41:53 +09:00] Loading icon 32222, hq=False",""
"AutoRetainer","","","","> [2026/09/02 17:41:53 +09:00] Loading icon 32232, hq=False",""
"AutoRetainer","","","","> [2026/09/02 17:41:53 +09:00] Loading icon 32233, hq=False",""
"AutoRetainer","","","","> [2026/09/02 17:41:53 +09:00] Loading icon 32234, hq=False",""
"AutoRetainer","","","","> [2026/09/02 17:41:53 +09:00] Loading icon 32235, hq=False",""
"AutoRetainer","","","","> [2026/09/02 17:41:53 +09:00] Loading icon 32236, hq=False",""
"AutoRetainer","","","","> [2026/09/02 17:41:53 +09:00] Loading icon 32237, hq=False",""
"AutoRetainer","","","","> [2026/09/02 17:41:53 +09:00] Loading icon 32241, hq=False",""
"AutoRetainer","","","","> [2026/09/02 17:41:53 +09:00] Loading icon 32242, hq=False",""
"AutoRetainer","","","","> [2026/09/02 17:41:53 +09:00] Loading icon 32243, hq=False",""
"AutoRetainer","","","","> [2026/09/02 17:41:53 +09:00] Loading icon 32244, hq=False",""
"AutoRetainer","","","","> [2026/09/02 17:41:53 +09:00] Loading icon 32245, hq=False",""
"AutoRetainer","","","","> [2026/09/02 17:41:53 +09:00] Loading icon 32255, hq=False",""
"AutoRetainer","","","","> [2026/09/02 17:41:53 +09:00] Loading icon 32358, hq=False",""
"AutoRetainer","","","","> [2026/09/02 17:41:53 +09:00] Loading icon 32359, hq=False",""
"AutoRetainer","","","","> [2026/09/02 17:41:53 +09:00] Loading icon 32360, hq=False",""
"AutoRetainer","","","","> [2026/09/02 17:41:53 +09:00] Loading icon 32415, hq=False",""
"AutoRetainer","","","","> [2026/09/02 17:41:53 +09:00] Loading icon 32416, hq=False",""
"AutoRetainer","","","","> [2026/09/02 17:41:53 +09:00] Loading icon 32417, hq=False",""
"AutoRetainer","","","","> [2026/09/02 17:41:53 +09:00] Loading icon 32418, hq=False",""
"AutoRetainer","","","","> [2026/09/02 17:41:53 +09:00] Loading icon 32419, hq=False",""
"AutoRetainer","","","","> [2026/09/02 17:41:53 +09:00] Loading icon 32616, hq=False",""
"AutoRetainer","","","","> [2026/09/02 17:41:53 +09:00] Loading icon 32618, hq=False",""
"AutoRetainer","","","","> [2026/09/02 17:41:53 +09:00] Loading icon 32620, hq=False",""
"AutoRetainer","","","","> [2026/09/02 17:41:53 +09:00] Loading icon 32624, hq=False",""
"AutoRetainer","","","","> [2026/09/02 17:41:53 +09:00] Loading icon 32625, hq=False",""
"AutoRetainer","","","","> [2026/09/02 17:41:53 +09:00] Loading icon 32629, hq=False",""
"AutoRetainer","","","","> [2026/09/02 17:41:53 +09:00] Loading icon 32630, hq=False",""
"AutoRetainer","","","","> [2026/09/02 17:41:53 +09:00] Loading icon 32631, hq=False",""
"AutoRetainer","","","","> [2026/09/02 17:41:53 +09:00] Loading icon 32632, hq=False",""
"AutoRetainer","","","","> [2026/09/02 17:41:53 +09:00] Loading icon 32646, hq=False",""
"AutoRetainer","","","","> [2026/09/02 17:41:53 +09:00] Loading icon 32742, hq=False",""
"AutoRetainer","","","","> [2026/09/02 17:41:53 +09:00] Loading icon 32743, hq=False",""
"AutoRetainer","","","","> [2026/09/02 17:41:53 +09:00] Loading icon 32744, hq=False",""
"AutoRetainer","","","","> [2026/09/02 17:41:53 +09:00] Loading icon 32817, hq=False",""
"AutoRetainer","","","","> [2026/09/02 17:41:53 +09:00] Loading icon 32820, hq=False",""
"AutoRetainer","","","","> [2026/09/02 17:41:53 +09:00] Loading icon 32822, hq=False",""
"AutoRetainer","","","","> [2026/09/02 17:41:53 +09:00] Loading icon 32823, hq=False",""
"AutoRetainer","","","","> [2026/09/02 17:41:53 +09:00] Loading icon 32824, hq=False",""
"AutoRetainer","","","","> [2026/09/02 17:41:53 +09:00] Loading icon 32825, hq=False",""
"AutoRetainer","","","","> [2026/09/02 17:41:53 +09:00] Loading icon 32826, hq=False",""
"AutoRetainer","","","","> [2026/09/02 17:41:53 +09:00] Loading icon 32827, hq=False",""
"AutoRetainer","","","","> [2026/09/02 17:41:53 +09:00] Loading icon 32828, hq=False",""
"AutoRetainer","","","","> [2026/09/02 17:41:53 +09:00] Loading icon 32829, hq=False",""
"AutoRetainer","","","","> [2026/09/02 17:41:53 +09:00] Loading icon 32830, hq=False",""
"AutoRetainer","","","","> [2026/09/02 17:41:53 +09:00] Loading icon 32831, hq=False",""
"AutoRetainer","","","","> [2026/09/02 17:41:53 +09:00] Loading icon 33005, hq=False",""
"AutoRetainer","","","","> [2026/09/02 17:41:53 +09:00] Loading icon 33008, hq=False",""
"AutoRetainer","","","","> [2026/09/02 17:41:53 +09:00] Loading icon 33022, hq=False",""
"AutoRetainer","","","","> [2026/09/02 17:41:53 +09:00] Loading icon 33110, hq=False",""
"AutoRetainer","","","","> [2026/09/02 17:41:53 +09:00] Loading icon 33111, hq=False",""
"AutoRetainer","","","","> [2026/09/02 17:41:53 +09:00] Loading icon 33112, hq=False",""
"AutoRetainer","","","","> [2026/09/02 17:41:53 +09:00] Loading icon 33271, hq=False",""
"AutoRetainer","","","","> [2026/09/02 17:41:53 +09:00] Loading icon 33272, hq=False",""
"AutoRetainer","","","","> [2026/09/02 17:41:53 +09:00] Loading icon 33273, hq=False",""
"AutoRetainer","","","","> [2026/09/02 17:41:53 +09:00] Loading icon 33274, hq=False",""
"AutoRetainer","","","","> [2026/09/02 17:41:53 +09:00] Loading icon 33275, hq=False",""
"AutoRetainer","","","","> [2026/09/02 17:41:53 +09:00] Loading icon 33276, hq=False",""
"AutoRetainer","","","","> [2026/09/02 17:41:53 +09:00] Loading icon 33409, hq=False",""
"AutoRetainer","","","","> [2026/09/02 17:41:53 +09:00] Loading icon 33414, hq=False",""
"AutoRetainer","","","","> [2026/09/02 17:41:53 +09:00] Loading icon 33419, hq=False",""
"AutoRetainer","","","","> [2026/09/02 17:41:53 +09:00] Loading icon 33420, hq=False",""
"AutoRetainer","","","","> [2026/09/02 17:41:53 +09:00] Loading icon 33421, hq=False",""
"AutoRetainer","","","","> [2026/09/02 17:41:53 +09:00] Loading icon 33426, hq=False",""
"AutoRetainer","","","","> [2026/09/02 17:41:53 +09:00] Loading icon 33427, hq=False",""
"AutoRetainer","","","","> [2026/09/02 17:41:53 +09:00] Loading icon 33428, hq=False",""
"AutoRetainer","","","","> [2026/09/02 17:41:53 +09:00] Loading icon 33429, hq=False",""
"AutoRetainer","","","","> [2026/09/02 17:41:53 +09:00] Loading icon 33430, hq=False",""
"AutoRetainer","","","","> [2026/09/02 17:41:53 +09:00] Loading icon 33431, hq=False",""
"AutoRetainer","","","","> [2026/09/02 17:41:53 +09:00] Loading icon 33441, hq=False",""
"AutoRetainer","","","","> [2026/09/02 17:41:53 +09:00] Loading icon 33442, hq=False",""
"AutoRetainer","","","","> [2026/09/02 17:41:53 +09:00] Loading icon 33443, hq=False",""
"AutoRetainer","","","","> [2026/09/02 17:41:53 +09:00] Loading icon 33444, hq=False",""
"AutoRetainer","","","","> [2026/09/02 17:41:53 +09:00] Loading icon 33445, hq=False",""
"AutoRetainer","","","","> [2026/09/02 17:41:53 +09:00] Loading icon 33446, hq=False",""
"AutoRetainer","","","","> [2026/09/02 17:41:53 +09:00] Loading icon 33812, hq=False",""
"AutoRetainer","","","","> [2026/09/02 17:41:53 +09:00] Loading icon 33817, hq=False",""
"AutoRetainer","","","","> [2026/09/02 17:41:53 +09:00] Loading icon 33819, hq=False",""
"AutoRetainer","","","","> [2026/09/02 17:41:53 +09:00] Loading icon 33827, hq=False",""
"AutoRetainer","","","","> [2026/09/02 17:41:53 +09:00] Loading icon 33833, hq=False",""
"AutoRetainer","","","","> [2026/09/02 17:41:53 +09:00] Loading icon 33839, hq=False",""
"AutoRetainer","","","","> [2026/09/02 17:41:53 +09:00] Loading icon 33840, hq=False",""
"AutoRetainer","","","","> [2026/09/02 17:41:53 +09:00] Loading icon 33841, hq=False",""
"AutoRetainer","","","","> [2026/09/02 17:41:53 +09:00] Loading icon 33945, hq=False",""
"AutoRetainer","","","","> [2026/09/02 17:41:53 +09:00] Loading icon 33946, hq=False",""
"AutoRetainer","","","","> [2026/09/02 17:41:53 +09:00] Loading icon 33947, hq=False",""
"AutoRetainer","","","","> [2026/09/02 17:41:53 +09:00] Loading icon 34201, hq=False",""
"AutoRetainer","","","","> [2026/09/02 17:41:53 +09:00] Loading icon 34202, hq=False",""
"AutoRetainer","","","","> [2026/09/02 17:41:53 +09:00] Loading icon 34212, hq=False",""
"AutoRetainer","","","","> [2026/09/02 17:41:53 +09:00] Loading icon 34227, hq=False",""
"AutoRetainer","","","","> [2026/09/02 17:41:53 +09:00] Loading icon 34228, hq=False",""
"AutoRetainer","","","","> [2026/09/02 17:41:53 +09:00] Loading icon 34229, hq=False",""
"AutoRetainer","","","","> [2026/09/02 17:41:53 +09:00] Loading icon 34250, hq=False",""
"AutoRetainer","","","","> [2026/09/02 17:41:53 +09:00] Loading icon 34321, hq=False",""
"AutoRetainer","","","","> [2026/09/02 17:41:53 +09:00] Loading icon 34322, hq=False",""
"AutoRetainer","","","","> [2026/09/02 17:41:53 +09:00] Loading icon 34323, hq=False",""
"AutoRetainer","","","","> [2026/09/02 17:41:53 +09:00] Loading icon 34444, hq=False",""
"AutoRetainer","","","","> [2026/09/02 17:41:53 +09:00] Loading icon 34445, hq=False",""
"AutoRetainer","","","","> [2026/09/02 17:41:53 +09:00] Loading icon 34446, hq=False",""
"AutoRetainer","","","","> [2026/09/02 17:41:53 +09:00] Loading icon 34601, hq=False",""
"AutoRetainer","","","","> [2026/09/02 17:41:53 +09:00] Loading icon 34602, hq=False",""
"AutoRetainer","","","","> [2026/09/02 17:41:53 +09:00] Loading icon 34603, hq=False",""
"AutoRetainer","","","","> [2026/09/02 17:41:53 +09:00] Loading icon 34612, hq=False",""
"AutoRetainer","","","","> [2026/09/02 17:41:53 +09:00] Loading icon 34613, hq=False",""
"AutoRetainer","","","","> [2026/09/02 17:41:53 +09:00] Loading icon 34650, hq=False",""
"AutoRetainer","","","","> [2026/09/02 17:41:53 +09:00] Loading icon 34651, hq=False",""
"AutoRetainer","","","","> [2026/09/02 17:41:53 +09:00] Loading icon 34815, hq=False",""
"AutoRetainer","","","","> [2026/09/02 17:41:53 +09:00] Loading icon 34816, hq=False",""
"AutoRetainer","","","","> [2026/09/02 17:41:53 +09:00] Loading icon 34834, hq=False",""
"AutoRetainer","","","","> [2026/09/02 17:41:53 +09:00] Loading icon 34835, hq=False",""
"AutoRetainer","","","","> [2026/09/02 17:41:53 +09:00] Loading icon 34838, hq=False",""
"AutoRetainer","","","","> [2026/09/02 17:41:53 +09:00] Loading icon 34839, hq=False",""
"AutoRetainer","","","","> [2026/09/02 17:41:53 +09:00] Loading icon 34840, hq=False",""
"AutoRetainer","","","","> [2026/09/02 17:41:53 +09:00] Loading icon 34918, hq=False",""
"AutoRetainer","","","","> [2026/09/02 17:41:53 +09:00] Loading icon 34919, hq=False",""
"AutoRetainer","","","","> [2026/09/02 17:41:53 +09:00] Loading icon 34920, hq=False",""
"AutoRetainer","","","","> [2026/09/02 17:41:53 +09:00] Loading icon 35013, hq=False",""
"AutoRetainer","","","","> [2026/09/02 17:41:53 +09:00] Loading icon 35112, hq=False",""
"AutoRetainer","","","","> [2026/09/02 17:41:53 +09:00] Loading icon 35212, hq=False",""
"AutoRetainer","","","","> [2026/09/02 17:41:53 +09:00] Loading icon 35311, hq=False",""
"AutoRetainer","","","","> [2026/09/02 17:41:53 +09:00] Loading icon 35412, hq=False",""
"AutoRetainer","","","","> [2026/09/02 17:41:53 +09:00] Loading icon 35512, hq=False",""
"AutoRetainer","","","","> [2026/09/02 17:41:53 +09:00] Loading icon 35611, hq=False",""
"AutoRetainer","","","","> [2026/09/02 17:41:53 +09:00] Loading icon 35714, hq=False",""
"AutoRetainer","","","","> [2026/09/02 17:41:53 +09:00] Loading icon 36475, hq=False",""
"AutoRetainer","","","","> [2026/09/02 17:41:53 +09:00] Loading icon 36476, hq=False",""
"AutoRetainer","","","","> [2026/09/02 17:41:53 +09:00] Loading icon 36477, hq=False",""
"AutoRetainer","","","","> [2026/09/02 17:41:53 +09:00] Loading icon 36776, hq=False",""
"AutoRetainer","","","","> [2026/09/02 17:41:53 +09:00] Loading icon 36777, hq=False",""
"AutoRetainer","","","","> [2026/09/02 17:41:53 +09:00] Loading icon 36778, hq=False",""
"AutoRetainer","","","","> [2026/09/02 17:41:53 +09:00] Loading icon 38014, hq=False",""
"AutoRetainer","","","","> [2026/09/02 17:41:53 +09:00] Loading icon 38112, hq=False",""
"AutoRetainer","","","","> [2026/09/02 17:41:53 +09:00] Loading icon 38214, hq=False",""
"AutoRetainer","","","","> [2026/09/02 17:41:53 +09:00] Loading icon 40063, hq=False",""
"AutoRetainer","","","","> [2026/09/02 17:41:53 +09:00] Loading icon 40064, hq=False",""
"AutoRetainer","","","","> [2026/09/02 17:41:53 +09:00] Loading icon 40079, hq=False",""
"AutoRetainer","","","","> [2026/09/02 17:41:53 +09:00] Loading icon 40080, hq=False",""
"AutoRetainer","","","","> [2026/09/02 17:41:53 +09:00] Loading icon 40408, hq=False",""
"AutoRetainer","","","","> [2026/09/02 17:41:53 +09:00] Loading icon 40413, hq=False",""
"AutoRetainer","","","","> [2026/09/02 17:41:53 +09:00] Loading icon 40416, hq=False",""
"AutoRetainer","","","","> [2026/09/02 17:41:53 +09:00] Loading icon 40619, hq=False",""
"AutoRetainer","","","","> [2026/09/02 17:41:53 +09:00] Loading icon 40620, hq=False",""
"AutoRetainer","","","","> [2026/09/02 17:41:53 +09:00] Loading icon 40621, hq=False",""
"AutoRetainer","","","","> [2026/09/02 17:41:53 +09:00] Loading icon 40925, hq=False",""
"AutoRetainer","","","","> [2026/09/02 17:41:53 +09:00] Loading icon 41111, hq=False",""
"AutoRetainer","","","","> [2026/09/02 17:41:53 +09:00] Loading icon 41112, hq=False",""
"AutoRetainer","","","","> [2026/09/02 17:41:53 +09:00] Loading icon 41113, hq=False",""
"AutoRetainer","","","","> [2026/09/02 17:41:53 +09:00] Loading icon 41114, hq=False",""
"AutoRetainer","","","","> [2026/09/02 17:41:53 +09:00] Loading icon 41115, hq=False",""
"AutoRetainer","","","","> [2026/09/02 17:41:53 +09:00] Loading icon 41116, hq=False",""
"AutoRetainer","","","","> [2026/09/02 17:41:53 +09:00] Loading icon 41147, hq=False",""
"AutoRetainer","","","","> [2026/09/02 17:41:53 +09:00] Loading icon 41149, hq=False",""
"AutoRetainer","","","","> [2026/09/02 17:41:53 +09:00] Loading icon 41155, hq=False",""
"AutoRetainer","","","","> [2026/09/02 17:41:53 +09:00] Loading icon 41194, hq=False",""
"AutoRetainer","","","","> [2026/09/02 17:41:53 +09:00] Loading icon 41337, hq=False",""
"AutoRetainer","","","","> [2026/09/02 17:41:53 +09:00] Loading icon 41338, hq=False",""
"AutoRetainer","","","","> [2026/09/02 17:41:53 +09:00] Loading icon 41339, hq=False",""
"AutoRetainer","","","","> [2026/09/02 17:41:53 +09:00] Loading icon 41603, hq=False",""
"AutoRetainer","","","","> [2026/09/02 17:41:53 +09:00] Loading icon 41604, hq=False",""
"AutoRetainer","","","","> [2026/09/02 17:41:53 +09:00] Loading icon 42069, hq=False",""
"AutoRetainer","","","","> [2026/09/02 17:41:53 +09:00] Loading icon 42210, hq=False",""
"AutoRetainer","","","","> [2026/09/02 17:41:53 +09:00] Loading icon 42211, hq=False",""
"AutoRetainer","","","","> [2026/09/02 17:41:53 +09:00] Loading icon 42212, hq=False",""
"AutoRetainer","","","","> [2026/09/02 17:41:53 +09:00] Loading icon 42213, hq=False",""
"AutoRetainer","","","","> [2026/09/02 17:41:53 +09:00] Loading icon 42214, hq=False",""
"AutoRetainer","","","","> [2026/09/02 17:41:53 +09:00] Loading icon 42215, hq=False",""
"AutoRetainer","","","","> [2026/09/02 17:41:53 +09:00] Loading icon 42234, hq=False",""
"AutoRetainer","","","","> [2026/09/02 17:41:53 +09:00] Loading icon 42235, hq=False",""
"AutoRetainer","","","","> [2026/09/02 17:41:53 +09:00] Loading icon 42257, hq=False",""
"AutoRetainer","","","","> [2026/09/02 17:41:53 +09:00] Loading icon 42258, hq=False",""
"AutoRetainer","","","","> [2026/09/02 17:41:53 +09:00] Loading icon 42259, hq=False",""
"AutoRetainer","","","","> [2026/09/02 17:41:53 +09:00] Loading icon 42260, hq=False",""
"AutoRetainer","","","","> [2026/09/02 17:41:53 +09:00] Loading icon 42261, hq=False",""
"AutoRetainer","","","","> [2026/09/02 17:41:53 +09:00] Loading icon 42262, hq=False",""
"AutoRetainer","","","","> [2026/09/02 17:41:53 +09:00] Loading icon 42263, hq=False",""
"AutoRetainer","","","","> [2026/09/02 17:41:53 +09:00] Loading icon 42264, hq=False",""
"AutoRetainer","","","","> [2026/09/02 17:41:53 +09:00] Loading icon 42265, hq=False",""
"AutoRetainer","","","","> [2026/09/02 17:41:53 +09:00] Loading icon 42266, hq=False",""
"AutoRetainer","","","","> [2026/09/02 17:41:53 +09:00] Loading icon 42267, hq=False",""
"AutoRetainer","","","","> [2026/09/02 17:41:53 +09:00] Loading icon 42283, hq=False",""
"AutoRetainer","","","","> [2026/09/02 17:41:53 +09:00] Loading icon 42284, hq=False",""
"AutoRetainer","","","","> [2026/09/02 17:41:53 +09:00] Loading icon 42310, hq=False",""
"AutoRetainer","","","","> [2026/09/02 17:41:53 +09:00] Loading icon 42311, hq=False",""
"AutoRetainer","","","","> [2026/09/02 17:41:53 +09:00] Loading icon 42413, hq=False",""
"AutoRetainer","","","","> [2026/09/02 17:41:53 +09:00] Loading icon 43075, hq=False",""
"AutoRetainer","","","","> [2026/09/02 17:41:53 +09:00] Loading icon 43096, hq=False",""
"AutoRetainer","","","","> [2026/09/02 17:41:53 +09:00] Loading icon 43097, hq=False",""
"AutoRetainer","","","","> [2026/09/02 17:41:53 +09:00] Loading icon 43098, hq=False",""
"AutoRetainer","","","","> [2026/09/02 17:41:53 +09:00] Loading icon 43106, hq=False",""
"AutoRetainer","","","","> [2026/09/02 17:41:53 +09:00] Loading icon 43111, hq=False",""
"AutoRetainer","","","","> [2026/09/02 17:41:53 +09:00] Loading icon 43166, hq=False",""
"AutoRetainer","","","","> [2026/09/02 17:41:53 +09:00] Loading icon 43171, hq=False",""
"AutoRetainer","","","","> [2026/09/02 17:41:53 +09:00] Loading icon 43172, hq=False",""
"AutoRetainer","","","","> [2026/09/02 17:41:53 +09:00] Loading icon 43173, hq=False",""
"AutoRetainer","","","","> [2026/09/02 17:41:53 +09:00] Loading icon 43174, hq=False",""
"AutoRetainer","","","","> [2026/09/02 17:41:53 +09:00] Loading icon 43177, hq=False",""
"AutoRetainer","","","","> [2026/09/02 17:41:53 +09:00] Loading icon 43178, hq=False",""
"AutoRetainer","","","","> [2026/09/02 17:41:53 +09:00] Loading icon 43624, hq=False",""
"AutoRetainer","","","","> [2026/09/02 17:41:53 +09:00] Loading icon 43735, hq=False",""
"AutoRetainer","","","","> [2026/09/02 17:41:53 +09:00] Loading icon 43736, hq=False",""
"AutoRetainer","","","","> [2026/09/02 17:41:53 +09:00] Loading icon 43737, hq=False",""
"AutoRetainer","","","","> [2026/09/02 17:41:53 +09:00] Loading icon 44088, hq=False",""
"AutoRetainer","","","","> [2026/09/02 17:41:53 +09:00] Loading icon 44089, hq=False",""
"AutoRetainer","","","","> [2026/09/02 17:41:53 +09:00] Loading icon 44090, hq=False",""
"AutoRetainer","","","","> [2026/09/02 17:41:53 +09:00] Loading icon 44091, hq=False",""
"AutoRetainer","","","","> [2026/09/02 17:41:53 +09:00] Loading icon 44092, hq=False",""
"AutoRetainer","","","","> [2026/09/02 17:41:53 +09:00] Loading icon 44093, hq=False",""
"AutoRetainer","","","","> [2026/09/02 17:41:53 +09:00] Loading icon 44107, hq=False",""
"AutoRetainer","","","","> [2026/09/02 17:41:53 +09:00] Loading icon 44108, hq=False",""
"AutoRetainer","","","","> [2026/09/02 17:41:53 +09:00] Loading icon 44109, hq=False",""
"AutoRetainer","","","","> [2026/09/02 17:41:53 +09:00] Loading icon 44110, hq=False",""
"AutoRetainer","","","","> [2026/09/02 17:41:53 +09:00] Loading icon 44111, hq=False",""
"AutoRetainer","","","","> [2026/09/02 17:41:53 +09:00] Loading icon 44112, hq=False",""
"AutoRetainer","","","","> [2026/09/02 17:41:53 +09:00] Loading icon 44116, hq=False",""
"AutoRetainer","","","","> [2026/09/02 17:41:53 +09:00] Loading icon 44117, hq=False",""
"AutoRetainer","","","","> [2026/09/02 17:41:53 +09:00] Loading icon 44119, hq=False",""
"AutoRetainer","","","","> [2026/09/02 17:41:53 +09:00] Loading icon 44120, hq=False",""
"AutoRetainer","","","","> [2026/09/02 17:41:53 +09:00] Loading icon 44169, hq=False",""
"AutoRetainer","","","","> [2026/09/02 17:41:53 +09:00] Loading icon 44170, hq=False",""
"AutoRetainer","","","","> [2026/09/02 17:41:53 +09:00] Loading icon 44172, hq=False",""
"AutoRetainer","","","","> [2026/09/02 17:41:53 +09:00] Loading icon 44298, hq=False",""
"AutoRetainer","","","","> [2026/09/02 17:41:53 +09:00] Loading icon 45162, hq=False",""
"AutoRetainer","","","","> [2026/09/02 17:41:53 +09:00] Loading icon 45200, hq=False",""
"AutoRetainer","","","","> [2026/09/02 17:41:53 +09:00] Loading icon 45203, hq=False",""
"AutoRetainer","","","","> [2026/09/02 17:41:53 +09:00] Loading icon 45204, hq=False",""
"AutoRetainer","","","","> [2026/09/02 17:41:53 +09:00] Loading icon 45223, hq=False",""
"AutoRetainer","","","","> [2026/09/02 17:41:53 +09:00] Loading icon 45224, hq=False",""
"AutoRetainer","","","","> [2026/09/02 17:41:53 +09:00] Loading icon 45225, hq=False",""
"AutoRetainer","","","","> [2026/09/02 17:41:53 +09:00] Loading icon 45226, hq=False",""
"AutoRetainer","","","","> [2026/09/02 17:41:53 +09:00] Loading icon 45227, hq=False",""
"AutoRetainer","","","","> [2026/09/02 17:41:53 +09:00] Loading icon 45228, hq=False",""
"AutoRetainer","","","","> [2026/09/02 17:41:53 +09:00] Loading icon 45229, hq=False",""
"AutoRetainer","","","","> [2026/09/02 17:41:53 +09:00] Loading icon 45230, hq=False",""
"AutoRetainer","","","","> [2026/09/02 17:41:53 +09:00] Loading icon 45231, hq=False",""
"AutoRetainer","","","","> [2026/09/02 17:41:53 +09:00] Loading icon 45232, hq=False",""
"AutoRetainer","","","","> [2026/09/02 17:41:53 +09:00] Loading icon 45233, hq=False",""
"AutoRetainer","","","","> [2026/09/02 17:41:53 +09:00] Loading icon 45234, hq=False",""
"AutoRetainer","","","","> [2026/09/02 17:41:53 +09:00] Loading icon 45235, hq=False",""
"AutoRetainer","","","","> [2026/09/02 17:41:53 +09:00] Loading icon 45236, hq=False",""
"AutoRetainer","","","","> [2026/09/02 17:41:53 +09:00] Loading icon 45254, hq=False",""
"AutoRetainer","","","","> [2026/09/02 17:41:53 +09:00] Loading icon 45255, hq=False",""
"AutoRetainer","","","","> [2026/09/02 17:41:53 +09:00] Loading icon 45256, hq=False",""
"AutoRetainer","","","","> [2026/09/02 17:41:53 +09:00] Loading icon 45257, hq=False",""
"AutoRetainer","","","","> [2026/09/02 17:41:53 +09:00] Loading icon 45258, hq=False",""
"AutoRetainer","","","","> [2026/09/02 17:41:53 +09:00] Loading icon 45259, hq=False",""
"AutoRetainer","","","","> [2026/09/02 17:41:53 +09:00] Loading icon 45302, hq=False",""
"AutoRetainer","","","","> [2026/09/02 17:41:53 +09:00] Loading icon 45303, hq=False",""
"AutoRetainer","","","","> [2026/09/02 17:41:53 +09:00] Loading icon 45305, hq=False",""
"AutoRetainer","","","","> [2026/09/02 17:41:53 +09:00] Loading icon 45522, hq=False",""
"AutoRetainer","","","","> [2026/09/02 17:41:53 +09:00] Loading icon 46152, hq=False",""
"AutoRetainer","","","","> [2026/09/02 17:41:53 +09:00] Loading icon 46206, hq=False",""
"AutoRetainer","","","","> [2026/09/02 17:41:53 +09:00] Loading icon 46207, hq=False",""
"AutoRetainer","","","","> [2026/09/02 17:41:53 +09:00] Loading icon 46208, hq=False",""
"AutoRetainer","","","","> [2026/09/02 17:41:53 +09:00] Loading icon 46209, hq=False",""
"AutoRetainer","","","","> [2026/09/02 17:41:53 +09:00] Loading icon 46210, hq=False",""
"AutoRetainer","","","","> [2026/09/02 17:41:53 +09:00] Loading icon 46211, hq=False",""
"AutoRetainer","","","","> [2026/09/02 17:41:53 +09:00] Loading icon 46239, hq=False",""
"AutoRetainer","","","","> [2026/09/02 17:41:53 +09:00] Loading icon 46240, hq=False",""
"AutoRetainer","","","","> [2026/09/02 17:41:53 +09:00] Loading icon 46241, hq=False",""
"AutoRetainer","","","","> [2026/09/02 17:41:53 +09:00] Loading icon 46246, hq=False",""
"AutoRetainer","","","","> [2026/09/02 17:41:53 +09:00] Loading icon 46247, hq=False",""
"AutoRetainer","","","","> [2026/09/02 17:41:53 +09:00] Loading icon 46296, hq=False",""
"AutoRetainer","","","","> [2026/09/02 17:41:53 +09:00] Loading icon 46297, hq=False",""
"AutoRetainer","","","","> [2026/09/02 17:41:53 +09:00] Loading icon 46298, hq=False",""
"AutoRetainer","","","","> [2026/09/02 17:41:53 +09:00] Loading icon 46334, hq=False",""
"AutoRetainer","","","","> [2026/09/02 17:41:53 +09:00] Loading icon 46335, hq=False",""
"AutoRetainer","","","","> [2026/09/02 17:41:53 +09:00] Loading icon 46336, hq=False",""
"AutoRetainer","","","","> [2026/09/02 17:41:53 +09:00] Loading icon 46440, hq=False",""
"AutoRetainer","","","","> [2026/09/02 17:41:53 +09:00] Loading icon 46834, hq=False",""
"AutoRetainer","","","","> [2026/09/02 17:41:53 +09:00] Loading icon 46835, hq=False",""
"AutoRetainer","","","","> [2026/09/02 17:41:53 +09:00] Loading icon 46852, hq=False",""
"AutoRetainer","","","","> [2026/09/02 17:41:53 +09:00] Loading icon 46865, hq=False",""
"AutoRetainer","","","","> [2026/09/02 17:41:53 +09:00] Loading icon 46866, hq=False",""
"AutoRetainer","","","","> [2026/09/02 17:41:53 +09:00] Loading icon 46867, hq=False",""
"AutoRetainer","","","","> [2026/09/02 17:41:53 +09:00] Loading icon 46868, hq=False",""
"AutoRetainer","","","","> [2026/09/02 17:41:53 +09:00] Loading icon 48025, hq=False",""
"AutoRetainer","","","","> [2026/09/02 17:41:53 +09:00] Loading icon 48026, hq=False",""
"AutoRetainer","","","","> [2026/09/02 17:41:53 +09:00] Loading icon 48027, hq=False",""
"AutoRetainer","","","","> [2026/09/02 17:41:53 +09:00] Loading icon 48244, hq=False",""
"AutoRetainer","","","","> [2026/09/02 17:41:53 +09:00] Loading icon 48245, hq=False",""
"AutoRetainer","","","","> [2026/09/02 17:41:53 +09:00] Loading icon 48374, hq=False",""
"AutoRetainer","","","","> [2026/09/02 17:41:53 +09:00] Loading icon 48375, hq=False",""
"AutoRetainer","","","","> [2026/09/02 17:41:53 +09:00] Loading icon 48376, hq=False",""
"AutoRetainer","","","","> [2026/09/02 17:41:53 +09:00] Loading icon 51004, hq=False",""
"AutoRetainer","","","","> [2026/09/02 17:41:53 +09:00] Loading icon 51005, hq=False",""
"AutoRetainer","","","","> [2026/09/02 17:41:53 +09:00] Loading icon 51006, hq=False",""
"AutoRetainer","","","","> [2026/09/02 17:41:53 +09:00] Loading icon 51103, hq=False",""
"AutoRetainer","","","","> [2026/09/02 17:41:53 +09:00] Loading icon 51104, hq=False",""
"AutoRetainer","","","","> [2026/09/02 17:41:53 +09:00] Loading icon 51105, hq=False",""
"AutoRetainer","","","","> [2026/09/02 17:41:53 +09:00] Loading icon 51204, hq=False",""
"AutoRetainer","","","","> [2026/09/02 17:41:53 +09:00] Loading icon 51205, hq=False",""
"AutoRetainer","","","","> [2026/09/02 17:41:53 +09:00] Loading icon 51206, hq=False",""
"AutoRetainer","","","","> [2026/09/02 17:41:53 +09:00] Loading icon 51308, hq=False",""
"AutoRetainer","","","","> [2026/09/02 17:41:53 +09:00] Loading icon 51309, hq=False",""
"AutoRetainer","","","","> [2026/09/02 17:41:53 +09:00] Loading icon 51310, hq=False",""
"AutoRetainer","","","","> [2026/09/02 17:41:53 +09:00] Loading icon 51316, hq=False",""
"AutoRetainer","","","","> [2026/09/02 17:41:53 +09:00] Loading icon 51317, hq=False",""
"AutoRetainer","","","","> [2026/09/02 17:41:53 +09:00] Loading icon 51318, hq=False",""
"AutoRetainer","","","","> [2026/09/02 17:41:53 +09:00] Loading icon 51319, hq=False",""
"AutoRetainer","","","","> [2026/09/02 17:41:53 +09:00] Loading icon 51320, hq=False",""
"AutoRetainer","","","","> [2026/09/02 17:41:53 +09:00] Loading icon 51603, hq=False",""
"AutoRetainer","","","","> [2026/09/02 17:41:53 +09:00] Loading icon 51604, hq=False",""
"AutoRetainer","","","","> [2026/09/02 17:41:53 +09:00] Loading icon 51605, hq=False",""
"AutoRetainer","","","","> [2026/09/02 17:41:53 +09:00] Loading icon 52427, hq=False",""
"AutoRetainer","","","","> [2026/09/02 17:41:53 +09:00] Loading icon 52428, hq=False",""
"AutoRetainer","","","","> [2026/09/02 17:41:53 +09:00] Loading icon 52429, hq=False",""
"AutoRetainer","","","","> [2026/09/02 17:41:53 +09:00] Loading icon 52455, hq=False",""
"AutoRetainer","","","","> [2026/09/02 17:41:53 +09:00] Loading icon 52456, hq=False",""
"AutoRetainer","","","","> [2026/09/02 17:41:53 +09:00] Loading icon 52457, hq=False",""
"AutoRetainer","","","","> [2026/09/02 17:41:53 +09:00] Loading icon 52465, hq=False",""
"AutoRetainer","","","","> [2026/09/02 17:41:53 +09:00] Loading icon 52466, hq=False",""
"AutoRetainer","","","","> [2026/09/02 17:41:53 +09:00] Loading icon 52467, hq=False",""
"AutoRetainer","","","","> [2026/09/02 17:41:53 +09:00] Loading icon 52474, hq=False",""
"AutoRetainer","","","","> [2026/09/02 17:41:53 +09:00] Loading icon 52479, hq=False",""
"AutoRetainer","","","","> [2026/09/02 17:41:53 +09:00] Loading icon 52480, hq=False",""
"AutoRetainer","","","","> [2026/09/02 17:41:53 +09:00] Loading icon 52481, hq=False",""
"AutoRetainer","","","","> [2026/09/02 17:41:53 +09:00] Loading icon 54428, hq=False",""
"AutoRetainer","","","","> [2026/09/02 17:41:53 +09:00] Loading icon 54456, hq=False",""
"AutoRetainer","","","","> [2026/09/02 17:41:53 +09:00] Loading icon 54457, hq=False",""
"AutoRetainer","","","","> [2026/09/02 17:41:53 +09:00] Loading icon 54459, hq=False",""
"AutoRetainer","","","","> [2026/09/02 17:41:53 +09:00] Loading icon 54460, hq=False",""
"AutoRetainer","","","","> [2026/09/02 17:41:53 +09:00] Loading icon 54461, hq=False",""
"AutoRetainer","","","","> [2026/09/02 17:41:53 +09:00] Loading icon 54462, hq=False",""
"AutoRetainer","","","","> [2026/09/02 17:41:53 +09:00] Loading icon 54463, hq=False",""
"AutoRetainer","","","","> [2026/09/02 17:41:53 +09:00] Loading icon 54464, hq=False",""
"AutoRetainer","","","","> [2026/09/02 17:41:53 +09:00] Loading icon 54477, hq=False",""
"AutoRetainer","","","","> [2026/09/02 17:41:53 +09:00] Loading icon 54479, hq=False",""
"AutoRetainer","","","","> [2026/09/02 17:41:53 +09:00] Loading icon 54481, hq=False",""
"AutoRetainer","","","","> [2026/09/02 17:41:53 +09:00] Loading icon 54828, hq=False",""
"AutoRetainer","","","","> [2026/09/02 17:41:53 +09:00] Loading icon 54834, hq=False",""
"AutoRetainer","","","","> [2026/09/02 17:41:53 +09:00] Loading icon 54841, hq=False",""
"AutoRetainer","","","","> [2026/09/02 17:41:53 +09:00] Loading icon 54843, hq=False",""
"AutoRetainer","","","","> [2026/09/02 17:41:53 +09:00] Loading icon 55207, hq=False",""
"AutoRetainer","","","","> [2026/09/02 17:41:53 +09:00] Loading icon 55229, hq=False",""
"AutoRetainer","","","","> [2026/09/02 17:41:53 +09:00] Loading icon 55245, hq=False",""
"AutoRetainer","","","","> [2026/09/02 17:41:53 +09:00] Loading icon 55246, hq=False",""
"AutoRetainer","","","","> [2026/09/02 17:41:53 +09:00] Loading icon 55630, hq=False",""
"AutoRetainer","","","","> [2026/09/02 17:41:53 +09:00] Loading icon 55644, hq=False",""
"AutoRetainer","","","","> [2026/09/02 17:41:53 +09:00] Loading icon 55647, hq=False",""
"AutoRetainer","","","","> [2026/09/02 17:41:53 +09:00] Loading icon 55775, hq=False",""
"AutoRetainer","","","","> [2026/09/02 17:41:53 +09:00] Loading icon 58502, hq=False",""
"AutoRetainer","","","","> [2026/09/02 17:41:53 +09:00] Loading icon 58505, hq=False",""
"AutoRetainer","","","","> [2026/09/02 17:41:53 +09:00] Loading icon 58508, hq=False",""
"AutoRetainer","","","","> [2026/09/02 17:41:53 +09:00] Loading icon 58511, hq=False",""
"AutoRetainer","","","","> [2026/09/02 17:41:53 +09:00] Loading icon 58514, hq=False",""
"AutoRetainer","","","","> [2026/09/02 17:41:53 +09:00] Loading icon 58517, hq=False",""
"AutoRetainer","","","","> [2026/09/02 17:41:53 +09:00] Loading icon 58520, hq=False",""
"AutoRetainer","","","","> [2026/09/02 17:41:53 +09:00] Loading icon 58523, hq=False",""
"AutoRetainer","","","","> [2026/09/02 17:41:53 +09:00] Loading icon 58526, hq=False",""
"AutoRetainer","","","","> [2026/09/02 17:41:53 +09:00] Loading icon 59409, hq=False",""
"AutoRetainer","","","","> [2026/09/02 17:41:53 +09:00] Loading icon 59410, hq=False",""
"AutoRetainer","","","","> [2026/09/02 17:41:53 +09:00] Loading icon 59411, hq=False",""
"AutoRetainer","","","","> [2026/09/02 17:41:53 +09:00] Loading icon 65049, hq=False",""
"AutoRetainer","","","","> [2026/09/02 17:41:53 +09:00] Starting ThreadLoadImageHandler",""
"AutoRetainer","","","","> [2026/09/02 17:41:53 +09:00] Stopping ThreadLoadImageHandler, ticks=100",""
"AutoRetainer","","","","> [2026/09/03 4:42:39 +09:00] Entrusting from slot: 8/Inventory2 - 漆 #10112 quantuity = all",""
"AutoRetainer","","","","> [2026/09/03 4:42:39 +09:00] RetainerItemCommandDetour: 0000022CCE91F378, slot=8, type=Inventory2, a4=0, command=EntrustToRetainer",""
"AutoRetainer","","","","> [2026/09/03 4:42:39 +09:00] [TED] For 漆 #10112 toEntrust=235, toKeep=0, canFit=645
[TED] [DebugData] in RetainerPage1 slot 9 found incomplete stack: 漆 #10112 q=354 canFit=0
[TED] [DebugData] in RetainerPage5 slot 10 found incomplete stack: 漆 #10112 q=999 canFit=645
[TED] [DebugData] in RetainerPage6 slot 11 found incomplete stack: 漆 #10112 q=999 canFit=645
[TED] [DebugData] in RetainerPage7 slot 1 found incomplete stack: 漆 #10112 q=999 canFit=645",""
"AutoRetainer","","","","> [2026/09/03 4:42:39 +09:00] [TED] Item count for イフイカ・フラワーガーデン #44932 = 3",""
"AutoRetainer","","","","> [2026/09/03 4:42:39 +09:00] [TED] Item count for オーケストリオン譜:プヌティーの川上り #44295 = 1",""
"AutoRetainer","","","","> [2026/09/03 4:42:39 +09:00] [TED] Item count for オーケストリオン譜:火花と閃光 #44298 = 1",""
"AutoRetainer","","","","> [2026/09/03 4:42:39 +09:00] [TED] Item count for カベイジの野菜 #12900 = 43",""
"AutoRetainer","","","","> [2026/09/03 4:42:39 +09:00] [TED] Item count for スタッフドピーマン #44103 = 9",""
"AutoRetainer","","","","> [2026/09/03 4:42:39 +09:00] [TED] Item count for フェニックスの尾 #4570 = 7",""
"AutoRetainer","","","","> [2026/09/03 4:42:39 +09:00] [TED] Item count for リバーズブレス・ナイトギア【ILv650】 #44235 = 1",""
"AutoRetainer","","","","> [2026/09/03 4:42:39 +09:00] [TED] Item count for ローストロネーク #44092 = 2",""
"AutoRetainer","","","","> [2026/09/03 4:42:39 +09:00] [TED] Item count for ヴァンガード・キャスターネックバンド #42441 = 1",""
"AutoRetainer","","","","> [2026/09/03 4:42:39 +09:00] [TED] Item count for ヴァンガード・ケーン #42380 = 1",""
"AutoRetainer","","","","> [2026/09/03 4:42:39 +09:00] [TED] Item count for ヴァンガード・ディフェンダーブレスレット #42442 = 1",""
"AutoRetainer","","","","> [2026/09/03 4:42:39 +09:00] [TED] Item count for ヴァンガード・ヒーラーハーフパンツ #42425 = 1",""
"AutoRetainer","","","","> [2026/09/03 4:42:39 +09:00] [TED] Item count for ヴァンガード・レンジャーイヤリング #42434 = 1",""
"AutoRetainer","","","","> [2026/09/03 4:42:39 +09:00] [TED] Item count for ヴァンガード・レンジャーシューズ #42416 = 1",""
"AutoRetainer","","","","> [2026/09/03 4:42:39 +09:00] [TED] Item count for ヴァンガード・レンジャーリング #42449 = 1",""
"AutoRetainer","","","","> [2026/09/03 4:42:39 +09:00] [TED] Item count for 古びた譜面:欠けた頁 #15833 = 1",""
"AutoRetainer","","","","> [2026/09/03 4:42:39 +09:00] [TED] Item count for 古びた譜面:雲に隠れて #14270 = 1",""
"AutoRetainer","","","","> [2026/09/03 4:42:39 +09:00] [TED] Item count for 漆 #10112 = 235",""
"AutoRetainer","","","","> [2026/09/03 4:42:39 +09:00] [TED] Item count for 転送網利用券 #7569 = 1029",""
"AutoRetainer","","","","> [2026/09/03 4:42:40 +09:00] Entrusting from slot: 10/Inventory2 - ホロブレード【ライトヘビー級】 #43547 quantuity = all",""
"AutoRetainer","","","","> [2026/09/03 4:42:40 +09:00] RetainerItemCommandDetour: 0000022CCE91F378, slot=10, type=Inventory2, a4=0, command=EntrustToRetainer",""
"AutoRetainer","","","","> [2026/09/03 4:42:40 +09:00] [NeoTaskManager] →Starting to execute task [<EnqueueNew>b__3_3@<>c], timeout=20000",""
"AutoRetainer","","","","> [2026/09/03 4:42:40 +09:00] [NeoTaskManager] →Starting to execute task [SelectQuit@RetainerHandlers], timeout=20000",""
"AutoRetainer","","","","> [2026/09/03 4:42:40 +09:00] [NeoTaskManager] →→Task [<EnqueueNew>b__3_3@<>c] completed successfully ",""
"AutoRetainer","","","","> [2026/09/03 4:42:40 +09:00] [NeoTaskManager] →→Task [Recursivelty entrust items (63fe20c0-830b-4ce9-8bad-651dbd7b532f | Entrust plan 1)@<>c__DisplayClass3_0] completed successfully ",""
"AutoRetainer","","","","> [2026/09/03 4:42:40 +09:00] [TED] For ホロブレード【ライトヘビー級】 #43547 toEntrust=1, toKeep=0, canFit=995
[TED] [DebugData] in RetainerPage2 slot 3 found incomplete stack: ホロブレード【ライトヘビー級】 #43547 q=4 canFit=0",""
"AutoRetainer","","","","> [2026/09/03 4:42:40 +09:00] [TED] From retainer multistack duplicate added: アカシア樹皮 #44052",""
"AutoRetainer","","","","> [2026/09/03 4:42:40 +09:00] [TED] From retainer multistack duplicate added: アッシュアルメン #29976",""
"AutoRetainer","","","","> [2026/09/03 4:42:40 +09:00] [TED] From retainer multistack duplicate added: アリオンの酸液 #5496",""
"AutoRetainer","","","","> [2026/09/03 4:42:40 +09:00] [TED] From retainer multistack duplicate added: アルドゴートの角 #5436",""
"AutoRetainer","","","","> [2026/09/03 4:42:40 +09:00] [TED] From retainer multistack duplicate added: アンティークガントレット #9389",""
"AutoRetainer","","","","> [2026/09/03 4:42:40 +09:00] [TED] From retainer multistack duplicate added: アンティークソルレット #9391",""
"AutoRetainer","","","","> [2026/09/03 4:42:40 +09:00] [TED] From retainer multistack duplicate added: アンティークブリーチ #9390",""
"AutoRetainer","","","","> [2026/09/03 4:42:40 +09:00] [TED] From retainer multistack duplicate added: アンティークヘルム #9387",""
"AutoRetainer","","","","> [2026/09/03 4:42:40 +09:00] [TED] From retainer multistack duplicate added: アンティークメイル #9388",""
"AutoRetainer","","","","> [2026/09/03 4:42:40 +09:00] [TED] From retainer multistack duplicate added: イフイカナイト #44009",""
"AutoRetainer","","","","> [2026/09/03 4:42:40 +09:00] [TED] From retainer multistack duplicate added: イルメナイト #37820",""
"AutoRetainer","","","","> [2026/09/03 4:42:40 +09:00] [TED] From retainer multistack duplicate added: ウィンドローレル #44041",""
"AutoRetainer","","","","> [2026/09/03 4:42:40 +09:00] [TED] From retainer multistack duplicate added: エバーキープの人工樹脂 #49225",""
"AutoRetainer","","","","> [2026/09/03 4:42:40 +09:00] [TED] From retainer multistack duplicate added: オルコ亜麻 #49211",""
"AutoRetainer","","","","> [2026/09/03 4:42:40 +09:00] [TED] From retainer multistack duplicate added: オヴィムの獣毛 #27756",""
"AutoRetainer","","","","> [2026/09/03 4:42:40 +09:00] [TED] From retainer multistack duplicate added: オーディンの被布 #6164",""
"AutoRetainer","","","","> [2026/09/03 4:42:40 +09:00] [TED] From retainer multistack duplicate added: カイボルト #36633",""
"AutoRetainer","","","","> [2026/09/03 4:42:40 +09:00] [TED] From retainer multistack duplicate added: カブトにかわ #19906",""
"AutoRetainer","","","","> [2026/09/03 4:42:40 +09:00] [TED] From retainer multistack duplicate added: カララント:アディショナルカラー2 #52256",""
"AutoRetainer","","","","> [2026/09/03 4:42:40 +09:00] [TED] From retainer multistack duplicate added: カード:シラディハ・グラディアトル #38431",""
"AutoRetainer","","","","> [2026/09/03 4:42:40 +09:00] [TED] From retainer multistack duplicate added: カーバンクル・バスタブ #21833",""
"AutoRetainer","","","","> [2026/09/03 4:42:40 +09:00] [TED] From retainer multistack duplicate added: カーバンクル・ルームシューズ #32218",""
"AutoRetainer","","","","> [2026/09/03 4:42:40 +09:00] [TED] From retainer multistack duplicate added: ガーデン・ソフトウォーター #49212",""
"AutoRetainer","","","","> [2026/09/03 4:42:40 +09:00] [TED] From retainer multistack duplicate added: クァールレギナの枝角 #12252",""
"AutoRetainer","","","","> [2026/09/03 4:42:40 +09:00] [TED] From retainer multistack duplicate added: クリソライト原石 #12558",""
"AutoRetainer","","","","> [2026/09/03 4:42:40 +09:00] [TED] From retainer multistack duplicate added: クロの賞状:銅賞 #26823",""
"AutoRetainer","","","","> [2026/09/03 4:42:40 +09:00] [TED] From retainer multistack duplicate added: クロノピオの粗皮 #45987",""
"AutoRetainer","","","","> [2026/09/03 4:42:40 +09:00] [TED] From retainer multistack duplicate added: グリーンティーセット #9738",""
"AutoRetainer","","","","> [2026/09/03 4:42:40 +09:00] [TED] From retainer multistack duplicate added: コチニール染料 #45972",""
"AutoRetainer","","","","> [2026/09/03 4:42:40 +09:00] [TED] From retainer multistack duplicate added: コンドライト #36166",""
"AutoRetainer","","","","> [2026/09/03 4:42:40 +09:00] [TED] From retainer multistack duplicate added: コークス #5530",""
"AutoRetainer","","","","> [2026/09/03 4:42:40 +09:00] [TED] From retainer multistack duplicate added: コーディア原木 #45968",""
"AutoRetainer","","","","> [2026/09/03 4:42:40 +09:00] [TED] From retainer multistack duplicate added: ゴールドチタン鉱 #43995",""
"AutoRetainer","","","","> [2026/09/03 4:42:40 +09:00] [TED] From retainer multistack duplicate added: サンダルウッド原木 #27688",""
"AutoRetainer","","","","> [2026/09/03 4:42:40 +09:00] [TED] From retainer multistack duplicate added: サンドイッチバスケット #27295",""
"AutoRetainer","","","","> [2026/09/03 4:42:40 +09:00] [TED] From retainer multistack duplicate added: シデリティス茶葉 #36094",""
"AutoRetainer","","","","> [2026/09/03 4:42:40 +09:00] [TED] From retainer multistack duplicate added: シャブルク・ピビル #44112",""
"AutoRetainer","","","","> [2026/09/03 4:42:40 +09:00] [TED] From retainer multistack duplicate added: シャーローニ・コークス #45985",""
"AutoRetainer","","","","> [2026/09/03 4:42:40 +09:00] [TED] From retainer multistack duplicate added: シャーローニ・コーヒー #45971",""
"AutoRetainer","","","","> [2026/09/03 4:42:40 +09:00] [TED] From retainer multistack duplicate added: シラディハの遺物 #38533",""
"AutoRetainer","","","","> [2026/09/03 4:42:40 +09:00] [TED] From retainer multistack duplicate added: シルバービーチ原木 #32950",""
"AutoRetainer","","","","> [2026/09/03 4:42:40 +09:00] [TED] From retainer multistack duplicate added: ジャイアントポポト #36089",""
"AutoRetainer","","","","> [2026/09/03 4:42:40 +09:00] [TED] From retainer multistack duplicate added: スラッグの粘液 #5495",""
"AutoRetainer","","","","> [2026/09/03 4:42:40 +09:00] [TED] From retainer multistack duplicate added: セノーテ・ルームランプ #44888",""
"AutoRetainer","","","","> [2026/09/03 4:42:40 +09:00] [TED] From retainer multistack duplicate added: タイガーリリー #27784",""
"AutoRetainer","","","","> [2026/09/03 4:42:40 +09:00] [TED] From retainer multistack duplicate added: タングステン鉱 #27704",""
"AutoRetainer","","","","> [2026/09/03 4:42:40 +09:00] [TED] From retainer multistack duplicate added: ダイアスポア原石 #27727",""
"AutoRetainer","","","","> [2026/09/03 4:42:40 +09:00] [TED] From retainer multistack duplicate added: ダイアマイトウェブ #5345",""
"AutoRetainer","","","","> [2026/09/03 4:42:40 +09:00] [TED] From retainer multistack duplicate added: ダークマタークラスター #10335",""
"AutoRetainer","","","","> [2026/09/03 4:42:40 +09:00] [TED] From retainer multistack duplicate added: ディープゴールドナゲット #27706",""
"AutoRetainer","","","","> [2026/09/03 4:42:40 +09:00] [TED] From retainer multistack duplicate added: トクローネの甲鱗 #41803",""
"AutoRetainer","","","","> [2026/09/03 4:42:40 +09:00] [TED] From retainer multistack duplicate added: トライヨラの染料 #49227",""
"AutoRetainer","","","","> [2026/09/03 4:42:40 +09:00] [TED] From retainer multistack duplicate added: トラルアルメン #44139",""
"AutoRetainer","","","","> [2026/09/03 4:42:40 +09:00] [TED] From retainer multistack duplicate added: ドワーフ綿布 #27757",""
"AutoRetainer","","","","> [2026/09/03 4:42:40 +09:00] [TED] From retainer multistack duplicate added: ドワーフ綿糸 #27758",""
"AutoRetainer","","","","> [2026/09/03 4:42:40 +09:00] [TED] From retainer multistack duplicate added: ノパルフラワー #44140",""
"AutoRetainer","","","","> [2026/09/03 4:42:40 +09:00] [TED] From retainer multistack duplicate added: ハイダリウムインゴット #36169",""
"AutoRetainer","","","","> [2026/09/03 4:42:40 +09:00] [TED] From retainer multistack duplicate added: ハイダリウム・エンチャントインク #36237",""
"AutoRetainer","","","","> [2026/09/03 4:42:40 +09:00] [TED] From retainer multistack duplicate added: ハイミスリルナゲット #27715",""
"AutoRetainer","","","","> [2026/09/03 4:42:40 +09:00] [TED] From retainer multistack duplicate added: ハンターキャンプチェア #47476",""
"AutoRetainer","","","","> [2026/09/03 4:42:40 +09:00] [TED] From retainer multistack duplicate added: ハードワットル樹皮 #32954",""
"AutoRetainer","","","","> [2026/09/03 4:42:40 +09:00] [TED] From retainer multistack duplicate added: バーチ樹液 #12891",""
"AutoRetainer","","","","> [2026/09/03 4:42:40 +09:00] [TED] From retainer multistack duplicate added: ヒュペルボレア・ベンチ #41099",""
"AutoRetainer","","","","> [2026/09/03 4:42:40 +09:00] [TED] From retainer multistack duplicate added: フォーミダブルの歯車 #27973",""
"AutoRetainer","","","","> [2026/09/03 4:42:40 +09:00] [TED] From retainer multistack duplicate added: ブラックスター原石 #44006",""
"AutoRetainer","","","","> [2026/09/03 4:42:40 +09:00] [TED] From retainer multistack duplicate added: ブルージルコン原石 #36177",""
"AutoRetainer","","","","> [2026/09/03 4:42:40 +09:00] [TED] From retainer multistack duplicate added: プルプラシェルチップ #29970",""
"AutoRetainer","","","","> [2026/09/03 4:42:40 +09:00] [TED] From retainer multistack duplicate added: プロトアーマー認証鍵 #7002",""
"AutoRetainer","","","","> [2026/09/03 4:42:40 +09:00] [TED] From retainer multistack duplicate added: ベヒーモスの角 #6155",""
"AutoRetainer","","","","> [2026/09/03 4:42:40 +09:00] [TED] From retainer multistack duplicate added: ホロアクセサリー【クルーザー級】 #46726",""
"AutoRetainer","","","","> [2026/09/03 4:42:40 +09:00] [TED] From retainer multistack duplicate added: ホロアクセサリー【ヘビー級】 #49754",""
"AutoRetainer","","","","> [2026/09/03 4:42:40 +09:00] [TED] From retainer multistack duplicate added: ホロアクセサリー【ライトヘビー級】 #43546",""
"AutoRetainer","","","","> [2026/09/03 4:42:40 +09:00] [TED] From retainer multistack duplicate added: ホロアーマー【ヘビー級】 #49750",""
"AutoRetainer","","","","> [2026/09/03 4:42:40 +09:00] [TED] From retainer multistack duplicate added: ホロアーマー【ライトヘビー級】 #43542",""
"AutoRetainer","","","","> [2026/09/03 4:42:40 +09:00] [TED] From retainer multistack duplicate added: ホロガントレット【クルーザー級】 #46723",""
"AutoRetainer","","","","> [2026/09/03 4:42:40 +09:00] [TED] From retainer multistack duplicate added: ホロガントレット【ヘビー級】 #49751",""
"AutoRetainer","","","","> [2026/09/03 4:42:40 +09:00] [TED] From retainer multistack duplicate added: ホロガントレット【ライトヘビー級】 #43543",""
"AutoRetainer","","","","> [2026/09/03 4:42:40 +09:00] [TED] From retainer multistack duplicate added: ホログリーヴ【ヘビー級】 #49753",""
"AutoRetainer","","","","> [2026/09/03 4:42:40 +09:00] [TED] From retainer multistack duplicate added: ホログリーヴ【ライトヘビー級】 #43545",""
"AutoRetainer","","","","> [2026/09/03 4:42:40 +09:00] [TED] From retainer multistack duplicate added: ホロサバトン【クルーザー級】 #46725",""
"AutoRetainer","","","","> [2026/09/03 4:42:40 +09:00] [TED] From retainer multistack duplicate added: ホロサーコート【クルーザー級】 #46722",""
"AutoRetainer","","","","> [2026/09/03 4:42:40 +09:00] [TED] From retainer multistack duplicate added: ホロショース【ライトヘビー級】 #43544",""
"AutoRetainer","","","","> [2026/09/03 4:42:40 +09:00] [TED] From retainer multistack duplicate added: ホロセイバー【クルーザー級】 #46727",""
"AutoRetainer","","","","> [2026/09/03 4:42:40 +09:00] [TED] From retainer multistack duplicate added: ホロトラウザー【クルーザー級】 #46724",""
"AutoRetainer","","","","> [2026/09/03 4:42:40 +09:00] [TED] From retainer multistack duplicate added: ホロトラウザー【ヘビー級】 #49752",""
"AutoRetainer","","","","> [2026/09/03 4:42:40 +09:00] [TED] From retainer multistack duplicate added: ホロブレード【ヘビー級】 #49755",""
"AutoRetainer","","","","> [2026/09/03 4:42:40 +09:00] [TED] From retainer multistack duplicate added: ホロブレード【ライトヘビー級】 #43547",""
"AutoRetainer","","","","> [2026/09/03 4:42:40 +09:00] [TED] From retainer multistack duplicate added: ホロヘルム【クルーザー級】 #46721",""
"AutoRetainer","","","","> [2026/09/03 4:42:40 +09:00] [TED] From retainer multistack duplicate added: ホロヘルム【ライトヘビー級】 #43541",""
"AutoRetainer","","","","> [2026/09/03 4:42:40 +09:00] [TED] From retainer multistack duplicate added: ホワイトゴールド鉱 #44005",""
"AutoRetainer","","","","> [2026/09/03 4:42:40 +09:00] [TED] From retainer multistack duplicate added: ボズヤ古銀貨 #32179",""
"AutoRetainer","","","","> [2026/09/03 4:42:40 +09:00] [TED] From retainer multistack duplicate added: ボズヤ古銭 #31351",""
"AutoRetainer","","","","> [2026/09/03 4:42:40 +09:00] [TED] From retainer multistack duplicate added: マイカ・ザ・ムーの歯車 #41804",""
"AutoRetainer","","","","> [2026/09/03 4:42:40 +09:00] [TED] From retainer multistack duplicate added: マグネシア粉 #44007",""
"AutoRetainer","","","","> [2026/09/03 4:42:40 +09:00] [TED] From retainer multistack duplicate added: ミダースクランク #14303",""
"AutoRetainer","","","","> [2026/09/03 4:42:40 +09:00] [TED] From retainer multistack duplicate added: ミダーススプリング #14304",""
"AutoRetainer","","","","> [2026/09/03 4:42:40 +09:00] [TED] From retainer multistack duplicate added: ミダースボルト #14307",""
"AutoRetainer","","","","> [2026/09/03 4:42:40 +09:00] [TED] From retainer multistack duplicate added: ミダースレンズ #14301",""
"AutoRetainer","","","","> [2026/09/03 4:42:40 +09:00] [TED] From retainer multistack duplicate added: メルバウ原木 #29972",""
"AutoRetainer","","","","> [2026/09/03 4:42:40 +09:00] [TED] From retainer multistack duplicate added: モリンホール #20307",""
"AutoRetainer","","","","> [2026/09/03 4:42:40 +09:00] [TED] From retainer multistack duplicate added: モルバナー #20639",""
"AutoRetainer","","","","> [2026/09/03 4:42:40 +09:00] [TED] From retainer multistack duplicate added: モルモリオン原石 #12559",""
"AutoRetainer","","","","> [2026/09/03 4:42:40 +09:00] [TED] From retainer multistack duplicate added: ユウギリとゴウセツの人相書き #20306",""
"AutoRetainer","","","","> [2026/09/03 4:42:40 +09:00] [TED] From retainer multistack duplicate added: ラテックス #5509",""
"AutoRetainer","","","","> [2026/09/03 4:42:40 +09:00] [TED] From retainer multistack duplicate added: ラノリン #5517",""
"AutoRetainer","","","","> [2026/09/03 4:42:40 +09:00] [TED] From retainer multistack duplicate added: ラバー #5510",""
"AutoRetainer","","","","> [2026/09/03 4:42:40 +09:00] [TED] From retainer multistack duplicate added: ラピスマナリス・バナー #41097",""
"AutoRetainer","","","","> [2026/09/03 4:42:40 +09:00] [TED] From retainer multistack duplicate added: リグナムバイタ材 #27693",""
"AutoRetainer","","","","> [2026/09/03 4:42:40 +09:00] [TED] From retainer multistack duplicate added: ルチルクォーツ原石 #37817",""
"AutoRetainer","","","","> [2026/09/03 4:42:40 +09:00] [TED] From retainer multistack duplicate added: レガリスゼンマイ #29978",""
"AutoRetainer","","","","> [2026/09/03 4:42:40 +09:00] [TED] From retainer multistack duplicate added: ロウヤシの葉 #49210",""
"AutoRetainer","","","","> [2026/09/03 4:42:40 +09:00] [TED] From retainer multistack duplicate added: ローズガーネット原石 #49209",""
"AutoRetainer","","","","> [2026/09/03 4:42:40 +09:00] [TED] From retainer multistack duplicate added: 亜麻 #5346",""
"AutoRetainer","","","","> [2026/09/03 4:42:40 +09:00] [TED] From retainer multistack duplicate added: 伝承録の交換手形G3 #36610",""
"AutoRetainer","","","","> [2026/09/03 4:42:40 +09:00] [TED] From retainer multistack duplicate added: 剛力の竜薬 #12622",""
"AutoRetainer","","","","> [2026/09/03 4:42:40 +09:00] [TED] From retainer multistack duplicate added: 南方戦線のロックボックス #31357",""
"AutoRetainer","","","","> [2026/09/03 4:42:40 +09:00] [TED] From retainer multistack duplicate added: 古樹の霊砂 #27814",""
"AutoRetainer","","","","> [2026/09/03 4:42:40 +09:00] [TED] From retainer multistack duplicate added: 地下天然水 #27782",""
"AutoRetainer","","","","> [2026/09/03 4:42:40 +09:00] [TED] From retainer multistack duplicate added: 奔雷の強化繊維 #49758",""
"AutoRetainer","","","","> [2026/09/03 4:42:40 +09:00] [TED] From retainer multistack duplicate added: 妖綿花 #27753",""
"AutoRetainer","","","","> [2026/09/03 4:42:40 +09:00] [TED] From retainer multistack duplicate added: 帝国製の合成繊維 #32201",""
"AutoRetainer","","","","> [2026/09/03 4:42:40 +09:00] [TED] From retainer multistack duplicate added: 帯雷繭 #44028",""
"AutoRetainer","","","","> [2026/09/03 4:42:40 +09:00] [TED] From retainer multistack duplicate added: 幻想薬 #6221",""
"AutoRetainer","","","","> [2026/09/03 4:42:40 +09:00] [TED] From retainer multistack duplicate added: 強重曹 #27777",""
"AutoRetainer","","","","> [2026/09/03 4:42:40 +09:00] [TED] From retainer multistack duplicate added: 微光の霊砂 #12936",""
"AutoRetainer","","","","> [2026/09/03 4:42:40 +09:00] [TED] From retainer multistack duplicate added: 戦果記録:恩徳のユンブ #30356",""
"AutoRetainer","","","","> [2026/09/03 4:42:40 +09:00] [TED] From retainer multistack duplicate added: 戦果記録:華麗なるクラリシー #30351",""
"AutoRetainer","","","","> [2026/09/03 4:42:40 +09:00] [TED] From retainer multistack duplicate added: 戦闘技術教本:守勢 #15772",""
"AutoRetainer","","","","> [2026/09/03 4:42:40 +09:00] [TED] From retainer multistack duplicate added: 暗闇の霊砂 #27812",""
"AutoRetainer","","","","> [2026/09/03 4:42:40 +09:00] [TED] From retainer multistack duplicate added: 未鑑定ロストシャード:強化 #30886",""
"AutoRetainer","","","","> [2026/09/03 4:42:40 +09:00] [TED] From retainer multistack duplicate added: 未鑑定ロストシャード:支援 #30885",""
"AutoRetainer","","","","> [2026/09/03 4:42:40 +09:00] [TED] From retainer multistack duplicate added: 氷神の氷晶 #9559",""
"AutoRetainer","","","","> [2026/09/03 4:42:40 +09:00] [TED] From retainer multistack duplicate added: 汎用規格トームストーン v2.0 #46728",""
"AutoRetainer","","","","> [2026/09/03 4:42:40 +09:00] [TED] From retainer multistack duplicate added: 泡マユ #27761",""
"AutoRetainer","","","","> [2026/09/03 4:42:40 +09:00] [TED] From retainer multistack duplicate added: 海島綿 #44138",""
"AutoRetainer","","","","> [2026/09/03 4:42:40 +09:00] [TED] From retainer multistack duplicate added: 混鉄鉱 #44135",""
"AutoRetainer","","","","> [2026/09/03 4:42:40 +09:00] [TED] From retainer multistack duplicate added: 漆 #10112",""
"AutoRetainer","","","","> [2026/09/03 4:42:40 +09:00] [TED] From retainer multistack duplicate added: 白亜麻 #27747",""
"AutoRetainer","","","","> [2026/09/03 4:42:40 +09:00] [TED] From retainer multistack duplicate added: 白光のデミマテリア #8142",""
"AutoRetainer","","","","> [2026/09/03 4:42:40 +09:00] [TED] From retainer multistack duplicate added: 白光のデミマテリダ #8144",""
"AutoRetainer","","","","> [2026/09/03 4:42:40 +09:00] [TED] From retainer multistack duplicate added: 白光のデミマテリラ #8143",""
"AutoRetainer","","","","> [2026/09/03 4:42:40 +09:00] [TED] From retainer multistack duplicate added: 白夜結晶 #32952",""
"AutoRetainer","","","","> [2026/09/03 4:42:40 +09:00] [TED] From retainer multistack duplicate added: 真銀鉱 #44136",""
"AutoRetainer","","","","> [2026/09/03 4:42:40 +09:00] [TED] From retainer multistack duplicate added: 硬泥岩 #27801",""
"AutoRetainer","","","","> [2026/09/03 4:42:40 +09:00] [TED] From retainer multistack duplicate added: 紅モコ草 #36205",""
"AutoRetainer","","","","> [2026/09/03 4:42:40 +09:00] [TED] From retainer multistack duplicate added: 紫根 #29974",""
"AutoRetainer","","","","> [2026/09/03 4:42:40 +09:00] [TED] From retainer multistack duplicate added: 紫根布 #29961",""
"AutoRetainer","","","","> [2026/09/03 4:42:40 +09:00] [TED] From retainer multistack duplicate added: 紫電の霊砂 #46246",""
"AutoRetainer","","","","> [2026/09/03 4:42:40 +09:00] [TED] From retainer multistack duplicate added: 苦灰石 #32951",""
"AutoRetainer","","","","> [2026/09/03 4:42:40 +09:00] [TED] From retainer multistack duplicate added: 草糸 #5333",""
"AutoRetainer","","","","> [2026/09/03 4:42:40 +09:00] [TED] From retainer multistack duplicate added: 草綿 #5343",""
"AutoRetainer","","","","> [2026/09/03 4:42:40 +09:00] [TED] From retainer multistack duplicate added: 葛のつる #19982",""
"AutoRetainer","","","","> [2026/09/03 4:42:40 +09:00] [TED] From retainer multistack duplicate added: 蒼綿花 #32953",""
"AutoRetainer","","","","> [2026/09/03 4:42:40 +09:00] [TED] From retainer multistack duplicate added: 虹結晶 #27705",""
"AutoRetainer","","","","> [2026/09/03 4:42:40 +09:00] [TED] From retainer multistack duplicate added: 虹繭糸 #27749",""
"AutoRetainer","","","","> [2026/09/03 4:42:40 +09:00] [TED] From retainer multistack duplicate added: 被膜形成材 #49224",""
"AutoRetainer","","","","> [2026/09/03 4:42:40 +09:00] [TED] From retainer multistack duplicate added: 護竜の鱗 #47100",""
"AutoRetainer","","","","> [2026/09/03 4:42:40 +09:00] [TED] From retainer multistack duplicate added: 赤麻 #19976",""
"AutoRetainer","","","","> [2026/09/03 4:42:40 +09:00] [TED] From retainer multistack duplicate added: 超硬水 #32955",""
"AutoRetainer","","","","> [2026/09/03 4:42:40 +09:00] [TED] From retainer multistack duplicate added: 輝コバルト鉱 #29968",""
"AutoRetainer","","","","> [2026/09/03 4:42:40 +09:00] [TED] From retainer multistack duplicate added: 閃光の霊砂 #27811",""
"AutoRetainer","","","","> [2026/09/03 4:42:40 +09:00] [TED] From retainer multistack duplicate added: 闇鉄鉱 #5121",""
"AutoRetainer","","","","> [2026/09/03 4:42:40 +09:00] [TED] From retainer multistack duplicate added: 闇霊銀砂 #27702",""
"AutoRetainer","","","","> [2026/09/03 4:42:40 +09:00] [TED] From retainer multistack duplicate added: 霊青岩 #27698",""
"AutoRetainer","","","","> [2026/09/03 4:42:40 +09:00] [TED] From retainer multistack duplicate added: 青麻 #12598",""
"AutoRetainer","","","","> [2026/09/03 4:42:40 +09:00] [TED] From retainer multistack duplicate added: 高密度軽銀鉱 #49208",""
"AutoRetainer","","","","> [2026/09/03 4:42:40 +09:00] [TED] From retainer multistack duplicate added: 高精度ゴルディオンボルト #13581",""
"AutoRetainer","","","","> [2026/09/03 4:42:40 +09:00] [TED] From retainer multistack duplicate added: 黒鉄鉱 #43996",""
"AutoRetainer","","","","> [2026/09/03 4:42:40 +09:00] [TED] Item count for アイスクラスター #15 = 3435",""
"AutoRetainer","","","","> [2026/09/03 4:42:40 +09:00] [TED] Item count for アイスクリスタル #9 = 4981",""
"AutoRetainer","","","","> [2026/09/03 4:42:40 +09:00] [TED] Item count for アイスシャード #3 = 998",""
"AutoRetainer","","","","> [2026/09/03 4:42:40 +09:00] [TED] Item count for アラグ銅貨 #5824 = 42",""
"AutoRetainer","","","","> [2026/09/03 4:42:40 +09:00] [TED] Item count for アロアロ島の遺物 #41078 = 3",""
"AutoRetainer","","","","> [2026/09/03 4:42:40 +09:00] [TED] Item count for アロス・ネグロ #28721 = 5",""
"AutoRetainer","","","","> [2026/09/03 4:42:40 +09:00] [TED] Item count for アングラーシチュー #14140 = 3",""
"AutoRetainer","","","","> [2026/09/03 4:42:40 +09:00] [TED] Item count for アースクラスター #17 = 4132",""
"AutoRetainer","","","","> [2026/09/03 4:42:40 +09:00] [TED] Item count for アースクリスタル #11 = 5920",""
"AutoRetainer","","","","> [2026/09/03 4:42:40 +09:00] [TED] Item count for アースシャード #5 = 1596",""
"AutoRetainer","","","","> [2026/09/03 4:42:40 +09:00] [TED] Item count for イフイカ・フラワーガーデン #44932 = 3",""
"AutoRetainer","","","","> [2026/09/03 4:42:40 +09:00] [TED] Item count for ウィンドクラスター #16 = 2863",""
"AutoRetainer","","","","> [2026/09/03 4:42:40 +09:00] [TED] Item count for ウィンドクリスタル #10 = 4149",""
"AutoRetainer","","","","> [2026/09/03 4:42:40 +09:00] [TED] Item count for ウィンドシャード #4 = 1732",""
"AutoRetainer","","","","> [2026/09/03 4:42:40 +09:00] [TED] Item count for ウォータークラスター #19 = 3410",""
"AutoRetainer","","","","> [2026/09/03 4:42:40 +09:00] [TED] Item count for ウォータークリスタル #13 = 2012",""
"AutoRetainer","","","","> [2026/09/03 4:42:40 +09:00] [TED] Item count for ウォーターシャード #7 = 1303",""
"AutoRetainer","","","","> [2026/09/03 4:42:40 +09:00] [TED] Item count for エバーキープの手形G3 #51188 = 14",""
"AutoRetainer","","","","> [2026/09/03 4:42:40 +09:00] [TED] Item count for オーケストリオン譜:プヌティーの川上り #44295 = 1",""
"AutoRetainer","","","","> [2026/09/03 4:42:40 +09:00] [TED] Item count for オーケストリオン譜:火花と閃光 #44298 = 1",""
"AutoRetainer","","","","> [2026/09/03 4:42:40 +09:00] [TED] Item count for カベイジの野菜 #12900 = 43",""
"AutoRetainer","","","","> [2026/09/03 4:42:40 +09:00] [TED] Item count for キャラメルポップコーン #49240 = 48",""
"AutoRetainer","","","","> [2026/09/03 4:42:40 +09:00] [TED] Item count for キャロットラペ #36047 = 96",""
"AutoRetainer","","","","> [2026/09/03 4:42:40 +09:00] [TED] Item count for ギサールの野菜 #4868 = 44",""
"AutoRetainer","","","","> [2026/09/03 4:42:40 +09:00] [TED] Item count for コルヴォの遺物 #50434 = 36",""
"AutoRetainer","","","","> [2026/09/03 4:42:40 +09:00] [TED] Item count for コーディアル #6141 = 1056",""
"AutoRetainer","","","","> [2026/09/03 4:42:40 +09:00] [TED] Item count for コーヒークッキー #27878 = 5",""
"AutoRetainer","","","","> [2026/09/03 4:42:40 +09:00] [TED] Item count for サボテンダージグ #43853 = 9",""
"AutoRetainer","","","","> [2026/09/03 4:42:40 +09:00] [TED] Item count for ジャッジオーダー・ラブリュスRE #32671 = 1",""
"AutoRetainer","","","","> [2026/09/03 4:42:40 +09:00] [TED] Item count for スタッフドピーマン #44103 = 9",""
"AutoRetainer","","","","> [2026/09/03 4:42:40 +09:00] [TED] Item count for セビーチェ #44842 = 34",""
"AutoRetainer","","","","> [2026/09/03 4:42:40 +09:00] [TED] Item count for ファイアクラスター #14 = 4496",""
"AutoRetainer","","","","> [2026/09/03 4:42:40 +09:00] [TED] Item count for ファイアクリスタル #8 = 5445",""
"AutoRetainer","","","","> [2026/09/03 4:42:40 +09:00] [TED] Item count for ファイアシャード #2 = 975",""
"AutoRetainer","","","","> [2026/09/03 4:42:40 +09:00] [TED] Item count for ファントムペンアンブレー・テルプナ #47885 = 1",""
"AutoRetainer","","","","> [2026/09/03 4:42:40 +09:00] [TED] Item count for フェニックスの尾 #4570 = 7",""
"AutoRetainer","","","","> [2026/09/03 4:42:40 +09:00] [TED] Item count for ペッパーポポト #27870 = 6",""
"AutoRetainer","","","","> [2026/09/03 4:42:40 +09:00] [TED] Item count for ホロブレード【ライトヘビー級】 #43547 = 1",""
"AutoRetainer","","","","> [2026/09/03 4:42:40 +09:00] [TED] Item count for マンダヴィル・アメイジング・ケーン #39152 = 1",""
"AutoRetainer","","","","> [2026/09/03 4:42:40 +09:00] [TED] Item count for マンダヴィル・リボルバー #38407 = 1",""
"AutoRetainer","","","","> [2026/09/03 4:42:40 +09:00] [TED] Item count for ミラージュディスペラー #7621 = 98",""
"AutoRetainer","","","","> [2026/09/03 4:42:40 +09:00] [TED] Item count for ミラージュプリズム #21800 = 59",""
"AutoRetainer","","","","> [2026/09/03 4:42:40 +09:00] [TED] Item count for メスキートジュース #44097 = 4",""
"AutoRetainer","","","","> [2026/09/03 4:42:40 +09:00] [TED] Item count for ライトニングクラスター #18 = 3393",""
"AutoRetainer","","","","> [2026/09/03 4:42:40 +09:00] [TED] Item count for ライトニングクリスタル #12 = 4720",""
"AutoRetainer","","","","> [2026/09/03 4:42:40 +09:00] [TED] Item count for ライトニングシャード #6 = 1592",""
"AutoRetainer","","","","> [2026/09/03 4:42:40 +09:00] [TED] Item count for リバーズブレス・ナイトギア【ILv650】 #44235 = 1",""
"AutoRetainer","","","","> [2026/09/03 4:42:40 +09:00] [TED] Item count for ローストロネーク #44092 = 2",""
"AutoRetainer","","","","> [2026/09/03 4:42:40 +09:00] [TED] Item count for ヴァンガード・キャスターネックバンド #42441 = 1",""
"AutoRetainer","","","","> [2026/09/03 4:42:40 +09:00] [TED] Item count for ヴァンガード・ケーン #42380 = 1",""
"AutoRetainer","","","","> [2026/09/03 4:42:40 +09:00] [TED] Item count for ヴァンガード・ディフェンダーブレスレット #42442 = 1",""
"AutoRetainer","","","","> [2026/09/03 4:42:40 +09:00] [TED] Item count for ヴァンガード・ヒーラーハーフパンツ #42425 = 1",""
"AutoRetainer","","","","> [2026/09/03 4:42:40 +09:00] [TED] Item count for ヴァンガード・レンジャーイヤリング #42434 = 1",""
"AutoRetainer","","","","> [2026/09/03 4:42:40 +09:00] [TED] Item count for ヴァンガード・レンジャーシューズ #42416 = 1",""
"AutoRetainer","","","","> [2026/09/03 4:42:40 +09:00] [TED] Item count for ヴァンガード・レンジャーリング #42449 = 1",""
"AutoRetainer","","","","> [2026/09/03 4:42:40 +09:00] [TED] Item count for 万能ルアー #29717 = 1",""
"AutoRetainer","","","","> [2026/09/03 4:42:40 +09:00] [TED] Item count for 上弦鉱石 #46850 = 3",""
"AutoRetainer","","","","> [2026/09/03 4:42:40 +09:00] [TED] Item count for 六根山の遺物 #39884 = 9",""
"AutoRetainer","","","","> [2026/09/03 4:42:40 +09:00] [TED] Item count for 古びた譜面:欠けた頁 #15833 = 1",""
"AutoRetainer","","","","> [2026/09/03 4:42:40 +09:00] [TED] Item count for 古びた譜面:雲に隠れて #14270 = 1",""
"AutoRetainer","","","","> [2026/09/03 4:42:40 +09:00] [TED] Item count for 埋もれた財宝G3 #16172 = 1",""
"AutoRetainer","","","","> [2026/09/03 4:42:40 +09:00] [TED] Item count for 打ち捨てられた遺物 #32959 = 2",""
"AutoRetainer","","","","> [2026/09/03 4:42:40 +09:00] [TED] Item count for 激戦の戦闘記録:第1集 #33759 = 7",""
"AutoRetainer","","","","> [2026/09/03 4:42:40 +09:00] [TED] Item count for 軍票優先支給票 #14946 = 5",""
"AutoRetainer","","","","> [2026/09/03 4:42:40 +09:00] [TED] Item count for 転送網利用券 #7569 = 1029",""
"AutoRetainer","","","","> [2026/09/03 4:42:40 +09:00] [TED] Item count for 転送網利用券:コスモエクスプローラー #49121 = 83",""
"AutoRetainer","","","","> [2026/09/03 4:42:40 +09:00] [TED] Item count for 金平糖 #23185 = 4",""
"AutoRetainer","","","","> [2026/09/03 4:42:40 +09:00] [TED] Item count for 魔匠の薬液 #44169 = 83",""
"AutoRetainer","","","","> [2026/09/03 4:42:41 +09:00] Entries: アイテムの受け渡し　[預託中：175枠]
ギルの受け渡し　 [預託中：0]
マーケット出品（プレイヤー所持品から）
マーケット出品（リテイナー所持品から）
販売履歴を見る
リテイナーベンチャーの確認　[～2026/9/3 6:35]
リテイナーベンチャーの依頼　[依頼中]
リテイナーの装備設定　[メインアーム装備中]
リテイナーのクラス設定　[弓術士：Lv46 ]
リテイナーのジョブ設定
リテイナーの武具投影
リテイナーのアイテム染色
リテイナーのメモ編集
リテイナーを帰す",""
"AutoRetainer","","","","> [2026/09/03 4:42:41 +09:00] Entry found: AddonMaster.SelectString.Entry [Text=""リテイナーを帰す"", Index=13]",""
"AutoRetainer","","","","> [2026/09/03 4:42:41 +09:00] Firing callback: SelectString, valueCount = 1, updateStatte = True, values:
",""
"AutoRetainer","","","","> [2026/09/03 4:42:41 +09:00] TrySelectSpecificEntry: selecting AddonMaster.SelectString.Entry [Text=""リテイナーを帰す"", Index=13]",""
"AutoRetainer","","","","> [2026/09/03 4:42:41 +09:00] [NeoTaskManager] →Starting to execute task [<Draw>b__1@<>c__DisplayClass5_0], timeout=20000",""
"AutoRetainer","","","","> [2026/09/03 4:42:41 +09:00] [NeoTaskManager] →→Task [SelectQuit@RetainerHandlers] completed successfully ",""
"AutoRetainer","","","","> [2026/09/03 4:42:42 +09:00] Firing callback: RetainerList, valueCount = 4, updateStatte = True, values:
",""
"AutoRetainer","","","","> [2026/09/03 4:42:42 +09:00] Last venture ID reset",""
"AutoRetainer","","","","> [2026/09/03 4:42:42 +09:00] Selecting retainer Ethina with index 6",""
"AutoRetainer","","","","> [2026/09/03 4:42:42 +09:00] [NeoTaskManager] →Starting to execute task [Set WasOpen = false@<>c], timeout=20000",""
"AutoRetainer","","","","> [2026/09/03 4:42:42 +09:00] [NeoTaskManager] →→Task [<Draw>b__1@<>c__DisplayClass5_0] completed successfully ",""
"AutoRetainer","","","","> [2026/09/03 4:42:42 +09:00] [NeoTaskManager] →→Task [Set WasOpen = false@<>c] completed successfully ",""
"AutoRetainer","","","","> [2026/09/03 4:42:43 +09:00] Retainer Ethina current venture=347",""
"AutoRetainer","","","","> [2026/09/03 4:42:43 +09:00] [NeoTaskManager] →Starting to execute task [Wait until addon SelectString ready@<>c], timeout=20000",""
"AutoRetainer","","","","> [2026/09/03 4:42:44 +09:00] Entries: アイテムの受け渡し　[預託中：87枠]
ギルの受け渡し　 [預託中：0]
マーケット出品（プレイヤー所持品から）
マーケット出品（リテイナー所持品から）
販売履歴を見る
リテイナーベンチャーの確認　[～2026/9/3 6:35]
リテイナーベンチャーの依頼　[依頼中]
リテイナーの装備設定　[メインアーム装備中]
リテイナーのクラス設定　[呪術士：Lv37 ]
リテイナーのジョブ設定
リテイナーの武具投影
リテイナーのアイテム染色
リテイナーのメモ編集
リテイナーを帰す",""
"AutoRetainer","","","","> [2026/09/03 4:42:44 +09:00] Entry found: AddonMaster.SelectString.Entry [Text=""リテイナーを帰す"", Index=13]",""
"AutoRetainer","","","","> [2026/09/03 4:42:44 +09:00] Firing callback: SelectString, valueCount = 1, updateStatte = True, values:
",""
"AutoRetainer","","","","> [2026/09/03 4:42:44 +09:00] FPS restrictions restored",""
"AutoRetainer","","","","> [2026/09/03 4:42:44 +09:00] Last venture ID reset",""
"AutoRetainer","","","","> [2026/09/03 4:42:44 +09:00] TextAdvance unlocked",""
"AutoRetainer","","","","> [2026/09/03 4:42:44 +09:00] TrySelectSpecificEntry: selecting AddonMaster.SelectString.Entry [Text=""リテイナーを帰す"", Index=13]",""
"AutoRetainer","","","","> [2026/09/03 4:42:44 +09:00] YesAlready unlocked",""
"AutoRetainer","","","","> [2026/09/03 4:42:44 +09:00] [NeoTaskManager] →Starting to execute task [<EnqueueNew>b__3_3@<>c], timeout=20000",""
"AutoRetainer","","","","> [2026/09/03 4:42:44 +09:00] [NeoTaskManager] →Starting to execute task [Recursivelty entrust items (63fe20c0-830b-4ce9-8bad-651dbd7b532f | Entrust plan 1)@<>c__DisplayClass3_0], timeout=3600000",""
"AutoRetainer","","","","> [2026/09/03 4:42:44 +09:00] [NeoTaskManager] →Starting to execute task [SelectQuit@RetainerHandlers], timeout=20000",""
"AutoRetainer","","","","> [2026/09/03 4:42:44 +09:00] [NeoTaskManager] →→Task [<EnqueueNew>b__3_3@<>c] completed successfully ",""
"AutoRetainer","","","","> [2026/09/03 4:42:44 +09:00] [NeoTaskManager] →→Task [Recursivelty entrust items (63fe20c0-830b-4ce9-8bad-651dbd7b532f | Entrust plan 1)@<>c__DisplayClass3_0] completed successfully ",""
"AutoRetainer","","","","> [2026/09/03 4:42:44 +09:00] [NeoTaskManager] →→Task [SelectQuit@RetainerHandlers] completed successfully ",""
"AutoRetainer","","","","> [2026/09/03 4:42:44 +09:00] [NeoTaskManager] →→Task [Wait until addon SelectString ready@<>c] completed successfully ",""
"AutoRetainer","","","","> [2026/09/03 4:42:44 +09:00] [TED] From retainer multistack duplicate added: ぼろぼろの譜面:第二楽章",""
"AutoRetainer","","","","> [2026/09/03 4:42:44 +09:00] [TED] From retainer multistack duplicate added: アダマンナゲット",""
"AutoRetainer","","","","> [2026/09/03 4:42:44 +09:00] [TED] From retainer multistack duplicate added: アプカルの綿毛",""
"AutoRetainer","","","","> [2026/09/03 4:42:44 +09:00] [TED] From retainer multistack duplicate added: アルマスティの毛",""
"AutoRetainer","","","","> [2026/09/03 4:42:44 +09:00] [TED] From retainer multistack duplicate added: イコンアロイインゴット",""
"AutoRetainer","","","","> [2026/09/03 4:42:44 +09:00] [TED] From retainer multistack duplicate added: エクスポーション",""
"AutoRetainer","","","","> [2026/09/03 4:42:44 +09:00] [TED] From retainer multistack duplicate added: エリクサー",""
"AutoRetainer","","","","> [2026/09/03 4:42:44 +09:00] [TED] From retainer multistack duplicate added: エレクトロパイン原木",""
"AutoRetainer","","","","> [2026/09/03 4:42:44 +09:00] [TED] From retainer multistack duplicate added: オクタヘドライトナゲット",""
"AutoRetainer","","","","> [2026/09/03 4:42:44 +09:00] [TED] From retainer multistack duplicate added: オルデール古銭",""
"AutoRetainer","","","","> [2026/09/03 4:42:44 +09:00] [TED] From retainer multistack duplicate added: カード:ソードマスター",""
"AutoRetainer","","","","> [2026/09/03 4:42:44 +09:00] [TED] From retainer multistack duplicate added: カード:怨霊モウコ",""
"AutoRetainer","","","","> [2026/09/03 4:42:44 +09:00] [TED] From retainer multistack duplicate added: カード:火精ペリ",""
"AutoRetainer","","","","> [2026/09/03 4:42:44 +09:00] [TED] From retainer multistack duplicate added: キュプロエンチャントインク",""
"AutoRetainer","","","","> [2026/09/03 4:42:44 +09:00] [TED] From retainer multistack duplicate added: クロウラーのマユ",""
"AutoRetainer","","","","> [2026/09/03 4:42:44 +09:00] [TED] From retainer multistack duplicate added: ゲルモラ土器片",""
"AutoRetainer","","","","> [2026/09/03 4:42:44 +09:00] [TED] From retainer multistack duplicate added: ゴルディオンの歯車",""
"AutoRetainer","","","","> [2026/09/03 4:42:44 +09:00] [TED] From retainer multistack duplicate added: ゴルディオンクランク",""
"AutoRetainer","","","","> [2026/09/03 4:42:44 +09:00] [TED] From retainer multistack duplicate added: ゴルディオンシャフト",""
"AutoRetainer","","","","> [2026/09/03 4:42:44 +09:00] [TED] From retainer multistack duplicate added: ゴルディオンスプリング",""
"AutoRetainer","","","","> [2026/09/03 4:42:44 +09:00] [TED] From retainer multistack duplicate added: ゴルディオンペダル",""
"AutoRetainer","","","","> [2026/09/03 4:42:44 +09:00] [TED] From retainer multistack duplicate added: ゴルディオンボルト",""
"AutoRetainer","","","","> [2026/09/03 4:42:44 +09:00] [TED] From retainer multistack duplicate added: ゴルディオンレンズ",""
"AutoRetainer","","","","> [2026/09/03 4:42:44 +09:00] [TED] From retainer multistack duplicate added: ゴールドソーサー遊技券",""
"AutoRetainer","","","","> [2026/09/03 4:42:44 +09:00] [TED] From retainer multistack duplicate added: スターリングシルバーインゴット",""
"AutoRetainer","","","","> [2026/09/03 4:42:44 +09:00] [TED] From retainer multistack duplicate added: スナーブルのタテガミ",""
"AutoRetainer","","","","> [2026/09/03 4:42:44 +09:00] [TED] From retainer multistack duplicate added: ダリウムナゲット",""
"AutoRetainer","","","","> [2026/09/03 4:42:44 +09:00] [TED] From retainer multistack duplicate added: ダークビネガー",""
"AutoRetainer","","","","> [2026/09/03 4:42:44 +09:00] [TED] From retainer multistack duplicate added: ダークマターG1",""
"AutoRetainer","","","","> [2026/09/03 4:42:44 +09:00] [TED] From retainer multistack duplicate added: ダークミスリルエンチャントインク",""
"AutoRetainer","","","","> [2026/09/03 4:42:44 +09:00] [TED] From retainer multistack duplicate added: チタンインゴット",""
"AutoRetainer","","","","> [2026/09/03 4:42:44 +09:00] [TED] From retainer multistack duplicate added: デザートラピス原石",""
"AutoRetainer","","","","> [2026/09/03 4:42:44 +09:00] [TED] From retainer multistack duplicate added: ハイポーション",""
"AutoRetainer","","","","> [2026/09/03 4:42:44 +09:00] [TED] From retainer multistack duplicate added: ハイミスリルインゴット",""
"AutoRetainer","","","","> [2026/09/03 4:42:44 +09:00] [TED] From retainer multistack duplicate added: ハピネスジュース",""
"AutoRetainer","","","","> [2026/09/03 4:42:44 +09:00] [TED] From retainer multistack duplicate added: ハルガイのタテガミ",""
"AutoRetainer","","","","> [2026/09/03 4:42:44 +09:00] [TED] From retainer multistack duplicate added: ハードシルバーインゴット",""
"AutoRetainer","","","","> [2026/09/03 4:42:44 +09:00] [TED] From retainer multistack duplicate added: バットの翼 #5551",""
"AutoRetainer","","","","> [2026/09/03 4:42:44 +09:00] [TED] From retainer multistack duplicate added: ファウストの装甲板",""
"AutoRetainer","","","","> [2026/09/03 4:42:44 +09:00] [TED] From retainer multistack duplicate added: ファントムディスペラーα",""
"AutoRetainer","","","","> [2026/09/03 4:42:44 +09:00] [TED] From retainer multistack duplicate added: フリース",""
"AutoRetainer","","","","> [2026/09/03 4:42:44 +09:00] [TED] From retainer multistack duplicate added: フルグライト",""
"AutoRetainer","","","","> [2026/09/03 4:42:44 +09:00] [TED] From retainer multistack duplicate added: ブレスト・オブ・エルピス",""
"AutoRetainer","","","","> [2026/09/03 4:42:44 +09:00] [TED] From retainer multistack duplicate added: プルスサウルスレザー",""
"AutoRetainer","","","","> [2026/09/03 4:42:44 +09:00] [TED] From retainer multistack duplicate added: ホワイトオーク材",""
"AutoRetainer","","","","> [2026/09/03 4:42:44 +09:00] [TED] From retainer multistack duplicate added: マルエージングインゴット",""
"AutoRetainer","","","","> [2026/09/03 4:42:44 +09:00] [TED] From retainer multistack duplicate added: マンザシリの毛",""
"AutoRetainer","","","","> [2026/09/03 4:42:44 +09:00] [TED] From retainer multistack duplicate added: メガポーション",""
"AutoRetainer","","","","> [2026/09/03 4:42:44 +09:00] [TED] From retainer multistack duplicate added: モニヨン古銭",""
"AutoRetainer","","","","> [2026/09/03 4:42:44 +09:00] [TED] From retainer multistack duplicate added: ラセットヤーゾンの足 #5454",""
"AutoRetainer","","","","> [2026/09/03 4:42:44 +09:00] [TED] From retainer multistack duplicate added: ランペール古銭",""
"AutoRetainer","","","","> [2026/09/03 4:42:44 +09:00] [TED] From retainer multistack duplicate added: ロードクロサイト",""
"AutoRetainer","","","","> [2026/09/03 4:42:44 +09:00] [TED] From retainer multistack duplicate added: 不揮発性錬金薬",""
"AutoRetainer","","","","> [2026/09/03 4:42:44 +09:00] [TED] From retainer multistack duplicate added: 不活性多角柱クラスター #43942",""
"AutoRetainer","","","","> [2026/09/03 4:42:44 +09:00] [TED] From retainer multistack duplicate added: 不活性炸裂状クラスター #43944",""
"AutoRetainer","","","","> [2026/09/03 4:42:44 +09:00] [TED] From retainer multistack duplicate added: 埋もれた財宝G1",""
"AutoRetainer","","","","> [2026/09/03 4:42:44 +09:00] [TED] From retainer multistack duplicate added: 埋もれた財宝G2",""
"AutoRetainer","","","","> [2026/09/03 4:42:44 +09:00] [TED] From retainer multistack duplicate added: 山繭絹布",""
"AutoRetainer","","","","> [2026/09/03 4:42:44 +09:00] [TED] From retainer multistack duplicate added: 心力の錬金溶剤G1",""
"AutoRetainer","","","","> [2026/09/03 4:42:44 +09:00] [TED] From retainer multistack duplicate added: 新王国の研磨剤",""
"AutoRetainer","","","","> [2026/09/03 4:42:44 +09:00] [TED] From retainer multistack duplicate added: 活力の幻水G1",""
"AutoRetainer","","","","> [2026/09/03 4:42:44 +09:00] [TED] From retainer multistack duplicate added: 海島綿布",""
"AutoRetainer","","","","> [2026/09/03 4:42:44 +09:00] [TED] From retainer multistack duplicate added: 浸透性防腐塗料",""
"AutoRetainer","","","","> [2026/09/03 4:42:44 +09:00] [TED] From retainer multistack duplicate added: 漆 #10112",""
"AutoRetainer","","","","> [2026/09/03 4:42:44 +09:00] [TED] From retainer multistack duplicate added: 玉繭",""
"AutoRetainer","","","","> [2026/09/03 4:42:44 +09:00] [TED] From retainer multistack duplicate added: 生マユ",""
"AutoRetainer","","","","> [2026/09/03 4:42:44 +09:00] [TED] From retainer multistack duplicate added: 生者の秘薬",""
"AutoRetainer","","","","> [2026/09/03 4:42:44 +09:00] [TED] From retainer multistack duplicate added: 眼力の幻水G7",""
"AutoRetainer","","","","> [2026/09/03 4:42:44 +09:00] [TED] From retainer multistack duplicate added: 紅玉綿花",""
"AutoRetainer","","","","> [2026/09/03 4:42:44 +09:00] [TED] From retainer multistack duplicate added: 純水",""
"AutoRetainer","","","","> [2026/09/03 4:42:44 +09:00] [TED] From retainer multistack duplicate added: 絶縁塗料",""
"AutoRetainer","","","","> [2026/09/03 4:42:44 +09:00] [TED] From retainer multistack duplicate added: 美容師の手形",""
"AutoRetainer","","","","> [2026/09/03 4:42:44 +09:00] [TED] From retainer multistack duplicate added: 聖麻布",""
"AutoRetainer","","","","> [2026/09/03 4:42:44 +09:00] [TED] From retainer multistack duplicate added: 虹マユ",""
"AutoRetainer","","","","> [2026/09/03 4:42:44 +09:00] [TED] From retainer multistack duplicate added: 虹綿",""
"AutoRetainer","","","","> [2026/09/03 4:42:44 +09:00] [TED] From retainer multistack duplicate added: 蜂蜜 #4850",""
"AutoRetainer","","","","> [2026/09/03 4:42:44 +09:00] [TED] From retainer multistack duplicate added: 超小型シャフト",""
"AutoRetainer","","","","> [2026/09/03 4:42:44 +09:00] [TED] From retainer multistack duplicate added: 超小型スプリング",""
"AutoRetainer","","","","> [2026/09/03 4:42:44 +09:00] [TED] From retainer multistack duplicate added: 軍需品部材の材料",""
"AutoRetainer","","","","> [2026/09/03 4:42:44 +09:00] [TED] From retainer multistack duplicate added: 転送網利用券:黒渦団",""
"AutoRetainer","","","","> [2026/09/03 4:42:44 +09:00] [TED] From retainer multistack duplicate added: 鉄雲母砥石",""
"AutoRetainer","","","","> [2026/09/03 4:42:44 +09:00] [TED] From retainer multistack duplicate added: 険山の霊砂",""
"AutoRetainer","","","","> [2026/09/03 4:42:44 +09:00] [TED] From retainer multistack duplicate added: 高精度ゴルディオンシャフト",""
"AutoRetainer","","","","> [2026/09/03 4:42:44 +09:00] [TED] From retainer multistack duplicate added: 高精度ゴルディオンスプリング",""
"AutoRetainer","","","","> [2026/09/03 4:42:44 +09:00] [TED] From retainer multistack duplicate added: 高精度ゴルディオンレンズ",""
"AutoRetainer","","","","> [2026/09/03 4:42:44 +09:00] [TED] From retainer multistack duplicate added: 黄金の霊砂 #44035",""
"AutoRetainer","","","","> [2026/09/03 4:42:44 +09:00] [TED] Item count for アイスクラスター #15 = 3435",""
"AutoRetainer","","","","> [2026/09/03 4:42:44 +09:00] [TED] Item count for アイスクリスタル #9 = 4981",""
"AutoRetainer","","","","> [2026/09/03 4:42:44 +09:00] [TED] Item count for アイスシャード #3 = 998",""
"AutoRetainer","","","","> [2026/09/03 4:42:44 +09:00] [TED] Item count for アラグ銅貨 #5824 = 42",""
"AutoRetainer","","","","> [2026/09/03 4:42:44 +09:00] [TED] Item count for アロアロ島の遺物 #41078 = 3",""
"AutoRetainer","","","","> [2026/09/03 4:42:44 +09:00] [TED] Item count for アロス・ネグロ #28721 = 5",""
"AutoRetainer","","","","> [2026/09/03 4:42:44 +09:00] [TED] Item count for アングラーシチュー #14140 = 3",""
"AutoRetainer","","","","> [2026/09/03 4:42:44 +09:00] [TED] Item count for アースクラスター #17 = 4132",""
"AutoRetainer","","","","> [2026/09/03 4:42:44 +09:00] [TED] Item count for アースクリスタル #11 = 5920",""
"AutoRetainer","","","","> [2026/09/03 4:42:44 +09:00] [TED] Item count for アースシャード #5 = 1596",""
"AutoRetainer","","","","> [2026/09/03 4:42:44 +09:00] [TED] Item count for イフイカ・フラワーガーデン #44932 = 3",""
"AutoRetainer","","","","> [2026/09/03 4:42:44 +09:00] [TED] Item count for ウィンドクラスター #16 = 2863",""
"AutoRetainer","","","","> [2026/09/03 4:42:44 +09:00] [TED] Item count for ウィンドクリスタル #10 = 4149",""
"AutoRetainer","","","","> [2026/09/03 4:42:44 +09:00] [TED] Item count for ウィンドシャード #4 = 1732",""
"AutoRetainer","","","","> [2026/09/03 4:42:44 +09:00] [TED] Item count for ウォータークラスター #19 = 3410",""
"AutoRetainer","","","","> [2026/09/03 4:42:44 +09:00] [TED] Item count for ウォータークリスタル #13 = 2012",""
"AutoRetainer","","","","> [2026/09/03 4:42:44 +09:00] [TED] Item count for ウォーターシャード #7 = 1303",""
"AutoRetainer","","","","> [2026/09/03 4:42:44 +09:00] [TED] Item count for エバーキープの手形G3 #51188 = 14",""
"AutoRetainer","","","","> [2026/09/03 4:42:44 +09:00] [TED] Item count for オーケストリオン譜:プヌティーの川上り #44295 = 1",""
"AutoRetainer","","","","> [2026/09/03 4:42:44 +09:00] [TED] Item count for オーケストリオン譜:火花と閃光 #44298 = 1",""
"AutoRetainer","","","","> [2026/09/03 4:42:44 +09:00] [TED] Item count for カベイジの野菜 #12900 = 43",""
"AutoRetainer","","","","> [2026/09/03 4:42:44 +09:00] [TED] Item count for キャラメルポップコーン #49240 = 48",""
"AutoRetainer","","","","> [2026/09/03 4:42:44 +09:00] [TED] Item count for キャロットラペ #36047 = 96",""
"AutoRetainer","","","","> [2026/09/03 4:42:44 +09:00] [TED] Item count for ギサールの野菜 #4868 = 44",""
"AutoRetainer","","","","> [2026/09/03 4:42:44 +09:00] [TED] Item count for コルヴォの遺物 #50434 = 36",""
"AutoRetainer","","","","> [2026/09/03 4:42:44 +09:00] [TED] Item count for コーディアル #6141 = 1056",""
"AutoRetainer","","","","> [2026/09/03 4:42:44 +09:00] [TED] Item count for コーヒークッキー #27878 = 5",""
"AutoRetainer","","","","> [2026/09/03 4:42:44 +09:00] [TED] Item count for サボテンダージグ #43853 = 9",""
"AutoRetainer","","","","> [2026/09/03 4:42:44 +09:00] [TED] Item count for ジャッジオーダー・ラブリュスRE #32671 = 1",""
"AutoRetainer","","","","> [2026/09/03 4:42:44 +09:00] [TED] Item count for スタッフドピーマン #44103 = 9",""
"AutoRetainer","","","","> [2026/09/03 4:42:44 +09:00] [TED] Item count for セビーチェ #44842 = 34",""
"AutoRetainer","","","","> [2026/09/03 4:42:44 +09:00] [TED] Item count for ファイアクラスター #14 = 4496",""
"AutoRetainer","","","","> [2026/09/03 4:42:44 +09:00] [TED] Item count for ファイアクリスタル #8 = 5445",""
"AutoRetainer","","","","> [2026/09/03 4:42:44 +09:00] [TED] Item count for ファイアシャード #2 = 975",""
"AutoRetainer","","","","> [2026/09/03 4:42:44 +09:00] [TED] Item count for ファントムペンアンブレー・テルプナ #47885 = 1",""
"AutoRetainer","","","","> [2026/09/03 4:42:44 +09:00] [TED] Item count for フェニックスの尾 #4570 = 7",""
"AutoRetainer","","","","> [2026/09/03 4:42:44 +09:00] [TED] Item count for ペッパーポポト #27870 = 6",""
"AutoRetainer","","","","> [2026/09/03 4:42:44 +09:00] [TED] Item count for マンダヴィル・アメイジング・ケーン #39152 = 1",""
"AutoRetainer","","","","> [2026/09/03 4:42:44 +09:00] [TED] Item count for マンダヴィル・リボルバー #38407 = 1",""
"AutoRetainer","","","","> [2026/09/03 4:42:44 +09:00] [TED] Item count for ミラージュディスペラー #7621 = 98",""
"AutoRetainer","","","","> [2026/09/03 4:42:44 +09:00] [TED] Item count for ミラージュプリズム #21800 = 59",""
"AutoRetainer","","","","> [2026/09/03 4:42:44 +09:00] [TED] Item count for メスキートジュース #44097 = 4",""
"AutoRetainer","","","","> [2026/09/03 4:42:44 +09:00] [TED] Item count for ライトニングクラスター #18 = 3393",""
"AutoRetainer","","","","> [2026/09/03 4:42:44 +09:00] [TED] Item count for ライトニングクリスタル #12 = 4720",""
"AutoRetainer","","","","> [2026/09/03 4:42:44 +09:00] [TED] Item count for ライトニングシャード #6 = 1592",""
"AutoRetainer","","","","> [2026/09/03 4:42:44 +09:00] [TED] Item count for リバーズブレス・ナイトギア【ILv650】 #44235 = 1",""
"AutoRetainer","","","","> [2026/09/03 4:42:44 +09:00] [TED] Item count for ローストロネーク #44092 = 2",""
"AutoRetainer","","","","> [2026/09/03 4:42:44 +09:00] [TED] Item count for ヴァンガード・キャスターネックバンド #42441 = 1",""
"AutoRetainer","","","","> [2026/09/03 4:42:44 +09:00] [TED] Item count for ヴァンガード・ケーン #42380 = 1",""
"AutoRetainer","","","","> [2026/09/03 4:42:44 +09:00] [TED] Item count for ヴァンガード・ディフェンダーブレスレット #42442 = 1",""
"AutoRetainer","","","","> [2026/09/03 4:42:44 +09:00] [TED] Item count for ヴァンガード・ヒーラーハーフパンツ #42425 = 1",""
"AutoRetainer","","","","> [2026/09/03 4:42:44 +09:00] [TED] Item count for ヴァンガード・レンジャーイヤリング #42434 = 1",""
"AutoRetainer","","","","> [2026/09/03 4:42:44 +09:00] [TED] Item count for ヴァンガード・レンジャーシューズ #42416 = 1",""
"AutoRetainer","","","","> [2026/09/03 4:42:44 +09:00] [TED] Item count for ヴァンガード・レンジャーリング #42449 = 1",""
"AutoRetainer","","","","> [2026/09/03 4:42:44 +09:00] [TED] Item count for 万能ルアー #29717 = 1",""
"AutoRetainer","","","","> [2026/09/03 4:42:44 +09:00] [TED] Item count for 上弦鉱石 #46850 = 3",""
"AutoRetainer","","","","> [2026/09/03 4:42:44 +09:00] [TED] Item count for 六根山の遺物 #39884 = 9",""
"AutoRetainer","","","","> [2026/09/03 4:42:44 +09:00] [TED] Item count for 古びた譜面:欠けた頁 #15833 = 1",""
"AutoRetainer","","","","> [2026/09/03 4:42:44 +09:00] [TED] Item count for 古びた譜面:雲に隠れて #14270 = 1",""
"AutoRetainer","","","","> [2026/09/03 4:42:44 +09:00] [TED] Item count for 埋もれた財宝G3 #16172 = 1",""
"AutoRetainer","","","","> [2026/09/03 4:42:44 +09:00] [TED] Item count for 打ち捨てられた遺物 #32959 = 2",""
"AutoRetainer","","","","> [2026/09/03 4:42:44 +09:00] [TED] Item count for 激戦の戦闘記録:第1集 #33759 = 7",""
"AutoRetainer","","","","> [2026/09/03 4:42:44 +09:00] [TED] Item count for 軍票優先支給票 #14946 = 5",""
"AutoRetainer","","","","> [2026/09/03 4:42:44 +09:00] [TED] Item count for 転送網利用券 #7569 = 1029",""
"AutoRetainer","","","","> [2026/09/03 4:42:44 +09:00] [TED] Item count for 転送網利用券:コスモエクスプローラー #49121 = 83",""
"AutoRetainer","","","","> [2026/09/03 4:42:44 +09:00] [TED] Item count for 金平糖 #23185 = 4",""
"AutoRetainer","","","","> [2026/09/03 4:42:44 +09:00] [TED] Item count for 魔匠の薬液 #44169 = 83",""
"AutoRetainer","","","","> [2026/09/03 4:42:50 +09:00] ConditionWasEnabled = false;",""
"AutoRetainer","","","","> [2026/09/03 4:42:50 +09:00] Disabling plugin because AutoDisable is on",""
"AutoRetainer","","","","> [2026/09/03 4:42:50 +09:00] Plugin disabled",""
"AutoRetainer","","","","> [2026/09/03 4:43:05 +09:00] ConditionWasEnabled = true",""
"AutoRetainer","","","","> [2026/09/03 4:43:05 +09:00] Plugin is enabled, reason: Access",""
"AutoRetainer","","","","> [2026/09/03 4:43:11 +09:00] Loading icon 62103, hq=True",""
"AutoRetainer","","","","> [2026/09/03 4:43:11 +09:00] Loading icon 62105, hq=True",""
"AutoRetainer","","","","> [2026/09/03 4:43:11 +09:00] Loading icon 62106, hq=True",""
"AutoRetainer","","","","> [2026/09/03 4:43:11 +09:00] Loading icon 62107, hq=True",""
"AutoRetainer","","","","> [2026/09/03 4:43:11 +09:00] Loading icon 62116, hq=True",""
"AutoRetainer","","","","> [2026/09/03 4:43:11 +09:00] Loading icon 62117, hq=True",""
"AutoRetainer","","","","> [2026/09/03 4:43:11 +09:00] Loading icon 62129, hq=True",""
"AutoRetainer","","","","> [2026/09/03 4:43:11 +09:00] Starting ThreadLoadImageHandler",""
"AutoRetainer","","","","> [2026/09/03 4:43:11 +09:00] Stopping ThreadLoadImageHandler, ticks=100",""
"AutoRetainer","","","","> [2026/09/03 4:43:18 +09:00] Loading image https://puni.sh/api/plugins/icon/24",""
"AutoRetainer","","","","> [2026/09/03 4:43:18 +09:00] Starting ThreadLoadImageHandler",""
"AutoRetainer","","","","> [2026/09/03 4:43:18 +09:00] [ThreadLoadImageHandler] Requesting https://puni.sh/api/plugins/icon/24 for the first time",""
"AutoRetainer","","","","> [2026/09/03 4:43:19 +09:00] Stopping ThreadLoadImageHandler, ticks=100",""
"AutoRetainer","","","","> [2026/09/03 4:43:26 +09:00] ConditionWasEnabled = false;",""
"AutoRetainer","","","","> [2026/09/03 4:43:26 +09:00] Disabling plugin because AutoDisable is on",""
"AutoRetainer","","","","> [2026/09/03 4:43:26 +09:00] Plugin disabled",""
"AutoRetainer","","","","> [2026/09/03 4:43:46 +09:00] FPS restrictions removed",""
"AutoRetainer","","","","> [2026/09/03 4:43:46 +09:00] TextAdvance locked",""
"AutoRetainer","","","","> [2026/09/03 4:43:46 +09:00] YesAlready locked",""
"AutoRetainer","","","","> [2026/09/03 4:43:52 +09:00] [NeoTaskManager] Enqueued task <EnqueueWriteWhenPlayerAvailable>b__0_0@<>c",""
"AutoRetainer","","","","> [2026/09/03 4:43:52 +09:00] [NeoTaskManager] →Starting to execute task [<EnqueueWriteWhenPlayerAvailable>b__0_0@<>c], timeout=60000",""
"AutoRetainer","","","","> [2026/09/03 4:43:53 +09:00] [NeoTaskManager] →→Task [<EnqueueWriteWhenPlayerAvailable>b__0_0@<>c] completed successfully ",""
"AutoRetainer","","","","> [2026/09/03 4:44:04 +09:00] FPS restrictions restored",""
"AutoRetainer","","","","> [2026/09/03 4:44:04 +09:00] TextAdvance unlocked",""
"AutoRetainer","","","","> [2026/09/03 4:44:04 +09:00] YesAlready unlocked",""
"AutoRetainer","","","","> [2026/09/03 4:44:18 +09:00] [NeoTaskManager] Enqueued task <EnqueueWriteWhenPlayerAvailable>b__0_0@<>c",""
"AutoRetainer","","","","> [2026/09/03 4:44:18 +09:00] [NeoTaskManager] →Starting to execute task [<EnqueueWriteWhenPlayerAvailable>b__0_0@<>c], timeout=60000",""
"AutoRetainer","","","","> [2026/09/03 4:44:18 +09:00] [NeoTaskManager] →→Task [<EnqueueWriteWhenPlayerAvailable>b__0_0@<>c] completed successfully ",""
"AutoRetainer","","","","> [2026/09/03 4:45:07 +09:00] [NeoTaskManager] Enqueued task <EnqueueWriteWhenPlayerAvailable>b__0_0@<>c",""
"AutoRetainer","","","","> [2026/09/03 4:45:07 +09:00] [NeoTaskManager] →Starting to execute task [<EnqueueWriteWhenPlayerAvailable>b__0_0@<>c], timeout=60000",""
"AutoRetainer","","","","> [2026/09/03 4:45:08 +09:00] [NeoTaskManager] →→Task [<EnqueueWriteWhenPlayerAvailable>b__0_0@<>c] completed successfully ",""
"AutoRetainer","","","","> [2026/09/03 4:50:18 +09:00] Loading icon 20622, hq=False",""
"AutoRetainer","","","","> [2026/09/03 4:50:18 +09:00] Loading icon 22802, hq=False",""
"AutoRetainer","","","","> [2026/09/03 4:50:18 +09:00] Loading icon 26523, hq=False",""
"AutoRetainer","","","","> [2026/09/03 4:50:18 +09:00] Loading icon 26527, hq=False",""
"AutoRetainer","","","","> [2026/09/03 4:50:18 +09:00] Loading icon 60871, hq=False",""
"AutoRetainer","","","","> [2026/09/03 4:50:18 +09:00] Loading icon 60872, hq=False",""
"AutoRetainer","","","","> [2026/09/03 4:50:18 +09:00] Loading icon 60873, hq=False",""
"AutoRetainer","","","","> [2026/09/03 4:50:18 +09:00] Loading icon 83108, hq=False",""
"AutoRetainer","","","","> [2026/09/03 4:50:18 +09:00] Loading icon 83109, hq=False",""
"AutoRetainer","","","","> [2026/09/03 4:50:18 +09:00] Loading icon 83111, hq=False",""
"AutoRetainer","","","","> [2026/09/03 4:50:18 +09:00] Starting ThreadLoadImageHandler",""
"AutoRetainer","","","","> [2026/09/03 4:50:18 +09:00] Stopping ThreadLoadImageHandler, ticks=100",""
"AutoRetainer","","","","About",""
"AutoRetainer","","","","Access summoning bell/workshop panel keybinds","呼び鈴／カンパニークラフト設備へアクセスするキー設定"
"AutoRetainer","","","","Action on accessing retainer bell if any ventures available:","完了したリテイナー依頼がある状態で呼び鈴へアクセスした時の動作："
"AutoRetainer","","","","Action on accessing retainer bell if no ventures available:","完了したリテイナー依頼がない状態で呼び鈴へアクセスした時の動作："
"AutoRetainer","","","","Actions:","操作："
"AutoRetainer","","","","Activate night mode","ナイトモードを有効化"
"AutoRetainer","","","","Activation Time","有効化時刻"
"AutoRetainer","","","","Add","追加"
"AutoRetainer","","","","Add new plan","新しいプランを追加"
"AutoRetainer","","","","Additional amount of seconds that will be subtracted from venture ending time to help mitigate possible issues of time desynchronization between the game and your PC.","ゲームとPCの時刻ずれによる問題を軽減するため、リテイナー依頼の終了時刻から差し引く追加秒数です。"
"AutoRetainer","","","","Additional Interaction Delay, frames","追加インタラクション遅延（フレーム）"
"AutoRetainer","","","","Advance Relog Threshold","事前リログしきい値"
"AutoRetainer","","","","Advance Relog Threshold, seconds","事前リログしきい値（秒）"
"AutoRetainer","","","","Advanced","詳細設定"
"AutoRetainer","","","","Advanced - Character Synchronization","詳細設定 - キャラクター同期"
"AutoRetainer","","","","Advanced - Log","詳細設定 - ログ"
"AutoRetainer","","","","Alert Settings","通知設定"
"AutoRetainer","","","","All Categories","すべてのカテゴリ"
"AutoRetainer","","","","Allow entering shared houses","シェアハウスへの入室を許可"
"AutoRetainer","","","","Allow extra low FPS limiter values","非常に低いFPS制限値を許可"
"AutoRetainer","","","","Allow manual command invocation while AutoRetainer locked in postprocess. ","AutoRetainerが後処理でロック中でも手動コマンド実行を許可します。"
"AutoRetainer","","","","Allow operating on retainers without a job","クラス／ジョブ未設定のリテイナー操作を許可"
"AutoRetainer","","","","Allow selling/discarding items from Armory Chest","アーマリーチェスト内アイテムの売却／破棄を許可"
"AutoRetainer","","","","Allow this character to purchase fuel from workshop","このキャラクターでカンパニークラフト設備から燃料を購入可能にする"
"AutoRetainer","","","","Allow venture timer to display negative values","リテイナー依頼タイマーのマイナス表示を許可"
"AutoRetainer","","","","Allows teleporting to houses without registering them in Lifestream. Note: the Lifestream plugin is still required for teleportation to work.

Warning: This option is less reliable than registering your houses in Lifestream. Use it only if necessary.",""
"AutoRetainer","","","","Alt - delete from any list","Alt - すべてのリストから削除"
"AutoRetainer","","","","Alt - すべてのリストから削除",""
"AutoRetainer","","","","Always",""
"AutoRetainer","","","","Anonymise Retainers","リテイナー名を匿名化"
"AutoRetainer","","","","Armor","防具"
"AutoRetainer","","","","Armory chest: ","アーマリーチェスト："
"AutoRetainer","","","","Artisan integration","Artisan連携"
"AutoRetainer","","","","Artisan連携###Artisan integration",""
"AutoRetainer","","","","Assign + Reassign","依頼設定＋再依頼"
"AutoRetainer","","","","Attempt to enter house on login even when Multi Mode is disabled","Multi Modeが無効でもログイン時にハウスへの入室を試行"
"AutoRetainer","","","","Auto-buy Ceruleum Tanks after entering Workshop:","カンパニークラフト設備へ入った後、青燐水バレルを自動購入："
"AutoRetainer","","","","Auto-close and retry logging in on connection errors","接続エラー時に自動で閉じてログインを再試行"
"AutoRetainer","","","","Auto-desynth items","アイテムを自動分解"
"AutoRetainer","","","","Auto-detect new key","新しいキーを自動検出"
"AutoRetainer","","","","Auto-disable plugin when closing retainer list","リテイナー一覧を閉じた時にプラグインを自動無効化"
"AutoRetainer","","","","Auto-open venture coffers","リテイナーベンチャー箱を自動開封"
"AutoRetainer","","","","Automatic Grand Company Expert Delivery","グランドカンパニー希少品調達の自動納品"
"AutoRetainer","","","","Automatically assigns enabled retainers to a Quick Venture if they have none already in progress and reassigns current venture.","有効なリテイナーに進行中の依頼がなければ「ほりだしもの依頼」を自動設定し、進行中の依頼も再依頼します。"
"AutoRetainer","","","","Automatically enables AutoRetainer while Artisan is Pauses Artisan operation when ventures are ready to be collected and a retainer bell is within range. Once ventures have been dealt with Artisan will be enabled and resume whatever it was doing.",""
"AutoRetainer","","","","Automaton plugin detected. Automatic use of actions and automatic numeric inputs while AutoRetainer is enabled may affect AutoRetainer functions negatively. Please ensure that Automaton is configured in a way to not use automatically actions while AutoRetainer is active.",""
"AutoRetainer","","","","AutoRetainer (has testing version)","AutoRetainer（テスト版あり）"
"AutoRetainer","","","","AutoRetainer - 4.6.1.27",""
"AutoRetainer","","","","AutoRetainer will automatically enable itself when the player is within interaction range of a Summoning Bell. You must remain stationary or the activation will be cancelled.","呼び鈴の操作範囲に入るとAutoRetainerを自動で有効化します。移動すると有効化はキャンセルされます。"
"AutoRetainer","","","","AutoRetainer will wait for all retainers to return before cycling to the next character in multi mode operation.","Multi Modeで次のキャラクターへ移る前に、すべてのリテイナー依頼が完了するまで待機します。"
"AutoRetainer","","","","AutoRetainer will wait until all enabled retainers have completed their ventures. After that this setting will be disabled automatically and all characters will be processed.","有効なすべてのリテイナー依頼が完了するまで待機します。完了後、この設定は自動で無効化され、全キャラクターの処理を再開します。"
"AutoRetainer","","","","AutoRetainer won't sell, desynthese, discard or hand in to Grand Company these items, even if they are included in any other processing lists.","このリストのアイテムは、他の処理リストに含まれていても売却・分解・破棄・GC納品しません。"
"AutoRetainer","","","","AutoRetainer有効中またはMulti Mode実行中は通知しない###Do not notify if AutoRetainer is enabled or MultiMode is running",""
"AutoRetainer","","","","AutoRetainer（テスト版あり）",""
"AutoRetainer","","","","Bailout Module","復帰処理モジュール"
"AutoRetainer","","","","Behavior","動作"
"AutoRetainer","","","","BossMod plugin detected. Automatic use of actions while AutoRetainer is enabled may affect AutoRetainer functions negatively. Please ensure that BossMod is configured in a way to not automatically use actions while AutoRetainer is active.",""
"AutoRetainer","","","","Buy until this amount in inventory","所持数がこの数になるまで購入"
"AutoRetainer","","","","By level:","レベル別："
"AutoRetainer","","","","Category",""
"AutoRetainer","","","","Ceruleum","青燐水バレル"
"AutoRetainer","","","","Changes the behavior of ""Wait for Voyage Completion"" (both global and per-character) so that AutoRetainer no longer resends individual submarines while already logged in. Instead, it will wait until all submarines have returned before taking action.",""
"AutoRetainer","","","","Character Configuration","キャラクター設定"
"AutoRetainer","","","","Character Order","キャラクター順"
"AutoRetainer","","","","Character sorting in Deployables tab","潜水艦／飛空艇タブのキャラクター並び順"
"AutoRetainer","","","","Character sorting in Retainer tab","リテイナータブのキャラクター並び順"
"AutoRetainer","","","","Character Synchronization","キャラクター同期"
"AutoRetainer","","","","Characters that have completed ventures longer time ago will be checked first",""
"AutoRetainer","","","","Characters with retainers that can be levelled up will be done first; then, characters with retainers at max level; and then characters with retainers less than max level and level capped.",""
"AutoRetainer","","","","Check frequency, hours","確認間隔（時間）"
"AutoRetainer","","","","Chief Sergeant",""
"AutoRetainer","","","","Cleanup ghost retainers","存在しないリテイナー情報を整理"
"AutoRetainer","","","","Clear",""
"AutoRetainer","","","","Close retainer list and disable plugin","リテイナー一覧を閉じてプラグインを無効化"
"AutoRetainer","","","","Close retainer list and keep plugin enabled","リテイナー一覧を閉じてプラグインを有効のままにする"
"AutoRetainer","","","","Collect","受取のみ"
"AutoRetainer","","","","Collect and assign ventures to your retainers from the comfort of your bed.","リテイナー依頼の受取と再依頼を自動化します。"
"AutoRetainer","","","","Common Settings","共通設定"
"AutoRetainer","","","","Configurations:","設定："
"AutoRetainer","","","","Configure Character","キャラクター設定"
"AutoRetainer","","","","Copy",""
"AutoRetainer","","","","Copy all","すべてコピー"
"AutoRetainer","","","","Craw",""
"AutoRetainer","","","","Ctrl - add to Unconditional Sell List","Ctrl - 無条件売却リストへ追加"
"AutoRetainer","","","","Ctrl - 無条件売却リストへ追加",""
"AutoRetainer","","","","Currently: Can shutdown
Remaining for force shutdown: 0","「**現在：シャットダウン可能強制シャットダウンまで：0**」でOKです。"
"AutoRetainer","","","","Cutscene skip is detectable server-side and increases chance of ban",""
"AutoRetainer","","","","DataCenter","データセンター"
"AutoRetainer","","","","Default Plan","既定プラン"
"AutoRetainer","","","","Delay",""
"AutoRetainer","","","","Delay, seconds","遅延（秒）"
"AutoRetainer","","","","Delays","遅延設定"
"AutoRetainer","","","","Deliver eligible items into Armoire when in Multi Mode","Multi Mode中、対象アイテムを愛蔵品キャビネットへ収納"
"AutoRetainer","","","","Deliver eligible items into glamour dresser while in Multi Mode (requires Glamour log plugin)","Multi Mode中、対象アイテムをミラージュドレッサーへ収納（Glamour logが必要）"
"AutoRetainer","","","","Demo mode","デモモード"
"AutoRetainer","","","","Deployables","潜水艦／飛空艇"
"AutoRetainer","","","","Deployables list: remaining fuel warning","潜水艦／飛空艇一覧：燃料残量警告"
"AutoRetainer","","","","Deployables list: remaining inventory slots warning","潜水艦／飛空艇一覧：残り所持枠警告"
"AutoRetainer","","","","Deployables list: remaining repair kit warning","潜水艦／飛空艇一覧：修理材残量警告"
"AutoRetainer","","","","Desynthese","分解"
"AutoRetainer","","","","Disable AutoRetainer","AutoRetainerを無効化"
"AutoRetainer","","","","Disable Multi Mode on Manual Login","手動ログイン時にMulti Modeを無効化"
"AutoRetainer","","","","Disable Render","描画を無効化"
"AutoRetainer","","","","Disable Render when in Multi Mode","Multi Mode中は描画を無効化"
"AutoRetainer","","","","Disable sorting and collapsing/expanding","並び替えと折りたたみ／展開を無効化"
"AutoRetainer","","","","Disabled",""
"AutoRetainer","","","","Disables world rendering while in Multi Mode.","Multi Mode中、ゲームワールドの描画を無効化します。"
"AutoRetainer","","","","Discard List","破棄リスト"
"AutoRetainer","","","","Discord",""
"AutoRetainer","","","","Display deployables checkbox in workshop","カンパニークラフト設備に潜水艦／飛空艇チェックを表示"
"AutoRetainer","","","","Display Extended Retainer Info","リテイナー詳細情報を表示"
"AutoRetainer","","","","Display hidden characters when searching","検索時に非表示キャラクターも表示"
"AutoRetainer","","","","Display Login Overlay","ログインオーバーレイを表示"
"AutoRetainer","","","","Display multi mode type selector","Multi Modeの種類選択を表示"
"AutoRetainer","","","","Display notification in game chat","ゲーム内チャットに通知を表示"
"AutoRetainer","","","","Display only most significant icon in status bar","ステータスバーには最も重要なアイコンだけ表示"
"AutoRetainer","","","","Display overlay notification if one of retainers has completed a venture","リテイナー依頼完了時にオーバーレイ通知を表示"
"AutoRetainer","","","","Display Quick Menu in Retainer UI","リテイナーUIにクイックメニューを表示"
"AutoRetainer","","","","Displays retainer item level/gathering/perception and the name of their current venture in the main UI.","メインUIにリテイナーのIL／獲得力／識質力と現在の依頼名を表示します。"
"AutoRetainer","","","","Do deployables in Night mode","ナイトモードで潜水艦／飛空艇を処理"
"AutoRetainer","","","","Do not close AutoRetainer windows on ESC key press","ESCキーでAutoRetainerのウィンドウを閉じない"
"AutoRetainer","","","","Do not display overlay in duty or combat","コンテンツ中または戦闘中はオーバーレイを表示しない"
"AutoRetainer","","","","Do not error check venture planner","リテイナー依頼プランナーのエラーチェックを行わない"
"AutoRetainer","","","","Do not notify if AutoRetainer is enabled or MultiMode is running","AutoRetainer有効中またはMulti Mode実行中は通知しない"
"AutoRetainer","","","","Do not reset Preferred Character on Manual Login","手動ログイン時に優先キャラクターをリセットしない"
"AutoRetainer","","","","Do not show plugin status icons","プラグイン状態アイコンを表示しない"
"AutoRetainer","","","","Do not teleport or enter house for retainers when already next to bell","すでに呼び鈴の近くにいる場合、リテイナー処理のためのテレポ／入室を行わない"
"AutoRetainer","","","","Do not warn about second game instance running from same directory","同じフォルダーから2つ目のゲームを起動していても警告しない"
"AutoRetainer","","","","Do nothing","何もしない"
"AutoRetainer","","","","Do retainers in Night mode","ナイトモードでリテイナーを処理"
"AutoRetainer","","","","Don't flash background of characters that are complete","処理完了キャラクターの背景を点滅させない"
"AutoRetainer","","","","Don't shutdown if there are deployables that return within this amount of hours","この時間以内に帰還する潜水艦／飛空艇がある場合は終了しない"
"AutoRetainer","","","","Donate to Puni.sh platform",""
"AutoRetainer","","","","Drag this selector to other selectors to set their values to the same",""
"AutoRetainer","","","","Enable",""
"AutoRetainer","","","","Enable automatic components and plan change","パーツとプランの自動変更を有効化"
"AutoRetainer","","","","Enable automatic sub registration","潜水艦の自動登録を有効化"
"AutoRetainer","","","","Enable AutoRetainer","AutoRetainerを有効化"
"AutoRetainer","","","","Enable bailout module","復帰処理モジュールを有効化"
"AutoRetainer","","","","Enable context menu integration","コンテキストメニュー連携を有効化"
"AutoRetainer","","","","Enable deployables","潜水艦／飛空艇を有効化"
"AutoRetainer","","","","Enable Expert Delivery continuation","希少品調達の継続処理を有効化"
"AutoRetainer","","","","Enable Manual relogs character postprocess","手動リログ後のキャラクター後処理を有効化"
"AutoRetainer","","","","Enable Multi Mode Expert Delivery","Multi Mode希少品調達を有効化"
"AutoRetainer","","","","Enable Multi Mode on Game Boot","ゲーム起動時にMulti Modeを有効化"
"AutoRetainer","","","","Enable Multi Mode on Plugin Startup","プラグイン起動時にMulti Modeを有効化"
"AutoRetainer","","","","Enable selling items to housing NPC","ハウジングNPCへのアイテム売却を有効化"
"AutoRetainer","","","","Enable selling items to retainer","リテイナーへのアイテム売却を有効化"
"AutoRetainer","","","","Enable Simple Teleport","簡易テレポを有効化"
"AutoRetainer","","","","Enable title screen button (requires plugin restart)","タイトル画面ボタンを有効化（プラグイン再起動が必要）"
"AutoRetainer","","","","Enabled",""
"AutoRetainer","","","","Enabled vessel isn't deployed","有効な船が出航していません"
"AutoRetainer","","","","Enforce Full Character Rotation","全キャラクター巡回を強制"
"AutoRetainer","","","","Entrust Item:","預けるアイテム："
"AutoRetainer","","","","Entrust Manager","アイテム預け入れ管理"
"AutoRetainer","","","","Entrust plan 1",""
"AutoRetainer","","","","Entrust plan 1##63fe20c0-830b-4ce9-8bad-651dbd7b532f",""
"AutoRetainer","","","","Entrust plan 2",""
"AutoRetainer","","","","Entrust plan 2##a10ea0b8-191a-446a-b17d-cbbe33583f90",""
"AutoRetainer","","","","ESCキーでAutoRetainerのウィンドウを閉じない###Do not close AutoRetainer windows on ESC key press",""
"AutoRetainer","","","","Ethina",""
"AutoRetainer","","","","Exchange Lists","交換リスト"
"AutoRetainer","","","","Exit the game upon deployable completion","潜水艦／飛空艇の処理完了後にゲーム終了"
"AutoRetainer","","","","Experiments","試験機能"
"AutoRetainer","","","","Experiments - Night Mode","試験機能 - ナイトモード"
"AutoRetainer","","","","Experiments - Notifications","試験機能 - 通知"
"AutoRetainer","","","","Expert Settings","上級者向け設定"
"AutoRetainer","","","","Expert settings alter behavior that was intended by developer. Please check that your issue is not related to incorrectly configured expert settings.","上級者向け設定は開発者が想定した動作を変更します。不具合が設定ミスによるものではないか確認してください。"
"AutoRetainer","","","","Export character and submarine list to CSV","キャラクターと潜水艦一覧をCSVへ出力"
"AutoRetainer","","","","Export only characters enabled for multi mode (otherwise - all)","Multi Mode有効キャラクターのみ出力（OFFなら全員）"
"AutoRetainer","","","","Export only enabled submarines (otherwise - all)","有効な潜水艦のみ出力（OFFならすべて）"
"AutoRetainer","","","","Export without character data","キャラクターデータなしで出力"
"AutoRetainer","","","","Extra Logging","詳細ログ"
"AutoRetainer","","","","Fast Addition and Removal","一括追加／削除"
"AutoRetainer","","","","FC Data","FCデータ"
"AutoRetainer","","","","Finalize",""
"AutoRetainer","","","","Finalize all vessels before resending them","再出航前にすべての船を帰還完了状態にする"
"AutoRetainer","","","","Finish by purchasing items","最後にアイテムを購入"
"AutoRetainer","","","","Flash taskbar","タスクバーを点滅"
"AutoRetainer","","","","For",""
"AutoRetainer","","","","FPS Limiter","FPS制限"
"AutoRetainer","","","","FPS Limiter is only active when Multi Mode is enabled","FPS制限はMulti Mode有効時のみ動作します"
"AutoRetainer","","","","FPS制限",""
"AutoRetainer","","","","FPS制限はMulti Mode有効時のみ動作します",""
"AutoRetainer","","","","Functions, Exclusions, Order","機能・除外・順序"
"AutoRetainer","","","","Game startup","ゲーム起動"
"AutoRetainer","","","","General",""
"AutoRetainer","","","","General Settings","一般設定"
"AutoRetainer","","","","Gil","ギル"
"AutoRetainer","","","","Grand Company Delivery","グランドカンパニー納品"
"AutoRetainer","","","","Here you can assign preconfigured exchange lists to your registered characters, as well as select delivery mode.",""
"AutoRetainer","","","","Here you can assign preconfigured inventory cleanup lists to your registered characters.",""
"AutoRetainer","","","","Here you can sort your characters. This will affect order in which they will be processed by Multi Mode as well as how they will appear in plugin interface and login overlay.",""
"AutoRetainer","","","","Hide Airships from Deployables UI","潜水艦／飛空艇UIから飛空艇を非表示"
"AutoRetainer","","","","Hide Armoury Chest Items","アーマリーチェスト内アイテムを非表示"
"AutoRetainer","","","","Hide character search","キャラクター検索を非表示"
"AutoRetainer","","","","Hide Gear Set Items","ギアセット装備を非表示"
"AutoRetainer","","","","Hold CTRL and click","CTRLを押しながらクリック"
"AutoRetainer","","","","hours...","時間…"
"AutoRetainer","","","","I: 120",""
"AutoRetainer","","","","I: 129",""
"AutoRetainer","","","","I: 140",""
"AutoRetainer","","","","I: 65",""
"AutoRetainer","","","","I: 96",""
"AutoRetainer","","","","If all above are disabled or fail, will be teleported to inn.",""
"AutoRetainer","","","","If game is inactive: (requires NotificationMaster to be installed and enabled)",""
"AutoRetainer","","","","If no character is available for ventures, you will be logged off until any character is available again. Title screen movie will be disabled while this option and MultiMode are enabled.",""
"AutoRetainer","","","","If set to a value greater than 0, AutoRetainer will stop processing any retainers this number of minutes before any character is scheduled to redeploy submarines, taking all previous settings into account.",""
"AutoRetainer","","","","If waiting for other deployables to return would exceed this number of minutes, AutoRetainer will ignore both the ""Wait for Voyage Completion"" and ""Wait even when already logged in"" settings.",""
"AutoRetainer","","","","If you like AutoRetainer, please consider supporting it's developer via Patreon.

Left click - to go to Patreon;
Right click - Ko-Fi and other options.","「AutoRetainerを気に入った方は、Patreonで開発者への支援をご検討ください。左クリック：Patreonを開く右クリック：Ko-Fiなど、その他の支援方法を表示」"
"AutoRetainer","","","","If you're using Discard Helper plugin, you may import entries from it using this button. They will be merged with your existing entries. Hold CTRL and click.","Discard Helperプラグインを使用している場合、このボタンから登録内容をインポートできます。既存の登録内容と統合されます。CTRLを押しながらクリックしてください。"
"AutoRetainer","","","","Ignore NPC if retainer is available","利用可能なリテイナーがいる場合NPCを無視"
"AutoRetainer","","","","Ignore other characters that have not been enabled in MultiMode","Multi Modeで有効になっていない他キャラクターを無視"
"AutoRetainer","","","","ImmortalFlames",""
"AutoRetainer","","","","Import and merge with character data","インポートしてキャラクターデータと統合"
"AutoRetainer","","","","Import blacklisted entries from Discard Helper","Discard Helperのブラックリストをインポート"
"AutoRetainer","","","","Import discard entries from Discard Helper","Discard Helperの破棄項目をインポート"
"AutoRetainer","","","","Import/Export","インポート／エクスポート"
"AutoRetainer","","","","Important: when activated, your multi mode will be set to do deployables only, no retainers.",""
"AutoRetainer","","","","In order to enable/disable fuel purchase for other characters, navigate to Functions, Exclusions, Order section.",""
"AutoRetainer","","","","Include one unlock destination while levelling",""
"AutoRetainer","","","","Include other characters","他キャラクターを含める"
"AutoRetainer","","","","Integrations",""
"AutoRetainer","","","","Inventory Cleanup","所持品整理"
"AutoRetainer","","","","Inventory Cleanup Plan Selection","所持品整理プラン選択"
"AutoRetainer","","","","Inventory Cleanup/Discard List","所持品整理／破棄リスト"
"AutoRetainer","","","","Inventory Cleanup/Fast Addition and Removal","所持品整理／一括追加・削除"
"AutoRetainer","","","","Inventory Cleanup/General Settings","所持品整理／一般設定"
"AutoRetainer","","","","Inventory Cleanup/Protection List","所持品整理／保護リスト"
"AutoRetainer","","","","Inventory Cleanup/Quick Venture Sell List","所持品整理／ほりだしもの依頼売却リスト"
"AutoRetainer","","","","Inventory Cleanup/Unconditional Sell List","所持品整理／無条件売却リスト"
"AutoRetainer","","","","Inventory Management","所持品管理"
"AutoRetainer","","","","Inventory Management - Entrust Manager","所持品管理 - 預け入れ管理"
"AutoRetainer","","","","Inventory Management - Grand Company Delivery - Character Configuration","所持品管理 - GC納品 - キャラクター設定"
"AutoRetainer","","","","Inventory Management - Grand Company Delivery - Exchange Lists","所持品管理 - GC納品 - 交換リスト"
"AutoRetainer","","","","Inventory Management - Inventory Cleanup - Character Configuration","所持品管理 - 所持品整理 - キャラクター設定"
"AutoRetainer","","","","Inventory Slots","所持品枠"
"AutoRetainer","","","","Inventory slots remaining to trigger delivery, less or equal","GC納品を開始する残り所持品枠（以下）"
"AutoRetainer","","","","Inventory warnings","所持品警告"
"AutoRetainer","","","","Join our Discord community for project announcements, updates, and support.",""
"AutoRetainer","","","","Keybinds","キー設定"
"AutoRetainer","","","","Kolia",""
"AutoRetainer","","","","Less than possible vessels enabled","出航可能数より有効な船が少ない"
"AutoRetainer","","","","LevelUp",""
"AutoRetainer","","","","Lifestream plugin is required","Lifestreamプラグインが必要です"
"AutoRetainer","","","","Lifestreamプラグインが必要です",""
"AutoRetainer","","","","Limiter active only when shutdown timer is set","終了タイマー設定時のみFPS制限を有効化"
"AutoRetainer","","","","Log","ログ"
"AutoRetainer","","","","Login Overlay","ログインオーバーレイ"
"AutoRetainer","","","","Login overlay button padding","ログインオーバーレイのボタン余白"
"AutoRetainer","","","","Login overlay scale multiplier","ログインオーバーレイの表示倍率"
"AutoRetainer","","","","Make night mode status persistent","ナイトモード状態を保持"
"AutoRetainer","","","","Make shutdown command activate night mode instead of shutting down the game","終了コマンドでゲームを終了せずナイトモードを有効化"
"AutoRetainer","","","","Market Cooldown Overlay","マーケット出品クールダウン表示"
"AutoRetainer","","","","Mass addition/removal","一括追加／削除"
"AutoRetainer","","","","Mass configuration change","設定の一括変更"
"AutoRetainer","","","","Materi",""
"AutoRetainer","","","","Materials","素材"
"AutoRetainer","","","","Materiel","軍用品"
"AutoRetainer","","","","Maximum stack size to be discarded","破棄する最大スタック数"
"AutoRetainer","","","","Maximum stack size to be sold","売却する最大スタック数"
"AutoRetainer","","","","Maximum time to wait for sub return, minutes","潜水艦の帰還を待つ最大時間（分）"
"AutoRetainer","","","","Maximum to open at once","一度に開封する最大数"
"AutoRetainer","","","","Maximum Wait, minutes","最大待機時間（分）"
"AutoRetainer","","","","May result other programs slowdown","他のプログラムが遅くなる場合があります"
"AutoRetainer","","","","Minimum inventory slots to continue operation","処理継続に必要な最低空き所持品枠"
"AutoRetainer","","","","Miscellaneous","その他"
"AutoRetainer","","","","Move to the top","一番上へ移動"
"AutoRetainer","","","","Multi",""
"AutoRetainer","","","","Multi Mode","Multi Mode"
"AutoRetainer","","","","Multi Mode - Deployables","Multi Mode - 潜水艦／飛空艇"
"AutoRetainer","","","","Multi Mode - Region Lock","Multi Mode - リージョン固定"
"AutoRetainer","","","","Multi Mode - Retainers","Multi Mode - リテイナー"
"AutoRetainer","","","","Multi Mode - リテイナー",""
"AutoRetainer","","","","Multi Mode - リージョン固定",""
"AutoRetainer","","","","Multi Mode - 潜水艦／飛空艇",""
"AutoRetainer","","","","Multi Mode Expert Delivery","Multi Mode希少品調達"
"AutoRetainer","","","","Multi Modeが無効でもログイン時にハウスへの入室を試行###Attempt to enter house on login even when Multi Mode is disabled",""
"AutoRetainer","","","","Multi Modeで有効になっていない他キャラクターを無視###Ignore other characters that have not been enabled in MultiMode",""
"AutoRetainer","","","","Multi Modeで次のキャラクターへ移る前に、すべてのリテイナー依頼が完了するまで待機します。",""
"AutoRetainer","","","","Multi Modeの種類選択を表示###Display multi mode type selector",""
"AutoRetainer","","","","Multi Mode中、ゲームワールドの描画を無効化します。",""
"AutoRetainer","","","","Multi Mode中、対象アイテムをミラージュドレッサーへ収納（Glamour logが必要）###Deliver eligible items into glamour dresser while in Multi Mode (requires Glamour log plugin)",""
"AutoRetainer","","","","Multi Mode中、対象アイテムを愛蔵品キャビネットへ収納###Deliver eligible items into Armoire when in Multi Mode",""
"AutoRetainer","","","","Multi Mode中は描画を無効化###Disable Render when in Multi Mode",""
"AutoRetainer","","","","Multi Mode希少品調達",""
"AutoRetainer","","","","Multi Mode希少品調達を有効化###Enable Multi Mode Expert Delivery",""
"AutoRetainer","","","","Multi Mode有効キャラクターのみ出力（OFFなら全員）###Export only characters enabled for multi mode (otherwise - all)",""
"AutoRetainer","","","","Multi Mode有効時のみ###Only when Multi Mode is active",""
"AutoRetainer","","","","Name",""
"AutoRetainer","","","","Nelis",""
"AutoRetainer","","","","Never","なし"
"AutoRetainer","","","","Night Mode","ナイトモード"
"AutoRetainer","","","","Night mode:
- Wait on login screen option is forcefully enabled
- Built-in FPS limiter restrictions forcefully applied
- While unfocused and awaiting, game is limited to 0.2 FPS
- It may look like game hung up, but let it up to 5 seconds to wake up after you reactivate game window.
- By default, only Deployables are enabled in Night mode
- After disabling Night mode, Bailout manager will activate to relog you back to the game.",""
"AutoRetainer","","","","No support is provided if you enable this and run into ANY errors in Multi Mode","「これを有効にした状態でMulti Modeにエラーが発生しても、サポート対象外です。」"
"AutoRetainer","","","","No Venture","依頼なし"
"AutoRetainer","","","","NOT",""
"AutoRetainer","","","","Notifications","通知"
"AutoRetainer","","","","Number of columns","列数"
"AutoRetainer","","","","Only applies when you exit menu by yourself. Otherwise, settings above apply.","自分でメニューを閉じた場合のみ適用されます。それ以外は上の設定が適用されます。"
"AutoRetainer","","","","Only buy when workstation is unlocked","カンパニークラフト設備のロック解除中のみ購入"
"AutoRetainer","","","","Only collect venture rewards from the retainer, and will not reassign them.
Hold CTRL when interacting with the Summoning Bell to apply this mode temporarily.","リテイナー依頼の報酬受取だけ行い、再依頼しません。
呼び鈴を操作する時にCTRLを押すと一時的にこのモードを適用します。"
"AutoRetainer","","","","Only primary inventory is accounted for, not armory","所持品のみを対象とし、アーマリーチェストは含みません"
"AutoRetainer","","","","Only reassign ventures that retainers are undertaking.","進行中のリテイナー依頼だけ再依頼します。"
"AutoRetainer","","","","Only Selected","選択したもののみ"
"AutoRetainer","","","","Only when in Night Mode","ナイトモード中のみ"
"AutoRetainer","","","","Only when Multi Mode is active","Multi Mode有効時のみ"
"AutoRetainer","","","","Only when window is not active","ゲームウィンドウが非アクティブ時のみ"
"AutoRetainer","","","","Only when workstation is not locked","カンパニークラフト設備がロックされていない時のみ"
"AutoRetainer","","","","Open AutoRetainer window on game start","ゲーム起動時にAutoRetainerウィンドウを開く"
"AutoRetainer","","","","Open this plugin's interface",""
"AutoRetainer","","","","Open Voyage Route Planner","航路プランナーを開く"
"AutoRetainer","","","","Open Voyage Unlockable Planner","航路解放プランナーを開く"
"AutoRetainer","","","","Operation","動作"
"AutoRetainer","","","","Order characters by retainer level and cap","リテイナーのレベルと上限でキャラクターを並べる"
"AutoRetainer","","","","Order characters by venture completion time","依頼完了時刻でキャラクターを並べる"
"AutoRetainer","","","","Output entrusted items into chat","預け入れアイテムをチャットへ出力"
"AutoRetainer","","","","Overlay height, %","オーバーレイ高さ（%）"
"AutoRetainer","","","","Pandora's Box plugin detected. Automatic use of actions while AutoRetainer is enabled may affect AutoRetainer functions negatively. Please ensure that Pandora's Box is configured in a way to not automatically use actions while AutoRetainer is active.",""
"AutoRetainer","","","","Pause AutoRetainer","AutoRetainerを一時停止"
"AutoRetainer","","","","Performance",""
"AutoRetainer","","","","Periodically check FC chest for gil upon entering workshop","カンパニークラフト設備入室時にFCチェストのギルを定期確認"
"AutoRetainer","","","","Periodically checks the Free Company chest when entering the Workshop to keep the gil counter up to date.","カンパニークラフト設備へ入る時にFCチェストを定期確認し、ギル表示を最新に保ちます。"
"AutoRetainer","","","","Pick max amount of destinations",""
"AutoRetainer","","","","Plans","プラン"
"AutoRetainer","","","","Preserve Multi Mode state between plugin reloads","プラグイン再読み込み後もMulti Mode状態を保持"
"AutoRetainer","","","","Protection List","保護リスト"
"AutoRetainer","","","","Prune deleted characters in a single click.","削除済みキャラクター情報をワンクリックで整理します。"
"AutoRetainer","","","","Published and developed with ",""
"AutoRetainer","","","","Put up For Sale:","出品する："
"AutoRetainer","","","","Quick Retainer Action","リテイナークイック操作"
"AutoRetainer","","","","Quick Venture Sell List","ほりだしもの依頼売却リスト"
"AutoRetainer","","","","Raise FFXIV process priority while plugin is operating","プラグイン動作中はFFXIVプロセス優先度を上げる"
"AutoRetainer","","","","Ranges:","範囲："
"AutoRetainer","","","","Rank:",""
"AutoRetainer","","","","Reassign","再依頼"
"AutoRetainer","","","","Recommended for users with > 15 characters, forces multi mode to make sure ventures are processed on all characters in order before returning to the beginning of the cycle.",""
"AutoRetainer","","","","Record Venture Statistics","リテイナー依頼統計を記録"
"AutoRetainer","","","","Redeploy",""
"AutoRetainer","","","","Region EU","リージョン EU"
"AutoRetainer","","","","Region JP","リージョン JP"
"AutoRetainer","","","","Region Lock","リージョン固定"
"AutoRetainer","","","","Region NA","リージョン NA"
"AutoRetainer","","","","Region OC","リージョン OC"
"AutoRetainer","","","","Registration, component and plan automation","登録・パーツ・プランの自動化"
"AutoRetainer","","","","Release FPS lock when game is active","ゲームがアクティブ時はFPS制限を解除"
"AutoRetainer","","","","Reload","再読み込み"
"AutoRetainer","","","","Remove minimized FPS restrictions while plugin is operating","プラグイン動作中は最小化時FPS制限を解除"
"AutoRetainer","","","","Repair Kits","修理材"
"AutoRetainer","","","","Repository",""
"AutoRetainer","","","","Resend vessels when accessing the Voyage Control Panel","カンパニークラフト設備へアクセス時に船を再出航"
"AutoRetainer","","","","Reset cooldowns","クールダウンをリセット"
"AutoRetainer","","","","Retainer list: remaining inventory slots warning","リテイナー一覧：残り所持品枠警告"
"AutoRetainer","","","","Retainer list: remaining ventures warning","リテイナー一覧：ベンチャースクリップ残量警告"
"AutoRetainer","","","","Retainer menu delay, seconds","リテイナーメニュー遅延（秒）"
"AutoRetainer","","","","Retainer names will be redacted from general UI elements. They will not be hidden in debug menus and plugin logs however. While this option is on, character and retainer numbers are not guaranteed to be equal in different sections of a plugin (for example, retainer 1 in retainers view is not guaranteed to be the same retainer as in statistics view).",""
"AutoRetainer","","","","Retainer venture processing cutoff, minutes","リテイナー依頼処理の打ち切り時間（分）"
"AutoRetainer","","","","Retainers",""
"AutoRetainer","","","","RetainerSense",""
"AutoRetainer","","","","Retrieve Item:","取り出すアイテム："
"AutoRetainer","","","","RotationSolver plugin detected. Automatic use of actions while AutoRetainer is enabled may affect AutoRetainer functions negatively. Please ensure that RotationSolver is configured in a way to not automatically use actions while AutoRetainer is active.",""
"AutoRetainer","","","","Santhis",""
"AutoRetainer","","","","Seals to keep","残しておく軍票"
"AutoRetainer","","","","Search",""
"AutoRetainer","","","","Select amount of items to keep in your inventory","所持品に残すアイテム数を選択"
"AutoRetainer","","","","Select Categories","カテゴリを選択"
"AutoRetainer","","","","Select key manually:","キーを手動選択："
"AutoRetainer","","","","Select retainers:","リテイナーを選択："
"AutoRetainer","","","","Select submersibles:","潜水艦を選択："
"AutoRetainer","","","","Sell Item:","売却するアイテム："
"AutoRetainer","","","","Sell items from Unconditional sell list right after deployment (requires retainers)","出航処理直後に無条件売却リストのアイテムを売却（リテイナーが必要）"
"AutoRetainer","","","","Sell now","今すぐ売却"
"AutoRetainer","","","","Send desktop notification on retainers available","リテイナー利用可能時にデスクトップ通知"
"AutoRetainer","","","","Server Time","サーバー時刻"
"AutoRetainer","","","","Set appropriate delay to let plugins fully load before logging in and to allow yourself some time to cancel login if needed",""
"AutoRetainer","","","","Settings",""
"AutoRetainer","","","","Shift - add to Quick Venture Sell List","Shift - ほりだしもの依頼売却リストへ追加"
"AutoRetainer","","","","Shift - ほりだしもの依頼売却リストへ追加",""
"AutoRetainer","","","","Show All Items","すべてのアイテムを表示"
"AutoRetainer","","","","Show HQ and non-HQ together","HQ／NQをまとめて表示"
"AutoRetainer","","","","Show MultiMode checkbox on plugin UI bar","プラグインUIバーにMulti Modeチェックを表示"
"AutoRetainer","","","","Show Night mode checkbox","ナイトモードチェックを表示"
"AutoRetainer","","","","Shutdown the game after all deployables have been processed","すべての潜水艦／飛空艇処理後にゲーム終了"
"AutoRetainer","","","","Skip","スキップ"
"AutoRetainer","","","","Skip Inn Login Cutscene","宿屋ログイン時のカットシーンをスキップ"
"AutoRetainer","","","","Some of your characters are not enabled for Retainer Multi Mode even though they have retainers. Hover to see list.",""
"AutoRetainer","","","","Sonia-miel",""
"AutoRetainer","","","","Source Code",""
"AutoRetainer","","","","Spam one destination",""
"AutoRetainer","","","","Statistics","統計"
"AutoRetainer","","","","Status bar icon size","ステータスバーアイコンサイズ"
"AutoRetainer","","","","Stay in retainer list and disable plugin","リテイナー一覧に残りプラグインを無効化"
"AutoRetainer","","","","Stay in retainer list and keep plugin enabled","リテイナー一覧に残りプラグインを有効のままにする"
"AutoRetainer","","","","Stay in retainer menu if there are retainers to finish ventures within 5 minutes or less","5分以内に依頼完了するリテイナーがいる場合はリテイナーメニューに留まる"
"AutoRetainer","","","","Stea",""
"AutoRetainer","","","","Synchronise Retainers (one time)","リテイナーを同期（1回のみ）"
"AutoRetainer","","","","Tab - add to Discard List","Tab - 破棄リストへ追加"
"AutoRetainer","","","","Tab - 破棄リストへ追加",""
"AutoRetainer","","","","Tanks remaining to trigger purchase","購入開始までの青燐水バレル残数"
"AutoRetainer","","","","Target frame rate when idling","待機中の目標FPS"
"AutoRetainer","","","","Target frame rate when operating","動作中の目標FPS"
"AutoRetainer","","","","Task completion behavior after accessing bell:","呼び鈴アクセス後の処理完了時動作："
"AutoRetainer","","","","Task completion behavior after manual enabling:","手動有効化後の処理完了時動作："
"AutoRetainer","","","","Task completion behavior during plugin operation:","プラグイン動作中の処理完了時動作："
"AutoRetainer","","","","Teleport back to house/inn after delivery","納品後にハウス／宿屋へ戻る"
"AutoRetainer","","","","Teleport for retainers...","リテイナー処理のためにテレポ…"
"AutoRetainer","","","","Teleport to free company house for deployables","潜水艦／飛空艇処理のためFCハウスへテレポ"
"AutoRetainer","","","","Teleportation","テレポ"
"AutoRetainer","","","","Temporarily prevents AutoRetainer from being automatically enabled when using a Summoning Bell/Workshop Panel:",""
"AutoRetainer","","","","Temporarily set the Collect Operation mode, preventing ventures from being assigned for the current cycle/Temporarily set Deployables mode to Finalize only:",""
"AutoRetainer","","","","The following plugins are required to be installed and enabled:",""
"AutoRetainer","","","","The lower this value is the faster plugin will use actions. When dealing with low FPS or high latency you may want to increase this value. If you want the plugin to operate faster you may decrease it.","「**この値を小さくするほど、プラグインの操作速度が速くなります。低FPSや高遅延の環境では値を大きくしてください。処理を速くしたい場合は値を小さくできます。**」"
"AutoRetainer","","","","The number of seconds AutoRetainer should log in early before submarines on this character are ready to be resent.",""
"AutoRetainer","","","","These items will always be discarded, regardless of their source, as long as their stack count does not exceeds specified amount that you can specify below. Discards occur very frequently, before and after each action that may alter inventory. Discard is always prioritized, even if same item is present in sell or desynthesis list, it will be discarded. Protected items won't be discarded. ",""
"AutoRetainer","","","","These items will always be sold, regardless of their source, as long as their stack count does not exceeds specified amount that you can specify below. Additionally, only these items will ever be sold to an NPC.",""
"AutoRetainer","","","","These items, when obtained from Quick Venture will be sold unless they have stacked with the same item.",""
"AutoRetainer","","","","This is purely visual order and does not affects character processing in any way.",""
"AutoRetainer","","","","This may cause situation where you will just go to GC exchange every login. Make sure you have a purchase plan to buy enough ventures set. ",""
"AutoRetainer","","","","This option enables excessive logging for debugging purposes. It will spam your log and cause performance issues while enabled. This option will disable itself upon plugin reload or game restart.",""
"AutoRetainer","","","","This option is enforced during MultiMode operation.",""
"AutoRetainer","","","","This tab checks your configuration for common issues that you can resolve yourself before contacting support.",""
"AutoRetainer","","","","This will automatically skip AutoRetainer's loading on second instance of the game and you will have no way of loading it until you disable this option in primary instance",""
"AutoRetainer","","","","Time Desynchronization Compensation","時刻ずれ補正"
"AutoRetainer","","","","Timeout before AutoRetainer will attempt to unstuck, seconds","AutoRetainerがスタック解除を試みるまでの時間（秒）"
"AutoRetainer","","","","To continue, you need to install JustBackup plugin.","続行するにはJustBackupプラグインをインストールしてください。"
"AutoRetainer","","","","Tray notification upon handin completion (requires NotificationMaster)","納品完了時にトレイ通知（NotificationMasterが必要）"
"AutoRetainer","","","","Trigger on venture exhaustion","ベンチャースクリップ不足時に実行"
"AutoRetainer","","","","Troubleshooting",""
"AutoRetainer","","","","Unconditional Sell List","無条件売却リスト"
"AutoRetainer","","","","Unlock",""
"AutoRetainer","","","","Upon disconnecting, AutoRetainer will attempt to log back in. If the session has expired, no login attempt will be made.",""
"AutoRetainer","","","","Upon relogging via AutoRetainer's UI or command, disable Multi Mode.",""
"AutoRetainer","","","","Upon relogging via AutoRetainer's UI or command, do not reset preferred character.",""
"AutoRetainer","","","","Use advanced entrust manager to entrust specific items to specific retainers. In this window you can configure specific plans; then, you can assign entrust plans to your retainers in retainer configuration window.",""
"AutoRetainer","","","","Use Free Company seal buff, if possible","可能ならFC軍票獲得量アップを使用"
"AutoRetainer","","","","Use plan",""
"AutoRetainer","","","","Use Priority seal allowance, if possible","可能なら軍票優先支給票を使用"
"AutoRetainer","","","","Use server time instead of PC time","PC時刻ではなくサーバー時刻を使用"
"AutoRetainer","","","","User Interface","ユーザーインターフェース"
"AutoRetainer","","","","Utility","ユーティリティ"
"AutoRetainer","","","","V: 0",""
"AutoRetainer","","","","V: 2",""
"AutoRetainer","","","","V: 2227",""
"AutoRetainer","","","","Ventures","ベンチャースクリップ"
"AutoRetainer","","","","Ventures remaining to trigger delivery, less or equal","GC納品を開始するベンチャースクリップ残数（以下）"
"AutoRetainer","","","","Wait even when already logged in","ログイン済みでも待機"
"AutoRetainer","","","","Wait For Venture Completion","リテイナー依頼完了まで待機"
"AutoRetainer","","","","Wait For Voyage Completion","探索完了まで待機"
"AutoRetainer","","","","Wait on login screen","ログイン画面で待機"
"AutoRetainer","","","","Weapons","武器"
"AutoRetainer","","","","When enabled, AutoRetainer will wait for all deployables to return before logging into the character. If you're already logged in for another reason, it will still resend completed submarines—unless the global setting ""Wait even when already logged in"" is also turned on.","「**有効にすると、キャラクターへログインする前に、すべての潜水艦／飛空艇が帰還するまで待機します。別の理由ですでにログインしている場合は、全体設定の「ログイン済みでも待機」も有効になっていない限り、帰還済みの潜水艦は再出航します。**」"
"AutoRetainer","","","","When enabled:
- Characters with teleportation enabled will automatically deliver items for expert delivery and buy items according to exchange plan, if their rank is sufficient, during multi mode.",""
"AutoRetainer","","","","When Multi Mode is on","Multi Mode有効時"
"AutoRetainer","","","","While this text is visible, hover over items while holding:","この表示中に、次のキーを押しながらアイテムへマウスを合わせます："
"AutoRetainer","","","","World","ワールド"
"AutoRetainer","","","","Yoka",""
"AutoRetainer","","","","You can customize these settings per character in character configuration menu.","これらの設定はキャラクター設定でキャラクターごとに変更できます。"
"AutoRetainer","","","","You must register houses in Lifestream plugin for every character you want this option to work or enable Simple Teleport.","この機能を使う各キャラクターでLifestreamにハウスを登録するか、「簡易テレポ」を有効にしてください。"
"AutoRetainer","","","","…FCハウスへ###...to free company house",""
"AutoRetainer","","","","…アパルトメントへ###...to apartment",""
"AutoRetainer","","","","…シェアハウスへ###...to shared estate",""
"AutoRetainer","","","","…個人宅へ###...to private house",""
"AutoRetainer","","","","※ 他のリストに登録済みのアイテムは無条件売却リストへ移動します",""
"AutoRetainer","","","","※ 他のリストに登録済みのアイテムは破棄リストへ移動します",""
"AutoRetainer","","","","※ 無条件売却リストまたは破棄リストに登録済みのアイテムは、ほりだしもの依頼売却リストには追加されません",""
"AutoRetainer","","","","♥ Patreon/KoFi",""
"AutoRetainer","","","","きつけ薬##4567",""
"AutoRetainer","","","","このプラグインの画面を開く",""
"AutoRetainer","","","","このリストのアイテムは、他の処理リストに含まれていても売却・分解・破棄・GC納品しません。",""
"AutoRetainer","","","","この機能を使う各キャラクターでLifestreamにハウスを登録するか、「簡易テレポ」を有効にしてください。",""
"AutoRetainer","","","","この表示中に、次のキーを押しながらアイテムへマウスを合わせます：",""
"AutoRetainer","","","","これらのアイテムは「ほりだしもの依頼」で入手した場合、同一アイテムとスタックされていなければ売却されます。",""
"AutoRetainer","","","","これらの設定はキャラクター設定でキャラクターごとに変更できます。",""
"AutoRetainer","","","","すでに呼び鈴の近くにいる場合、リテイナー処理のためのテレポ／入室を行わない###Do not teleport or enter house for retainers when already next to bell",""
"AutoRetainer","","","","すべての潜水艦／飛空艇処理後にゲーム終了###Shutdown the game after all deployables have been processed",""
"AutoRetainer","","","","その他##63",""
"AutoRetainer","","","","やまびこ薬##4566",""
"AutoRetainer","","","","アイテムを自動分解###Auto-desynth items",""
"AutoRetainer","","","","アブダルラジクの霊砂##7598",""
"AutoRetainer","","","","アブダルラジクの霊薬##9369",""
"AutoRetainer","","","","アルジクラベンダーの種##15855",""
"AutoRetainer","","","","アーマリーチェスト内アイテムの売却／破棄を許可###Allow selling/discarding items from Armory Chest",""
"AutoRetainer","","","","イーグルの羽根##5358",""
"AutoRetainer","","","","ウーツ鉱##9368",""
"AutoRetainer","","","","エオルゼア全図##6662",""
"AutoRetainer","","","","オーケストリオン譜##94",""
"AutoRetainer","","","","オーケストリオン譜:不滅隊作戦本部##38643",""
"AutoRetainer","","","","オーケストリオン譜:双蛇党統合司令部##38641",""
"AutoRetainer","","","","オーケストリオン譜:洋上の小波##38645",""
"AutoRetainer","","","","オーケストリオン譜:砂の機密##38646",""
"AutoRetainer","","","","オーケストリオン譜:露の玉、月の光##38644",""
"AutoRetainer","","","","オーケストリオン譜:黒渦団軍令部##38642",""
"AutoRetainer","","","","カナールの骨片##10119",""
"AutoRetainer","","","","カンパニークラフト設備がロックされていない時のみ###Only when workstation is not locked",""
"AutoRetainer","","","","カンパニークラフト設備に潜水艦／飛空艇チェックを表示###Display deployables checkbox in workshop",""
"AutoRetainer","","","","カンパニークラフト設備のロック解除中のみ購入###Only buy when workstation is unlocked",""
"AutoRetainer","","","","カンパニークラフト設備へアクセス時に船を再出航###Resend vessels when accessing the Voyage Control Panel",""
"AutoRetainer","","","","カンパニークラフト設備へ入った後、青燐水バレルを自動購入：",""
"AutoRetainer","","","","カンパニークラフト設備へ入る時にFCチェストを定期確認し、ギル表示を最新に保ちます。",""
"AutoRetainer","","","","カンパニークラフト設備入室時にFCチェストのギルを定期確認###Periodically check FC chest for gil upon entering workshop",""
"AutoRetainer","","","","キャラクターと潜水艦一覧をCSVへ出力",""
"AutoRetainer","","","","キャラクター検索を非表示###Hide character search",""
"AutoRetainer","","","","キャラクター順",""
"AutoRetainer","","","","キーを手動選択：",""
"AutoRetainer","","","","クラス／ジョブ未設定のリテイナー操作を許可###Allow operating on retainers without a job",""
"AutoRetainer","","","","グランドカンパニー希少品調達の自動納品",""
"AutoRetainer","","","","ゲームがアクティブ時はFPS制限を解除###Release FPS lock when game is active",""
"AutoRetainer","","","","ゲームとPCの時刻ずれによる問題を軽減するため、リテイナー依頼の終了時刻から差し引く追加秒数です。",""
"AutoRetainer","","","","ゲームウィンドウが非アクティブ時のみ###Only when window is not active",""
"AutoRetainer","","","","ゲーム内チャットに通知を表示###Display notification in game chat",""
"AutoRetainer","","","","ゲーム起動",""
"AutoRetainer","","","","ゲーム起動時にAutoRetainerウィンドウを開く###Open AutoRetainer window on game start",""
"AutoRetainer","","","","ゲーム起動時にMulti Modeを有効化###Enable Multi Mode on Game Boot",""
"AutoRetainer","","","","コンテキストメニュー連携を有効化###Enable context menu integration",""
"AutoRetainer","","","","コンテンツ中または戦闘中はオーバーレイを表示しない###Do not display overlay in duty or combat",""
"AutoRetainer","","","","シェアハウスへの入室を許可###Allow entering shared houses",""
"AutoRetainer","","","","スキップ###Skip",""
"AutoRetainer","","","","ステータスバーには最も重要なアイコンだけ表示###Display only most significant icon in status bar",""
"AutoRetainer","","","","スワンの羽根##5357",""
"AutoRetainer","","","","ゼルファトル天然水##9357",""
"AutoRetainer","","","","ソーリアンの粗皮##7599",""
"AutoRetainer","","","","タイトル画面ボタンを有効化（プラグイン再起動が必要）###Enable title screen button (requires plugin restart)",""
"AutoRetainer","","","","タスクバーを点滅###Flash taskbar",""
"AutoRetainer","","","","ダークマターG1##5594",""
"AutoRetainer","","","","ダークマターG2##5595",""
"AutoRetainer","","","","ダークマターG3##5596",""
"AutoRetainer","","","","ダークマターG4##5597",""
"AutoRetainer","","","","ダークマターG5##5598",""
"AutoRetainer","","","","ダークマターG6##10386",""
"AutoRetainer","","","","ダークマターG7##17837",""
"AutoRetainer","","","","ダークマターG8##33916",""
"AutoRetainer","","","","デモモード###Demo mode",""
"AutoRetainer","","","","ナイトモードでリテイナーを処理###Do retainers in Night mode",""
"AutoRetainer","","","","ナイトモードで潜水艦／飛空艇を処理###Do deployables in Night mode",""
"AutoRetainer","","","","ナイトモードを有効化###Activate night mode",""
"AutoRetainer","","","","ナイトモードチェックを表示###Show Night mode checkbox",""
"AutoRetainer","","","","ナイトモード中のみ###Only when in Night Mode",""
"AutoRetainer","","","","ナイトモード状態を保持###Make night mode status persistent",""
"AutoRetainer","","","","ハウジングNPCへのアイテム売却を有効化###Enable selling items to housing NPC",""
"AutoRetainer","","","","パーツとプランの自動変更を有効化###Enable automatic components and plan change",""
"AutoRetainer","","","","プラグインUIバーにMulti Modeチェックを表示###Show MultiMode checkbox on plugin UI bar",""
"AutoRetainer","","","","プラグイン再読み込み後もMulti Mode状態を保持###Preserve Multi Mode state between plugin reloads",""
"AutoRetainer","","","","プラグイン動作中の処理完了時動作：",""
"AutoRetainer","","","","プラグイン動作中はFFXIVプロセス優先度を上げる###Raise FFXIV process priority while plugin is operating",""
"AutoRetainer","","","","プラグイン動作中は最小化時FPS制限を解除###Remove minimized FPS restrictions while plugin is operating",""
"AutoRetainer","","","","プラグイン状態アイコンを表示しない###Do not show plugin status icons",""
"AutoRetainer","","","","プラグイン起動時にMulti Modeを有効化###Enable Multi Mode on Plugin Startup",""
"AutoRetainer","","","","プリンの肉##5558",""
"AutoRetainer","","","","ベンチャースクリップ不足時に実行###Trigger on venture exhaustion",""
"AutoRetainer","","","","マグレカナールの胸肉##7605",""
"AutoRetainer","","","","マーケット出品クールダウン表示###Market Cooldown Overlay",""
"AutoRetainer","","","","メインUIにリテイナーのIL／獲得力／識質力と現在の依頼名を表示します。",""
"AutoRetainer","","","","リテイナーUIにクイックメニューを表示###Display Quick Menu in Retainer UI",""
"AutoRetainer","","","","リテイナーのレベルと上限でキャラクターを並べる###Order characters by retainer level and cap",""
"AutoRetainer","","","","リテイナーへのアイテム売却を有効化###Enable selling items to retainer",""
"AutoRetainer","","","","リテイナーを同期（1回のみ）###Synchronise Retainers (one time)",""
"AutoRetainer","","","","リテイナーを選択：",""
"AutoRetainer","","","","リテイナークイック操作",""
"AutoRetainer","","","","リテイナータブのキャラクター並び順",""
"AutoRetainer","","","","リテイナーベンチャー箱を自動開封###Auto-open venture coffers",""
"AutoRetainer","","","","リテイナー一覧を閉じた時にプラグインを自動無効化###Auto-disable plugin when closing retainer list",""
"AutoRetainer","","","","リテイナー依頼の受取と再依頼を自動化します。",""
"AutoRetainer","","","","リテイナー依頼の報酬受取だけ行い、再依頼しません。
呼び鈴を操作する時にCTRLを押すと一時的にこのモードを適用します。",""
"AutoRetainer","","","","リテイナー依頼タイマーのマイナス表示を許可###Allow venture timer to display negative values",""
"AutoRetainer","","","","リテイナー依頼プランナーのエラーチェックを行わない###Do not error check venture planner",""
"AutoRetainer","","","","リテイナー依頼完了まで待機###Wait For Venture Completion",""
"AutoRetainer","","","","リテイナー依頼完了時にオーバーレイ通知を表示###Display overlay notification if one of retainers has completed a venture",""
"AutoRetainer","","","","リテイナー依頼統計を記録###Record Venture Statistics",""
"AutoRetainer","","","","リテイナー処理のためにテレポ…###Teleport for retainers...",""
"AutoRetainer","","","","リテイナー利用可能時にデスクトップ通知###Send desktop notification on retainers available",""
"AutoRetainer","","","","リテイナー名を匿名化###Anonymise Retainers",""
"AutoRetainer","","","","リテイナー詳細情報を表示###Display Extended Retainer Info",""
"AutoRetainer","","","","リージョン JP",""
"AutoRetainer","","","","リージョン NA",""
"AutoRetainer","","","","リージョン OC",""
"AutoRetainer","","","","レイゲンの野菜##7799",""
"AutoRetainer","","","","レベル別：",""
"AutoRetainer","","","","ログインオーバーレイを表示###Display Login Overlay",""
"AutoRetainer","","","","ログイン済みでも待機###Wait even when already logged in",""
"AutoRetainer","","","","ログイン画面で待機###Wait on login screen",""
"AutoRetainer","","","","ヴォイドマンドレイクの種##15856",""
"AutoRetainer","","","","一般",""
"AutoRetainer","","","","一般設定",""
"AutoRetainer","","","","不滅のチョコチョコボ##6172",""
"AutoRetainer","","","","両手剣##87",""
"AutoRetainer","","","","両手呪具##7",""
"AutoRetainer","","","","両手幻具##9",""
"AutoRetainer","","","","両手斧##3",""
"AutoRetainer","","","","両手槍##5",""
"AutoRetainer","","","","両手鎌##108",""
"AutoRetainer","","","","並び替えと折りたたみ／展開を無効化###Disable sorting and collapsing/expanding",""
"AutoRetainer","","","","二刀流武器##110",""
"AutoRetainer","","","","人造砥石##10113",""
"AutoRetainer","","","","他のキャラクターの燃料購入をON／OFFするには、「機能・除外・順序」を開いてください。",""
"AutoRetainer","","","","他キャラクターを含める###Include other characters",""
"AutoRetainer","","","","依頼完了時刻でキャラクターを並べる###Order characters by venture completion time",""
"AutoRetainer","","","","依頼設定＋再依頼###Assign + Reassign",""
"AutoRetainer","","","","元気薬##4568",""
"AutoRetainer","","","","全キャラクター巡回を強制###Enforce Full Character Rotation",""
"AutoRetainer","","","","共通設定",""
"AutoRetainer","","","","内装建材(内壁)##73",""
"AutoRetainer","","","","内装建材(天井照明)##75",""
"AutoRetainer","","","","内装建材(床)##74",""
"AutoRetainer","","","","再依頼###Reassign",""
"AutoRetainer","","","","再出航前にすべての船を帰還完了状態にする###Finalize all vessels before resending them",""
"AutoRetainer","","","","処理完了キャラクターの背景を点滅させない###Don't flash background of characters that are complete",""
"AutoRetainer","","","","出品する：",""
"AutoRetainer","","","","出航処理直後に無条件売却リストのアイテムを売却（リテイナーが必要）###Sell items from Unconditional sell list right after deployment (requires retainers)",""
"AutoRetainer","","","","出航可能数より有効な船が少ない###Less than possible vessels enabled",""
"AutoRetainer","","","","刀##96",""
"AutoRetainer","","","","分解###Desynthese",""
"AutoRetainer","","","","利用可能なリテイナーがいる場合NPCを無視###Ignore NPC if retainer is available",""
"AutoRetainer","","","","削除済みキャラクター情報をワンクリックで整理します。",""
"AutoRetainer","","","","前3項目では、Multi Mode動作中は「リテイナー一覧を閉じてプラグインを無効化」が強制されます。",""
"AutoRetainer","","","","動作",""
"AutoRetainer","","","","双剣##84",""
"AutoRetainer","","","","双蛇のチョコチョコボ##6171",""
"AutoRetainer","","","","取り出すアイテム：",""
"AutoRetainer","","","","受取のみ###Collect",""
"AutoRetainer","","","","可能ならFC軍票獲得量アップを使用###Use Free Company seal buff, if possible",""
"AutoRetainer","","","","可能なら軍票優先支給票を使用###Use Priority seal allowance, if possible",""
"AutoRetainer","","","","同じフォルダーから2つ目のゲームを起動していても警告しない###Do not warn about second game instance running from same directory",""
"AutoRetainer","","","","呼び鈴の操作範囲に入るとAutoRetainerを自動で有効化します。移動すると有効化はキャンセルされます。",""
"AutoRetainer","","","","呼び鈴アクセス後の処理完了時動作：",""
"AutoRetainer","","","","呼び鈴／カンパニークラフト設備へアクセスするキー設定",""
"AutoRetainer","","","","園芸道具(主道具)##30",""
"AutoRetainer","","","","園芸道具(副道具)##31",""
"AutoRetainer","","","","売却するアイテム：",""
"AutoRetainer","","","","外装建材(塀)##72",""
"AutoRetainer","","","","外装建材(外壁)##66",""
"AutoRetainer","","","","外装建材(外壁装飾)##70",""
"AutoRetainer","","","","外装建材(屋根)##65",""
"AutoRetainer","","","","外装建材(屋根装飾)##69",""
"AutoRetainer","","","","外装建材(扉)##68",""
"AutoRetainer","","","","外装建材(看板)##71",""
"AutoRetainer","","","","外装建材(窓)##67",""
"AutoRetainer","","","","大炎獣の心核##9539",""
"AutoRetainer","","","","天球儀##89",""
"AutoRetainer","","","","女王と局長の肖像画##7096",""
"AutoRetainer","","","","女王の肖像画##7152",""
"AutoRetainer","","","","妖異の血##6154",""
"AutoRetainer","","","","完了したリテイナー依頼がある状態で呼び鈴へアクセスした時の動作：",""
"AutoRetainer","","","","完了したリテイナー依頼がない状態で呼び鈴へアクセスした時の動作：",""
"AutoRetainer","","","","小隊用蘇生薬##20790",""
"AutoRetainer","","","","布材##51",""
"AutoRetainer","","","","希少品調達の継続処理を有効化###Enable Expert Delivery continuation",""
"AutoRetainer","","","","幻術皇の肖像画##7097",""
"AutoRetainer","","","","庭具##76",""
"AutoRetainer","","","","建築物権利証書##64",""
"AutoRetainer","","","","弓##4",""
"AutoRetainer","","","","彫金道具(主道具)##18",""
"AutoRetainer","","","","彫金道具(副道具)##19",""
"AutoRetainer","","","","復帰処理モジュール",""
"AutoRetainer","","","","復帰処理モジュールを有効化###Enable bailout module",""
"AutoRetainer","","","","戦闘技術教本:守勢##15772",""
"AutoRetainer","","","","戦闘技術教本:攻勢##15773",""
"AutoRetainer","","","","戦闘技術教本:魔法##15774",""
"AutoRetainer","","","","所持品のみを対象とし、アーマリーチェストは含みません",""
"AutoRetainer","","","","所持品整理プラン選択",""
"AutoRetainer","","","","所持品整理／ほりだしもの依頼売却リスト",""
"AutoRetainer","","","","所持品整理／一括追加・削除",""
"AutoRetainer","","","","所持品整理／一般設定",""
"AutoRetainer","","","","所持品整理／保護リスト",""
"AutoRetainer","","","","所持品整理／無条件売却リスト",""
"AutoRetainer","","","","所持品整理／破棄リスト",""
"AutoRetainer","","","","所持品管理 - GC納品 - キャラクター設定",""
"AutoRetainer","","","","所持品管理 - GC納品 - 交換リスト",""
"AutoRetainer","","","","所持品管理 - 所持品整理 - キャラクター設定",""
"AutoRetainer","","","","所持品管理 - 預け入れ管理",""
"AutoRetainer","","","","所持品警告",""
"AutoRetainer","","","","手動リログ後のキャラクター後処理を有効化###Enable Manual relogs character postprocess",""
"AutoRetainer","","","","手動ログイン時にMulti Modeを無効化###Disable Multi Mode on Manual Login",""
"AutoRetainer","","","","手動ログイン時に優先キャラクターをリセットしない###Do not reset Preferred Character on Manual Login",""
"AutoRetainer","","","","手動有効化後の処理完了時動作：",""
"AutoRetainer","","","","手防具##37",""
"AutoRetainer","","","","投擲武器##107",""
"AutoRetainer","","","","指輪##43",""
"AutoRetainer","","","","排出停止アイテム##39",""
"AutoRetainer","","","","採掘道具(主道具)##28",""
"AutoRetainer","","","","採掘道具(副道具)##29",""
"AutoRetainer","","","","探索完了まで待機###Wait For Voyage Completion",""
"AutoRetainer","","","","接続エラー時に自動で閉じてログインを再試行###Auto-close and retry logging in on connection errors",""
"AutoRetainer","","","","描画を無効化",""
"AutoRetainer","","","","提督の肖像画##7095",""
"AutoRetainer","","","","操作：",""
"AutoRetainer","","","","斑銅鉱##5119",""
"AutoRetainer","","","","最後にアイテムを購入###Finish by purchasing items",""
"AutoRetainer","","","","有効###Enable",""
"AutoRetainer","","","","有効###Enabled",""
"AutoRetainer","","","","有効なすべてのリテイナー依頼が完了するまで待機します。完了後、この設定は自動で無効化され、全キャラクターの処理を再開します。",""
"AutoRetainer","","","","有効なリテイナーに進行中の依頼がなければ「ほりだしもの依頼」を自動設定し、進行中の依頼も再依頼します。",""
"AutoRetainer","","","","有効な潜水艦のみ出力（OFFならすべて）###Export only enabled submarines (otherwise - all)",""
"AutoRetainer","","","","有効な船が出航していません###Enabled vessel isn't deployed",""
"AutoRetainer","","","","木工道具(主道具)##12",""
"AutoRetainer","","","","木工道具(副道具)##13",""
"AutoRetainer","","","","木材##50",""
"AutoRetainer","","","","染料##55",""
"AutoRetainer","","","","格闘武器##1",""
"AutoRetainer","","","","栽培用品##82",""
"AutoRetainer","","","","検索時に非表示キャラクターも表示###Display hidden characters when searching",""
"AutoRetainer","","","","樹液塊##5532",""
"AutoRetainer","","","","毒消し##4564",""
"AutoRetainer","","","","水成岩砥石##5261",""
"AutoRetainer","","","","水産物##47",""
"AutoRetainer","","","","漁道具(主道具)##32",""
"AutoRetainer","","","","漁道具(副道具)##99",""
"AutoRetainer","","","","漆##10112",""
"AutoRetainer","","","","演技教本:休め##21320",""
"AutoRetainer","","","","演技教本:気をつけ##21319",""
"AutoRetainer","","","","演技教本:熟考##22498",""
"AutoRetainer","","","","潜水艦の自動登録を有効化###Enable automatic sub registration",""
"AutoRetainer","","","","潜水艦を選択：",""
"AutoRetainer","","","","潜水艦パーツ(艦体)##101",""
"AutoRetainer","","","","潜水艦パーツ(艦尾)##102",""
"AutoRetainer","","","","潜水艦パーツ(艦橋)##104",""
"AutoRetainer","","","","潜水艦パーツ(艦首)##103",""
"AutoRetainer","","","","潜水艦／飛空艇UIから飛空艇を非表示###Hide Airships from Deployables UI",""
"AutoRetainer","","","","潜水艦／飛空艇の処理完了後にゲーム終了###Exit the game upon deployable completion",""
"AutoRetainer","","","","潜水艦／飛空艇タブのキャラクター並び順",""
"AutoRetainer","","","","潜水艦／飛空艇処理のためFCハウスへテレポ###Teleport to free company house for deployables",""
"AutoRetainer","","","","灰汁##5501",""
"AutoRetainer","","","","灰重石##7597",""
"AutoRetainer","","","","片手剣##2",""
"AutoRetainer","","","","片手呪具##6",""
"AutoRetainer","","","","片手幻具##8",""
"AutoRetainer","","","","特別支給コンテナ（新生・蒼天）",""
"AutoRetainer","","","","特別支給コンテナ（新生・蒼天）##36635",""
"AutoRetainer","","","","特別支給コンテナ（紅蓮）",""
"AutoRetainer","","","","特別支給コンテナ（紅蓮）##36636",""
"AutoRetainer","","","","猟師風エフトキッシュ##4715",""
"AutoRetainer","","","","獣脂##5531",""
"AutoRetainer","","","","珪化木##7596",""
"AutoRetainer","","","","甲冑道具(主道具)##16",""
"AutoRetainer","","","","甲冑道具(副道具)##17",""
"AutoRetainer","","","","登録・パーツ・プランの自動化",""
"AutoRetainer","","","","皮革材##52",""
"AutoRetainer","","","","盾##11",""
"AutoRetainer","","","","石材##48",""
"AutoRetainer","","","","石灰硫黄合剤##5502",""
"AutoRetainer","","","","破魔矢##13593",""
"AutoRetainer","","","","神保石##9366",""
"AutoRetainer","","","","竹皮紙##10121",""
"AutoRetainer","","","","筆##111",""
"AutoRetainer","","","","範囲：",""
"AutoRetainer","","","","簡易テレポを有効化###Enable Simple Teleport",""
"AutoRetainer","","","","納品完了時にトレイ通知（NotificationMasterが必要）###Tray notification upon handin completion (requires NotificationMaster)",""
"AutoRetainer","","","","納品後にハウス／宿屋へ戻る###Teleport back to house/inn after delivery",""
"AutoRetainer","","","","純水##6153",""
"AutoRetainer","","","","素材",""
"AutoRetainer","","","","細剣##97",""
"AutoRetainer","","","","終了コマンドでゲームを終了せずナイトモードを有効化###Make shutdown command activate night mode instead of shutting down the game",""
"AutoRetainer","","","","終了タイマー設定時のみFPS制限を有効化###Limiter active only when shutdown timer is set",""
"AutoRetainer","","","","統計",""
"AutoRetainer","","","","絵画##95",""
"AutoRetainer","","","","絶霊布##10120",""
"AutoRetainer","","","","続行するにはJustBackupプラグインをインストールしてください。",""
"AutoRetainer","","","","耐熱石膏##10114",""
"AutoRetainer","","","","耳飾り##41",""
"AutoRetainer","","","","胴防具##35",""
"AutoRetainer","","","","脚防具##36",""
"AutoRetainer","","","","腕輪##42",""
"AutoRetainer","","","","薬品##44",""
"AutoRetainer","","","","裁縫道具(主道具)##22",""
"AutoRetainer","","","","裁縫道具(副道具)##23",""
"AutoRetainer","","","","装備一式##112",""
"AutoRetainer","","","","触媒##60",""
"AutoRetainer","","","","設定",""
"AutoRetainer","","","","設定の一括変更",""
"AutoRetainer","","","","設定：",""
"AutoRetainer","","","","試験機能 - ナイトモード",""
"AutoRetainer","","","","試験機能 - 通知",""
"AutoRetainer","","","","詳細ログ###Extra Logging",""
"AutoRetainer","","","","詳細設定 - キャラクター同期",""
"AutoRetainer","","","","詳細設定 - ログ",""
"AutoRetainer","","","","調度品##57",""
"AutoRetainer","","","","調度品(卓上)##78",""
"AutoRetainer","","","","調度品(台座)##77",""
"AutoRetainer","","","","調度品(壁掛)##79",""
"AutoRetainer","","","","調度品(敷物)##80",""
"AutoRetainer","","","","調理品##46",""
"AutoRetainer","","","","調理道具(主道具)##26",""
"AutoRetainer","","","","調理道具(副道具)##27",""
"AutoRetainer","","","","謎めいた結晶##16933",""
"AutoRetainer","","","","賢具##109",""
"AutoRetainer","","","","足防具##38",""
"AutoRetainer","","","","軍用エンジニアマニュアル##4632",""
"AutoRetainer","","","","軍用エンジニアマニュアル:第二集##4634",""
"AutoRetainer","","","","軍用サバイバルマニュアル##4633",""
"AutoRetainer","","","","軍用サバイバルマニュアル:第二集##4635",""
"AutoRetainer","","","","軍用募兵マニュアル##14945",""
"AutoRetainer","","","","軍用品",""
"AutoRetainer","","","","転送網利用券:不滅隊##21071",""
"AutoRetainer","","","","転送網利用券:双蛇党##21070",""
"AutoRetainer","","","","転送網利用券:黒渦団##21069",""
"AutoRetainer","","","","通知設定",""
"AutoRetainer","","","","通貨##100",""
"AutoRetainer","","","","連携",""
"AutoRetainer","","","","進行中のリテイナー依頼だけ再依頼します。",""
"AutoRetainer","","","","遅延設定",""
"AutoRetainer","","","","選択したもののみ###Only Selected",""
"AutoRetainer","","","","部品##56",""
"AutoRetainer","","","","金剛砂##7601",""
"AutoRetainer","","","","金属材##49",""
"AutoRetainer","","","","釣り餌##33",""
"AutoRetainer","","","","鉛丹##5274",""
"AutoRetainer","","","","銃##88",""
"AutoRetainer","","","","錬精薬##7059",""
"AutoRetainer","","","","錬金術材##54",""
"AutoRetainer","","","","錬金道具(主道具)##24",""
"AutoRetainer","","","","錬金道具(副道具)##25",""
"AutoRetainer","","","","鍛冶道具(主道具)##14",""
"AutoRetainer","","","","鍛冶道具(副道具)##15",""
"AutoRetainer","","","","防腐剤##7060",""
"AutoRetainer","","","","雑貨##61",""
"AutoRetainer","","","","雑貨(シーズナル)##85",""
"AutoRetainer","","","","青燐水バレル",""
"AutoRetainer","","","","青魔器##105",""
"AutoRetainer","","","","非常に低いFPS制限値を許可###Allow extra low FPS limiter values",""
"AutoRetainer","","","","革細工道具(主道具)##20",""
"AutoRetainer","","","","革細工道具(副道具)##21",""
"AutoRetainer","","","","預けるアイテム：",""
"AutoRetainer","","","","預け入れアイテムをチャットへ出力###Output entrusted items into chat",""
"AutoRetainer","","","","頭防具##34",""
"AutoRetainer","","","","飛空艇部品(船体)##90",""
"AutoRetainer","","","","飛空艇部品(船尾)##92",""
"AutoRetainer","","","","飛空艇部品(船首)##93",""
"AutoRetainer","","","","飛空艇部品(艤装)##91",""
"AutoRetainer","","","","食材##45",""
"AutoRetainer","","","","首飾り##40",""
"AutoRetainer","","","","骨材##53",""
"AutoRetainer","","","","高級クッキングワイン##6151",""
"AutoRetainer","","","","魔道書##10",""
"AutoRetainer","","","","魔道書(学者専用)##98",""
"AutoRetainer","","","","黒渦のチョコチョコボ##6170",""
"AutoRetainer","","","","黒辰砂##10118",""
"AutoRetainer","","","","10 探索依頼：平地 G3",""
"AutoRetainer","","","","20 探索依頼：平地 G5",""
"AutoRetainer","","","","45 探索依頼：森林 G10",""
"AutoRetainer","","","","##-ECommonsButton",""
"AutoRetainer","","","","##CharaOrderMove18014398557694168",""
"AutoRetainer","","","","##CharaOrderMove18014398557697984",""
"AutoRetainer","","","","##CharaOrderMove18014398557709999",""
"AutoRetainer","","","","##CharaOrderMove18014398557798456",""
"AutoRetainer","","","","##CharaOrderMove18014398558041635",""
"AutoRetainer","","","","##CharaOrderMove18014398558041659",""
"AutoRetainer","","","","##CharaOrderMove18014398558041665",""
"AutoRetainer","","","","##CharaOrderMove18014398558041802",""
"AutoRetainer","","","","##CharaOrderMove18014398558044092",""
"AutoRetainer","","","","##CharaOrderMove18014398558044704",""
"AutoRetainer","","","","##CharaOrderMove18014398558044721",""
"AutoRetainer","","","","##CharaOrderMove18014398558044726",""
"AutoRetainer","","","","##CharaOrderMove18014398558044735",""
"AutoRetainer","","","","##dseldorderMoveCeruleum",""
"AutoRetainer","","","","##dseldorderMoveDataCenter",""
"AutoRetainer","","","","##dseldorderMoveRegion_JP",""
"AutoRetainer","","","","##dseldorderMoveRegion_NA",""
"AutoRetainer","","","","##dseldorderMoveRegion_OC",""
"AutoRetainer","","","","##GCELDDMove2f023e16-f399-4c9e-be39-f7b5c08bdfbb",""
"AutoRetainer","","","","##GCELDDMove46f73706-d5ff-4239-85fd-7a3c6a730bdf",""
"AutoRetainer","","","","##GCELDDMove7064db1a-7912-48ae-ae1d-2cf638c6f0ec",""
"AutoRetainer","","","","##GCELDDMove70dadfa6-10b6-47f1-904c-752cc13aa906",""
"AutoRetainer","","","","##GCELDDMove7c03efb1-4a90-4d7c-bd42-4828d4ec300e",""
"AutoRetainer","","","","##GCELDDMoved03c617d-fa6c-4b6b-9a14-87faf92882ba",""
"AutoRetainer","","","","##GCELDDMoved064313f-c966-4904-b1fd-4cc7971d0e91",""
"AutoRetainer","","","","##GCELDDMovee1f5b64b-0722-47fb-9ea0-c31f76210988",""
"AutoRetainer","","","","##-ECommonsButton",""
"AutoRetainer","","","","##-ECommonsButton",""
"AutoRetainer","","","","##-18014398557709999 Craw",""
"AutoRetainer","","","","##-18014398557709999 Ethina",""
"AutoRetainer","","","","##-18014398557709999 Kolia",""
"AutoRetainer","","","","##-18014398557709999 Materi",""
"AutoRetainer","","","","##-18014398557709999 Santhis",""
"AutoRetainer","","","","##-18014398557709999 Sonia-miel",""
"AutoRetainer","","","","##-18014398557709999 Stea",""
"AutoRetainer","","","","##-18014398557709999 Craw planner",""
"AutoRetainer","","","","##-18014398557709999 Ethina planner",""
"AutoRetainer","","","","##-18014398557709999 Kolia planner",""
"AutoRetainer","","","","##-18014398557709999 Materi planner",""
"AutoRetainer","","","","##-18014398557709999 Santhis planner",""
"AutoRetainer","","","","##-18014398557709999 Sonia-miel planner",""
"AutoRetainer","","","","##-18014398557709999 Stea planner",""
"AutoRetainer","","","","##-##LogFilter",""
"AutoRetainer","","","","##-ECommonsButton",""
"AutoRetainer","","","","##-ECommonsButton",""
"AutoRetainer","","","","##-ECommonsButton",""
"AutoRetainer","","","","##-ECommonsButton",""
"AutoRetainer","","","","##-ECommonsButton",""
"AutoRetainer","","","","##-ECommonsButton",""
"AutoRetainer","","","","##-ECommonsButton",""
"AutoRetainer","","","","##-ECommonsButton",""
"AutoRetainer","","","","（未インストール）",""
