Plugin,Menu,Section,Type,English,Japanese
Beastmaster,Captured,,,驯兽师助手,魔獣使いヘルパー
Beastmaster,Captured,,,驯兽师任务链,魔獣使いクエスト
Beastmaster,Captured,,,魔兽图鉴,魔獣図鑑
Beastmaster,Captured,,,斗兽奇弈,闘獣盤
Beastmaster,Captured,,,推荐装备,おすすめ装備
Beastmaster,Captured,,,推荐组合,おすすめ編成
Beastmaster,Captured,,,技能序列,スキルシーケンス
Beastmaster,Captured,,,规则模式,ルールモード
Beastmaster,Captured,,,快捷指令,コマンド
Beastmaster,Captured,,,自动输出,自動戦闘
Beastmaster,Captured,,,设置,設定
Beastmaster,Captured,,,前往斗兽塔,闘獣塔へ移動
Beastmaster,Captured,,,内容,コンテンツ
Beastmaster,Captured,,,工具,ツール
Beastmaster,Captured,,,反馈与建议,フィードバック
Beastmaster,Captured,,,导航,ナビゲーション
Beastmaster,Captured,,,停止导航,ナビ停止
Beastmaster,Captured,,,自动导航至黑衣森林中央林区的斗兽塔入口位置。,黒衣森：中央森林の闘獣塔入口まで自動で移動します。
Beastmaster,Captured,,,类型：当前位置,種別：現在地
Beastmaster,Captured,,,区域：黑衣森林中央林区,エリア：黒衣森：中央森林
Beastmaster,Captured,,,"世界坐标：X=24.238, Y=-6.003, Z=65.809","ワールド座標：X=24.238, Y=-6.003, Z=65.809"
Beastmaster,Captured,,,需要 vnavmesh；跨区需要 Lifestream,vnavmesh が必要です。エリア移動には Lifestream が必要です。
Beastmaster,Captured,,,驯兽ACR,獣使いACR
Beastmaster,Captured,,,关闭,OFF
Beastmaster,Captured,,,暂停,一時停止
Beastmaster,Captured,,,自动,自動
Beastmaster,Captured,,,捕获,捕獲
Beastmaster,Captured,,,主动,先制攻撃
Beastmaster,Captured,,,捕获阈值,捕獲HPしきい値
Beastmaster,Captured,,,基础技能（1→2→3）,基本コンボ（1→2→3）
Beastmaster,Captured,,,高级技能候选,上位スキル候補
Beastmaster,Captured,,,中止技能序列,スキルシーケンス中止
Beastmaster,Captured,,,下一个技能：,次のスキル：
Beastmaster,Captured,,,原因：,理由：
Beastmaster,Captured,,,当前魔兽：,現在の魔獣：
Beastmaster,Captured,,,未召唤,未召喚
Beastmaster,Captured,,,技力,技力
Beastmaster,Captured,,,兽力,獣力
Beastmaster,Captured,,,御兽之心：,御獣の心：
Beastmaster,Captured,,,兽灵之心：,獣霊の心：
Beastmaster,Captured,,,当前目标,現在のターゲット
Beastmaster,Captured,,,无有效目标,有効なターゲットなし
Beastmaster,Captured,,,属性：,属性：
Beastmaster,Captured,,,手动释放大招,必殺技を手動実行
Beastmaster,Captured,,,开关已关闭,無効
Beastmaster,Captured,,,释放：运行时调整技能,「はなつ」：実行時にスキルを自動調整
Beastmaster,Captured,,,开启,ON
Beastmaster,Captured,,,捕获血量阈值：目标血量小于或等于此百分比时释放捕获,捕獲HPしきい値：対象のHPがこの割合以下になると捕獲を使用します。
Beastmaster,Captured,,,请先在自动输出栏目开启自动输出,先に「自動戦闘」で自動戦闘を有効にしてください。
Beastmaster,Captured,,,点击恢复自动输出,クリックで自動戦闘を再開
Beastmaster,Captured,,,点击暂停自动输出,クリックで自動戦闘を一時停止
Beastmaster,Captured,,,强制捕获：无视目标捕获BUFF，但仍受血量阈值限制；点击关闭捕获,強制捕獲：捕獲BUFFを無視しますが、HPしきい値は適用されます。クリックで捕獲をOFFにします。
Beastmaster,Captured,,,尝试捕获：按血量和捕获BUFF判断；点击切换为强制捕获,通常捕獲：HPと捕獲BUFFで判定します。クリックで強制捕獲へ切り替えます。
Beastmaster,Captured,,,捕获未开启；点击开启尝试捕获,捕獲OFF：クリックで通常捕獲を有効にします。
Beastmaster,Captured,,,奇盘编队,闘獣盤編成
Beastmaster,Captured,,,当前编队,現在の編成
Beastmaster,Captured,,,应用中...,適用中...
Beastmaster,Captured,,,应用,適用
Beastmaster,Captured,,,新建,新規
Beastmaster,Captured,,,复制,複製
Beastmaster,Captured,,,删除,削除
Beastmaster,Captured,,,已新建编队预设。,編成プリセットを作成しました。
Beastmaster,Captured,,,已复制当前预设。,現在のプリセットを複製しました。
Beastmaster,Captured,,,按客户端任务状态显示进度，并前往未完成任务的接取位置。,ゲーム内のクエスト状態から進行状況を表示し、未完了クエストの受注場所へ移動できます。
Beastmaster,Captured,,,隐藏已完成任务,完了済みを非表示
Beastmaster,Captured,,,已完成,完了
Beastmaster,Captured,,,进行中,進行中
Beastmaster,Captured,,,未接取,未受注
Beastmaster,Captured,,,前置任务：,前提クエスト：
Beastmaster,Captured,,,未完成,未完了
Beastmaster,Captured,,,开始 NPC：,開始NPC：
Beastmaster,Captured,,,开始 NPC：客户端未提供有效接取坐标,開始NPC：ゲームデータから有効な受注座標を取得できません。
Beastmaster,Captured,,,导航到开始 NPC,開始NPCへ移動
Beastmaster,Captured,,,导航到任务目标,クエスト目的地へ移動
Beastmaster,Captured,,,当前任务序列的目标,現在のクエスト目標
Beastmaster,Captured,,,同步说明 (?),同期について (?)
Beastmaster,Captured,,,同步已解锁魔兽,はなつ済み魔獣を同期
Beastmaster,Captured,,,同步兽级经验,魔獣Lv/経験値を同期
Beastmaster,Captured,,,复制图鉴诊断,図鑑診断をコピー
Beastmaster,Captured,,,复制等级诊断,レベル診断をコピー
Beastmaster,Captured,,,按地图排序,エリア順
Beastmaster,Captured,,,按捕获等级排序,捕獲Lv順
Beastmaster,Captured,,,按兽级排序,魔獣Lv順
Beastmaster,Captured,,,兽级逆序,魔獣Lv降順
Beastmaster,Captured,,,隐藏已捕获魔兽,捕獲済みを非表示
Beastmaster,Captured,,,完成,完了
Beastmaster,Captured,,,编号 / 魔兽,番号 / 魔獣
Beastmaster,Captured,,,属性,属性
Beastmaster,Captured,,,技能,スキル
Beastmaster,Captured,,,捕获等级,捕獲Lv
Beastmaster,Captured,,,兽级,魔獣Lv
Beastmaster,Captured,,,经验,経験値
Beastmaster,Captured,,,区域 / 副本,エリア / コンテンツ
Beastmaster,Captured,,,坐标,座標
Beastmaster,Captured,,,副本,コンテンツ
Beastmaster,Captured,,,最近同步：,最終同期：
Beastmaster,Captured,,,先找劳妲对话打开原生魔兽图鉴，再点击同步。,先にラウダへ話しかけてゲーム標準の魔獣図鑑を開き、その後に同期してください。
Beastmaster,Captured,,,装备方案,装備セット
Beastmaster,Captured,,,开荒装,初期装備
Beastmaster,Captured,,,部位,部位
Beastmaster,Captured,,,装备,装備
Beastmaster,Captured,,,分类,分類
Beastmaster,Captured,,,持有,所持
Beastmaster,Captured,,,无装备,装備なし
Beastmaster,Captured,,,点击访问 Wiki 装备详情,クリックでWikiの装備詳細を開きます。
Beastmaster,Captured,,,已装备,装備中
Beastmaster,Captured,,,背包 有,所持品 あり
Beastmaster,Captured,,,背包 无,所持品 なし
Beastmaster,Captured,,,兵装库 有,アーマリーチェスト あり
Beastmaster,Captured,,,兵装库 无,アーマリーチェスト なし
Beastmaster,Captured,,,开荒装：优先考虑获取难度和快速成型。,初期装備：入手しやすさと早期完成を優先します。
Beastmaster,Captured,,,BIS：优先考虑 50 级最终战斗属性。 ,BIS：Lv50時点の最終戦闘性能を優先します。
Beastmaster,Captured,,,斗兽成就,闘獣実績
Beastmaster,Captured,,,斗兽攻略,闘獣攻略
Beastmaster,Captured,,,挑战笔记,攻略手帳
Beastmaster,Captured,,,按角色保存，打开页签自动同步完成情况。,キャラクターごとに保存し、このタブを開くと達成状況を自動同期します。
Beastmaster,Captured,,,复制同步诊断,同期診断をコピー
Beastmaster,Captured,,,隐藏已完成,完了済みを非表示
Beastmaster,Captured,,,传说级驯兽师分数线,伝説級獣使いの必要ポイント
Beastmaster,Captured,,,称号：,称号：
Beastmaster,Captured,,,打开时同步「斗兽奇弈」相关挑战的完成情况。,開いた時に「闘獣盤」関連の攻略手帳達成状況を同期します。
Beastmaster,Captured,,,未找到「斗兽奇弈」相关的挑战笔记条目。,「闘獣盤」に関連する攻略手帳項目が見つかりません。
Beastmaster,Captured,,,挑战笔记数据尚未加载，请先在游戏内打开一次挑战笔记。,攻略手帳のデータが未読込です。ゲーム内で一度攻略手帳を開いてください。
Beastmaster,Captured,,,第一盘,第1戦
Beastmaster,Captured,,,第二盘,第2戦
Beastmaster,Captured,,,第三盘,第3戦
Beastmaster,Captured,,,高段第一盘,上級 第1戦
Beastmaster,Captured,,,高段第二盘,上級 第2戦
Beastmaster,Captured,,,该层攻略资料待补充。,この階層の攻略情報は未登録です。
Beastmaster,Captured,,,黄色为 BOSS，灰色为小怪，红色为重点技能。,黄色はBOSS、灰色は雑魚、赤色は要注意スキルです。
Beastmaster,Captured,,,作者：,作者：
Beastmaster,Captured,,,小怪：,雑魚：
Beastmaster,Captured,,,重点：,要点：
Beastmaster,Captured,,,机制：,ギミック：
Beastmaster,Captured,,,偷偷说：,メモ：
Beastmaster,Captured,,,编辑倒计时和战斗步骤；序列不会自动执行，除非在自动输出中启用。,カウントダウンと戦闘手順を編集します。「自動戦闘」で有効にしない限り自動実行されません。
Beastmaster,Captured,,,当前序列,現在のシーケンス
Beastmaster,Captured,,,序列诊断,シーケンス診断
Beastmaster,Captured,,,名称,名前
Beastmaster,Captured,,,说明,説明
Beastmaster,Captured,,,未命名序列,名称未設定
Beastmaster,Captured,,,新建序列,新規シーケンス
Beastmaster,Captured,,,复制序列,シーケンス複製
Beastmaster,Captured,,,删除序列,シーケンス削除
Beastmaster,Captured,,,恢复虫队模版,虫編成テンプレートへ戻す
Beastmaster,Captured,,,倒计时,カウントダウン
Beastmaster,Captured,,,进入战斗,戦闘開始
Beastmaster,Captured,,,复制导出文本,エクスポート文字列をコピー
Beastmaster,Captured,,,从剪贴板导入,クリップボードからインポート
Beastmaster,Captured,,,未知技能,不明なスキル
Beastmaster,Captured,,,时间,時間
Beastmaster,Captured,,,上移,上へ
Beastmaster,Captured,,,下移,下へ
Beastmaster,Captured,,,添加倒计时步骤,カウントダウン手順を追加
Beastmaster,Captured,,,添加进入战斗步骤,戦闘手順を追加
Beastmaster,Captured,,,规则仅在战斗中运行；优先级低于技能序列、高于普通 ACR，并按显示顺序检查第一条命中项。,ルールは戦闘中のみ動作します。優先度はスキルシーケンスより低く、通常ACRより高く、上から順に最初に成立したルールを実行します。
Beastmaster,Captured,,,启用规则模式,ルールモードを有効化
Beastmaster,Captured,,,规则诊断,ルール診断
Beastmaster,Captured,,,规则集,ルールセット
Beastmaster,Captured,,,新建规则集,新規ルールセット
Beastmaster,Captured,,,复制规则集,ルールセット複製
Beastmaster,Captured,,,删除规则集,ルールセット削除
Beastmaster,Captured,,,启用当前规则集,現在のルールセットを有効化
Beastmaster,Captured,,,未命名规则集,名称未設定ルールセット
Beastmaster,Captured,,,区域限制,エリア制限
Beastmaster,Captured,,,所有区域,すべてのエリア
Beastmaster,Captured,,,仅指定区域,指定エリアのみ
Beastmaster,Captured,,,排除指定区域,指定エリアを除外
Beastmaster,Captured,,,新增区域 ID,エリアID追加
Beastmaster,Captured,,,添加区域,エリア追加
Beastmaster,Captured,,,规则诊断级别,ルール診断レベル
Beastmaster,Captured,,,仅失败,失敗のみ
Beastmaster,Captured,,,完整,すべて
Beastmaster,Captured,,,当前规则集已复制到剪贴板。,現在のルールセットをクリップボードへコピーしました。
Beastmaster,Captured,,,上移规则集,ルールセットを上へ
Beastmaster,Captured,,,下移规则集,ルールセットを下へ
Beastmaster,Captured,,,规则名称,ルール名
Beastmaster,Captured,,,条件关系,条件の組み合わせ
Beastmaster,Captured,,,全部满足（AND）,すべて満たす（AND）
Beastmaster,Captured,,,任意满足（OR）,いずれかを満たす（OR）
Beastmaster,Captured,,,条件,条件
Beastmaster,Captured,,,删除条件,条件削除
Beastmaster,Captured,,,新增条件,条件追加
Beastmaster,Captured,,,执行方式,実行方法
Beastmaster,Captured,,,奇弈道具,闘獣アイテム
Beastmaster,Captured,,,选择技能,スキル選択
Beastmaster,Captured,,,检测类型,判定種別
Beastmaster,Captured,,,自身 BUFF,自身BUFF
Beastmaster,Captured,,,目标 BUFF,対象BUFF
Beastmaster,Captured,,,DataID BUFF,DataID BUFF
Beastmaster,Captured,,,DataID 读条,DataID 詠唱
Beastmaster,Captured,,,目标读条,対象詠唱
Beastmaster,Captured,,,目标 DATAID,対象DataID
Beastmaster,Captured,,,自身血量,自身HP
Beastmaster,Captured,,,目标血量,対象HP
Beastmaster,Captured,,,目标为 BOSS（IsBoss）,対象がBOSS（IsBoss）
Beastmaster,Captured,,,BUFF 条件,BUFF条件
Beastmaster,Captured,,,存在,あり
Beastmaster,Captured,,,缺失,なし
Beastmaster,Captured,,,血量条件,HP条件
Beastmaster,Captured,,,大于,より大きい
Beastmaster,Captured,,,小于,より小さい
Beastmaster,Captured,,,血量阈值,HPしきい値
Beastmaster,Captured,,,读条 ID,詠唱ID
Beastmaster,Captured,,,最近诊断,直近の診断
Beastmaster,Captured,,,尚无运行记录,実行履歴なし
Beastmaster,Captured,,,打开驯兽师助手；子命令：输出、暂停、恢复、关闭、倒计时 [秒数]、取消倒计时。,魔獣使いヘルパーを開きます。サブコマンド：出力、一時停止、再開、OFF、カウントダウン [秒数]、カウントダウン取消。
Beastmaster,Captured,,,[驯兽师助手] 自动输出已暂停。,[魔獣使いヘルパー] 自動戦闘を一時停止しました。
Beastmaster,Captured,,,[驯兽师助手] 自动输出已恢复。,[魔獣使いヘルパー] 自動戦闘を再開しました。
Beastmaster,Captured,,,[驯兽师助手] 自动输出尚未开启，请先使用 /驯兽师 输出。,[魔獣使いヘルパー] 自動戦闘が有効になっていません。先に /驯兽师 输出 を使用してください。
Beastmaster,Captured,,,Beastmaster Progress Hub,魔獣使い進行管理
Beastmaster,Captured,,Text,  称号：Ash Kin,  称号：Ash Kin
Beastmaster,Captured,,Text,  称号：Beast Kin,  称号：Beast Kin
Beastmaster,Captured,,Text,  称号：Cloud Kin,  称号：Cloud Kin
Beastmaster,Captured,,Text,  称号：Dangerous Gamer,  称号：Dangerous Gamer
Beastmaster,Captured,,Text,  称号：King of the Crucible,  称号：King of the Crucible
Beastmaster,Captured,,Text,  称号：Knight of the Crucible,  称号：Knight of the Crucible
Beastmaster,Captured,,Text,  称号：Master of the Menagerie,  称号：Master of the Menagerie
Beastmaster,Captured,,Text,  称号：Scale Kin,  称号：Scale Kin
Beastmaster,Captured,,Text,  称号：Seed Kin,  称号：Seed Kin
Beastmaster,Captured,,Text,  称号：Soul Kin,  称号：Soul Kin
Beastmaster,Captured,,Text,  称号：the Unbroken,  称号：the Unbroken
Beastmaster,Captured,,Text,  称号：Vile Kin,  称号：Vile Kin
Beastmaster,Captured,,Text,  称号：Wave Kin,  称号：Wave Kin
Beastmaster,Captured,,Text/RenderTextWrapped, by Anmi, by Anmi
Beastmaster,Captured,,BeginComboPreview,-- 空位 --,-- 空き --
Beastmaster,Captured,,Selectable,01 [停用] 持续吸引  |  自身缺少 BUFF 2413 -> 吸引注意##rule-0,01 [無効] ヘイト維持  |  自身にBUFF 2413なし -> 注意を引く##rule-0
Beastmaster,Captured,,Selectable,01 [启用] 默认规则集##rule-set-0,01 [有効] デフォルトルールセット##rule-set-0
Beastmaster,Captured,,Selectable,02 [停用] 持续挑衅  |  自身缺少 BUFF 5586 -> 挑衅##rule-1,02 [無効] 挑発維持  |  自身にBUFF 5586なし -> 挑発##rule-1
Beastmaster,Captured,,Selectable,03 [启用] 最终爆发-1层  |  目标DataID 19344 -> 道具 各种牙##rule-2,03 [有効] 最終バースト-1層  |  対象DataID 19344 -> アイテム 各種の牙##rule-2
Beastmaster,Captured,,Text/RenderTextWrapped,1 笛召唤蝾螈，施加魔法易伤,壱の呼び笛でサラマンダー種を召喚し、魔法被ダメージ上昇を付与
Beastmaster,Captured,,Text/RenderTextWrapped,1 笛召唤螳螂，施加物理易伤,壱の呼び笛でマンティス種を召喚し、物理被ダメージ上昇を付与
Beastmaster,Captured,,Text/RenderTextWrapped,1. 库西,1. クーシー種
Beastmaster,Captured,,BeginComboPreview,10 个,10体
Beastmaster,Captured,,Text/RenderTextWrapped,10. 胡蜂,10. ヴェスパ種
Beastmaster,Captured,,BeginComboPreview,10栏位编队,10枠編成
Beastmaster,Captured,,Text/RenderTextWrapped,11. 兀鹫,11. ヴァルチャー種
Beastmaster,Captured,,Text/RenderTextWrapped,12. 蔓德拉,12. マンドラゴラ種
Beastmaster,Captured,,Text/RenderTextWrapped,13. 死魂,13. ゲシュンペスト種
Beastmaster,Captured,,Text/RenderTextWrapped,14. 跳蜥,14. プーク種
Beastmaster,Captured,,Text/RenderTextWrapped,15. 壳蟹,15. クラブ種
Beastmaster,Captured,,Text/RenderTextWrapped,16. 螳螂,16. マンティス種
Beastmaster,Captured,,Text/RenderTextWrapped,17. 粘液怪,17. スライム種
Beastmaster,Captured,,Text/RenderTextWrapped,18. 无头骑士,18. デュラハン種
Beastmaster,Captured,,Text/RenderTextWrapped,19. 蝙蝠,19. バット種
Beastmaster,Captured,,Text/RenderTextWrapped,2 笛召唤巨型陆蟹，施加水属性易伤,弐の呼び笛でメガロクラブ種を召喚し、水属性耐性低下を付与
Beastmaster,Captured,,Text/RenderTextWrapped,2 笛召唤胡蜂，使用,弐の呼び笛でヴェスパ種を召喚して使用
Beastmaster,Captured,,Text/RenderTextWrapped,2 笛召唤蜂鸟，使用,弐の呼び笛でハミングバード種を召喚して使用
Beastmaster,Captured,,Text/RenderTextWrapped,2 笛宝宝血量小于等于该阈值时使用最后一击，范围 1%~100%。,弐の呼び笛の魔獣HPがこの値以下になったら「さいごのいちげき」を使用します。設定範囲：1～100%。
Beastmaster,Captured,,Text/RenderTextWrapped,2. 松鼠,2. スクウィレル種
Beastmaster,Captured,,Text/RenderTextWrapped,20. 陷阱草,20. フライングトラップ種
Beastmaster,Captured,,Text/RenderTextWrapped,21. 席兹,21. ジズ種
Beastmaster,Captured,,Text/RenderTextWrapped,22. 仙人刺,22. サボテンダー種
Beastmaster,Captured,,Text/RenderTextWrapped,23. 巨像,23. ゴーレム種
Beastmaster,Captured,,Text/RenderTextWrapped,24. 碧企鹅,24. アプカル種
Beastmaster,Captured,,Text/RenderTextWrapped,25. 精金龟,25. アダマンタス種
Beastmaster,Captured,,Text/RenderTextWrapped,26. 大水牛,26. バッファロー種
Beastmaster,Captured,,Text/RenderTextWrapped,27. 乌菊石,27. ウラグナイト種
Beastmaster,Captured,,Text/RenderTextWrapped,28. 巨虫,28. ジャイアントウォーム種
Beastmaster,Captured,,Text/RenderTextWrapped,29. 魔石精,29. スプリガン種
Beastmaster,Captured,,Text/RenderTextWrapped,3 笛召唤壳蟹,参の呼び笛でシェルクラブ種を召喚
Beastmaster,Captured,,Text/RenderTextWrapped,3 笛召唤库西，使用,参の呼び笛でクーシー種を召喚して使用
Beastmaster,Captured,,Text/RenderTextWrapped,3 笛召唤碧企鹅,参の呼び笛でアプカル種を召喚
Beastmaster,Captured,,Text/RenderTextWrapped,3 笛召唤胡蜂，等到 BOSS 血量低于 25% 时使用,参の呼び笛でヴェスパ種を召喚し、BOSSのHPが25%未満になったら使用
Beastmaster,Captured,,Text/RenderTextWrapped,3. 迷途羊羔,3. シープ種
Beastmaster,Captured,,Text/RenderTextWrapped,30. 古菩猩猩,30. グゥーブー種
Beastmaster,Captured,,Text/RenderTextWrapped,31. 巨蟾蜍,31. ギガントード種
Beastmaster,Captured,,Text/RenderTextWrapped,32. 蜂鸟,32. コリブリ種
Beastmaster,Captured,,Text/RenderTextWrapped,33. 长须豹,33. クァール種
Beastmaster,Captured,,Text/RenderTextWrapped,34. 盗龙,34. ラプトル種
Beastmaster,Captured,,Text/RenderTextWrapped,35. 烈阳火蛟,35. ドレイク種
Beastmaster,Captured,,Text/RenderTextWrapped,36. 树精,36. トレント種
Beastmaster,Captured,,Text/RenderTextWrapped,37. 灵蚁,37. アントリング種
Beastmaster,Captured,,Text/RenderTextWrapped,38. 奇美拉,38. キマイラ種
Beastmaster,Captured,,Text/RenderTextWrapped,39. 魔界花,39. モルボル種
Beastmaster,Captured,,Text/RenderTextWrapped,4. 陆鱼,4. プギル種
Beastmaster,Captured,,Text/RenderTextWrapped,40. 妖魂,40. ゴースト種
Beastmaster,Captured,,Text/RenderTextWrapped,41. 蝾螈,41. サラマンダー種
Beastmaster,Captured,,Text/RenderTextWrapped,42. 眼镜蛇,42. コブラ種
Beastmaster,Captured,,Text/RenderTextWrapped,43. 海德拉,43. ハイドラ種
Beastmaster,Captured,,Text/RenderTextWrapped,44. 灯心蜻蛉,44. ダムゼルフライ種
Beastmaster,Captured,,Text/RenderTextWrapped,45. 腐坏古菩猩猩,45. ロッティンググゥーブー種
Beastmaster,Captured,,Text/RenderTextWrapped,46. 祖,46. ズー種
Beastmaster,Captured,,Text/RenderTextWrapped,47. 寒冰巨像,47. アイスゴーレム種
Beastmaster,Captured,,Text/RenderTextWrapped,48. 真红龙虾,48. カーラボス種
Beastmaster,Captured,,Text/RenderTextWrapped,49. 大王花,49. ラフレシア種
Beastmaster,Captured,,Text/RenderTextWrapped,5. 奥猴,5. オポオポ種
Beastmaster,Captured,,Text/RenderTextWrapped,50. 贝希摩斯,50. ベヒーモス種
Beastmaster,Captured,,Text/RenderTextWrapped,6. 渡渡鸟,6. ドードー種
Beastmaster,Captured,,Text/RenderTextWrapped,7. 矿爬虫,7. コブラン種
Beastmaster,Captured,,Text/RenderTextWrapped,8. 凶蛛蝎,8. ダイアマイト種
Beastmaster,Captured,,Text/RenderTextWrapped,9. 巨型陆蟹,9. メガロクラブ種
Beastmaster,Captured,,Text/RenderTextWrapped,ActionId 扫描: 空闲,ActionId スキャン：待機中
Beastmaster,Captured,,Text,ActionId：44890 · 等级：18 · 射程：0 · 范围：0,ActionId：44890 · Lv：18 · 射程：0 · 範囲：0
Beastmaster,Captured,,Text/RenderTextWrapped,ActionId：44935 · 等级：0 · 射程：5 · 范围：6,ActionId：44935 · Lv：0 · 射程：5 · 範囲：6
Beastmaster,Captured,,Text/RenderTextWrapped,ActionId：44936 · 等级：0 · 射程：5 · 范围：0,ActionId：44936 · Lv：0 · 射程：5 · 範囲：0
Beastmaster,Captured,,Text/RenderTextWrapped,ActionId：44937 · 等级：0 · 射程：2 · 范围：8,ActionId：44937 · Lv：0 · 射程：2 · 範囲：8
Beastmaster,Captured,,Text/RenderTextWrapped,ActionId：44938 · 等级：0 · 射程：0 · 范围：20,ActionId：44938 · Lv：0 · 射程：0 · 範囲：20
Beastmaster,Captured,,Text/RenderTextWrapped,ActionId：44945 · 等级：0 · 射程：4 · 范围：5,ActionId：44945 · Lv：0 · 射程：4 · 範囲：5
Beastmaster,Captured,,Text/RenderTextWrapped,ActionId：44946 · 等级：0 · 射程：0 · 范围：20,ActionId：44946 · Lv：0 · 射程：0 · 範囲：20
Beastmaster,Captured,,Text/RenderTextWrapped,ActionId：44947 · 等级：0 · 射程：25 · 范围：0,ActionId：44947 · Lv：0 · 射程：25 · 範囲：0
Beastmaster,Captured,,Text/RenderTextWrapped,ActionId：44948 · 等级：0 · 射程：0 · 范围：20,ActionId：44948 · Lv：0 · 射程：0 · 範囲：20
Beastmaster,Captured,,Text,ActionId：44959 · 等级：0 · 射程：25 · 范围：8,ActionId：44959 · Lv：0 · 射程：25 · 範囲：8
Beastmaster,Captured,,Text,ActionId：44960 · 等级：0 · 射程：0 · 范围：20,ActionId：44960 · Lv：0 · 射程：0 · 範囲：20
Beastmaster,Captured,,Text/RenderTextWrapped,ActionId：44979 · 等级：0 · 射程：11 · 范围：12,ActionId：44979 · Lv：0 · 射程：11 · 範囲：12
Beastmaster,Captured,,Text/RenderTextWrapped,ActionId：44980 · 等级：0 · 射程：7 · 范围：8,ActionId：44980 · Lv：0 · 射程：7 · 範囲：8
Beastmaster,Captured,,Text/RenderTextWrapped,ActionId：44987 · 等级：0 · 射程：7 · 范围：8,ActionId：44987 · Lv：0 · 射程：7 · 範囲：8
Beastmaster,Captured,,Text/RenderTextWrapped,ActionId：44988 · 等级：0 · 射程：5 · 范围：6,ActionId：44988 · Lv：0 · 射程：5 · 範囲：6
Beastmaster,Captured,,BeginComboLabel/RenderText,BUFF 条件##condition-0,BUFF条件##condition-0
Beastmaster,Captured,,RenderTextWrapped,BUFFID,BUFF ID
Beastmaster,Captured,,Text/RenderTextWrapped,Map.RowId: 4,Map.RowId: 4
Beastmaster,Captured,,Text/RenderTextWrapped,TerritoryType: 148,TerritoryType: 148
Beastmaster,Captured,,Text/RenderTextWrapped,"TerritoryType：1339, 1340, 1341, 1342, 1343","TerritoryType：1339, 1340, 1341, 1342, 1343"
Beastmaster,Captured,,Button,WIKI,WIKI
Beastmaster,Captured,,Button,WIKI##quest-wiki,WIKI##quest-wiki
Beastmaster,Captured,,Text/RenderTextWrapped,"X:13.5, Y:22.3","X:13.5, Y:22.3"
Beastmaster,Captured,,Text/RenderTextWrapped,"X:15.2, Y:37.5","X:15.2, Y:37.5"
Beastmaster,Captured,,Text/RenderTextWrapped,"X:15.3, Y:14.3","X:15.3, Y:14.3"
Beastmaster,Captured,,Text/RenderTextWrapped,"X:15.3, Y:14.7","X:15.3, Y:14.7"
Beastmaster,Captured,,Text/RenderTextWrapped,"X:16, Y:12.5","X:16, Y:12.5"
Beastmaster,Captured,,Text/RenderTextWrapped,"X:16.5, Y:16.5","X:16.5, Y:16.5"
Beastmaster,Captured,,Text/RenderTextWrapped,"X:16.8, Y:14.5","X:16.8, Y:14.5"
Beastmaster,Captured,,Text/RenderTextWrapped,"X:17.4, Y:23.7","X:17.4, Y:23.7"
Beastmaster,Captured,,Text/RenderTextWrapped,"X:18.5, Y:17.5","X:18.5, Y:17.5"
Beastmaster,Captured,,Text/RenderTextWrapped,"X:18.5, Y:28.3","X:18.5, Y:28.3"
Beastmaster,Captured,,Text/RenderTextWrapped,"X:19, Y:19","X:19, Y:19"
Beastmaster,Captured,,Text/RenderTextWrapped,"X:20.3, Y:19.6","X:20.3, Y:19.6"
Beastmaster,Captured,,Text/RenderTextWrapped,"X:20.3, Y:28.6","X:20.3, Y:28.6"
Beastmaster,Captured,,Text/RenderTextWrapped,"X:20.5, Y:18.5","X:20.5, Y:18.5"
Beastmaster,Captured,,Text/RenderTextWrapped,"X:21, Y:23","X:21, Y:23"
Beastmaster,Captured,,Text/RenderTextWrapped,"X:21, Y:26","X:21, Y:26"
Beastmaster,Captured,,Text/RenderTextWrapped,"X:21.4, Y:16.3","X:21.4, Y:16.3"
Beastmaster,Captured,,Text/RenderTextWrapped,"X:22, Y:22","X:22, Y:22"
Beastmaster,Captured,,Text/RenderTextWrapped,"X:22, Y:30","X:22, Y:30"
Beastmaster,Captured,,Text/RenderTextWrapped,"X:23, Y:26","X:23, Y:26"
Beastmaster,Captured,,Text/RenderTextWrapped,"X:23.1, Y:17","X:23.1, Y:17"
Beastmaster,Captured,,Text/RenderTextWrapped,"X:23.8, Y:25.6","X:23.8, Y:25.6"
Beastmaster,Captured,,Text/RenderTextWrapped,"X:24, Y:12.3","X:24, Y:12.3"
Beastmaster,Captured,,Text/RenderTextWrapped,"X:24.1, Y:23.6","X:24.1, Y:23.6"
Beastmaster,Captured,,Text/RenderTextWrapped,"X:24.6, Y:23","X:24.6, Y:23"
Beastmaster,Captured,,Text/RenderTextWrapped,"X:25, Y:39","X:25, Y:39"
Beastmaster,Captured,,Text/RenderTextWrapped,"X:25.2, Y:24.5","X:25.2, Y:24.5"
Beastmaster,Captured,,Text/RenderTextWrapped,"X:26.3, Y:12.9","X:26.3, Y:12.9"
Beastmaster,Captured,,Text/RenderTextWrapped,"X:26.5, Y:15.9","X:26.5, Y:15.9"
Beastmaster,Captured,,Text/RenderTextWrapped,"X:26.5, Y:18.9","X:26.5, Y:18.9"
Beastmaster,Captured,,Text/RenderTextWrapped,"X:27, Y:25","X:27, Y:25"
Beastmaster,Captured,,Text/RenderTextWrapped,"X:28.5, Y:24.3","X:28.5, Y:24.3"
Beastmaster,Captured,,Text/RenderTextWrapped,"X:28.7, Y:19.3","X:28.7, Y:19.3"
Beastmaster,Captured,,Text/RenderTextWrapped,"X:28.8, Y:36.7","X:28.8, Y:36.7"
Beastmaster,Captured,,Text/RenderTextWrapped,"X:30.6, Y:24","X:30.6, Y:24"
Beastmaster,Captured,,Text/RenderTextWrapped,"X:30.9, Y:18.2","X:30.9, Y:18.2"
Beastmaster,Captured,,Text/RenderTextWrapped,"X:31.2, Y:20.3","X:31.2, Y:20.3"
Beastmaster,Captured,,Text/RenderTextWrapped,[已完成],[完了]
Beastmaster,Captured,,Text/RenderTextWrapped,[最后一击],[さいごのいちげき]
Beastmaster,Captured,,Text/RenderTextWrapped,[未完成],[未完了]
Beastmaster,Captured,,Text/RenderTextWrapped,[释放],[はなつ]
Beastmaster,Captured,,Text/RenderTextWrapped,「六连踹」（单体），再使用,「シックスキック」（単体）を使ってから、続けて使用
Beastmaster,Captured,,BeginComboPreview,一号兽笛,壱の呼び笛
Beastmaster,Captured,,Checkbox/RenderText,万象流转（物理）,万象流転（物理）
Beastmaster,Captured,,Checkbox/RenderText,万象流转（魔法）,万象流転（魔法）
Beastmaster,Captured,,BeginComboPreview,三号兽笛,参の呼び笛
Beastmaster,Captured,,Text,不足为奇,不足为奇
Beastmaster,Captured,,Text/RenderTextWrapped,与魔兽心意相通  [已完成],与魔獣心意相通  [完了]
Beastmaster,Captured,,Text/RenderTextWrapped,东拉诺西亚,東ラノシア
Beastmaster,Captured,,Text/RenderTextWrapped,中拉诺西亚,中央ラノシア
Beastmaster,Captured,,Text/RenderTextWrapped,中萨纳兰,中央ザナラーン
Beastmaster,Captured,,Checkbox/RenderText,主动攻击,先制攻撃
Beastmaster,Captured,,Text/RenderTextWrapped,主手,主武器
Beastmaster,Captured,,BeginComboPreview,二号兽笛,弐の呼び笛
Beastmaster,Captured,,Text/RenderTextWrapped,仅在斗兽奇弈战斗中生效；自身血量低于阈值时按恢复药套装 → 4/3/2/1级恢复药 → 3/2/1级药粉 → 魔兽吸血药 → 吸血鬼之牙优先级使用奇弈恢复道具。吸血鬼之牙需要当前敌对目标，成功使用后间隔 2 秒。默认关闭。,闘獣練の戦闘中のみ有効です。自身のHPがしきい値を下回ると、回復薬セット → ランク4/3/2/1回復薬 → ランク3/2/1薬粉 → 魔獣吸血薬 → 吸血鬼の牙の順で回復アイテムを使用します。吸血鬼の牙には敵ターゲットが必要で、使用成功後は2秒の間隔を置きます。初期設定はOFFです。
Beastmaster,Captured,,Text/RenderTextWrapped,仅对当前手动选择的敌对目标生效；无捕获状态时优先捕获，再执行 1→2→3 连击。,現在手動で選択している敵だけを対象にします。未捕獲なら捕獲を優先し、その後1→2→3コンボを実行します。
Beastmaster,Captured,,Text,令当前召唤兽对目标使用对应的释放技能；实际技能会根据当前召唤兽调整。,現在召喚中の魔獣に、対象へ対応する「はなつ」を使用させます。実際に使用するアクションは現在の魔獣に応じて自動調整されます。
Beastmaster,Captured,,Text/RenderTextWrapped,以太之光耳坠,以太之光耳坠
Beastmaster,Captured,,Text/RenderTextWrapped,任务页只显示未完成的驯兽师任务。,クエスト页只表示未完了的魔獣使いクエスト。
Beastmaster,Captured,,Text/RenderTextWrapped,优先级：技能序列 → 恢复药 → 规则模式 → 协作二段 → 释放 → 最后一击 → 鼓劲 → 声援 → 万象流转 → 协作一段 → 安全盾牌 → 捕获 → 基础技能,優先度：スキルシーケンス → 回復アイテム → ルールモード → 協力技2段目 → はなつ → さいごのいちげき → きあい → おうえん → 万象流転 → 協力技1段目 → 防御用シールド → 捕獲 → 基本スキル
Beastmaster,Captured,,BeginComboLabel/RenderText,位置 01##party-member-0,位置 01##party-member-0
Beastmaster,Captured,,BeginComboLabel/RenderText,位置 02##party-member-1,位置 02##party-member-1
Beastmaster,Captured,,BeginComboLabel/RenderText,位置 03##party-member-2,位置03##party-member-2
Beastmaster,Captured,,BeginComboLabel/RenderText,位置 04##party-member-3,位置04##party-member-3
Beastmaster,Captured,,BeginComboLabel/RenderText,位置 05##party-member-4,位置05##party-member-4
Beastmaster,Captured,,BeginComboLabel/RenderText,位置 06##party-member-5,位置06##party-member-5
Beastmaster,Captured,,BeginComboLabel/RenderText,位置 07##party-member-6,位置07##party-member-6
Beastmaster,Captured,,BeginComboLabel/RenderText,位置 08##party-member-7,位置08##party-member-7
Beastmaster,Captured,,BeginComboLabel/RenderText,位置 09##party-member-8,位置09##party-member-8
Beastmaster,Captured,,BeginComboLabel/RenderText,位置 10##party-member-9,位置10##party-member-9
Beastmaster,Captured,,Checkbox/RenderText,低血量自动使用恢复药,低HP時に回復アイテムを自動使用
Beastmaster,Captured,,Checkbox/RenderText,使用 GetAdjustedActionId,GetAdjustedActionId を使用
Beastmaster,Captured,,Text/RenderTextWrapped,依赖插件,必要プラグイン
Beastmaster,Captured,,CollapsingHeaderPtr,倒计时步骤##sequence-倒计时,倒计时步骤##sequence-倒计时
Beastmaster,Captured,,BeginComboPreview,借用,かりる
Beastmaster,Captured,,Checkbox/RenderText,借用##AutoBorrowEnabled,かりる##AutoBorrowEnabled
Beastmaster,Captured,,Button,停止导航##catalog-stop-navigation,停止ナビ##catalog-stop-navigation
Beastmaster,Captured,,Text/RenderTextWrapped,允许 vnavmesh 使用飞行路径。,vnavmesh の飛行経路を使用します。
Beastmaster,Captured,,Text/RenderTextWrapped,先做主线，拿到补正装备以后刷级会轻松很多！！！,まずメインクエストを進めて補正装備を入手すると、レベル上げがかなり楽になります！
Beastmaster,Captured,,Text,全盘综合,総合評価
Beastmaster,Captured,,Text/RenderTextWrapped,关键词查询,キーワード検索
Beastmaster,Captured,,Text/RenderTextWrapped,关闭后，未进战时不攻击、捕获或使用斗兽塔技能,OFFにすると、非戦闘時は攻撃・捕獲・闘獣練用スキルを使用しません。
Beastmaster,Captured,,Text/RenderTextWrapped,兵装库 有 (1),アーマリーチェスト あり (1)
Beastmaster,Captured,,Text/RenderTextWrapped,兽主手斧,獣使い専用斧
Beastmaster,Captured,,Text/RenderTextWrapped,兽主青铜重盾,獣使い専用盾
Beastmaster,Captured,,Checkbox/RenderText,兽灵协作（蓝豆）,獣霊協力（青）
Beastmaster,Captured,,Text/RenderTextWrapped,凛冽洞天披雪大冰壁,氷結潜窟 スノークローク大氷壁
Beastmaster,Captured,,Text/RenderTextWrapped,出奇制胜,奇策で勝利
Beastmaster,Captured,,Button,分享,共有
Beastmaster,Captured,,Text/RenderTextWrapped,初始,初始
Beastmaster,Captured,,Text/RenderTextWrapped,初始自带,初始自带
Beastmaster,Captured,,Text/RenderTextWrapped,初学者戒指,初学者戒指
Beastmaster,Captured,,Button,删除规则,ルール削除
Beastmaster,Captured,,Button,前往斗兽塔##section-arena-navigation,前往斗兽塔##section-arena-navigation
Beastmaster,Captured,,Text,前置任务：同門対決、第二盤,前置クエスト：同門対決、第二盤
Beastmaster,Captured,,Text/RenderTextWrapped,副手,副武器
Beastmaster,Captured,,Text/RenderTextWrapped,南萨纳兰,南ザナラーン
Beastmaster,Captured,,Text/RenderTextWrapped,只读显示当前驯兽师量谱状态；数据来自 JobGaugeManager.CurrentGauge。,只读表示現在獣使い量谱状态；数据来自 JobGaugeManager.CurrentGauge。
Beastmaster,Captured,,Text/RenderTextWrapped,可用,利用可能
Beastmaster,Captured,,Text/RenderTextWrapped,同地图路径规划与移动,同一マップ内の経路探索と移動
Beastmaster,Captured,,Text/RenderTextWrapped,同步完成：已完成 7/44，更新 7 项。,同期完了：已完了 7/44，更新 7 项。
Beastmaster,Captured,,Text/RenderTextWrapped,同门较量  [已完成],同门较量  [完了]
Beastmaster,Captured,,Text/RenderTextWrapped,向师姐学习哥布！  [已完成],向师姐学习哥布！  [完了]
Beastmaster,Captured,,Checkbox/RenderText,启用技能序列,スキルシーケンスを有効化
Beastmaster,Captured,,Checkbox/RenderText,启用自动输出诊断##AutoOutputDiagnosticsEnabled,自動戦闘診断を有効化##AutoOutputDiagnosticsEnabled
Beastmaster,Captured,,BeginComboPreview,吸引注意 (46751),吸引注意 (46751)
Beastmaster,Captured,,Text/RenderTextWrapped,吸血 /,吸血 /
Beastmaster,Captured,,Text/RenderTextWrapped,呢绒包头巾,呢绒包头巾
Beastmaster,Captured,,Text/RenderTextWrapped,呢绒垮裤,呢绒垮裤
Beastmaster,Captured,,Text/RenderTextWrapped,呢绒衬衫,呢绒衬衫
Beastmaster,Captured,,Text/RenderTextWrapped,呪風 /,呪風 /
Beastmaster,Captured,,Text/RenderTextWrapped,在聊天栏显示导航开始和失败信息。,チャットへナビ開始・失敗情報を表示します。
Beastmaster,Captured,ACRオーバーレイ,BeginComboPreview,声援,応援
Beastmaster,Captured,,Checkbox/RenderText,声援##AutoCheerEnabled,おうえん##AutoCheerEnabled
Beastmaster,Captured,,Button,复制所选战斗日志,選択した戦闘ログをコピー
Beastmaster,Captured,,Button,复制规则,ルール複製
Beastmaster,Captured,,Text/RenderTextWrapped,头部,頭
Beastmaster,Captured,,Text/RenderTextWrapped,奇盘上的战斗  [已完成],奇盘上的戦闘  [完了]
Beastmaster,Captured,,Text/RenderTextWrapped,奇盘上的王者：高段第二盘  [未接取],奇盘上的王者：高段第二盘  [未受注]
Beastmaster,Captured,,Text,奇高一着,奇高一着
Beastmaster,Captured,,Button,导入,インポート
Beastmaster,Captured,,Button,导航到任务目标##target-71026,ナビ到クエスト対象##target-71026
Beastmaster,Captured,,Button,导航到任务目标##target-71027,ナビ到クエスト対象##target-71027
Beastmaster,Captured,,Button,导航到任务目标##target-71028,ナビ到クエスト対象##target-71028
Beastmaster,Captured,,Button,导航到任务目标##target-71029,ナビ到クエスト対象##target-71029
Beastmaster,Captured,,Button,导航到任务目标##target-71030,ナビ到クエスト対象##target-71030
Beastmaster,Captured,,Button,导航到任务目标##target-71031,ナビ到クエスト対象##target-71031
Beastmaster,Captured,,Button,导航到任务目标##target-71032,ナビ到クエスト対象##target-71032
Beastmaster,Captured,,Button,导航到任务目标##target-71033,ナビ到クエスト対象##target-71033
Beastmaster,Captured,,Button,导航到任务目标##target-71034,ナビ到クエスト対象##target-71034
Beastmaster,Captured,,Button,导航到任务目标##target-71035,ナビ到クエスト対象##target-71035
Beastmaster,Captured,,Button,导航到任务目标##target-71036,ナビ到クエスト対象##target-71036
Beastmaster,Captured,,Button,导航到任务目标##target-71037,ナビ到クエスト対象##target-71037
Beastmaster,Captured,,Button,导航到任务目标##target-71045,ナビ到クエスト対象##target-71045
Beastmaster,Captured,,Button,导航到开始 NPC##issuer-71026,ナビ到開始 NPC##issuer-71026
Beastmaster,Captured,,Button,导航到开始 NPC##issuer-71027,ナビ到開始 NPC##issuer-71027
Beastmaster,Captured,,Button,导航到开始 NPC##issuer-71028,ナビ到開始 NPC##issuer-71028
Beastmaster,Captured,,Button,导航到开始 NPC##issuer-71029,ナビ到開始 NPC##issuer-71029
Beastmaster,Captured,,Button,导航到开始 NPC##issuer-71030,ナビ到開始 NPC##issuer-71030
Beastmaster,Captured,,Button,导航到开始 NPC##issuer-71031,ナビ到開始 NPC##issuer-71031
Beastmaster,Captured,,Button,导航到开始 NPC##issuer-71032,ナビ到開始 NPC##issuer-71032
Beastmaster,Captured,,Button,导航到开始 NPC##issuer-71033,ナビ到開始 NPC##issuer-71033
Beastmaster,Captured,,Button,导航到开始 NPC##issuer-71034,ナビ到開始 NPC##issuer-71034
Beastmaster,Captured,,Button,导航到开始 NPC##issuer-71035,ナビ到開始 NPC##issuer-71035
Beastmaster,Captured,,Button,导航到开始 NPC##issuer-71036,ナビ到開始 NPC##issuer-71036
Beastmaster,Captured,,Button,导航到开始 NPC##issuer-71037,ナビ到開始 NPC##issuer-71037
Beastmaster,Captured,,Button,导航到开始 NPC##issuer-71045,ナビ到開始 NPC##issuer-71045
Beastmaster,Captured,,Text/RenderTextWrapped,导航设置,ナビゲーション設定
Beastmaster,Captured,,Text/RenderTextWrapped,封锁坑道铜铃铜山,封鎖坑道 カッパーベル銅山
Beastmaster,Captured,,Text/RenderTextWrapped,将悬浮窗高级技能按钮排列为三列。默认关闭。,オーバーレイの上位スキルボタンを3列で表示します。初期設定はOFFです。
Beastmaster,Captured,,Text/RenderTextWrapped,将驯兽之路登峰造极  [未接取],将驯兽之路登峰造极  [未受注]
Beastmaster,Captured,,Text/RenderTextWrapped,尝试捕获开启时，无视目标捕获BUFF，但仍受血量阈值限制,通常捕獲が有効な場合でも、捕獲BUFFを無視します。ただしHPしきい値は適用されます。
Beastmaster,Captured,,Text/RenderTextWrapped,巴哈姆特大迷宫入侵之章1,大迷宮バハムート：侵攻編1
Beastmaster,Captured,,Text/RenderTextWrapped,常用设置,基本設定
Beastmaster,Captured,,Button,应用编队,編成を適用
Beastmaster,Captured,,Text/RenderTextWrapped,开启后可在悬浮窗中切换“尝试捕获”，右键悬浮窗可打开设置。,ONにするとオーバーレイで「通常捕獲」を切り替えられます。オーバーレイを右クリックすると設定を開けます。
Beastmaster,Captured,,Text/RenderTextWrapped,开启后，仅当当前魔兽的释放技能不可用时，才会使用最后一击；不要求开启自动释放。,ONにすると、現在の魔獣の「はなつ」が使用できない場合にのみ「さいごのいちげき」を使用します。「はなつ」の自動使用をONにする必要はありません。
Beastmaster,Captured,,Button,开始奇弈点击捕获##StartCapture,闘獣開始後にクリック捕獲##StartCapture
Beastmaster,Captured,,Text/RenderTextWrapped,开战前先切 3 笛准备壳蟹的借用；水栖波尽量打在易伤 Buff 内，也可驱散敌方增益。,開戦前に参の呼び笛へ切り替え、シェルクラブ種の「かりる」を準備します。「クエリングウェーブ」は耐性低下中に合わせ、敵の強化解除にも使えます。
Beastmaster,Captured,,Text/RenderTextWrapped,开战前先切 3 笛准备碧企鹅的借用；陆蟹无需等待完整连携。,開戦前に参の呼び笛へ切り替え、アプカル種の「かりる」を準備します。メガロクラブ種はコンボ完走を待たずに切り替えて構いません。
Beastmaster,Captured,,Checkbox/RenderText,强制捕获,強制捕獲
Beastmaster,Captured,,Text/RenderTextWrapped,当前任务序列的目标坐标尚未采集。 ,現在のクエスト的対象坐标尚未采集。 
Beastmaster,Captured,,BeginComboLabel/RenderText,当前序列##settings-sequence-selector,現在シーケンス##settings-sequence-selector
Beastmaster,Captured,,Text/RenderTextWrapped,当前序列：虫队模版序列,現在のシーケンス：虫队模版シーケンス
Beastmaster,Captured,,Text/RenderTextWrapped,当前模式,現在のモード
Beastmaster,Captured,,Text/RenderTextWrapped,当前职业不是驯兽师,現在のジョブは獣使いではありません
Beastmaster,Captured,,Text/RenderTextWrapped,当前角色：Mico Reed@Yojimbo,現在のキャラクター：Mico Reed@Yojimbo
Beastmaster,Captured,,Text/RenderTextWrapped,当前量谱,現在のジョブゲージ
Beastmaster,Captured,,Checkbox/RenderText,御兽协作（黄豆）,御獣協力（黄）
Beastmaster,Captured,,Button,快捷指令##section-commands,コマンド##section-commands
Beastmaster,Captured,,Checkbox/RenderText,悬浮窗三列模式##OverlayThreeColumnMode,オーバーレイ3列表示##OverlayThreeColumnMode
Beastmaster,Captured,,Text/RenderTextWrapped,戒指 1,指輪1
Beastmaster,Captured,,Text/RenderTextWrapped,戒指 2,指輪2
Beastmaster,Captured,,Text/RenderTextWrapped,所有诊断模块的状态或原因发生变化时输出一次汇总，并记录到战斗日志。,各診断モジュールの状態または理由が変化した時に一度だけ概要を出力し、戦闘ログにも記録します。
Beastmaster,Captured,,Text/RenderTextWrapped,手部,手
Beastmaster,Captured,,Text/RenderTextWrapped,手镯,腕輪
Beastmaster,Captured,,Button,打开 Bilibili 参考视频##recommended-combination-bilibili,Bilibili参考動画を開く##recommended-combination-bilibili
Beastmaster,Captured,,Button,扫描0号槽 ActionId 46959~46980##StartUseActionScan,スロット0のActionId 46959～46980をスキャン##StartUseActionScan
Beastmaster,Captured,,CollapsingHeaderPtr,技能序列##BeastmasterSequenceSettings,スキルシーケンス##BeastmasterSequenceSettings
Beastmaster,Captured,,Button,技能序列##section-sequences,スキルシーケンス##section-sequences
Beastmaster,Captured,,Text/RenderTextWrapped,技能状态,スキル状態
Beastmaster,Captured,,Text/RenderTextWrapped,投稿与来源,投稿・出典
Beastmaster,Captured,,Text/RenderTextWrapped,投稿来源：网友 大三元,投稿元：大三元さん
Beastmaster,Captured,,Text/RenderTextWrapped,拉诺西亚低地,低地ラノシア
Beastmaster,Captured,,Text/RenderTextWrapped,拉诺西亚外地,外地ラノシア
Beastmaster,Captured,,Checkbox/RenderText,捕获消息自动记录##AutoCompleteCatalogFromChat,捕獲メッセージを自動記録##AutoCompleteCatalogFromChat
Beastmaster,Captured,,RenderTextWrapped,捕获血量阈值,捕獲HPしきい値
Beastmaster,Captured,,Text,排名,排名
Beastmaster,Captured,,Button,推荐组合##section-combinations,おすすめ編成##section-combinations
Beastmaster,Captured,,Button,推荐装备##section-equipment,おすすめ装備##section-equipment
Beastmaster,Captured,,Text/RenderTextWrapped,推荐阵容：螳螂 + 胡蜂 + 库西,おすすめ編成：マンティス種 + ヴェスパ種 + クーシー種
Beastmaster,Captured,,Text/RenderTextWrapped,推荐阵容：螳螂 + 蜂鸟 + 胡蜂,おすすめ編成：マンティス種 + ハミングバード種 + ヴェスパ種
Beastmaster,Captured,,Text/RenderTextWrapped,摩杜纳,モードゥナ
Beastmaster,Captured,,Text/RenderTextWrapped,收到成功结识消息时自动标记图鉴完成。,捕獲成功メッセージを受信したら図鑑を自動で完了扱いにします。
Beastmaster,Captured,,Text/RenderTextWrapped,改良型加隆德强攻指环,改良型加隆德强攻指环
Beastmaster,Captured,,Text/RenderTextWrapped,斗兽争奇,闘獣練
Beastmaster,Captured,,Button,斗兽奇弈##section-party,闘獣盤##section-party
Beastmaster,Captured,,Checkbox/RenderText,显示导航日志##ShowNavigationLogs,ナビゲーションログを表示##ShowNavigationLogs
Beastmaster,Captured,,Text/RenderTextWrapped,显示悬浮窗中的原因、捕获状态、当前魔兽、量谱和高级技能候选等详细信息。默认关闭。,オーバーレイに理由、捕獲状態、現在の魔獣、ジョブゲージ、上位スキル候補などの詳細を表示します。初期設定はOFFです。
Beastmaster,Captured,,Text/RenderTextWrapped,暂停时保留自动输出总开关，但不执行任何动作,一時停止中も自動戦闘のメインスイッチは維持しますが、動作は行いません。
Beastmaster,Captured,,Text/RenderTextWrapped,暂无战斗日志,戦闘ログなし
Beastmaster,Captured,,Text/RenderTextWrapped,最初的搭档  [已完成],最初的搭档  [完了]
Beastmaster,Captured,ACRオーバーレイ,BeginComboPreview,最后一击,とどめの一撃
Beastmaster,Captured,,Checkbox/RenderText,最后一击 · 1 笛##AutoFinalStrikeWhistleOneEnabled,さいごのいちげき・壱の呼び笛##AutoFinalStrikeWhistleOneEnabled
Beastmaster,Captured,,Checkbox/RenderText,最后一击 · 2 笛##AutoFinalStrikeWhistleTwoEnabled,さいごのいちげき・弐の呼び笛##AutoFinalStrikeWhistleTwoEnabled
Beastmaster,Captured,,Checkbox/RenderText,最后一击 · 3 笛##AutoFinalStrikeWhistleThreeEnabled,さいごのいちげき・参の呼び笛##AutoFinalStrikeWhistleThreeEnabled
Beastmaster,Captured,,Checkbox/RenderText,最后一击 · 等待释放,さいごのいちげき・「はなつ」待ち
Beastmaster,Captured,,Text/RenderTextWrapped,最简单、最无脑的速刷阵容。核心难点是保证螳螂的增益技能不要落空。,最も簡単で扱いやすい高速周回編成。マンティス種の強化スキルを無駄にしないことが重要です。
Beastmaster,Captured,,Text/RenderTextWrapped,未开启,OFF
Beastmaster,Captured,,Text/RenderTextWrapped,条件 1,条件1
Beastmaster,Captured,,Button,查询##DebugActionStatus,照会##DebugActionStatus
Beastmaster,Captured,,Button,查询##DebugSearch,検索##DebugSearch
Beastmaster,Captured,,Text/RenderTextWrapped,核心思路是由蝾螈和巨型陆蟹分别提供魔法易伤与水属性易伤，三号位壳蟹负责主要输出。,サラマンダー種で魔法被ダメージ上昇、メガロクラブ種で水属性耐性低下を入れ、参の呼び笛のシェルクラブ種を主力にする構成です。
Beastmaster,Captured,,BeginComboLabel/RenderText,检测类型##condition-0,判定種別##condition-0
Beastmaster,Captured,,Text/RenderTextWrapped,正在读取当前角色的成就完成情况…,現在のキャラクターのアチーブメント達成状況を読み込み中…
Beastmaster,Captured,,Text/RenderTextWrapped,武器,武器
Beastmaster,Captured,,Text/RenderTextWrapped,水晶塔古代人迷宫,クリスタルタワー：古代の民の迷宮
Beastmaster,Captured,,Text/RenderTextWrapped,水队 · 1、2层速刷变体,水編成・第1/2戦 高速周回バリエーション
Beastmaster,Captured,,Text/RenderTextWrapped,水队 · 参考阵容,水編成・参考パーティ
Beastmaster,Captured,,Text/RenderTextWrapped,水队参考视频：夜风,水編成 参考動画：夜風
Beastmaster,Captured,,Text/RenderTextWrapped,流沙迷宫樵鸣洞,流砂迷宮 カッターズクライ
Beastmaster,Captured,,Text/RenderTextWrapped,海德拉讨伐战,ハイドラ討伐戦
Beastmaster,Captured,,Button,添加规则,ルール追加
Beastmaster,Captured,,Button,清空战斗日志,戦闘ログを消去
Beastmaster,Captured,,Text/RenderTextWrapped,点击后使用系统浏览器打开,クリックすると既定のブラウザで開きます。
Beastmaster,Captured,,Text/RenderTextWrapped,点击导航时同步设置游戏地图 Flag。,移動開始時にゲーム内マップへFlagも設定します。
Beastmaster,Captured,,Text/RenderTextWrapped,点击按钮读取客户端资料。,ボタンを押してクライアントデータを読み込みます。
Beastmaster,Captured,,Text/RenderTextWrapped,牢不可破的牵绊  [未接取],牢不可破的牵绊  [未受注]
Beastmaster,Captured,,Text/RenderTextWrapped,状态：未启用,状態：無効
Beastmaster,Captured,,Text/RenderTextWrapped,猛者的试炼：高段第一盘  [未接取],猛者的试炼：高段第一盘  [未受注]
Beastmaster,Captured,,BeginComboPreview,百兽肤,ビーストスキン
Beastmaster,Captured,,Text,盘评价,盤面評価
Beastmaster,Captured,,Text/RenderTextWrapped,目标低于此血量时释放捕获,対象HPがこの値以下の時に捕獲を使用
Beastmaster,Captured,,Text/RenderTextWrapped,目标技能始终对当前手动目标释放；DataID 对象只负责触发。技能失败后回退 ACR。,アクションは常に現在手動で選択しているターゲットへ使用します。DataID対象は発動条件の判定にのみ使います。実行に失敗した場合は通常ACRへ戻ります。
Beastmaster,Captured,,Text/RenderTextWrapped,盾牌,盾
Beastmaster,Captured,,BeginComboPreview,盾牌冲击,シールドチャージ
Beastmaster,Captured,,BeginComboPreview,碎击斩,スマッシュ
Beastmaster,Captured,,BeginComboPreview,碎咬斧,アクスバイト
Beastmaster,Captured,,Text/RenderTextWrapped,第一盘 17500 · 第二盘 17500 · 第三盘 17500 · 高段第一盘 18750 · 高段第二盘 18500,第1戦 17500 · 第2戦 17500 · 第3戦 17500 · 上級第1戦 18750 · 上級第2戦 18500
Beastmaster,Captured,,Text/RenderTextWrapped,等待成就数据加载…,アチーブメントデータを読み込み中…
Beastmaster,Captured,,Text/RenderTextWrapped,编辑第 1 条规则,ルール1を編集
Beastmaster,Captured,,BeginComboLabel/RenderText,编队预设,編成プリセット
Beastmaster,Captured,,Text/RenderTextWrapped,耳饰,耳飾り
Beastmaster,Captured,,Text/RenderTextWrapped,职业证,ジョブクリスタル
Beastmaster,Captured,,Text/RenderTextWrapped,脚部,足
Beastmaster,Captured,,Text/RenderTextWrapped,腐坏遗迹无限城市街古迹,腐敗遺跡 古アムダプール市街
Beastmaster,Captured,,Text/RenderTextWrapped,腿部,脚
Beastmaster,Captured,,Checkbox/RenderText,自动兽笛,獣笛を自動使用
Beastmaster,Captured,,Button,自动输出##section-auto-output,自動戦闘##section-auto-output
Beastmaster,Captured,,CollapsingHeaderPtr,自动输出诊断##AutoOutputDiagnostics,自動戦闘診断##AutoOutputDiagnostics
Beastmaster,Captured,,Text/RenderTextWrapped,虫队 · 1、2层速刷,虫編成・第1/2戦 高速周回
Beastmaster,Captured,,Text/RenderTextWrapped,虫队 · 高1层速刷,虫編成・上級第1戦 高速周回
Beastmaster,Captured,,BeginComboPreview,虫队模版序列,虫編成テンプレート
Beastmaster,Captured,,Text/RenderTextWrapped,蝾螈 + 巨型陆蟹 + 壳蟹,サラマンダー種 + メガロクラブ種 + クラブ種
Beastmaster,Captured,,Text/RenderTextWrapped,蝾螈 + 巨型陆蟹 + 碧企鹅,サラマンダー種 + メガロクラブ種 + アプカル種
Beastmaster,Captured,,BeginComboPreview,裂盾劈,シールドスプリッター
Beastmaster,Captured,,Text/RenderTextWrapped,西拉诺西亚,西ラノシア
Beastmaster,Captured,,Text/RenderTextWrapped,西萨纳兰,西ザナラーン
Beastmaster,Captured,,Button,规则模式##section-rules,ルールモード##section-rules
Beastmaster,Captured,,Text/RenderTextWrapped,规则模式未启用,ルールモードは無効です
Beastmaster,Captured,,Text/RenderTextWrapped,规则（3/100）,ルール（3/100）
Beastmaster,Captured,,Text,训练有素,熟練
Beastmaster,Captured,,Checkbox/RenderText,设置地图标记##SetFlagOnNavigation,マップFlagを設定##SetFlagOnNavigation
Beastmaster,Captured,,Checkbox/RenderText,详细模式##ShowGaugeInOverlay,詳細表示##ShowGaugeInOverlay
Beastmaster,Captured,,Button,读取##DebugCurrentState,読み込み##DebugCurrentState
Beastmaster,Captured,,Button,读取##DebugProjectData,読み込み##DebugProjectData
Beastmaster,Captured,,Text,贪食无厌加特勒  [已完成],贪食无厌加特勒  [完了]
Beastmaster,Captured,,Text,赎罪的驯兽师  [已完成],赎罪的獣使い  [完了]
Beastmaster,Captured,,Text/RenderTextWrapped,跨地图传送,エリア間テレポ
Beastmaster,Captured,,Text/RenderTextWrapped,身体,胴
Beastmaster,Captured,,CollapsingHeaderPtr,进入战斗步骤##sequence-进入战斗,戦闘手順##sequence-进入战斗
Beastmaster,Captured,,Text/RenderTextWrapped,进行自爆。,自爆を実行します。
Beastmaster,Captured,,Text/RenderTextWrapped,逆转要害沙斯塔夏溶洞,逆襲要害 サスタシャ浸食洞
Beastmaster,Captured,,Text/RenderTextWrapped,选择资料类型后读取；读取结果会自动复制到剪贴板。,データ種別を選んで読み込みます。結果は自動でクリップボードへコピーされます。
Beastmaster,Captured,,Text/RenderTextWrapped,配置自动捕获和自动攻击行为。,自動捕獲と自動攻撃の動作を設定します。
Beastmaster,Captured,,BeginComboPreview/Checkbox/RenderText,释放,はなつ
Beastmaster,Captured,,Checkbox/RenderText,释放 · 1 笛##AutoReleaseWhistleOneEnabled,はなつ・壱の呼び笛##AutoReleaseWhistleOneEnabled
Beastmaster,Captured,,Checkbox/RenderText,释放 · 2 笛##AutoReleaseWhistleTwoEnabled,はなつ・弐の呼び笛##AutoReleaseWhistleTwoEnabled
Beastmaster,Captured,,Checkbox/RenderText,释放 · 3 笛##AutoReleaseWhistleThreeEnabled,はなつ・参の呼び笛##AutoReleaseWhistleThreeEnabled
Beastmaster,Captured,,Checkbox/RenderText,释放 · 只打BOSS,はなつ・BOSSのみ
Beastmaster,Captured,,Text/RenderTextWrapped,释放：硬質化,はなつ：硬質化
Beastmaster,Captured,,Text/RenderTextWrapped,防具,防具
Beastmaster,Captured,,Checkbox/RenderText,隐藏已完成任务##HideCompletedQuests,完了済みクエストを非表示##HideCompletedQuests
Beastmaster,Captured,,Text/RenderTextWrapped,露流派的驯兽术  [已完成],コルナゴ派の獣使い術  [完了]
Beastmaster,Captured,,Text/RenderTextWrapped,静态攻略，不接入自动输出,固定の攻略メモです。自動戦闘とは連動しません。
Beastmaster,Captured,,Text/RenderTextWrapped,项目资料,プロジェクト情報
Beastmaster,Captured,,Text/RenderTextWrapped,项链,首飾り
Beastmaster,Captured,,RenderText,预设名称,プリセット名
Beastmaster,Captured,,Text/RenderTextWrapped,预设成员：0/10,プリセットメンバー：0/10
Beastmaster,Captured,,BeginComboLabel/RenderText,预设栏位,プリセット枠
Beastmaster,Captured,,Text/RenderTextWrapped,预设栏位可选 10/12/14/15；应用时按当前游戏编队栏位数量截断或保留空余。,プリセット枠は10/12/14/15から選択できます。適用時は現在の編成枠数に合わせて切り詰め、余りは空欄のままにします。
Beastmaster,Captured,,Text/RenderTextWrapped,领航明灯天狼星灯塔,怪鳥巨塔 シリウス大灯台
Beastmaster,Captured,,Checkbox/RenderText,飞行导航##UseFlightNavigation,飛行ナビ##UseFlightNavigation
Beastmaster,Captured,,Text/RenderTextWrapped,饰品,アクセサリ
Beastmaster,Captured,,Text/RenderTextWrapped,驯养魔兽之人  [已完成],魔獣を使役する者  [完了]
Beastmaster,Captured,,BeginComboPreview,驯养魔兽之人任务,「魔獣を使役する者」クエスト
Beastmaster,Captured,,Text/RenderTextWrapped,驯兽师 50 级开荒装和 BIS 配置。,魔獣使いLv50向けの初期装備とBIS構成です。
Beastmaster,Captured,,Text/RenderTextWrapped,驯兽师之证,獣使いの証
Beastmaster,Captured,,Button,驯兽师任务链##section-quests,魔獣使いクエスト##section-quests
Beastmaster,Captured,,BeginComboPreview,驯兽师量谱原始数据,魔獣使いジョブゲージ生データ
Beastmaster,Captured,,Button,驯兽师魔兽-中,獣使い魔獣-中
Beastmaster,Captured,,Button,驯兽师魔兽-大,獣使い魔獣-大
Beastmaster,Captured,,Button,驯兽师魔兽-小,獣使い魔獣-小
Beastmaster,Captured,,Text,高段奖励,上級報酬
Beastmaster,Captured,,Text,高段评价,上級評価
Beastmaster,Captured,,CollapsingHeaderPtr,高级技能##BeastmasterAdvancedActions,上位スキル##BeastmasterAdvancedActions
Beastmaster,Captured,,Button,魔兽图鉴##section-catalog,魔獣図鑑##section-catalog
Beastmaster,Captured,,Checkbox/RenderText,魔兽技##AutoBeastSkillEnabled,魔獣スキル##AutoBeastSkillEnabled
Beastmaster,Captured,,Text/RenderTextWrapped,魔兽率舞,魔獣率舞
Beastmaster,Captured,,Text/RenderTextWrapped,魔兽领域日影地修炼所,魔獣領域 ハラタリ修練所
Beastmaster,Captured,,Text/RenderTextWrapped,黑衣森林中央林区,黒衣森：中央森林
Beastmaster,Captured,,Text/RenderTextWrapped,黑衣森林北部林区,黒衣森：北部森林
Beastmaster,Captured,ACRオーバーレイ,BeginComboPreview,鼓劲,鼓舞
Beastmaster,Captured,,Checkbox/RenderText,鼓劲##AutoDrumEnabled,きあい##AutoDrumEnabled
Beastmaster,Captured,,Text/RenderTextWrapped,龙神强攻项环,龙神强攻项环
Beastmaster,Captured,,Text/RenderTextWrapped,龙神强袭手套,龙神强袭手套
Beastmaster,Captured,,Text/RenderTextWrapped,龙神强袭筒靴,龙神强袭筒靴
Beastmaster,Captured,,Text/RenderTextWrapped,，再使用,、続けて使用
Beastmaster,Captured,,Text/RenderTextWrapped,，打一套连携后使用,、一連のコンボ後に使用
Beastmaster,Captured,,Text/RenderTextWrapped,，无需等待完整连携，直接使用,、コンボ完走を待たずにそのまま使用
Beastmaster,Captured,,Text/RenderTextWrapped,，正常输出。,、そのまま通常攻撃を続けます。
Beastmaster,ScreenshotFix,,,兽使いヘルパー,魔獣使いヘルパー
Beastmaster,ScreenshotFix,,,兽使い進行管理,魔獣使い進行管理
Beastmaster,ScreenshotFix,,,ゲーム内のクエスト状態から進行状況を表示し、未完了クエストの受注場所へ移動できます。,ゲーム内のクエスト進行状況を表示し、未完了クエストの受注場所へ移動できます。
Beastmaster,ScreenshotFix,,,黑衣森林：中央森林,黒衣森：中央森林
Beastmaster,ScreenshotFix,,,エリア順,エリア順
Beastmaster,ScreenshotFix,,,捕获Lv順,捕獲Lv順
Beastmaster,ScreenshotFix,,,魔兽Lv順,魔獣Lv順
Beastmaster,ScreenshotFix,,,捕獲済み魔獣を非表示,捕獲済みを非表示
Beastmaster,ScreenshotFix,,,魔兽Lv/経験値を同期,魔獣Lv/経験値を同期
Beastmaster,ScreenshotFix,,,魔兽Lv,魔獣Lv
Beastmaster,ScreenshotFix,,,魔兽図鑑,魔獣図鑑
Beastmaster,ScreenshotFix,,,兽使い 50 級开荒装和 BIS 配置。,魔獣使いLv50向けの初期装備とBIS構成です。
Beastmaster,ScreenshotFix,,,初期装備：入手しやすさと早期完成を優先します。,初期装備：入手しやすさと早く揃えられることを優先します。
Beastmaster,ScreenshotFix,,,アーマリーチェスト あり (1),アーマリーチェスト：あり (1)
Beastmaster,ScreenshotFix,,,アーマリーチェスト なし,アーマリーチェスト：なし
Beastmaster,ScreenshotFix,,,所持品 なし,所持品：なし
Beastmaster,ScreenshotFix,,,所持品 あり (1),所持品：あり (1)
Beastmaster,ScreenshotFix,,,まずメインクエストを進めて補正装備を入手すると、レベル上げがかなり楽になります！,まずメインクエストを進めて補正装備を入手すると、レベル上げがかなり楽になります！
Beastmaster,ScreenshotFix,,,倒计时步骤,カウントダウン手順
Beastmaster,ScreenshotFix,,,进入战斗步骤,戦闘手順
Beastmaster,ScreenshotFix,,,自动战斗,自動戦闘
Beastmaster,ScreenshotFix,,,自动战斗と自動攻撃の動作を設定します。,自動戦闘と自動攻撃の動作を設定します。
Beastmaster,ScreenshotFix,,,一時停止,一時停止
Beastmaster,ScreenshotFix,,,先制攻撃,先制攻撃
Beastmaster,ScreenshotFix,,,強制捕獲,強制捕獲
Beastmaster,ScreenshotFix,,,詳細表示,詳細表示
Beastmaster,ScreenshotFix,,,自動戦闘診断,自動戦闘診断
Beastmaster,ScreenshotFix,,,自動戦闘診断を有効化,自動戦闘診断を有効化
Beastmaster,ScreenshotFix,,,戦闘ログなし,戦闘ログなし
Beastmaster,ScreenshotFix,,,オーバーレイ3列表示,オーバーレイ3列表示
Beastmaster,ScreenshotFix,,,上位スキル,上位スキル
Beastmaster,ScreenshotFix,,,魔兽技,魔獣スキル
Beastmaster,ScreenshotFix,,,斗兽盘,闘獣盤
Beastmaster,ScreenshotFix,,,斗兽盘编成,闘獣盤編成
Beastmaster,ScreenshotFix,,,攻略手册,攻略メモ
Beastmaster,ScreenshotFix,,,二一位可二 10/12/14/15，二用二按二在二二一位数二截断或保留空余。,編成枠は10/12/14/15から選択できます。適用時は現在の編成枠数に合わせて切り詰め、余りは空欄のままにします。
Beastmaster,ScreenshotFix,,,新规,新規
Beastmaster,ScreenshotFix,,,共享,共有
Beastmaster,ScreenshotFix,,,二二二,適用
Beastmaster,ScreenshotFix,,,10栏位编成,10枠編成
Beastmaster,ScreenshotFix,,,编成预设,編成プリセット
Beastmaster,ScreenshotFix,,,-- 空き --,-- 空き --
Beastmaster,ScreenshotFix,,,位置 01,位置01
Beastmaster,ScreenshotFix,,,位置 02,位置02
Beastmaster,ScreenshotFix,,,兽使いLv50二二荒装和 BIS 配置。,魔獣使いLv50向けの初期装備とBIS構成です。
Beastmaster,ScreenshotFix,,,初期装備,初期装備
Beastmaster,ScreenshotFix,,,装備セット,装備セット
Beastmaster,ScreenshotFix,,,头,頭
Beastmaster,ScreenshotFix,,,胴,胴
Beastmaster,ScreenshotFix,,,手,手
Beastmaster,ScreenshotFix,,,脚,脚
Beastmaster,ScreenshotFix,,,足,足
Beastmaster,ScreenshotFix,,,耳飾り,耳飾り
Beastmaster,ScreenshotFix,,,首飾り,首飾り
Beastmaster,ScreenshotFix,,,腕輪,腕輪
Beastmaster,ScreenshotFix,,,指輪1,指輪1
Beastmaster,ScreenshotFix,,,指輪2,指輪2
Beastmaster,ScreenshotFix,,,ジョブクリスタル,ジョブクリスタル
Beastmaster,ScreenshotFix,,,盾,盾
Beastmaster,ScreenshotFix,,,アクセサリ,アクセサリ
Beastmaster,ScreenshotFix,,,ジョブ,ジョブ
Beastmaster,ScreenshotFix,,,おすすめ編成 固定攻略情報です。自動戦闘とは連動しません。,おすすめ編成　固定攻略情報です。自動戦闘とは連動しません。
Beastmaster,ScreenshotFix,,,虫編成・第1/2戦 高速周回,虫編成・第1/2戦 高速周回
Beastmaster,ScreenshotFix,,,虫編成・上級第1戦 高速周回,虫編成・上級第1戦 高速周回
Beastmaster,ScreenshotFix,,,水編成・参考パーティ,水編成・参考パーティ
Beastmaster,ScreenshotFix,,,水編成・第1/2戦 高速周回バリエーション,水編成・第1/2戦 高速周回バリエーション
Beastmaster,ScreenshotFix,,,推荐阵容：,おすすめ編成：
Beastmaster,ScreenshotFix,,,投稿・出典,投稿・出典
Beastmaster,ScreenshotFix,,,Bilibili参考视频を開く,Bilibili参考動画を開く
Beastmaster,ScreenshotFix,,,カウントダウンと戦闘手順を編集します。「自動戦闘」で有効にしない限り自動実行されません。,カウントダウンと戦闘手順を編集します。「自動戦闘」で有効にしない限り自動実行されません。
Beastmaster,ScreenshotFix,,,虫队模版,虫編成テンプレート
Beastmaster,ScreenshotFix,,,当前のシーケンス,現在のシーケンス
Beastmaster,ScreenshotFix,,,虫隊模版序列,虫編成テンプレート
Beastmaster,ScreenshotFix,,,新規シーケンス,新規シーケンス
Beastmaster,ScreenshotFix,,,シーケンス複製,シーケンス複製
Beastmaster,ScreenshotFix,,,シーケンス削除,シーケンス削除
Beastmaster,ScreenshotFix,,,虫編成テンプレートへ戻す,虫編成テンプレートへ戻す
Beastmaster,ScreenshotFix,,,カウントダウン手順,カウントダウン手順
Beastmaster,ScreenshotFix,,,戦闘手順,戦闘手順
Beastmaster,ScreenshotFix,,,時間,時間
Beastmaster,ScreenshotFix,,,スキル,スキル
Beastmaster,ScreenshotFix,,,上へ,上へ
Beastmaster,ScreenshotFix,,,下へ,下へ
Beastmaster,ScreenshotFix,,,削除,削除
Beastmaster,ScreenshotFix,,,カウントダウン手順を追加,カウントダウン手順を追加
Beastmaster,ScreenshotFix,,,戦闘手順を追加,戦闘手順を追加
Beastmaster,ScreenshotFix,,,自動战斗,自動戦闘
Beastmaster,ScreenshotFix,,,自动戦闘と自動攻撃の動作を設定します。,自動戦闘と自動攻撃の動作を設定します。
Beastmaster,ScreenshotFix,,,自动戦闘,自動戦闘
Beastmaster,ScreenshotFix,,,二現手三二的二対敵生效；无捕获状态二二先捕获，再二行 1→2→3 二二。,現在手動選択中の敵だけを対象にします。未捕獲なら捕獲を優先し、その後1→2→3コンボを実行します。
Beastmaster,ScreenshotFix,,,捕獲HPしきい値,捕獲HPしきい値
Beastmaster,ScreenshotFix,,,御兽协力（黄）,御獣協力（黄）
Beastmaster,ScreenshotFix,,,兽灵协力（青）,獣霊協力（青）
Beastmaster,ScreenshotFix,,,兽笛を自動使用,獣笛を自動使用
Beastmaster,ScreenshotFix,,,魔兽スキル,魔獣スキル
Beastmaster,ScreenshotFix,,,鼓舞,きあい
Beastmaster,ScreenshotFix,,,獣使いヘルパー,魔獣使いヘルパー
Beastmaster,ScreenshotFix,,,獣使い進行管理,魔獣使い進行管理
Beastmaster,ScreenshotFix,,,闘獣盤,闘獣盤
Beastmaster,ScreenshotFix,,,おすすめ装備,おすすめ装備
Beastmaster,ScreenshotFix,,,おすすめ編成,おすすめ編成
Beastmaster,ScreenshotFix,,,ルールモード,ルールモード
Beastmaster,ScreenshotFix,,,コマンド,コマンド
Beastmaster,ScreenshotFix,,,自動戦闘,自動戦闘
Beastmaster,ScreenshotFix,,,フィードバック,フィードバック
Beastmaster,ScreenshotFix,,,闘獣塔へ移動,闘獣塔へ移動
Beastmaster,UntranslatedFix,,,3 笛召唤胡蜂，等到 BOSS HP低于 25% 时使用,参の呼び笛でホーネットを召喚し、BOSSのHPが25%未満になったら使用
Beastmaster,UntranslatedFix,,,3 笛宝宝血量小于等于该阈值时使用最后一击，范围 1%~100%。,参の呼び笛の魔獣HPがこのしきい値以下になったら「さいごのいちげき」を使用します。範囲：1%～100%。
Beastmaster,UntranslatedFix,,,BUFF条件##condition-0###BUFF 条件##condition-0,BUFF条件##condition-0###BUFF条件##condition-0
Beastmaster,UntranslatedFix,,,万象流転（物理）###万象流转（物理）,万象流転（物理）###万象流転（物理）
Beastmaster,UntranslatedFix,,,万象流転（魔法）###万象流转（魔法）,万象流転（魔法）###万象流転（魔法）
Beastmaster,UntranslatedFix,,,仅对現在手动选择的敌对対象生效；无捕獲状态时优先捕獲，再执行 1→2→3 连击。,現在手動で選択している敵だけを対象にします。未捕獲なら捕獲を優先し、その後1→2→3コンボを実行します。
Beastmaster,UntranslatedFix,,,奇盘上的王者：高段第二盘  [未受注],闘獣盤の王者：上級第2戦  [未受注]
Beastmaster,UntranslatedFix,,,将驯兽之路登峰造极  [未受注],獣使いの道を極める  [未受注]
Beastmaster,UntranslatedFix,,,御獣協力（黄）###御兽协作（黄豆）,御獣協力（黄）###御獣協力（黄）
Beastmaster,UntranslatedFix,,,牢不可破的牵绊  [未受注],壊れぬ絆  [未受注]
Beastmaster,UntranslatedFix,,,猛者的试炼：高段第一盘  [未受注],猛者の試練：上級第1戦  [未受注]
Beastmaster,UntranslatedFix,,,獣霊協力（青）###兽灵协作（蓝豆）,獣霊協力（青）###獣霊協力（青）
Beastmaster,UntranslatedFix,,,解放###释放,はなつ###はなつ
Beastmaster,UntranslatedFix,,,预设栏位可选 10/12/14/15；应用时按現在游戏编队栏位数量截断或保留空余。,プリセット枠は10/12/14/15から選択できます。適用時は現在の編成枠数に合わせて切り詰め、余りは空欄のままにします。
Beastmaster,UntranslatedFix,,,魔獣Lv順###按兽级排序,魔獣Lv順###魔獣Lv順
Beastmaster,UntranslatedFix,,,捕獲Lv順###按捕获等级排序,捕獲Lv順###捕獲Lv順
Beastmaster,UntranslatedFix,,,判定種別##condition-0###检测类型##condition-0,判定種別##condition-0###判定種別##condition-0
Beastmaster,UntranslatedFix,,,位置 03##party-member-2###位置 03##party-member-2,位置03##party-member-2###位置03##party-member-2
Beastmaster,UntranslatedFix,,,位置 04##party-member-3###位置 04##party-member-3,位置04##party-member-3###位置04##party-member-3
Beastmaster,UntranslatedFix,,,位置 05##party-member-4###位置 05##party-member-4,位置05##party-member-4###位置05##party-member-4
Beastmaster,UntranslatedFix,,,位置 06##party-member-5###位置 06##party-member-5,位置06##party-member-5###位置06##party-member-5
Beastmaster,UntranslatedFix,,,位置 07##party-member-6###位置 07##party-member-6,位置07##party-member-6###位置07##party-member-6
Beastmaster,UntranslatedFix,,,位置 08##party-member-7###位置 08##party-member-7,位置08##party-member-7###位置08##party-member-7
Beastmaster,UntranslatedFix,,,位置 09##party-member-8###位置 09##party-member-8,位置09##party-member-8###位置09##party-member-8
Beastmaster,UntranslatedFix,,,位置 10##party-member-9###位置 10##party-member-9,位置10##party-member-9###位置10##party-member-9
Beastmaster,UntranslatedFix,,,最后一击 · 1 笛##AutoFinalStrikeWhistleOneEnabled###最后一击 · 1 笛##AutoFinalStrikeWhistleOneEnabled,さいごのいちげき・壱の呼び笛##AutoFinalStrikeWhistleOneEnabled###さいごのいちげき・壱の呼び笛##AutoFinalStrikeWhistleOneEnabled
Beastmaster,UntranslatedFix,,,释放 · 1 笛##AutoReleaseWhistleOneEnabled###释放 · 1 笛##AutoReleaseWhistleOneEnabled,はなつ・壱の呼び笛##AutoReleaseWhistleOneEnabled###はなつ・壱の呼び笛##AutoReleaseWhistleOneEnabled
Beastmaster,UntranslatedFix,,,最后一击 · 2 笛##AutoFinalStrikeWhistleTwoEnabled###最后一击 · 2 笛##AutoFinalStrikeWhistleTwoEnabled,さいごのいちげき・弐の呼び笛##AutoFinalStrikeWhistleTwoEnabled###さいごのいちげき・弐の呼び笛##AutoFinalStrikeWhistleTwoEnabled
Beastmaster,UntranslatedFix,,,释放 · 2 笛##AutoReleaseWhistleTwoEnabled###释放 · 2 笛##AutoReleaseWhistleTwoEnabled,はなつ・弐の呼び笛##AutoReleaseWhistleTwoEnabled###はなつ・弐の呼び笛##AutoReleaseWhistleTwoEnabled
Beastmaster,UntranslatedFix,,,最后一击 · 3 笛##AutoFinalStrikeWhistleThreeEnabled###最后一击 · 3 笛##AutoFinalStrikeWhistleThreeEnabled,さいごのいちげき・参の呼び笛##AutoFinalStrikeWhistleThreeEnabled###さいごのいちげき・参の呼び笛##AutoFinalStrikeWhistleThreeEnabled
Beastmaster,UntranslatedFix,,,释放 · 3 笛##AutoReleaseWhistleThreeEnabled###释放 · 3 笛##AutoReleaseWhistleThreeEnabled,はなつ・参の呼び笛##AutoReleaseWhistleThreeEnabled###はなつ・参の呼び笛##AutoReleaseWhistleThreeEnabled
Beastmaster,SourceReviewed,,,[獣使いヘルパー] 自動戦闘が有効になっていません。先に /驯兽师 输出 を使用してください。,[魔獣使いヘルパー] 自動戦闘が有効になっていません。先に /獣使い 出力 を使用してください。
Beastmaster,SourceReviewed,,,兽主独角冠+4,獣使い専用頭装備+4
Beastmaster,SourceReviewed,,,兽主裘皮衣+4,獣使い専用胴装備+4
Beastmaster,SourceReviewed,,,兽主护臂+4,獣使い専用手装備+4
Beastmaster,SourceReviewed,,,兽主工作裤+4,獣使い専用脚装備+4
Beastmaster,SourceReviewed,,,兽主靴+4,獣使い専用足装備+4
Beastmaster,SourceReviewed,,,兽主耳环,獣使い専用耳飾り
Beastmaster,SourceReviewed,,,炖剑山芋,ヤムシチュー
Beastmaster,SourceReviewed,,,食品,食事
Beastmaster,SourceReviewed,,,兽使い 50 级开荒装和 BIS 配置。,魔獣使いLv50向けの初期装備とBIS構成です。
Beastmaster,SourceReviewed,,,第一步,第1ルート
Beastmaster,SourceReviewed,,,第二步,第2ルート
Beastmaster,SourceReviewed,,,岔路一左,分岐1・左
Beastmaster,SourceReviewed,,,岔路一右,分岐1・右
Beastmaster,SourceReviewed,,,第五步,第5ルート
Beastmaster,SourceReviewed,,,第六步,第6ルート
Beastmaster,SourceReviewed,,,抽牌抽牌,カードマス
Beastmaster,SourceReviewed,,,最终BOSS,最終BOSS
Beastmaster,SourceReviewed,,,奇子·游侠骑士,キャバリアー・ピース
Beastmaster,SourceReviewed,,,奇子·主教,ビショップ・ピース
Beastmaster,SourceReviewed,,,奇子·尤弥尔,ユミール・ピース
Beastmaster,SourceReviewed,,,奇子·鱼人,サハギン・ピース
Beastmaster,SourceReviewed,,,奇子·祖,ズー・ピース
Beastmaster,SourceReviewed,,,奇子·卡托布莱帕斯,カトブレパス・ピース
Beastmaster,SourceReviewed,,,奇子·巨像,ゴーレム・ピース
Beastmaster,SourceReviewed,,,奇子·塞壬,セイレーン・ピース
Beastmaster,SourceReviewed,,,奇子·勇士,ウォリアー・ピース
Beastmaster,SourceReviewed,,,奇子·仙人刺,サボテンダー・ピース
Beastmaster,SourceReviewed,,,奇子·士兵,ソルジャー・ピース
Beastmaster,SourceReviewed,,,奇子·守卫,ガード・ピース
Beastmaster,SourceReviewed,,,奇子·塔纳托斯,タナトス・ピース
Beastmaster,SourceReviewed,,,贪食无厌 加特勒,貪食のガトラー
Beastmaster,SourceReviewed,,,骑士会不断召唤小怪，击杀小怪时请保证每次骑士读条「幻影生成」时可连线的球不超过四个。生成的幻影在场内为超大钢铁，在场边为直线。,騎士は雑魚を継続的に召喚します。騎士が「幻影生成」を詠唱する時、線で結ばれる球が4個を超えないよう雑魚を処理します。生成された幻影が場内なら巨大円範囲、外周なら直線範囲になります。
Beastmaster,SourceReviewed,,,输出够可尝试在鱼人读条「麻痹尖刺」前将鱼人击杀，读完后鱼人会有反伤；输出不够则先打碎壳子、然后使用止步宝宝对尤弥尔进行输出。鱼人「恐慌洗礼」会附加恐慌（宝宝可以帮吃）。大海啸的击退距离很长，记得跑路。,火力が足りるなら、サハギンが「パライズスパイク」を詠唱する前に倒します。詠唱後は反撃効果が付くため注意。火力が足りない場合はユミールの殻を壊し、バインド役の魔獣で足止めして攻撃します。「恐慌洗礼」は恐慌を付与します。大海嘯はノックバック距離が長いので、早めに移動してください。
Beastmaster,SourceReviewed,,,吃机制时注意不要打碎蛋，正常孵化的就杀掉。「前方/后方乱流」注意刀的方向就行。,ギミック処理中は卵を壊さないよう注意し、正常に孵化した雑魚だけ倒します。「前方／後方乱流」は攻撃方向を見て回避します。
Beastmaster,SourceReviewed,,,召唤出的魔球有环就是月环没环就是钢铁，有眼睛的球炸的时候要背对。,召喚された魔球は、輪があればドーナツ範囲、輪がなければ円範囲です。目の付いた球が爆発する時は背を向けます。
Beastmaster,SourceReviewed,,,尽快击杀小怪，「沙尘暴」的使命可以让宝宝吃（真伙伴哈哈）。「大地摇动」是扇形攻击，要和宝宝离得远一点哦。,雑魚は早めに処理します。「砂塵暴」は魔獣に受けさせることもできます。「大地の揺動」は扇範囲なので、魔獣と距離を取って処理します。
Beastmaster,SourceReviewed,,,「混乱之歌」场边无范围提示扇形，记得挑衅，宝宝也不能吃这个。远离在地上爬的小怪。「亡者之歌」钢铁范围很大月环范围很小。「诱导之歌」有长距离强制移动+场边扇形。,「混乱の歌」は外周から来る予兆なしの扇範囲です。ターゲット維持を忘れずに。魔獣で受けることはできません。地面を這う雑魚から離れます。「亡者の歌」は円範囲が大きく、ドーナツ範囲の安地は狭めです。「誘導の歌」は長距離の強制移動＋外周扇範囲です。
Beastmaster,SourceReviewed,,,AOE 杀 AOE 杀 麻将顺序为钢铁顺序，先打骑士。,範囲攻撃で雑魚を処理します。AoEの順番を確認し、騎士タイプを優先して倒します。
Beastmaster,SourceReviewed,,,这个一句话怕是说不完哦。留意宝宝位置，小心吃平A。,一言では説明しきれない最終戦です。魔獣の位置を確認し、オートアタックを余計に受けないよう注意してください。
Beastmaster,Species,,,灵蚁,アントリング種
Beastmaster,Species,,,奇美拉,キマイラ種
Beastmaster,Species,,,魔界花,モルボル種
Beastmaster,Species,,,妖魂,ゴースト種
Beastmaster,Species,,,蝾螈,サラマンダー種
Beastmaster,Species,,,眼镜蛇,コブラ種
Beastmaster,Species,,,海德拉,ハイドラ種
Beastmaster,Species,,,灯心蜻蛉,ダムゼルフライ種
Beastmaster,Species,,,腐坏古菩猩猩,ロッティンググゥーブー種
Beastmaster,Species,,,祖,ズー種
Beastmaster,Species,,,寒冰巨像,アイスゴーレム種
Beastmaster,Species,,,真红龙虾,カーラボス種
Beastmaster,Species,,,大王花,ラフレシア種
Beastmaster,Species,,,贝希摩斯,ベヒーモス種
Beastmaster,Species,,,库西,クーシー種
Beastmaster,Species,,,松鼠,スクウィレル種
Beastmaster,Species,,,迷途羊羔,シープ種
Beastmaster,Species,,,陆鱼,プギル種
Beastmaster,Species,,,奥猴,オポオポ種
Beastmaster,Species,,,渡渡鸟,ドードー種
Beastmaster,Species,,,矿爬虫,コブラン種
Beastmaster,Species,,,凶蛛蝎,ダイアマイト種
Beastmaster,Species,,,巨型陆蟹,メガロクラブ種
Beastmaster,Species,,,胡蜂,ヴェスパ種
Beastmaster,Species,,,蔓德拉,マンドラゴラ種
Beastmaster,Species,,,死魂,ゲシュンペスト種
Beastmaster,Species,,,粘液怪,スライム種
Beastmaster,Species,,,陷阱草,トラップ種
Beastmaster,Species,,,席兹,ジズ種
Beastmaster,Species,,,魔石精,スプリガン種
Beastmaster,Species,,,古菩猩猩,グゥーブー種
Beastmaster,Species,,,巨蟾蜍,ギガントード種
Beastmaster,Species,,,长须豹,クァール種
Beastmaster,OfficialActions,,,百虫肤,ヴァイルスキン
Beastmaster,OfficialActions,,,有翼飞掠,クラウドスキム
Beastmaster,OfficialActions,,,草木播种,シードサワー
Beastmaster,OfficialActions,,,水栖波,クェリングウェーブ
Beastmaster,OfficialActions,,,甲鳞肤,スケイルスキン
Beastmaster,OfficialActions,,,咒具碎魂,ソウルクラッシュ
Beastmaster,OfficialActions,,,死尸净化,アッシュクレンズ
Beastmaster,OfficialActions,,,释放：硬质化,はなつ：硬質化
Beastmaster,Captured,,BeginComboPreview,10体,10体
Beastmaster,Captured,,BeginComboPreview,10枠編成,10枠編成
Beastmaster,Captured,,RenderTextWrapped,ActionId：44890 · Lv：18 · 射程：0 · 範囲：0,ActionId：44890 · Lv：18 · 射程：0 · 範囲：0
Beastmaster,Captured,,Text,ActionId：44949 · 等级：0 · 射程：5 · 范围：0,ActionId：44949 · Lv：0 · 射程：5 · 範囲：0
Beastmaster,Captured,,Text,ActionId：44950 · 等级：0 · 射程：15 · 范围：16,ActionId：44950 · Lv：0 · 射程：15 · 範囲：16
Beastmaster,Captured,,Text/RenderTextWrapped,ActionId：44951 · 等级：0 · 射程：25 · 范围：8,ActionId：44951 · Lv：0 · 射程：25 · 範囲：8
Beastmaster,Captured,,Text/RenderTextWrapped,ActionId：44952 · 等级：0 · 射程：8 · 范围：9,ActionId：44952 · Lv：0 · 射程：8 · 範囲：9
Beastmaster,Captured,,RenderTextWrapped,OFF,OFF
Beastmaster,Captured,,RenderTextWrapped,主武器,主武器
Beastmaster,Captured,,RenderText,位置03##party-member-2###位置 03##party-member-2,位置03##party-member-2###位置03##party-member-2
Beastmaster,Captured,,RenderText,位置04##party-member-3###位置 04##party-member-3,位置04##party-member-3###位置04##party-member-3
Beastmaster,Captured,,RenderText,位置05##party-member-4###位置 05##party-member-4,位置05##party-member-4###位置05##party-member-4
Beastmaster,Captured,,RenderText,位置06##party-member-5###位置 06##party-member-5,位置06##party-member-5###位置06##party-member-5
Beastmaster,Captured,,RenderText,位置07##party-member-6###位置 07##party-member-6,位置07##party-member-6###位置07##party-member-6
Beastmaster,Captured,,RenderText,位置08##party-member-7###位置 08##party-member-7,位置08##party-member-7###位置08##party-member-7
Beastmaster,Captured,,RenderText,位置09##party-member-8###位置 09##party-member-8,位置09##party-member-8###位置09##party-member-8
Beastmaster,Captured,,RenderText,位置10##party-member-9###位置 10##party-member-9,位置10##party-member-9###位置10##party-member-9
Beastmaster,Captured,,RenderTextWrapped,利用可能,利用可能
Beastmaster,Captured,,RenderTextWrapped,副武器,副武器
Beastmaster,Captured,,Text/RenderTextWrapped,"吸血 /
超音波","吸血 /
超音波"
Beastmaster,Captured,,Text/RenderTextWrapped,"呪風 /
呪言","呪風 /
呪言"
Beastmaster,Captured,,Text/RenderTextWrapped,最近同步：2026-09-20 03:40:00,最終同期：2026-09-20 03:40:00
Beastmaster,Captured,,RenderTextWrapped,条件1,条件1
Beastmaster,Captured,,RenderTextWrapped,水編成 参考動画：夜風,水編成 参考動画：夜風
Beastmaster,Captured,,BeginComboPreview,自身BUFF,自身BUFF
Beastmaster,Captured,,RenderTextWrapped,魔獣図鑑,魔獣図鑑
Beastmaster,Captured,攻略,Text/RenderTextWrapped,第一步,第1ルート
Beastmaster,Captured,攻略,RenderTextWrapped,第一步,第1ルート
Beastmaster,Captured,攻略,Text,第一步,第1ルート
Beastmaster,Captured,攻略,Text/RenderTextWrapped,第二步,第2ルート
Beastmaster,Captured,攻略,RenderTextWrapped,第二步,第2ルート
Beastmaster,Captured,攻略,Text,第二步,第2ルート
Beastmaster,Captured,攻略,Text/RenderTextWrapped,岔路一左,分岐1・左
Beastmaster,Captured,攻略,RenderTextWrapped,岔路一左,分岐1・左
Beastmaster,Captured,攻略,Text,岔路一左,分岐1・左
Beastmaster,Captured,攻略,Text/RenderTextWrapped,岔路一右,分岐1・右
Beastmaster,Captured,攻略,RenderTextWrapped,岔路一右,分岐1・右
Beastmaster,Captured,攻略,Text,岔路一右,分岐1・右
Beastmaster,Captured,攻略,Text/RenderTextWrapped,第五步,第5ルート
Beastmaster,Captured,攻略,RenderTextWrapped,第五步,第5ルート
Beastmaster,Captured,攻略,Text,第五步,第5ルート
Beastmaster,Captured,攻略,Text/RenderTextWrapped,第六步,第6ルート
Beastmaster,Captured,攻略,RenderTextWrapped,第六步,第6ルート
Beastmaster,Captured,攻略,Text,第六步,第6ルート
Beastmaster,Captured,攻略,Text/RenderTextWrapped,抽牌抽牌,カードマス
Beastmaster,Captured,攻略,RenderTextWrapped,抽牌抽牌,カードマス
Beastmaster,Captured,攻略,Text,抽牌抽牌,カードマス
Beastmaster,Captured,攻略,Text/RenderTextWrapped,最终BOSS,最終BOSS
Beastmaster,Captured,攻略,RenderTextWrapped,最终BOSS,最終BOSS
Beastmaster,Captured,攻略,Text,最终BOSS,最終BOSS
Beastmaster,Captured,攻略,Text/RenderTextWrapped,奇子·游侠骑士,キャバリアー・ピース
Beastmaster,Captured,攻略,RenderTextWrapped,奇子·游侠骑士,キャバリアー・ピース
Beastmaster,Captured,攻略,Text,奇子·游侠骑士,キャバリアー・ピース
Beastmaster,Captured,攻略,Text/RenderTextWrapped,奇子·主教,ビショップ・ピース
Beastmaster,Captured,攻略,RenderTextWrapped,奇子·主教,ビショップ・ピース
Beastmaster,Captured,攻略,Text,奇子·主教,ビショップ・ピース
Beastmaster,Captured,攻略,Text/RenderTextWrapped,奇子·尤弥尔,ユミール・ピース
Beastmaster,Captured,攻略,RenderTextWrapped,奇子·尤弥尔,ユミール・ピース
Beastmaster,Captured,攻略,Text,奇子·尤弥尔,ユミール・ピース
Beastmaster,Captured,攻略,Text/RenderTextWrapped,奇子·鱼人,サハギン・ピース
Beastmaster,Captured,攻略,RenderTextWrapped,奇子·鱼人,サハギン・ピース
Beastmaster,Captured,攻略,Text,奇子·鱼人,サハギン・ピース
Beastmaster,Captured,攻略,Text/RenderTextWrapped,奇子·祖,ズー・ピース
Beastmaster,Captured,攻略,RenderTextWrapped,奇子·祖,ズー・ピース
Beastmaster,Captured,攻略,Text,奇子·祖,ズー・ピース
Beastmaster,Captured,攻略,Text/RenderTextWrapped,奇子·卡托布莱帕斯,カトブレパス・ピース
Beastmaster,Captured,攻略,RenderTextWrapped,奇子·卡托布莱帕斯,カトブレパス・ピース
Beastmaster,Captured,攻略,Text,奇子·卡托布莱帕斯,カトブレパス・ピース
Beastmaster,Captured,攻略,Text/RenderTextWrapped,奇子·巨像,ゴーレム・ピース
Beastmaster,Captured,攻略,RenderTextWrapped,奇子·巨像,ゴーレム・ピース
Beastmaster,Captured,攻略,Text,奇子·巨像,ゴーレム・ピース
Beastmaster,Captured,攻略,Text/RenderTextWrapped,奇子·塞壬,セイレーン・ピース
Beastmaster,Captured,攻略,RenderTextWrapped,奇子·塞壬,セイレーン・ピース
Beastmaster,Captured,攻略,Text,奇子·塞壬,セイレーン・ピース
Beastmaster,Captured,攻略,Text/RenderTextWrapped,奇子·勇士,ウォリアー・ピース
Beastmaster,Captured,攻略,RenderTextWrapped,奇子·勇士,ウォリアー・ピース
Beastmaster,Captured,攻略,Text,奇子·勇士,ウォリアー・ピース
Beastmaster,Captured,攻略,Text/RenderTextWrapped,奇子·仙人刺,サボテンダー・ピース
Beastmaster,Captured,攻略,RenderTextWrapped,奇子·仙人刺,サボテンダー・ピース
Beastmaster,Captured,攻略,Text,奇子·仙人刺,サボテンダー・ピース
Beastmaster,Captured,攻略,Text/RenderTextWrapped,奇子·士兵,ソルジャー・ピース
Beastmaster,Captured,攻略,RenderTextWrapped,奇子·士兵,ソルジャー・ピース
Beastmaster,Captured,攻略,Text,奇子·士兵,ソルジャー・ピース
Beastmaster,Captured,攻略,Text/RenderTextWrapped,奇子·守卫,ガード・ピース
Beastmaster,Captured,攻略,RenderTextWrapped,奇子·守卫,ガード・ピース
Beastmaster,Captured,攻略,Text,奇子·守卫,ガード・ピース
Beastmaster,Captured,攻略,Text/RenderTextWrapped,奇子·塔纳托斯,タナトス・ピース
Beastmaster,Captured,攻略,RenderTextWrapped,奇子·塔纳托斯,タナトス・ピース
Beastmaster,Captured,攻略,Text,奇子·塔纳托斯,タナトス・ピース
Beastmaster,Captured,攻略,Text/RenderTextWrapped,贪食无厌 加特勒,貪食のガトラー
Beastmaster,Captured,攻略,RenderTextWrapped,贪食无厌 加特勒,貪食のガトラー
Beastmaster,Captured,攻略,Text,贪食无厌 加特勒,貪食のガトラー
Beastmaster,Captured,闘獣攻略,Text/RenderTextWrapped,骑士会不断召唤小怪，击杀小怪时请保证每次骑士读条「幻影生成」时可连线的球不超过四个。生成的幻影在场内为超大钢铁，在场边为直线。,ナイトが雑魚を召喚し続けます。「幻影生成」の詠唱時に、線でつながる球が4個を超えないよう雑魚を処理します。幻影が場内なら巨大円範囲、外周なら直線攻撃です。
Beastmaster,Captured,闘獣攻略,RenderTextWrapped,骑士会不断召唤小怪，击杀小怪时请保证每次骑士读条「幻影生成」时可连线的球不超过四个。生成的幻影在场内为超大钢铁，在场边为直线。,ナイトが雑魚を召喚し続けます。「幻影生成」の詠唱時に、線でつながる球が4個を超えないよう雑魚を処理します。幻影が場内なら巨大円範囲、外周なら直線攻撃です。
Beastmaster,Captured,闘獣攻略,Text,骑士会不断召唤小怪，击杀小怪时请保证每次骑士读条「幻影生成」时可连线的球不超过四个。生成的幻影在场内为超大钢铁，在场边为直线。,ナイトが雑魚を召喚し続けます。「幻影生成」の詠唱時に、線でつながる球が4個を超えないよう雑魚を処理します。幻影が場内なら巨大円範囲、外周なら直線攻撃です。
Beastmaster,Captured,闘獣攻略,Text/RenderTextWrapped,输出够可尝试在鱼人读条「麻痹尖刺」前将鱼人击杀，读完后鱼人会有反伤；输出不够则先打碎壳子、然后使用止步宝宝对尤弥尔进行输出。鱼人「恐慌洗礼」会附加恐慌（宝宝可以帮吃）。大海啸的击退距离很长，记得跑路。,火力が足りるならサハギンの「麻痺の棘」詠唱前に倒します。詠唱後は反射状態になります。火力不足なら先に殻を壊し、魔獣を止めながらユミールを攻撃します。「恐慌の洗礼」は恐慌を付与。大海嘯のノックバック距離が長いので早めに移動します。
Beastmaster,Captured,闘獣攻略,RenderTextWrapped,输出够可尝试在鱼人读条「麻痹尖刺」前将鱼人击杀，读完后鱼人会有反伤；输出不够则先打碎壳子、然后使用止步宝宝对尤弥尔进行输出。鱼人「恐慌洗礼」会附加恐慌（宝宝可以帮吃）。大海啸的击退距离很长，记得跑路。,火力が足りるならサハギンの「麻痺の棘」詠唱前に倒します。詠唱後は反射状態になります。火力不足なら先に殻を壊し、魔獣を止めながらユミールを攻撃します。「恐慌の洗礼」は恐慌を付与。大海嘯のノックバック距離が長いので早めに移動します。
Beastmaster,Captured,闘獣攻略,Text,输出够可尝试在鱼人读条「麻痹尖刺」前将鱼人击杀，读完后鱼人会有反伤；输出不够则先打碎壳子、然后使用止步宝宝对尤弥尔进行输出。鱼人「恐慌洗礼」会附加恐慌（宝宝可以帮吃）。大海啸的击退距离很长，记得跑路。,火力が足りるならサハギンの「麻痺の棘」詠唱前に倒します。詠唱後は反射状態になります。火力不足なら先に殻を壊し、魔獣を止めながらユミールを攻撃します。「恐慌の洗礼」は恐慌を付与。大海嘯のノックバック距離が長いので早めに移動します。
Beastmaster,Captured,闘獣攻略,Text/RenderTextWrapped,吃机制时注意不要打碎蛋，正常孵化的就杀掉。「前方/后方乱流」注意刀的方向就行。,ギミック処理中に卵を壊さないよう注意。通常孵化したヒナは倒します。「前方／後方乱流」は攻撃方向を見て回避します。
Beastmaster,Captured,闘獣攻略,RenderTextWrapped,吃机制时注意不要打碎蛋，正常孵化的就杀掉。「前方/后方乱流」注意刀的方向就行。,ギミック処理中に卵を壊さないよう注意。通常孵化したヒナは倒します。「前方／後方乱流」は攻撃方向を見て回避します。
Beastmaster,Captured,闘獣攻略,Text,吃机制时注意不要打碎蛋，正常孵化的就杀掉。「前方/后方乱流」注意刀的方向就行。,ギミック処理中に卵を壊さないよう注意。通常孵化したヒナは倒します。「前方／後方乱流」は攻撃方向を見て回避します。
Beastmaster,Captured,攻略,Text/RenderTextWrapped,召唤出的魔球有环就是月环没环就是钢铁，有眼睛的球炸的时候要背对。,召喚された魔球は、輪があればドーナツ範囲、輪がなければ円範囲です。目の付いた球が爆発する時は背を向けます。
Beastmaster,Captured,攻略,RenderTextWrapped,召唤出的魔球有环就是月环没环就是钢铁，有眼睛的球炸的时候要背对。,召喚された魔球は、輪があればドーナツ範囲、輪がなければ円範囲です。目の付いた球が爆発する時は背を向けます。
Beastmaster,Captured,攻略,Text,召唤出的魔球有环就是月环没环就是钢铁，有眼睛的球炸的时候要背对。,召喚された魔球は、輪があればドーナツ範囲、輪がなければ円範囲です。目の付いた球が爆発する時は背を向けます。
Beastmaster,Captured,攻略,Text/RenderTextWrapped,尽快击杀小怪，「沙尘暴」的使命可以让宝宝吃（真伙伴哈哈）。「大地摇动」是扇形攻击，要和宝宝离得远一点哦。,雑魚は早めに処理します。「砂塵暴」は魔獣に受けさせることもできます。「大地の揺動」は扇範囲なので、魔獣と距離を取って処理します。
Beastmaster,Captured,攻略,RenderTextWrapped,尽快击杀小怪，「沙尘暴」的使命可以让宝宝吃（真伙伴哈哈）。「大地摇动」是扇形攻击，要和宝宝离得远一点哦。,雑魚は早めに処理します。「砂塵暴」は魔獣に受けさせることもできます。「大地の揺動」は扇範囲なので、魔獣と距離を取って処理します。
Beastmaster,Captured,攻略,Text,尽快击杀小怪，「沙尘暴」的使命可以让宝宝吃（真伙伴哈哈）。「大地摇动」是扇形攻击，要和宝宝离得远一点哦。,雑魚は早めに処理します。「砂塵暴」は魔獣に受けさせることもできます。「大地の揺動」は扇範囲なので、魔獣と距離を取って処理します。
Beastmaster,Captured,闘獣攻略,Text/RenderTextWrapped,「混乱之歌」场边无范围提示扇形，记得挑衅，宝宝也不能吃这个。远离在地上爬的小怪。「亡者之歌」钢铁范围很大月环范围很小。「诱导之歌」有长距离强制移动+场边扇形。,「混乱の歌」は外周から来る予兆なしの扇範囲です。魔獣では受けられません。地面を這う雑魚から離れます。「亡者の歌」は円範囲が大きく、ドーナツ安地は狭め。「誘導の歌」は長距離強制移動＋外周扇範囲です。
Beastmaster,Captured,闘獣攻略,RenderTextWrapped,「混乱之歌」场边无范围提示扇形，记得挑衅，宝宝也不能吃这个。远离在地上爬的小怪。「亡者之歌」钢铁范围很大月环范围很小。「诱导之歌」有长距离强制移动+场边扇形。,「混乱の歌」は外周から来る予兆なしの扇範囲です。魔獣では受けられません。地面を這う雑魚から離れます。「亡者の歌」は円範囲が大きく、ドーナツ安地は狭め。「誘導の歌」は長距離強制移動＋外周扇範囲です。
Beastmaster,Captured,闘獣攻略,Text,「混乱之歌」场边无范围提示扇形，记得挑衅，宝宝也不能吃这个。远离在地上爬的小怪。「亡者之歌」钢铁范围很大月环范围很小。「诱导之歌」有长距离强制移动+场边扇形。,「混乱の歌」は外周から来る予兆なしの扇範囲です。魔獣では受けられません。地面を這う雑魚から離れます。「亡者の歌」は円範囲が大きく、ドーナツ安地は狭め。「誘導の歌」は長距離強制移動＋外周扇範囲です。
Beastmaster,Captured,攻略,Text/RenderTextWrapped,AOE 杀 AOE 杀 麻将顺序为钢铁顺序，先打骑士。,範囲攻撃で雑魚を処理します。AoEの順番を確認し、騎士タイプを優先して倒します。
Beastmaster,Captured,攻略,RenderTextWrapped,AOE 杀 AOE 杀 麻将顺序为钢铁顺序，先打骑士。,範囲攻撃で雑魚を処理します。AoEの順番を確認し、騎士タイプを優先して倒します。
Beastmaster,Captured,攻略,Text,AOE 杀 AOE 杀 麻将顺序为钢铁顺序，先打骑士。,範囲攻撃で雑魚を処理します。AoEの順番を確認し、騎士タイプを優先して倒します。
Beastmaster,Captured,攻略,Text/RenderTextWrapped,这个一句话怕是说不完哦。留意宝宝位置，小心吃平A。,一言では説明しきれない最終戦です。魔獣の位置を確認し、オートアタックを余計に受けないよう注意してください。
Beastmaster,Captured,攻略,RenderTextWrapped,这个一句话怕是说不完哦。留意宝宝位置，小心吃平A。,一言では説明しきれない最終戦です。魔獣の位置を確認し、オートアタックを余計に受けないよう注意してください。
Beastmaster,Captured,攻略,Text,这个一句话怕是说不完哦。留意宝宝位置，小心吃平A。,一言では説明しきれない最終戦です。魔獣の位置を確認し、オートアタックを余計に受けないよう注意してください。
Beastmaster,Captured,攻略,Text/RenderTextWrapped,BOSS：奇子·游侠骑士,BOSS：キャバリアー・ピース
Beastmaster,Captured,攻略,RenderTextWrapped,BOSS：奇子·游侠骑士,BOSS：キャバリアー・ピース
Beastmaster,Captured,攻略,Text,BOSS：奇子·游侠骑士,BOSS：キャバリアー・ピース
Beastmaster,Captured,攻略,Text/RenderTextWrapped,BOSS:奇子·游侠骑士,BOSS：キャバリアー・ピース
Beastmaster,Captured,攻略,RenderTextWrapped,BOSS:奇子·游侠骑士,BOSS：キャバリアー・ピース
Beastmaster,Captured,攻略,Text,BOSS:奇子·游侠骑士,BOSS：キャバリアー・ピース
Beastmaster,Captured,攻略,Text/RenderTextWrapped,BOSS：奇子·主教,BOSS：ビショップ・ピース
Beastmaster,Captured,攻略,RenderTextWrapped,BOSS：奇子·主教,BOSS：ビショップ・ピース
Beastmaster,Captured,攻略,Text,BOSS：奇子·主教,BOSS：ビショップ・ピース
Beastmaster,Captured,攻略,Text/RenderTextWrapped,BOSS:奇子·主教,BOSS：ビショップ・ピース
Beastmaster,Captured,攻略,RenderTextWrapped,BOSS:奇子·主教,BOSS：ビショップ・ピース
Beastmaster,Captured,攻略,Text,BOSS:奇子·主教,BOSS：ビショップ・ピース
Beastmaster,Captured,攻略,Text/RenderTextWrapped,BOSS：奇子·尤弥尔,BOSS：ユミール・ピース
Beastmaster,Captured,攻略,RenderTextWrapped,BOSS：奇子·尤弥尔,BOSS：ユミール・ピース
Beastmaster,Captured,攻略,Text,BOSS：奇子·尤弥尔,BOSS：ユミール・ピース
Beastmaster,Captured,攻略,Text/RenderTextWrapped,BOSS:奇子·尤弥尔,BOSS：ユミール・ピース
Beastmaster,Captured,攻略,RenderTextWrapped,BOSS:奇子·尤弥尔,BOSS：ユミール・ピース
Beastmaster,Captured,攻略,Text,BOSS:奇子·尤弥尔,BOSS：ユミール・ピース
Beastmaster,Captured,攻略,Text/RenderTextWrapped,BOSS：奇子·鱼人,BOSS：サハギン・ピース
Beastmaster,Captured,攻略,RenderTextWrapped,BOSS：奇子·鱼人,BOSS：サハギン・ピース
Beastmaster,Captured,攻略,Text,BOSS：奇子·鱼人,BOSS：サハギン・ピース
Beastmaster,Captured,攻略,Text/RenderTextWrapped,BOSS:奇子·鱼人,BOSS：サハギン・ピース
Beastmaster,Captured,攻略,RenderTextWrapped,BOSS:奇子·鱼人,BOSS：サハギン・ピース
Beastmaster,Captured,攻略,Text,BOSS:奇子·鱼人,BOSS：サハギン・ピース
Beastmaster,Captured,攻略,Text/RenderTextWrapped,BOSS：奇子·祖,BOSS：ズー・ピース
Beastmaster,Captured,攻略,RenderTextWrapped,BOSS：奇子·祖,BOSS：ズー・ピース
Beastmaster,Captured,攻略,Text,BOSS：奇子·祖,BOSS：ズー・ピース
Beastmaster,Captured,攻略,Text/RenderTextWrapped,BOSS:奇子·祖,BOSS：ズー・ピース
Beastmaster,Captured,攻略,RenderTextWrapped,BOSS:奇子·祖,BOSS：ズー・ピース
Beastmaster,Captured,攻略,Text,BOSS:奇子·祖,BOSS：ズー・ピース
Beastmaster,Captured,攻略,Text/RenderTextWrapped,BOSS：奇子·卡托布莱帕斯,BOSS：カトブレパス・ピース
Beastmaster,Captured,攻略,RenderTextWrapped,BOSS：奇子·卡托布莱帕斯,BOSS：カトブレパス・ピース
Beastmaster,Captured,攻略,Text,BOSS：奇子·卡托布莱帕斯,BOSS：カトブレパス・ピース
Beastmaster,Captured,攻略,Text/RenderTextWrapped,BOSS:奇子·卡托布莱帕斯,BOSS：カトブレパス・ピース
Beastmaster,Captured,攻略,RenderTextWrapped,BOSS:奇子·卡托布莱帕斯,BOSS：カトブレパス・ピース
Beastmaster,Captured,攻略,Text,BOSS:奇子·卡托布莱帕斯,BOSS：カトブレパス・ピース
Beastmaster,Captured,攻略,Text/RenderTextWrapped,BOSS：奇子·巨像,BOSS：ゴーレム・ピース
Beastmaster,Captured,攻略,RenderTextWrapped,BOSS：奇子·巨像,BOSS：ゴーレム・ピース
Beastmaster,Captured,攻略,Text,BOSS：奇子·巨像,BOSS：ゴーレム・ピース
Beastmaster,Captured,攻略,Text/RenderTextWrapped,BOSS:奇子·巨像,BOSS：ゴーレム・ピース
Beastmaster,Captured,攻略,RenderTextWrapped,BOSS:奇子·巨像,BOSS：ゴーレム・ピース
Beastmaster,Captured,攻略,Text,BOSS:奇子·巨像,BOSS：ゴーレム・ピース
Beastmaster,Captured,攻略,Text/RenderTextWrapped,BOSS：奇子·塞壬,BOSS：セイレーン・ピース
Beastmaster,Captured,攻略,RenderTextWrapped,BOSS：奇子·塞壬,BOSS：セイレーン・ピース
Beastmaster,Captured,攻略,Text,BOSS：奇子·塞壬,BOSS：セイレーン・ピース
Beastmaster,Captured,攻略,Text/RenderTextWrapped,BOSS:奇子·塞壬,BOSS：セイレーン・ピース
Beastmaster,Captured,攻略,RenderTextWrapped,BOSS:奇子·塞壬,BOSS：セイレーン・ピース
Beastmaster,Captured,攻略,Text,BOSS:奇子·塞壬,BOSS：セイレーン・ピース
Beastmaster,Captured,攻略,Text/RenderTextWrapped,BOSS：奇子·勇士,BOSS：ウォリアー・ピース
Beastmaster,Captured,攻略,RenderTextWrapped,BOSS：奇子·勇士,BOSS：ウォリアー・ピース
Beastmaster,Captured,攻略,Text,BOSS：奇子·勇士,BOSS：ウォリアー・ピース
Beastmaster,Captured,攻略,Text/RenderTextWrapped,BOSS:奇子·勇士,BOSS：ウォリアー・ピース
Beastmaster,Captured,攻略,RenderTextWrapped,BOSS:奇子·勇士,BOSS：ウォリアー・ピース
Beastmaster,Captured,攻略,Text,BOSS:奇子·勇士,BOSS：ウォリアー・ピース
Beastmaster,Captured,攻略,Text/RenderTextWrapped,BOSS：奇子·仙人刺,BOSS：サボテンダー・ピース
Beastmaster,Captured,攻略,RenderTextWrapped,BOSS：奇子·仙人刺,BOSS：サボテンダー・ピース
Beastmaster,Captured,攻略,Text,BOSS：奇子·仙人刺,BOSS：サボテンダー・ピース
Beastmaster,Captured,攻略,Text/RenderTextWrapped,BOSS:奇子·仙人刺,BOSS：サボテンダー・ピース
Beastmaster,Captured,攻略,RenderTextWrapped,BOSS:奇子·仙人刺,BOSS：サボテンダー・ピース
Beastmaster,Captured,攻略,Text,BOSS:奇子·仙人刺,BOSS：サボテンダー・ピース
Beastmaster,Captured,攻略,Text/RenderTextWrapped,BOSS：奇子·士兵,BOSS：ソルジャー・ピース
Beastmaster,Captured,攻略,RenderTextWrapped,BOSS：奇子·士兵,BOSS：ソルジャー・ピース
Beastmaster,Captured,攻略,Text,BOSS：奇子·士兵,BOSS：ソルジャー・ピース
Beastmaster,Captured,攻略,Text/RenderTextWrapped,BOSS:奇子·士兵,BOSS：ソルジャー・ピース
Beastmaster,Captured,攻略,RenderTextWrapped,BOSS:奇子·士兵,BOSS：ソルジャー・ピース
Beastmaster,Captured,攻略,Text,BOSS:奇子·士兵,BOSS：ソルジャー・ピース
Beastmaster,Captured,攻略,Text/RenderTextWrapped,BOSS：奇子·守卫,BOSS：ガード・ピース
Beastmaster,Captured,攻略,RenderTextWrapped,BOSS：奇子·守卫,BOSS：ガード・ピース
Beastmaster,Captured,攻略,Text,BOSS：奇子·守卫,BOSS：ガード・ピース
Beastmaster,Captured,攻略,Text/RenderTextWrapped,BOSS:奇子·守卫,BOSS：ガード・ピース
Beastmaster,Captured,攻略,RenderTextWrapped,BOSS:奇子·守卫,BOSS：ガード・ピース
Beastmaster,Captured,攻略,Text,BOSS:奇子·守卫,BOSS：ガード・ピース
Beastmaster,Captured,攻略,Text/RenderTextWrapped,BOSS：奇子·塔纳托斯,BOSS：タナトス・ピース
Beastmaster,Captured,攻略,RenderTextWrapped,BOSS：奇子·塔纳托斯,BOSS：タナトス・ピース
Beastmaster,Captured,攻略,Text,BOSS：奇子·塔纳托斯,BOSS：タナトス・ピース
Beastmaster,Captured,攻略,Text/RenderTextWrapped,BOSS:奇子·塔纳托斯,BOSS：タナトス・ピース
Beastmaster,Captured,攻略,RenderTextWrapped,BOSS:奇子·塔纳托斯,BOSS：タナトス・ピース
Beastmaster,Captured,攻略,Text,BOSS:奇子·塔纳托斯,BOSS：タナトス・ピース
Beastmaster,Captured,攻略,Text/RenderTextWrapped,BOSS：贪食无厌 加特勒,BOSS：貪食のガトラー
Beastmaster,Captured,攻略,RenderTextWrapped,BOSS：贪食无厌 加特勒,BOSS：貪食のガトラー
Beastmaster,Captured,攻略,Text,BOSS：贪食无厌 加特勒,BOSS：貪食のガトラー
Beastmaster,Captured,攻略,Text/RenderTextWrapped,BOSS:贪食无厌 加特勒,BOSS：貪食のガトラー
Beastmaster,Captured,攻略,RenderTextWrapped,BOSS:贪食无厌 加特勒,BOSS：貪食のガトラー
Beastmaster,Captured,攻略,Text,BOSS:贪食无厌 加特勒,BOSS：貪食のガトラー
Beastmaster,Captured,闘獣攻略,Text/RenderTextWrapped,机制：骑士会不断召唤小怪，击杀小怪时请保证每次骑士读条「幻影生成」时可连线的球不超过四个。生成的幻影在场内为超大钢铁，在场边为直线。,ギミック：ナイトが雑魚を召喚し続けます。「幻影生成」の詠唱時に、線でつながる球が4個を超えないよう雑魚を処理します。幻影が場内なら巨大円範囲、外周なら直線攻撃です。
Beastmaster,Captured,闘獣攻略,RenderTextWrapped,机制：骑士会不断召唤小怪，击杀小怪时请保证每次骑士读条「幻影生成」时可连线的球不超过四个。生成的幻影在场内为超大钢铁，在场边为直线。,ギミック：ナイトが雑魚を召喚し続けます。「幻影生成」の詠唱時に、線でつながる球が4個を超えないよう雑魚を処理します。幻影が場内なら巨大円範囲、外周なら直線攻撃です。
Beastmaster,Captured,闘獣攻略,Text,机制：骑士会不断召唤小怪，击杀小怪时请保证每次骑士读条「幻影生成」时可连线的球不超过四个。生成的幻影在场内为超大钢铁，在场边为直线。,ギミック：ナイトが雑魚を召喚し続けます。「幻影生成」の詠唱時に、線でつながる球が4個を超えないよう雑魚を処理します。幻影が場内なら巨大円範囲、外周なら直線攻撃です。
Beastmaster,Captured,攻略,Text/RenderTextWrapped,机制:骑士会不断召唤小怪，击杀小怪时请保证每次骑士读条「幻影生成」时可连线的球不超过四个。生成的幻影在场内为超大钢铁，在场边为直线。,ギミック：騎士は雑魚を継続的に召喚します。騎士が「幻影生成」を詠唱する時、線で結ばれる球が4個を超えないよう雑魚を処理します。生成された幻影が場内なら巨大円範囲、外周なら直線範囲になります。
Beastmaster,Captured,攻略,RenderTextWrapped,机制:骑士会不断召唤小怪，击杀小怪时请保证每次骑士读条「幻影生成」时可连线的球不超过四个。生成的幻影在场内为超大钢铁，在场边为直线。,ギミック：騎士は雑魚を継続的に召喚します。騎士が「幻影生成」を詠唱する時、線で結ばれる球が4個を超えないよう雑魚を処理します。生成された幻影が場内なら巨大円範囲、外周なら直線範囲になります。
Beastmaster,Captured,攻略,Text,机制:骑士会不断召唤小怪，击杀小怪时请保证每次骑士读条「幻影生成」时可连线的球不超过四个。生成的幻影在场内为超大钢铁，在场边为直线。,ギミック：騎士は雑魚を継続的に召喚します。騎士が「幻影生成」を詠唱する時、線で結ばれる球が4個を超えないよう雑魚を処理します。生成された幻影が場内なら巨大円範囲、外周なら直線範囲になります。
Beastmaster,Captured,闘獣攻略,Text/RenderTextWrapped,机制：输出够可尝试在鱼人读条「麻痹尖刺」前将鱼人击杀，读完后鱼人会有反伤；输出不够则先打碎壳子、然后使用止步宝宝对尤弥尔进行输出。鱼人「恐慌洗礼」会附加恐慌（宝宝可以帮吃）。大海啸的击退距离很长，记得跑路。,ギミック：火力が足りるならサハギンの「麻痺の棘」詠唱前に倒します。詠唱後は反射状態になります。火力不足なら先に殻を壊し、魔獣を止めながらユミールを攻撃します。「恐慌の洗礼」は恐慌を付与。大海嘯のノックバック距離が長いので早めに移動します。
Beastmaster,Captured,闘獣攻略,RenderTextWrapped,机制：输出够可尝试在鱼人读条「麻痹尖刺」前将鱼人击杀，读完后鱼人会有反伤；输出不够则先打碎壳子、然后使用止步宝宝对尤弥尔进行输出。鱼人「恐慌洗礼」会附加恐慌（宝宝可以帮吃）。大海啸的击退距离很长，记得跑路。,ギミック：火力が足りるならサハギンの「麻痺の棘」詠唱前に倒します。詠唱後は反射状態になります。火力不足なら先に殻を壊し、魔獣を止めながらユミールを攻撃します。「恐慌の洗礼」は恐慌を付与。大海嘯のノックバック距離が長いので早めに移動します。
Beastmaster,Captured,闘獣攻略,Text,机制：输出够可尝试在鱼人读条「麻痹尖刺」前将鱼人击杀，读完后鱼人会有反伤；输出不够则先打碎壳子、然后使用止步宝宝对尤弥尔进行输出。鱼人「恐慌洗礼」会附加恐慌（宝宝可以帮吃）。大海啸的击退距离很长，记得跑路。,ギミック：火力が足りるならサハギンの「麻痺の棘」詠唱前に倒します。詠唱後は反射状態になります。火力不足なら先に殻を壊し、魔獣を止めながらユミールを攻撃します。「恐慌の洗礼」は恐慌を付与。大海嘯のノックバック距離が長いので早めに移動します。
Beastmaster,Captured,攻略,Text/RenderTextWrapped,机制:输出够可尝试在鱼人读条「麻痹尖刺」前将鱼人击杀，读完后鱼人会有反伤；输出不够则先打碎壳子、然后使用止步宝宝对尤弥尔进行输出。鱼人「恐慌洗礼」会附加恐慌（宝宝可以帮吃）。大海啸的击退距离很长，记得跑路。,ギミック：火力が足りるなら、サハギンが「パライズスパイク」を詠唱する前に倒します。詠唱後は反撃効果が付くため注意。火力が足りない場合はユミールの殻を壊し、バインド役の魔獣で足止めして攻撃します。「恐慌洗礼」は恐慌を付与します。大海嘯はノックバック距離が長いので、早めに移動してください。
Beastmaster,Captured,攻略,RenderTextWrapped,机制:输出够可尝试在鱼人读条「麻痹尖刺」前将鱼人击杀，读完后鱼人会有反伤；输出不够则先打碎壳子、然后使用止步宝宝对尤弥尔进行输出。鱼人「恐慌洗礼」会附加恐慌（宝宝可以帮吃）。大海啸的击退距离很长，记得跑路。,ギミック：火力が足りるなら、サハギンが「パライズスパイク」を詠唱する前に倒します。詠唱後は反撃効果が付くため注意。火力が足りない場合はユミールの殻を壊し、バインド役の魔獣で足止めして攻撃します。「恐慌洗礼」は恐慌を付与します。大海嘯はノックバック距離が長いので、早めに移動してください。
Beastmaster,Captured,攻略,Text,机制:输出够可尝试在鱼人读条「麻痹尖刺」前将鱼人击杀，读完后鱼人会有反伤；输出不够则先打碎壳子、然后使用止步宝宝对尤弥尔进行输出。鱼人「恐慌洗礼」会附加恐慌（宝宝可以帮吃）。大海啸的击退距离很长，记得跑路。,ギミック：火力が足りるなら、サハギンが「パライズスパイク」を詠唱する前に倒します。詠唱後は反撃効果が付くため注意。火力が足りない場合はユミールの殻を壊し、バインド役の魔獣で足止めして攻撃します。「恐慌洗礼」は恐慌を付与します。大海嘯はノックバック距離が長いので、早めに移動してください。
Beastmaster,Captured,闘獣攻略,Text/RenderTextWrapped,机制：吃机制时注意不要打碎蛋，正常孵化的就杀掉。「前方/后方乱流」注意刀的方向就行。,ギミック：ギミック処理中に卵を壊さないよう注意。通常孵化したヒナは倒します。「前方／後方乱流」は攻撃方向を見て回避します。
Beastmaster,Captured,闘獣攻略,RenderTextWrapped,机制：吃机制时注意不要打碎蛋，正常孵化的就杀掉。「前方/后方乱流」注意刀的方向就行。,ギミック：ギミック処理中に卵を壊さないよう注意。通常孵化したヒナは倒します。「前方／後方乱流」は攻撃方向を見て回避します。
Beastmaster,Captured,闘獣攻略,Text,机制：吃机制时注意不要打碎蛋，正常孵化的就杀掉。「前方/后方乱流」注意刀的方向就行。,ギミック：ギミック処理中に卵を壊さないよう注意。通常孵化したヒナは倒します。「前方／後方乱流」は攻撃方向を見て回避します。
Beastmaster,Captured,攻略,Text/RenderTextWrapped,机制:吃机制时注意不要打碎蛋，正常孵化的就杀掉。「前方/后方乱流」注意刀的方向就行。,ギミック：ギミック処理中は卵を壊さないよう注意し、正常に孵化した雑魚だけ倒します。「前方／後方乱流」は攻撃方向を見て回避します。
Beastmaster,Captured,攻略,RenderTextWrapped,机制:吃机制时注意不要打碎蛋，正常孵化的就杀掉。「前方/后方乱流」注意刀的方向就行。,ギミック：ギミック処理中は卵を壊さないよう注意し、正常に孵化した雑魚だけ倒します。「前方／後方乱流」は攻撃方向を見て回避します。
Beastmaster,Captured,攻略,Text,机制:吃机制时注意不要打碎蛋，正常孵化的就杀掉。「前方/后方乱流」注意刀的方向就行。,ギミック：ギミック処理中は卵を壊さないよう注意し、正常に孵化した雑魚だけ倒します。「前方／後方乱流」は攻撃方向を見て回避します。
Beastmaster,Captured,攻略,Text/RenderTextWrapped,机制：召唤出的魔球有环就是月环没环就是钢铁，有眼睛的球炸的时候要背对。,ギミック：召喚された魔球は、輪があればドーナツ範囲、輪がなければ円範囲です。目の付いた球が爆発する時は背を向けます。
Beastmaster,Captured,攻略,RenderTextWrapped,机制：召唤出的魔球有环就是月环没环就是钢铁，有眼睛的球炸的时候要背对。,ギミック：召喚された魔球は、輪があればドーナツ範囲、輪がなければ円範囲です。目の付いた球が爆発する時は背を向けます。
Beastmaster,Captured,攻略,Text,机制：召唤出的魔球有环就是月环没环就是钢铁，有眼睛的球炸的时候要背对。,ギミック：召喚された魔球は、輪があればドーナツ範囲、輪がなければ円範囲です。目の付いた球が爆発する時は背を向けます。
Beastmaster,Captured,攻略,Text/RenderTextWrapped,机制:召唤出的魔球有环就是月环没环就是钢铁，有眼睛的球炸的时候要背对。,ギミック：召喚された魔球は、輪があればドーナツ範囲、輪がなければ円範囲です。目の付いた球が爆発する時は背を向けます。
Beastmaster,Captured,攻略,RenderTextWrapped,机制:召唤出的魔球有环就是月环没环就是钢铁，有眼睛的球炸的时候要背对。,ギミック：召喚された魔球は、輪があればドーナツ範囲、輪がなければ円範囲です。目の付いた球が爆発する時は背を向けます。
Beastmaster,Captured,攻略,Text,机制:召唤出的魔球有环就是月环没环就是钢铁，有眼睛的球炸的时候要背对。,ギミック：召喚された魔球は、輪があればドーナツ範囲、輪がなければ円範囲です。目の付いた球が爆発する時は背を向けます。
Beastmaster,Captured,攻略,Text/RenderTextWrapped,机制：尽快击杀小怪，「沙尘暴」的使命可以让宝宝吃（真伙伴哈哈）。「大地摇动」是扇形攻击，要和宝宝离得远一点哦。,ギミック：雑魚は早めに処理します。「砂塵暴」は魔獣に受けさせることもできます。「大地の揺動」は扇範囲なので、魔獣と距離を取って処理します。
Beastmaster,Captured,攻略,RenderTextWrapped,机制：尽快击杀小怪，「沙尘暴」的使命可以让宝宝吃（真伙伴哈哈）。「大地摇动」是扇形攻击，要和宝宝离得远一点哦。,ギミック：雑魚は早めに処理します。「砂塵暴」は魔獣に受けさせることもできます。「大地の揺動」は扇範囲なので、魔獣と距離を取って処理します。
Beastmaster,Captured,攻略,Text,机制：尽快击杀小怪，「沙尘暴」的使命可以让宝宝吃（真伙伴哈哈）。「大地摇动」是扇形攻击，要和宝宝离得远一点哦。,ギミック：雑魚は早めに処理します。「砂塵暴」は魔獣に受けさせることもできます。「大地の揺動」は扇範囲なので、魔獣と距離を取って処理します。
Beastmaster,Captured,攻略,Text/RenderTextWrapped,机制:尽快击杀小怪，「沙尘暴」的使命可以让宝宝吃（真伙伴哈哈）。「大地摇动」是扇形攻击，要和宝宝离得远一点哦。,ギミック：雑魚は早めに処理します。「砂塵暴」は魔獣に受けさせることもできます。「大地の揺動」は扇範囲なので、魔獣と距離を取って処理します。
Beastmaster,Captured,攻略,RenderTextWrapped,机制:尽快击杀小怪，「沙尘暴」的使命可以让宝宝吃（真伙伴哈哈）。「大地摇动」是扇形攻击，要和宝宝离得远一点哦。,ギミック：雑魚は早めに処理します。「砂塵暴」は魔獣に受けさせることもできます。「大地の揺動」は扇範囲なので、魔獣と距離を取って処理します。
Beastmaster,Captured,攻略,Text,机制:尽快击杀小怪，「沙尘暴」的使命可以让宝宝吃（真伙伴哈哈）。「大地摇动」是扇形攻击，要和宝宝离得远一点哦。,ギミック：雑魚は早めに処理します。「砂塵暴」は魔獣に受けさせることもできます。「大地の揺動」は扇範囲なので、魔獣と距離を取って処理します。
Beastmaster,Captured,闘獣攻略,Text/RenderTextWrapped,机制：「混乱之歌」场边无范围提示扇形，记得挑衅，宝宝也不能吃这个。远离在地上爬的小怪。「亡者之歌」钢铁范围很大月环范围很小。「诱导之歌」有长距离强制移动+场边扇形。,ギミック：「混乱の歌」は外周から来る予兆なしの扇範囲です。魔獣では受けられません。地面を這う雑魚から離れます。「亡者の歌」は円範囲が大きく、ドーナツ安地は狭め。「誘導の歌」は長距離強制移動＋外周扇範囲です。
Beastmaster,Captured,闘獣攻略,RenderTextWrapped,机制：「混乱之歌」场边无范围提示扇形，记得挑衅，宝宝也不能吃这个。远离在地上爬的小怪。「亡者之歌」钢铁范围很大月环范围很小。「诱导之歌」有长距离强制移动+场边扇形。,ギミック：「混乱の歌」は外周から来る予兆なしの扇範囲です。魔獣では受けられません。地面を這う雑魚から離れます。「亡者の歌」は円範囲が大きく、ドーナツ安地は狭め。「誘導の歌」は長距離強制移動＋外周扇範囲です。
Beastmaster,Captured,闘獣攻略,Text,机制：「混乱之歌」场边无范围提示扇形，记得挑衅，宝宝也不能吃这个。远离在地上爬的小怪。「亡者之歌」钢铁范围很大月环范围很小。「诱导之歌」有长距离强制移动+场边扇形。,ギミック：「混乱の歌」は外周から来る予兆なしの扇範囲です。魔獣では受けられません。地面を這う雑魚から離れます。「亡者の歌」は円範囲が大きく、ドーナツ安地は狭め。「誘導の歌」は長距離強制移動＋外周扇範囲です。
Beastmaster,Captured,攻略,Text/RenderTextWrapped,机制:「混乱之歌」场边无范围提示扇形，记得挑衅，宝宝也不能吃这个。远离在地上爬的小怪。「亡者之歌」钢铁范围很大月环范围很小。「诱导之歌」有长距离强制移动+场边扇形。,ギミック：「混乱の歌」は外周から来る予兆なしの扇範囲です。ターゲット維持を忘れずに。魔獣で受けることはできません。地面を這う雑魚から離れます。「亡者の歌」は円範囲が大きく、ドーナツ範囲の安地は狭めです。「誘導の歌」は長距離の強制移動＋外周扇範囲です。
Beastmaster,Captured,攻略,RenderTextWrapped,机制:「混乱之歌」场边无范围提示扇形，记得挑衅，宝宝也不能吃这个。远离在地上爬的小怪。「亡者之歌」钢铁范围很大月环范围很小。「诱导之歌」有长距离强制移动+场边扇形。,ギミック：「混乱の歌」は外周から来る予兆なしの扇範囲です。ターゲット維持を忘れずに。魔獣で受けることはできません。地面を這う雑魚から離れます。「亡者の歌」は円範囲が大きく、ドーナツ範囲の安地は狭めです。「誘導の歌」は長距離の強制移動＋外周扇範囲です。
Beastmaster,Captured,攻略,Text,机制:「混乱之歌」场边无范围提示扇形，记得挑衅，宝宝也不能吃这个。远离在地上爬的小怪。「亡者之歌」钢铁范围很大月环范围很小。「诱导之歌」有长距离强制移动+场边扇形。,ギミック：「混乱の歌」は外周から来る予兆なしの扇範囲です。ターゲット維持を忘れずに。魔獣で受けることはできません。地面を這う雑魚から離れます。「亡者の歌」は円範囲が大きく、ドーナツ範囲の安地は狭めです。「誘導の歌」は長距離の強制移動＋外周扇範囲です。
Beastmaster,Captured,攻略,Text/RenderTextWrapped,机制：AOE 杀 AOE 杀 麻将顺序为钢铁顺序，先打骑士。,ギミック：範囲攻撃で雑魚を処理します。AoEの順番を確認し、騎士タイプを優先して倒します。
Beastmaster,Captured,攻略,RenderTextWrapped,机制：AOE 杀 AOE 杀 麻将顺序为钢铁顺序，先打骑士。,ギミック：範囲攻撃で雑魚を処理します。AoEの順番を確認し、騎士タイプを優先して倒します。
Beastmaster,Captured,攻略,Text,机制：AOE 杀 AOE 杀 麻将顺序为钢铁顺序，先打骑士。,ギミック：範囲攻撃で雑魚を処理します。AoEの順番を確認し、騎士タイプを優先して倒します。
Beastmaster,Captured,攻略,Text/RenderTextWrapped,机制:AOE 杀 AOE 杀 麻将顺序为钢铁顺序，先打骑士。,ギミック：範囲攻撃で雑魚を処理します。AoEの順番を確認し、騎士タイプを優先して倒します。
Beastmaster,Captured,攻略,RenderTextWrapped,机制:AOE 杀 AOE 杀 麻将顺序为钢铁顺序，先打骑士。,ギミック：範囲攻撃で雑魚を処理します。AoEの順番を確認し、騎士タイプを優先して倒します。
Beastmaster,Captured,攻略,Text,机制:AOE 杀 AOE 杀 麻将顺序为钢铁顺序，先打骑士。,ギミック：範囲攻撃で雑魚を処理します。AoEの順番を確認し、騎士タイプを優先して倒します。
Beastmaster,Captured,攻略,Text/RenderTextWrapped,机制：这个一句话怕是说不完哦。留意宝宝位置，小心吃平A。,ギミック：一言では説明しきれない最終戦です。魔獣の位置を確認し、オートアタックを余計に受けないよう注意してください。
Beastmaster,Captured,攻略,RenderTextWrapped,机制：这个一句话怕是说不完哦。留意宝宝位置，小心吃平A。,ギミック：一言では説明しきれない最終戦です。魔獣の位置を確認し、オートアタックを余計に受けないよう注意してください。
Beastmaster,Captured,攻略,Text,机制：这个一句话怕是说不完哦。留意宝宝位置，小心吃平A。,ギミック：一言では説明しきれない最終戦です。魔獣の位置を確認し、オートアタックを余計に受けないよう注意してください。
Beastmaster,Captured,攻略,Text/RenderTextWrapped,机制:这个一句话怕是说不完哦。留意宝宝位置，小心吃平A。,ギミック：一言では説明しきれない最終戦です。魔獣の位置を確認し、オートアタックを余計に受けないよう注意してください。
Beastmaster,Captured,攻略,RenderTextWrapped,机制:这个一句话怕是说不完哦。留意宝宝位置，小心吃平A。,ギミック：一言では説明しきれない最終戦です。魔獣の位置を確認し、オートアタックを余計に受けないよう注意してください。
Beastmaster,Captured,攻略,Text,机制:这个一句话怕是说不完哦。留意宝宝位置，小心吃平A。,ギミック：一言では説明しきれない最終戦です。魔獣の位置を確認し、オートアタックを余計に受けないよう注意してください。
Beastmaster,Captured,攻略,Text/RenderTextWrapped,BOSS：,BOSS：
Beastmaster,Captured,攻略,RenderTextWrapped,BOSS：,BOSS：
Beastmaster,Captured,攻略,Text,BOSS：,BOSS：
Beastmaster,Captured,攻略,Text/RenderTextWrapped,小怪：,雑魚：
Beastmaster,Captured,攻略,RenderTextWrapped,小怪：,雑魚：
Beastmaster,Captured,攻略,Text,小怪：,雑魚：
Beastmaster,Captured,攻略,Text/RenderTextWrapped,重点：,要点：
Beastmaster,Captured,攻略,RenderTextWrapped,重点：,要点：
Beastmaster,Captured,攻略,Text,重点：,要点：
Beastmaster,Captured,攻略,Text/RenderTextWrapped,机制：,ギミック：
Beastmaster,Captured,攻略,RenderTextWrapped,机制：,ギミック：
Beastmaster,Captured,攻略,Text,机制：,ギミック：
Beastmaster,Captured,攻略,Text/RenderTextWrapped,分歧1·左,分岐1・左
Beastmaster,Captured,攻略,RenderTextWrapped,分歧1·左,分岐1・左
Beastmaster,Captured,攻略,Text,分歧1·左,分岐1・左
Beastmaster,Captured,攻略,Text/RenderTextWrapped,分歧1·右,分岐1・右
Beastmaster,Captured,攻略,RenderTextWrapped,分歧1·右,分岐1・右
Beastmaster,Captured,攻略,Text,分歧1·右,分岐1・右
Beastmaster,Captured,攻略,Text/RenderTextWrapped,卡片区,カードマス
Beastmaster,Captured,攻略,RenderTextWrapped,卡片区,カードマス
Beastmaster,Captured,攻略,Text,卡片区,カードマス
Beastmaster,Captured,攻略,Text/RenderTextWrapped,小怪：奇子·游侠骑士,雑魚：キャバリアー・ピース
Beastmaster,Captured,攻略,RenderTextWrapped,小怪：奇子·游侠骑士,雑魚：キャバリアー・ピース
Beastmaster,Captured,攻略,Text,小怪：奇子·游侠骑士,雑魚：キャバリアー・ピース
Beastmaster,Captured,攻略,Text/RenderTextWrapped,小怪：奇子·主教,雑魚：ビショップ・ピース
Beastmaster,Captured,攻略,RenderTextWrapped,小怪：奇子·主教,雑魚：ビショップ・ピース
Beastmaster,Captured,攻略,Text,小怪：奇子·主教,雑魚：ビショップ・ピース
Beastmaster,Captured,攻略,Text/RenderTextWrapped,小怪：奇子·尤弥尔,雑魚：ユミール・ピース
Beastmaster,Captured,攻略,RenderTextWrapped,小怪：奇子·尤弥尔,雑魚：ユミール・ピース
Beastmaster,Captured,攻略,Text,小怪：奇子·尤弥尔,雑魚：ユミール・ピース
Beastmaster,Captured,攻略,Text/RenderTextWrapped,小怪：奇子·鱼人,雑魚：サハギン・ピース
Beastmaster,Captured,攻略,RenderTextWrapped,小怪：奇子·鱼人,雑魚：サハギン・ピース
Beastmaster,Captured,攻略,Text,小怪：奇子·鱼人,雑魚：サハギン・ピース
Beastmaster,Captured,攻略,Text/RenderTextWrapped,小怪：奇子·祖,雑魚：ズー・ピース
Beastmaster,Captured,攻略,RenderTextWrapped,小怪：奇子·祖,雑魚：ズー・ピース
Beastmaster,Captured,攻略,Text,小怪：奇子·祖,雑魚：ズー・ピース
Beastmaster,Captured,攻略,Text/RenderTextWrapped,小怪：奇子·卡托布莱帕斯,雑魚：カトブレパス・ピース
Beastmaster,Captured,攻略,RenderTextWrapped,小怪：奇子·卡托布莱帕斯,雑魚：カトブレパス・ピース
Beastmaster,Captured,攻略,Text,小怪：奇子·卡托布莱帕斯,雑魚：カトブレパス・ピース
Beastmaster,Captured,攻略,Text/RenderTextWrapped,小怪：奇子·巨像,雑魚：ゴーレム・ピース
Beastmaster,Captured,攻略,RenderTextWrapped,小怪：奇子·巨像,雑魚：ゴーレム・ピース
Beastmaster,Captured,攻略,Text,小怪：奇子·巨像,雑魚：ゴーレム・ピース
Beastmaster,Captured,攻略,Text/RenderTextWrapped,小怪：奇子·塞壬,雑魚：セイレーン・ピース
Beastmaster,Captured,攻略,RenderTextWrapped,小怪：奇子·塞壬,雑魚：セイレーン・ピース
Beastmaster,Captured,攻略,Text,小怪：奇子·塞壬,雑魚：セイレーン・ピース
Beastmaster,Captured,攻略,Text/RenderTextWrapped,小怪：奇子·勇士,雑魚：ウォリアー・ピース
Beastmaster,Captured,攻略,RenderTextWrapped,小怪：奇子·勇士,雑魚：ウォリアー・ピース
Beastmaster,Captured,攻略,Text,小怪：奇子·勇士,雑魚：ウォリアー・ピース
Beastmaster,Captured,攻略,Text/RenderTextWrapped,小怪：奇子·仙人刺,雑魚：サボテンダー・ピース
Beastmaster,Captured,攻略,RenderTextWrapped,小怪：奇子·仙人刺,雑魚：サボテンダー・ピース
Beastmaster,Captured,攻略,Text,小怪：奇子·仙人刺,雑魚：サボテンダー・ピース
Beastmaster,Captured,攻略,Text/RenderTextWrapped,小怪：奇子·士兵,雑魚：ソルジャー・ピース
Beastmaster,Captured,攻略,RenderTextWrapped,小怪：奇子·士兵,雑魚：ソルジャー・ピース
Beastmaster,Captured,攻略,Text,小怪：奇子·士兵,雑魚：ソルジャー・ピース
Beastmaster,Captured,攻略,Text/RenderTextWrapped,小怪：奇子·守卫,雑魚：ガード・ピース
Beastmaster,Captured,攻略,RenderTextWrapped,小怪：奇子·守卫,雑魚：ガード・ピース
Beastmaster,Captured,攻略,Text,小怪：奇子·守卫,雑魚：ガード・ピース
Beastmaster,Captured,攻略,Text/RenderTextWrapped,小怪：奇子·塔纳托斯,雑魚：タナトス・ピース
Beastmaster,Captured,攻略,RenderTextWrapped,小怪：奇子·塔纳托斯,雑魚：タナトス・ピース
Beastmaster,Captured,攻略,Text,小怪：奇子·塔纳托斯,雑魚：タナトス・ピース
Beastmaster,Captured,闘獣攻略,Text,斗兽攻略,闘獣攻略
Beastmaster,Captured,闘獣攻略,Text/RenderText,斗兽攻略,闘獣攻略
Beastmaster,Captured,闘獣攻略,Text/RenderTextWrapped,斗兽攻略,闘獣攻略
Beastmaster,Captured,闘獣攻略,RenderText,斗兽攻略,闘獣攻略
Beastmaster,Captured,闘獣攻略,RenderTextWrapped,斗兽攻略,闘獣攻略
Beastmaster,Captured,闘獣攻略,BeginTabItem,斗兽攻略,闘獣攻略
Beastmaster,Captured,闘獣攻略,TabItem,斗兽攻略,闘獣攻略
Beastmaster,Captured,闘獣攻略,Text,黄色为 BOSS，灰色为小怪，红色为重点技能。,黄色＝BOSS、灰色＝雑魚、赤色＝要注意スキルです。
Beastmaster,Captured,闘獣攻略,Text/RenderText,黄色为 BOSS，灰色为小怪，红色为重点技能。,黄色＝BOSS、灰色＝雑魚、赤色＝要注意スキルです。
Beastmaster,Captured,闘獣攻略,Text/RenderTextWrapped,黄色为 BOSS，灰色为小怪，红色为重点技能。,黄色＝BOSS、灰色＝雑魚、赤色＝要注意スキルです。
Beastmaster,Captured,闘獣攻略,RenderText,黄色为 BOSS，灰色为小怪，红色为重点技能。,黄色＝BOSS、灰色＝雑魚、赤色＝要注意スキルです。
Beastmaster,Captured,闘獣攻略,RenderTextWrapped,黄色为 BOSS，灰色为小怪，红色为重点技能。,黄色＝BOSS、灰色＝雑魚、赤色＝要注意スキルです。
Beastmaster,Captured,闘獣攻略,BeginTabItem,黄色为 BOSS，灰色为小怪，红色为重点技能。,黄色＝BOSS、灰色＝雑魚、赤色＝要注意スキルです。
Beastmaster,Captured,闘獣攻略,TabItem,黄色为 BOSS，灰色为小怪，红色为重点技能。,黄色＝BOSS、灰色＝雑魚、赤色＝要注意スキルです。
Beastmaster,Captured,闘獣攻略,Text,作者：其他母肥角色@拂晓之间,作者：其他母肥角色@拂晓之间
Beastmaster,Captured,闘獣攻略,Text/RenderText,作者：其他母肥角色@拂晓之间,作者：其他母肥角色@拂晓之间
Beastmaster,Captured,闘獣攻略,Text/RenderTextWrapped,作者：其他母肥角色@拂晓之间,作者：其他母肥角色@拂晓之间
Beastmaster,Captured,闘獣攻略,RenderText,作者：其他母肥角色@拂晓之间,作者：其他母肥角色@拂晓之间
Beastmaster,Captured,闘獣攻略,RenderTextWrapped,作者：其他母肥角色@拂晓之间,作者：其他母肥角色@拂晓之间
Beastmaster,Captured,闘獣攻略,BeginTabItem,作者：其他母肥角色@拂晓之间,作者：其他母肥角色@拂晓之间
Beastmaster,Captured,闘獣攻略,TabItem,作者：其他母肥角色@拂晓之间,作者：其他母肥角色@拂晓之间
Beastmaster,Captured,闘獣攻略,Text,第一盘,第1戦
Beastmaster,Captured,闘獣攻略,Text/RenderText,第一盘,第1戦
Beastmaster,Captured,闘獣攻略,Text/RenderTextWrapped,第一盘,第1戦
Beastmaster,Captured,闘獣攻略,RenderText,第一盘,第1戦
Beastmaster,Captured,闘獣攻略,RenderTextWrapped,第一盘,第1戦
Beastmaster,Captured,闘獣攻略,BeginTabItem,第一盘,第1戦
Beastmaster,Captured,闘獣攻略,TabItem,第一盘,第1戦
Beastmaster,Captured,闘獣攻略,Text,第二盘,第2戦
Beastmaster,Captured,闘獣攻略,Text/RenderText,第二盘,第2戦
Beastmaster,Captured,闘獣攻略,Text/RenderTextWrapped,第二盘,第2戦
Beastmaster,Captured,闘獣攻略,RenderText,第二盘,第2戦
Beastmaster,Captured,闘獣攻略,RenderTextWrapped,第二盘,第2戦
Beastmaster,Captured,闘獣攻略,BeginTabItem,第二盘,第2戦
Beastmaster,Captured,闘獣攻略,TabItem,第二盘,第2戦
Beastmaster,Captured,闘獣攻略,Text,第三盘,第3戦
Beastmaster,Captured,闘獣攻略,Text/RenderText,第三盘,第3戦
Beastmaster,Captured,闘獣攻略,Text/RenderTextWrapped,第三盘,第3戦
Beastmaster,Captured,闘獣攻略,RenderText,第三盘,第3戦
Beastmaster,Captured,闘獣攻略,RenderTextWrapped,第三盘,第3戦
Beastmaster,Captured,闘獣攻略,BeginTabItem,第三盘,第3戦
Beastmaster,Captured,闘獣攻略,TabItem,第三盘,第3戦
Beastmaster,Captured,闘獣攻略,Text,高段第一盘,上級 第1戦
Beastmaster,Captured,闘獣攻略,Text/RenderText,高段第一盘,上級 第1戦
Beastmaster,Captured,闘獣攻略,Text/RenderTextWrapped,高段第一盘,上級 第1戦
Beastmaster,Captured,闘獣攻略,RenderText,高段第一盘,上級 第1戦
Beastmaster,Captured,闘獣攻略,RenderTextWrapped,高段第一盘,上級 第1戦
Beastmaster,Captured,闘獣攻略,BeginTabItem,高段第一盘,上級 第1戦
Beastmaster,Captured,闘獣攻略,TabItem,高段第一盘,上級 第1戦
Beastmaster,Captured,闘獣攻略,Text,高段第二盘,上級 第2戦
Beastmaster,Captured,闘獣攻略,Text/RenderText,高段第二盘,上級 第2戦
Beastmaster,Captured,闘獣攻略,Text/RenderTextWrapped,高段第二盘,上級 第2戦
Beastmaster,Captured,闘獣攻略,RenderText,高段第二盘,上級 第2戦
Beastmaster,Captured,闘獣攻略,RenderTextWrapped,高段第二盘,上級 第2戦
Beastmaster,Captured,闘獣攻略,BeginTabItem,高段第二盘,上級 第2戦
Beastmaster,Captured,闘獣攻略,TabItem,高段第二盘,上級 第2戦
Beastmaster,Captured,闘獣攻略,Text/RenderTextWrapped,BOSS：奇子·主教、奇子·骑士,BOSS：ビショップ・ピース、ナイト・ピース
Beastmaster,Captured,闘獣攻略,RenderTextWrapped,BOSS：奇子·主教、奇子·骑士,BOSS：ビショップ・ピース、ナイト・ピース
Beastmaster,Captured,闘獣攻略,Text,BOSS：奇子·主教、奇子·骑士,BOSS：ビショップ・ピース、ナイト・ピース
Beastmaster,Captured,闘獣攻略,Text/RenderTextWrapped,机制：先打主教，骑士架盾后用宝宝吸引仇恨从背后打。,ギミック：先にビショップを倒します。ナイトが盾を構えたら、魔獣にヘイトを取らせて背後から攻撃します。
Beastmaster,Captured,闘獣攻略,RenderTextWrapped,机制：先打主教，骑士架盾后用宝宝吸引仇恨从背后打。,ギミック：先にビショップを倒します。ナイトが盾を構えたら、魔獣にヘイトを取らせて背後から攻撃します。
Beastmaster,Captured,闘獣攻略,Text,机制：先打主教，骑士架盾后用宝宝吸引仇恨从背后打。,ギミック：先にビショップを倒します。ナイトが盾を構えたら、魔獣にヘイトを取らせて背後から攻撃します。
Beastmaster,Captured,闘獣攻略,Text/RenderTextWrapped,偷偷说：一直攻击举盾骑士，过一段时间会自己撤盾，不用等16分钟。,補足：盾を構えたナイトを攻撃し続ければ、しばらくすると自分で盾を解除します。16分待つ必要はありません。
Beastmaster,Captured,闘獣攻略,RenderTextWrapped,偷偷说：一直攻击举盾骑士，过一段时间会自己撤盾，不用等16分钟。,補足：盾を構えたナイトを攻撃し続ければ、しばらくすると自分で盾を解除します。16分待つ必要はありません。
Beastmaster,Captured,闘獣攻略,Text,偷偷说：一直攻击举盾骑士，过一段时间会自己撤盾，不用等16分钟。,補足：盾を構えたナイトを攻撃し続ければ、しばらくすると自分で盾を解除します。16分待つ必要はありません。
Beastmaster,Captured,闘獣攻略,Text/RenderTextWrapped,BOSS：奇子·上级恶魔,BOSS：グレーター・デーモン・ピース
Beastmaster,Captured,闘獣攻略,RenderTextWrapped,BOSS：奇子·上级恶魔,BOSS：グレーター・デーモン・ピース
Beastmaster,Captured,闘獣攻略,Text,BOSS：奇子·上级恶魔,BOSS：グレーター・デーモン・ピース
Beastmaster,Captured,闘獣攻略,Text/RenderTextWrapped,重点：深渊贯穿,要点：深淵貫通
Beastmaster,Captured,闘獣攻略,RenderTextWrapped,重点：深渊贯穿,要点：深淵貫通
Beastmaster,Captured,闘獣攻略,Text,重点：深渊贯穿,要点：深淵貫通
Beastmaster,Captured,闘獣攻略,Text/RenderTextWrapped,机制：注意观察「深渊贯穿」生成的圆形AOE范围，容易被误伤。,ギミック：「深淵貫通」で発生する円形AoEの範囲をよく見て、巻き込まれないよう注意します。
Beastmaster,Captured,闘獣攻略,RenderTextWrapped,机制：注意观察「深渊贯穿」生成的圆形AOE范围，容易被误伤。,ギミック：「深淵貫通」で発生する円形AoEの範囲をよく見て、巻き込まれないよう注意します。
Beastmaster,Captured,闘獣攻略,Text,机制：注意观察「深渊贯穿」生成的圆形AOE范围，容易被误伤。,ギミック：「深淵貫通」で発生する円形AoEの範囲をよく見て、巻き込まれないよう注意します。
Beastmaster,Captured,闘獣攻略,Text/RenderTextWrapped,BOSS：奇子·夺灵魔,BOSS：ソウルスティーラー・ピース
Beastmaster,Captured,闘獣攻略,RenderTextWrapped,BOSS：奇子·夺灵魔,BOSS：ソウルスティーラー・ピース
Beastmaster,Captured,闘獣攻略,Text,BOSS：奇子·夺灵魔,BOSS：ソウルスティーラー・ピース
Beastmaster,Captured,闘獣攻略,Text/RenderTextWrapped,机制：AOE多，注意自身血量。,ギミック：範囲攻撃が多いので、自分のHPに注意します。
Beastmaster,Captured,闘獣攻略,RenderTextWrapped,机制：AOE多，注意自身血量。,ギミック：範囲攻撃が多いので、自分のHPに注意します。
Beastmaster,Captured,闘獣攻略,Text,机制：AOE多，注意自身血量。,ギミック：範囲攻撃が多いので、自分のHPに注意します。
Beastmaster,Captured,闘獣攻略,Text/RenderTextWrapped,BOSS：奇子·祸蛛蝎,BOSS：ディアマイト・ピース
Beastmaster,Captured,闘獣攻略,RenderTextWrapped,BOSS：奇子·祸蛛蝎,BOSS：ディアマイト・ピース
Beastmaster,Captured,闘獣攻略,Text,BOSS：奇子·祸蛛蝎,BOSS：ディアマイト・ピース
Beastmaster,Captured,闘獣攻略,Text/RenderTextWrapped,小怪：奇子·灵蛛蝎,雑魚：ダイアマイト・ピース
Beastmaster,Captured,闘獣攻略,RenderTextWrapped,小怪：奇子·灵蛛蝎,雑魚：ダイアマイト・ピース
Beastmaster,Captured,闘獣攻略,Text,小怪：奇子·灵蛛蝎,雑魚：ダイアマイト・ピース
Beastmaster,Captured,闘獣攻略,Text/RenderTextWrapped,重点：致命尾刺、毒蛛网,要点：致命の尾針、毒の蜘蛛網
Beastmaster,Captured,闘獣攻略,RenderTextWrapped,重点：致命尾刺、毒蛛网,要点：致命の尾針、毒の蜘蛛網
Beastmaster,Captured,闘獣攻略,Text,重点：致命尾刺、毒蛛网,要点：致命の尾針、毒の蜘蛛網
Beastmaster,Captured,闘獣攻略,Text/RenderTextWrapped,机制：「致命尾刺」给的中毒可以消掉，「毒蛛网」给的消不掉，注意血量；小蝎子出现后尽快消灭。,ギミック：「致命の尾針」の毒は解除できますが、「毒の蜘蛛網」の毒は解除できません。HPに注意し、子サソリが出たら早めに倒します。
Beastmaster,Captured,闘獣攻略,RenderTextWrapped,机制：「致命尾刺」给的中毒可以消掉，「毒蛛网」给的消不掉，注意血量；小蝎子出现后尽快消灭。,ギミック：「致命の尾針」の毒は解除できますが、「毒の蜘蛛網」の毒は解除できません。HPに注意し、子サソリが出たら早めに倒します。
Beastmaster,Captured,闘獣攻略,Text,机制：「致命尾刺」给的中毒可以消掉，「毒蛛网」给的消不掉，注意血量；小蝎子出现后尽快消灭。,ギミック：「致命の尾針」の毒は解除できますが、「毒の蜘蛛網」の毒は解除できません。HPに注意し、子サソリが出たら早めに倒します。
Beastmaster,Captured,闘獣攻略,Text/RenderTextWrapped,BOSS：奇子·食人魔,BOSS：オーガ・ピース
Beastmaster,Captured,闘獣攻略,RenderTextWrapped,BOSS：奇子·食人魔,BOSS：オーガ・ピース
Beastmaster,Captured,闘獣攻略,Text,BOSS：奇子·食人魔,BOSS：オーガ・ピース
Beastmaster,Captured,闘獣攻略,Text/RenderTextWrapped,小怪：奇子·妖火、奇子·大妖火,雑魚：ウィル・オ・ウィスプ・ピース、グレーター・ウィル・オ・ウィスプ・ピース
Beastmaster,Captured,闘獣攻略,RenderTextWrapped,小怪：奇子·妖火、奇子·大妖火,雑魚：ウィル・オ・ウィスプ・ピース、グレーター・ウィル・オ・ウィスプ・ピース
Beastmaster,Captured,闘獣攻略,Text,小怪：奇子·妖火、奇子·大妖火,雑魚：ウィル・オ・ウィスプ・ピース、グレーター・ウィル・オ・ウィスプ・ピース
Beastmaster,Captured,闘獣攻略,Text/RenderTextWrapped,重点：燃烧猛击、火灵的守护,要点：燃焼猛撃、火霊の守護
Beastmaster,Captured,闘獣攻略,RenderTextWrapped,重点：燃烧猛击、火灵的守护,要点：燃焼猛撃、火霊の守護
Beastmaster,Captured,闘獣攻略,Text,重点：燃烧猛击、火灵的守护,要点：燃焼猛撃、火霊の守護
Beastmaster,Captured,闘獣攻略,Text/RenderTextWrapped,机制：第一次「燃烧猛击」为BOSS当前位置扇形，第二回会穿梭至对面火圈放扇形，注意提前跑路；BOSS读条「火灵的守护」时可以提前去场边等候，留技能或使用道具击杀妖火。,ギミック：1回目の「燃焼猛撃」はBOSS現在地からの扇範囲。2回目は反対側の火輪へ移動して扇範囲を出すので、早めに退避します。「火霊の守護」の詠唱中は外周へ移動し、スキルや道具を温存して妖火を処理します。
Beastmaster,Captured,闘獣攻略,RenderTextWrapped,机制：第一次「燃烧猛击」为BOSS当前位置扇形，第二回会穿梭至对面火圈放扇形，注意提前跑路；BOSS读条「火灵的守护」时可以提前去场边等候，留技能或使用道具击杀妖火。,ギミック：1回目の「燃焼猛撃」はBOSS現在地からの扇範囲。2回目は反対側の火輪へ移動して扇範囲を出すので、早めに退避します。「火霊の守護」の詠唱中は外周へ移動し、スキルや道具を温存して妖火を処理します。
Beastmaster,Captured,闘獣攻略,Text,机制：第一次「燃烧猛击」为BOSS当前位置扇形，第二回会穿梭至对面火圈放扇形，注意提前跑路；BOSS读条「火灵的守护」时可以提前去场边等候，留技能或使用道具击杀妖火。,ギミック：1回目の「燃焼猛撃」はBOSS現在地からの扇範囲。2回目は反対側の火輪へ移動して扇範囲を出すので、早めに退避します。「火霊の守護」の詠唱中は外周へ移動し、スキルや道具を温存して妖火を処理します。
Beastmaster,Captured,闘獣攻略,Text/RenderTextWrapped,偷偷说：前期装备不好时容易杀不掉。,補足：装備が整っていない時期は火力不足になりやすいです。
Beastmaster,Captured,闘獣攻略,RenderTextWrapped,偷偷说：前期装备不好时容易杀不掉。,補足：装備が整っていない時期は火力不足になりやすいです。
Beastmaster,Captured,闘獣攻略,Text,偷偷说：前期装备不好时容易杀不掉。,補足：装備が整っていない時期は火力不足になりやすいです。
Beastmaster,Captured,闘獣攻略,Text/RenderTextWrapped,BOSS：魅惑女妖 帕德索,BOSS：魅惑の女妖 パドソ
Beastmaster,Captured,闘獣攻略,RenderTextWrapped,BOSS：魅惑女妖 帕德索,BOSS：魅惑の女妖 パドソ
Beastmaster,Captured,闘獣攻略,Text,BOSS：魅惑女妖 帕德索,BOSS：魅惑の女妖 パドソ
Beastmaster,Captured,闘獣攻略,Text/RenderTextWrapped,小怪：奇子·梦魔法师、奇子·梦魔骑士,雑魚：ナイトメア・メイジ・ピース、ナイトメア・ナイト・ピース
Beastmaster,Captured,闘獣攻略,RenderTextWrapped,小怪：奇子·梦魔法师、奇子·梦魔骑士,雑魚：ナイトメア・メイジ・ピース、ナイトメア・ナイト・ピース
Beastmaster,Captured,闘獣攻略,Text,小怪：奇子·梦魔法师、奇子·梦魔骑士,雑魚：ナイトメア・メイジ・ピース、ナイトメア・ナイト・ピース
Beastmaster,Captured,闘獣攻略,Text/RenderTextWrapped,重点：血雨、召唤、欺瞒雾,要点：血雨、召喚、欺瞞の霧
Beastmaster,Captured,闘獣攻略,RenderTextWrapped,重点：血雨、召唤、欺瞒雾,要点：血雨、召喚、欺瞞の霧
Beastmaster,Captured,闘獣攻略,Text,重点：血雨、召唤、欺瞒雾,要点：血雨、召喚、欺瞞の霧
Beastmaster,Captured,闘獣攻略,Text/RenderTextWrapped,机制：「血雨」抬手钢铁，不抬手月环；BOSS读条「召唤」后优先击杀梦魔法师，「欺瞒雾」使用吸引注意让宝宝接。,ギミック：「血雨」は腕を上げたら円範囲、上げなければドーナツ範囲。BOSSが「召喚」を詠唱したらナイトメア・メイジを優先して倒し、「欺瞞の霧」は魔獣に受けさせます。
Beastmaster,Captured,闘獣攻略,RenderTextWrapped,机制：「血雨」抬手钢铁，不抬手月环；BOSS读条「召唤」后优先击杀梦魔法师，「欺瞒雾」使用吸引注意让宝宝接。,ギミック：「血雨」は腕を上げたら円範囲、上げなければドーナツ範囲。BOSSが「召喚」を詠唱したらナイトメア・メイジを優先して倒し、「欺瞞の霧」は魔獣に受けさせます。
Beastmaster,Captured,闘獣攻略,Text,机制：「血雨」抬手钢铁，不抬手月环；BOSS读条「召唤」后优先击杀梦魔法师，「欺瞒雾」使用吸引注意让宝宝接。,ギミック：「血雨」は腕を上げたら円範囲、上げなければドーナツ範囲。BOSSが「召喚」を詠唱したらナイトメア・メイジを優先して倒し、「欺瞞の霧」は魔獣に受けさせます。
Beastmaster,Captured,闘獣攻略,Text/RenderTextWrapped,BOSS：奇子·曼提克,BOSS：マンティコア・ピース
Beastmaster,Captured,闘獣攻略,RenderTextWrapped,BOSS：奇子·曼提克,BOSS：マンティコア・ピース
Beastmaster,Captured,闘獣攻略,Text,BOSS：奇子·曼提克,BOSS：マンティコア・ピース
Beastmaster,Captured,闘獣攻略,Text/RenderTextWrapped,机制：左右刀专场训练,ギミック：左右の斬撃を見分ける練習戦です。
Beastmaster,Captured,闘獣攻略,RenderTextWrapped,机制：左右刀专场训练,ギミック：左右の斬撃を見分ける練習戦です。
Beastmaster,Captured,闘獣攻略,Text,机制：左右刀专场训练,ギミック：左右の斬撃を見分ける練習戦です。
Beastmaster,Captured,闘獣攻略,Text/RenderTextWrapped,BOSS：奇子·牛头魔、奇子·冥鬼之眼,BOSS：ミノタウロス・ピース、アーリマン・ピース
Beastmaster,Captured,闘獣攻略,RenderTextWrapped,BOSS：奇子·牛头魔、奇子·冥鬼之眼,BOSS：ミノタウロス・ピース、アーリマン・ピース
Beastmaster,Captured,闘獣攻略,Text,BOSS：奇子·牛头魔、奇子·冥鬼之眼,BOSS：ミノタウロス・ピース、アーリマン・ピース
Beastmaster,Captured,闘獣攻略,Text/RenderTextWrapped,重点：致命射线、以太波,要点：致命光線、エーテル波
Beastmaster,Captured,闘獣攻略,RenderTextWrapped,重点：致命射线、以太波,要点：致命光線、エーテル波
Beastmaster,Captured,闘獣攻略,Text,重点：致命射线、以太波,要点：致命光線、エーテル波
Beastmaster,Captured,闘獣攻略,Text/RenderTextWrapped,机制：BOSS读条「致命射线」时，读条剩余2-3秒可提前站到石板上或不踩BOSS脚下这块；「以太波」直条比较宽，注意范围。尽量快点杀掉，后面机制多了踩石板时间比较紧。,ギミック：BOSSの「致命光線」は詠唱残り2～3秒で石板へ移動します。「エーテル波」は直線範囲が広いので注意。後半ほど石板処理が忙しくなるため、できるだけ早く倒します。
Beastmaster,Captured,闘獣攻略,RenderTextWrapped,机制：BOSS读条「致命射线」时，读条剩余2-3秒可提前站到石板上或不踩BOSS脚下这块；「以太波」直条比较宽，注意范围。尽量快点杀掉，后面机制多了踩石板时间比较紧。,ギミック：BOSSの「致命光線」は詠唱残り2～3秒で石板へ移動します。「エーテル波」は直線範囲が広いので注意。後半ほど石板処理が忙しくなるため、できるだけ早く倒します。
Beastmaster,Captured,闘獣攻略,Text,机制：BOSS读条「致命射线」时，读条剩余2-3秒可提前站到石板上或不踩BOSS脚下这块；「以太波」直条比较宽，注意范围。尽量快点杀掉，后面机制多了踩石板时间比较紧。,ギミック：BOSSの「致命光線」は詠唱残り2～3秒で石板へ移動します。「エーテル波」は直線範囲が広いので注意。後半ほど石板処理が忙しくなるため、できるだけ早く倒します。
Beastmaster,Captured,闘獣攻略,Text/RenderTextWrapped,BOSS：奇子·双足飞龙,BOSS：ワイバーン・ピース
Beastmaster,Captured,闘獣攻略,RenderTextWrapped,BOSS：奇子·双足飞龙,BOSS：ワイバーン・ピース
Beastmaster,Captured,闘獣攻略,Text,BOSS：奇子·双足飞龙,BOSS：ワイバーン・ピース
Beastmaster,Captured,闘獣攻略,Text/RenderTextWrapped,机制：风元精的直条比较慢，中间路被堵死时可从外面走去找BOSS。,ギミック：風エレメンタルの直線攻撃は遅めです。中央が塞がれた場合は外周からBOSS側へ回れます。
Beastmaster,Captured,闘獣攻略,RenderTextWrapped,机制：风元精的直条比较慢，中间路被堵死时可从外面走去找BOSS。,ギミック：風エレメンタルの直線攻撃は遅めです。中央が塞がれた場合は外周からBOSS側へ回れます。
Beastmaster,Captured,闘獣攻略,Text,机制：风元精的直条比较慢，中间路被堵死时可从外面走去找BOSS。,ギミック：風エレメンタルの直線攻撃は遅めです。中央が塞がれた場合は外周からBOSS側へ回れます。
Beastmaster,Captured,闘獣攻略,Text/RenderTextWrapped,偷偷说：刚开始打还挺唬人的。,補足：初見は少し驚きますが、落ち着いて処理すれば大丈夫です。
Beastmaster,Captured,闘獣攻略,RenderTextWrapped,偷偷说：刚开始打还挺唬人的。,補足：初見は少し驚きますが、落ち着いて処理すれば大丈夫です。
Beastmaster,Captured,闘獣攻略,Text,偷偷说：刚开始打还挺唬人的。,補足：初見は少し驚きますが、落ち着いて処理すれば大丈夫です。
Beastmaster,Captured,闘獣攻略,Text/RenderTextWrapped,BOSS：奇子·虚灵法师,BOSS：レイス・メイジ・ピース
Beastmaster,Captured,闘獣攻略,RenderTextWrapped,BOSS：奇子·虚灵法师,BOSS：レイス・メイジ・ピース
Beastmaster,Captured,闘獣攻略,Text,BOSS：奇子·虚灵法师,BOSS：レイス・メイジ・ピース
Beastmaster,Captured,闘獣攻略,Text/RenderTextWrapped,小怪：奇子·僵尸,雑魚：ゾンビー・ピース
Beastmaster,Captured,闘獣攻略,RenderTextWrapped,小怪：奇子·僵尸,雑魚：ゾンビー・ピース
Beastmaster,Captured,闘獣攻略,Text,小怪：奇子·僵尸,雑魚：ゾンビー・ピース
Beastmaster,Captured,闘獣攻略,Text/RenderTextWrapped,机制：渐渐混乱不要超过16层（可能不准），圈尽量往四个角放。,ギミック：「漸進する混乱」は16スタックを超えないよう注意し、AoEはできるだけ四隅へ置きます。
Beastmaster,Captured,闘獣攻略,RenderTextWrapped,机制：渐渐混乱不要超过16层（可能不准），圈尽量往四个角放。,ギミック：「漸進する混乱」は16スタックを超えないよう注意し、AoEはできるだけ四隅へ置きます。
Beastmaster,Captured,闘獣攻略,Text,机制：渐渐混乱不要超过16层（可能不准），圈尽量往四个角放。,ギミック：「漸進する混乱」は16スタックを超えないよう注意し、AoEはできるだけ四隅へ置きます。
Beastmaster,Captured,闘獣攻略,Text/RenderTextWrapped,偷偷说：你们这是什么关卡怎么又有僵尸又有48。,補足：ゾンビー処理とスタック管理に注意する戦闘です。
Beastmaster,Captured,闘獣攻略,RenderTextWrapped,偷偷说：你们这是什么关卡怎么又有僵尸又有48。,補足：ゾンビー処理とスタック管理に注意する戦闘です。
Beastmaster,Captured,闘獣攻略,Text,偷偷说：你们这是什么关卡怎么又有僵尸又有48。,補足：ゾンビー処理とスタック管理に注意する戦闘です。
Beastmaster,Captured,闘獣攻略,Text/RenderTextWrapped,BOSS：奇子·牛魔老哥、奇子·牛魔老弟,BOSS：ミノタウロス兄・ピース、ミノタウロス弟・ピース
Beastmaster,Captured,闘獣攻略,RenderTextWrapped,BOSS：奇子·牛魔老哥、奇子·牛魔老弟,BOSS：ミノタウロス兄・ピース、ミノタウロス弟・ピース
Beastmaster,Captured,闘獣攻略,Text,BOSS：奇子·牛魔老哥、奇子·牛魔老弟,BOSS：ミノタウロス兄・ピース、ミノタウロス弟・ピース
Beastmaster,Captured,闘獣攻略,Text/RenderTextWrapped,重点：十吨重踏、声援,要点：十トン踏み、声援
Beastmaster,Captured,闘獣攻略,RenderTextWrapped,重点：十吨重踏、声援,要点：十トン踏み、声援
Beastmaster,Captured,闘獣攻略,Text,重点：十吨重踏、声援,要点：十トン踏み、声援
Beastmaster,Captured,闘獣攻略,Text/RenderTextWrapped,机制：「十吨重踏」跳过去的圈是即死，躲击退的时候不要踩进去。「声援」可被打断，不打断是死刑，大概率能秒杀满血宝宝。,ギミック：「十トン踏み」で発生する円は即死級です。ノックバック回避時に踏まないよう注意。「声援」は中断可能で、止めないと魔獣が即死する可能性があります。
Beastmaster,Captured,闘獣攻略,RenderTextWrapped,机制：「十吨重踏」跳过去的圈是即死，躲击退的时候不要踩进去。「声援」可被打断，不打断是死刑，大概率能秒杀满血宝宝。,ギミック：「十トン踏み」で発生する円は即死級です。ノックバック回避時に踏まないよう注意。「声援」は中断可能で、止めないと魔獣が即死する可能性があります。
Beastmaster,Captured,闘獣攻略,Text,机制：「十吨重踏」跳过去的圈是即死，躲击退的时候不要踩进去。「声援」可被打断，不打断是死刑，大概率能秒杀满血宝宝。,ギミック：「十トン踏み」で発生する円は即死級です。ノックバック回避時に踏まないよう注意。「声援」は中断可能で、止めないと魔獣が即死する可能性があります。
Beastmaster,Captured,闘獣攻略,Text/RenderTextWrapped,偷偷说：这也太有劲了呃呃。,補足：かなり痛い攻撃が来るので注意。
Beastmaster,Captured,闘獣攻略,RenderTextWrapped,偷偷说：这也太有劲了呃呃。,補足：かなり痛い攻撃が来るので注意。
Beastmaster,Captured,闘獣攻略,Text,偷偷说：这也太有劲了呃呃。,補足：かなり痛い攻撃が来るので注意。
Beastmaster,Captured,闘獣攻略,Text/RenderTextWrapped,BOSS：奇子·恶魔,BOSS：デーモン・ピース
Beastmaster,Captured,闘獣攻略,RenderTextWrapped,BOSS：奇子·恶魔,BOSS：デーモン・ピース
Beastmaster,Captured,闘獣攻略,Text,BOSS：奇子·恶魔,BOSS：デーモン・ピース
Beastmaster,Captured,闘獣攻略,Text/RenderTextWrapped,小怪：奇子·恶魔兵装、奇子·小恶魔,雑魚：デーモンウェポン・ピース、インプ・ピース
Beastmaster,Captured,闘獣攻略,RenderTextWrapped,小怪：奇子·恶魔兵装、奇子·小恶魔,雑魚：デーモンウェポン・ピース、インプ・ピース
Beastmaster,Captured,闘獣攻略,Text,小怪：奇子·恶魔兵装、奇子·小恶魔,雑魚：デーモンウェポン・ピース、インプ・ピース
Beastmaster,Captured,闘獣攻略,Text/RenderTextWrapped,机制：先打有连线的。,ギミック：線でつながっている敵から優先して倒します。
Beastmaster,Captured,闘獣攻略,RenderTextWrapped,机制：先打有连线的。,ギミック：線でつながっている敵から優先して倒します。
Beastmaster,Captured,闘獣攻略,Text,机制：先打有连线的。,ギミック：線でつながっている敵から優先して倒します。
Beastmaster,Captured,闘獣攻略,Text/RenderTextWrapped,偷偷说：抽不到怪也是一种运气,補足：編成次第では楽に進められます。
Beastmaster,Captured,闘獣攻略,RenderTextWrapped,偷偷说：抽不到怪也是一种运气,補足：編成次第では楽に進められます。
Beastmaster,Captured,闘獣攻略,Text,偷偷说：抽不到怪也是一种运气,補足：編成次第では楽に進められます。
Beastmaster,Captured,闘獣攻略,Text/RenderTextWrapped,BOSS：寻兽探奇 路斯福洛克斯,BOSS：尋獣探奇 ルスフロクス
Beastmaster,Captured,闘獣攻略,RenderTextWrapped,BOSS：寻兽探奇 路斯福洛克斯,BOSS：尋獣探奇 ルスフロクス
Beastmaster,Captured,闘獣攻略,Text,BOSS：寻兽探奇 路斯福洛克斯,BOSS：尋獣探奇 ルスフロクス
Beastmaster,Captured,闘獣攻略,Text/RenderTextWrapped,小怪：小地豆,雑魚：サンドモール
Beastmaster,Captured,闘獣攻略,RenderTextWrapped,小怪：小地豆,雑魚：サンドモール
Beastmaster,Captured,闘獣攻略,Text,小怪：小地豆,雑魚：サンドモール
Beastmaster,Captured,闘獣攻略,Text/RenderTextWrapped,机制：不要踩场边沙坑。冒叹号的沙坑会放扇形，场中的四个炸弹能打进小地豆所在的沙坑，对小地豆有伤害。哥布可以打慢点，地震还挺疼的。,ギミック：外周の砂穴を踏まないようにします。！マークの砂穴から扇範囲が出ます。中央の4つの爆弾はサンドモールのいる砂穴へ入れるとダメージを与えられます。ゴブリンは急がなくてもよいですが、地震はかなり痛いです。
Beastmaster,Captured,闘獣攻略,RenderTextWrapped,机制：不要踩场边沙坑。冒叹号的沙坑会放扇形，场中的四个炸弹能打进小地豆所在的沙坑，对小地豆有伤害。哥布可以打慢点，地震还挺疼的。,ギミック：外周の砂穴を踏まないようにします。！マークの砂穴から扇範囲が出ます。中央の4つの爆弾はサンドモールのいる砂穴へ入れるとダメージを与えられます。ゴブリンは急がなくてもよいですが、地震はかなり痛いです。
Beastmaster,Captured,闘獣攻略,Text,机制：不要踩场边沙坑。冒叹号的沙坑会放扇形，场中的四个炸弹能打进小地豆所在的沙坑，对小地豆有伤害。哥布可以打慢点，地震还挺疼的。,ギミック：外周の砂穴を踏まないようにします。！マークの砂穴から扇範囲が出ます。中央の4つの爆弾はサンドモールのいる砂穴へ入れるとダメージを与えられます。ゴブリンは急がなくてもよいですが、地震はかなり痛いです。
Beastmaster,Captured,闘獣攻略,Text/RenderText,第一步,第1ルート
Beastmaster,Captured,闘獣攻略,RenderText,第一步,第1ルート
Beastmaster,Captured,闘獣攻略,Text/RenderTextWrapped,BOSS：奇子·游侠骑士、奇子·主教,BOSS：キャバリアー・ピース、ビショップ・ピース
Beastmaster,Captured,闘獣攻略,RenderTextWrapped,BOSS：奇子·游侠骑士、奇子·主教,BOSS：キャバリアー・ピース、ビショップ・ピース
Beastmaster,Captured,闘獣攻略,Text,BOSS：奇子·游侠骑士、奇子·主教,BOSS：キャバリアー・ピース、ビショップ・ピース
Beastmaster,Captured,闘獣攻略,Text/RenderTextWrapped,重点：幻影生成,要点：幻影生成
Beastmaster,Captured,闘獣攻略,RenderTextWrapped,重点：幻影生成,要点：幻影生成
Beastmaster,Captured,闘獣攻略,Text,重点：幻影生成,要点：幻影生成
Beastmaster,Captured,闘獣攻略,Text/RenderTextWrapped,偷偷说：路边的主教不要随便踩,補足：道中のビショップは不用意に踏まないようにします。
Beastmaster,Captured,闘獣攻略,RenderTextWrapped,偷偷说：路边的主教不要随便踩,補足：道中のビショップは不用意に踏まないようにします。
Beastmaster,Captured,闘獣攻略,Text,偷偷说：路边的主教不要随便踩,補足：道中のビショップは不用意に踏まないようにします。
Beastmaster,Captured,闘獣攻略,Text/RenderText,第二步,第2ルート
Beastmaster,Captured,闘獣攻略,RenderText,第二步,第2ルート
Beastmaster,Captured,闘獣攻略,Text/RenderTextWrapped,BOSS：奇子·尤弥尔、奇子·鱼人,BOSS：ユミール・ピース、サハギン・ピース
Beastmaster,Captured,闘獣攻略,RenderTextWrapped,BOSS：奇子·尤弥尔、奇子·鱼人,BOSS：ユミール・ピース、サハギン・ピース
Beastmaster,Captured,闘獣攻略,Text,BOSS：奇子·尤弥尔、奇子·鱼人,BOSS：ユミール・ピース、サハギン・ピース
Beastmaster,Captured,闘獣攻略,Text/RenderTextWrapped,重点：麻痹尖刺、恐慌洗礼,要点：麻痺の棘、恐慌の洗礼
Beastmaster,Captured,闘獣攻略,RenderTextWrapped,重点：麻痹尖刺、恐慌洗礼,要点：麻痺の棘、恐慌の洗礼
Beastmaster,Captured,闘獣攻略,Text,重点：麻痹尖刺、恐慌洗礼,要点：麻痺の棘、恐慌の洗礼
Beastmaster,Captured,闘獣攻略,Text/RenderTextWrapped,偷偷说：。。。,補足：……
Beastmaster,Captured,闘獣攻略,RenderTextWrapped,偷偷说：。。。,補足：……
Beastmaster,Captured,闘獣攻略,Text,偷偷说：。。。,補足：……
Beastmaster,Captured,闘獣攻略,Text/RenderText,岔路一左,分岐1・左
Beastmaster,Captured,闘獣攻略,RenderText,岔路一左,分岐1・左
Beastmaster,Captured,闘獣攻略,Text/RenderTextWrapped,小怪：奇子·公雏鸟、奇子·母雏鸟,雑魚：雄ヒナ・ピース、雌ヒナ・ピース
Beastmaster,Captured,闘獣攻略,RenderTextWrapped,小怪：奇子·公雏鸟、奇子·母雏鸟,雑魚：雄ヒナ・ピース、雌ヒナ・ピース
Beastmaster,Captured,闘獣攻略,Text,小怪：奇子·公雏鸟、奇子·母雏鸟,雑魚：雄ヒナ・ピース、雌ヒナ・ピース
Beastmaster,Captured,闘獣攻略,Text/RenderTextWrapped,重点：前方/后方乱流,要点：前方／後方乱流
Beastmaster,Captured,闘獣攻略,RenderTextWrapped,重点：前方/后方乱流,要点：前方／後方乱流
Beastmaster,Captured,闘獣攻略,Text,重点：前方/后方乱流,要点：前方／後方乱流
Beastmaster,Captured,闘獣攻略,Text/RenderTextWrapped,偷偷说：太难抓，差评,補足：捕獲が難しい相手です。
Beastmaster,Captured,闘獣攻略,RenderTextWrapped,偷偷说：太难抓，差评,補足：捕獲が難しい相手です。
Beastmaster,Captured,闘獣攻略,Text,偷偷说：太难抓，差评,補足：捕獲が難しい相手です。
Beastmaster,Captured,闘獣攻略,Text/RenderText,岔路一右,分岐1・右
Beastmaster,Captured,闘獣攻略,RenderText,岔路一右,分岐1・右
Beastmaster,Captured,闘獣攻略,Text/RenderTextWrapped,偷偷说：这下是真有机制要背对。,補足：視線ギミックなので背を向けます。
Beastmaster,Captured,闘獣攻略,RenderTextWrapped,偷偷说：这下是真有机制要背对。,補足：視線ギミックなので背を向けます。
Beastmaster,Captured,闘獣攻略,Text,偷偷说：这下是真有机制要背对。,補足：視線ギミックなので背を向けます。
Beastmaster,Captured,闘獣攻略,Text/RenderText,第五步,第5ルート
Beastmaster,Captured,闘獣攻略,RenderText,第五步,第5ルート
Beastmaster,Captured,闘獣攻略,Text/RenderTextWrapped,BOSS：奇子·拉哈穆、奇子·巨像,BOSS：ラハム・ピース、ゴーレム・ピース
Beastmaster,Captured,闘獣攻略,RenderTextWrapped,BOSS：奇子·拉哈穆、奇子·巨像,BOSS：ラハム・ピース、ゴーレム・ピース
Beastmaster,Captured,闘獣攻略,Text,BOSS：奇子·拉哈穆、奇子·巨像,BOSS：ラハム・ピース、ゴーレム・ピース
Beastmaster,Captured,闘獣攻略,Text/RenderTextWrapped,重点：沙尘暴、大地摇动,要点：砂塵暴、大地の揺動
Beastmaster,Captured,闘獣攻略,RenderTextWrapped,重点：沙尘暴、大地摇动,要点：砂塵暴、大地の揺動
Beastmaster,Captured,闘獣攻略,Text,重点：沙尘暴、大地摇动,要点：砂塵暴、大地の揺動
Beastmaster,Captured,闘獣攻略,Text/RenderText,第六步,第6ルート
Beastmaster,Captured,闘獣攻略,RenderText,第六步,第6ルート
Beastmaster,Captured,闘獣攻略,Text/RenderTextWrapped,小怪：奇子·蹒跚鬼、奇子·爬行鬼,雑魚：シャンブラー・ピース、クローラー・ピース
Beastmaster,Captured,闘獣攻略,RenderTextWrapped,小怪：奇子·蹒跚鬼、奇子·爬行鬼,雑魚：シャンブラー・ピース、クローラー・ピース
Beastmaster,Captured,闘獣攻略,Text,小怪：奇子·蹒跚鬼、奇子·爬行鬼,雑魚：シャンブラー・ピース、クローラー・ピース
Beastmaster,Captured,闘獣攻略,Text/RenderTextWrapped,重点：混乱之歌、亡者之歌、诱导之歌,要点：混乱の歌、亡者の歌、誘導の歌
Beastmaster,Captured,闘獣攻略,RenderTextWrapped,重点：混乱之歌、亡者之歌、诱导之歌,要点：混乱の歌、亡者の歌、誘導の歌
Beastmaster,Captured,闘獣攻略,Text,重点：混乱之歌、亡者之歌、诱导之歌,要点：混乱の歌、亡者の歌、誘導の歌
Beastmaster,Captured,闘獣攻略,Text/RenderTextWrapped,偷偷说：这种黏在地上的小怪最难扣了。,補足：地面を這う雑魚は特に処理しづらいので注意。
Beastmaster,Captured,闘獣攻略,RenderTextWrapped,偷偷说：这种黏在地上的小怪最难扣了。,補足：地面を這う雑魚は特に処理しづらいので注意。
Beastmaster,Captured,闘獣攻略,Text,偷偷说：这种黏在地上的小怪最难扣了。,補足：地面を這う雑魚は特に処理しづらいので注意。
Beastmaster,Captured,闘獣攻略,Text/RenderText,抽牌抽牌,カードマス
Beastmaster,Captured,闘獣攻略,RenderText,抽牌抽牌,カードマス
Beastmaster,Captured,闘獣攻略,Text/RenderTextWrapped,小怪：奇子·仙人刺、奇子·仙人花、奇子·士兵、奇子·守卫,雑魚：サボテンダー・ピース、サボテンダー・フラワー・ピース、ソルジャー・ピース、ガード・ピース
Beastmaster,Captured,闘獣攻略,RenderTextWrapped,小怪：奇子·仙人刺、奇子·仙人花、奇子·士兵、奇子·守卫,雑魚：サボテンダー・ピース、サボテンダー・フラワー・ピース、ソルジャー・ピース、ガード・ピース
Beastmaster,Captured,闘獣攻略,Text,小怪：奇子·仙人刺、奇子·仙人花、奇子·士兵、奇子·守卫,雑魚：サボテンダー・ピース、サボテンダー・フラワー・ピース、ソルジャー・ピース、ガード・ピース
Beastmaster,Captured,闘獣攻略,Text/RenderTextWrapped,偷偷说：扎我一身刺，差评。这格性价比不高。,補足：棘攻撃が多く、このマスはやや面倒です。
Beastmaster,Captured,闘獣攻略,RenderTextWrapped,偷偷说：扎我一身刺，差评。这格性价比不高。,補足：棘攻撃が多く、このマスはやや面倒です。
Beastmaster,Captured,闘獣攻略,Text,偷偷说：扎我一身刺，差评。这格性价比不高。,補足：棘攻撃が多く、このマスはやや面倒です。
Beastmaster,Captured,闘獣攻略,Text/RenderText,最终BOSS,最終BOSS
Beastmaster,Captured,闘獣攻略,RenderText,最终BOSS,最終BOSS
Beastmaster,Captured,闘獣攻略,Text/RenderTextWrapped,BOSS：贪食无厌 加特勒、奇子·塔纳托斯,BOSS：貪食のガトラー、タナトス・ピース
Beastmaster,Captured,闘獣攻略,RenderTextWrapped,BOSS：贪食无厌 加特勒、奇子·塔纳托斯,BOSS：貪食のガトラー、タナトス・ピース
Beastmaster,Captured,闘獣攻略,Text,BOSS：贪食无厌 加特勒、奇子·塔纳托斯,BOSS：貪食のガトラー、タナトス・ピース
Beastmaster,Captured,闘獣攻略,Text/RenderTextWrapped,偷偷说：宝宝你怎么掉血了。,補足：魔獣のHP減少にも注意します。
Beastmaster,Captured,闘獣攻略,RenderTextWrapped,偷偷说：宝宝你怎么掉血了。,補足：魔獣のHP減少にも注意します。
Beastmaster,Captured,闘獣攻略,Text,偷偷说：宝宝你怎么掉血了。,補足：魔獣のHP減少にも注意します。
Beastmaster,Captured,闘獣攻略,Text/RenderTextWrapped,BOSS：奇子·博学林鸮,BOSS：アカデミック・オウル・ピース
Beastmaster,Captured,闘獣攻略,RenderTextWrapped,BOSS：奇子·博学林鸮,BOSS：アカデミック・オウル・ピース
Beastmaster,Captured,闘獣攻略,Text,BOSS：奇子·博学林鸮,BOSS：アカデミック・オウル・ピース
Beastmaster,Captured,闘獣攻略,Text/RenderTextWrapped,小怪：博学林鸮的羽毛,雑魚：アカデミック・オウルの羽根
Beastmaster,Captured,闘獣攻略,RenderTextWrapped,小怪：博学林鸮的羽毛,雑魚：アカデミック・オウルの羽根
Beastmaster,Captured,闘獣攻略,Text,小怪：博学林鸮的羽毛,雑魚：アカデミック・オウルの羽根
Beastmaster,Captured,闘獣攻略,Text/RenderTextWrapped,机制：爆震去风圈，魔法锤去史莱姆，狂水去河童。第一个机制固定是白圈，可以提前走位。,ギミック：爆震は風の円、魔法ハンマーはスライム、狂水は河童へ誘導します。最初のギミックは白円固定なので先に位置取りできます。
Beastmaster,Captured,闘獣攻略,RenderTextWrapped,机制：爆震去风圈，魔法锤去史莱姆，狂水去河童。第一个机制固定是白圈，可以提前走位。,ギミック：爆震は風の円、魔法ハンマーはスライム、狂水は河童へ誘導します。最初のギミックは白円固定なので先に位置取りできます。
Beastmaster,Captured,闘獣攻略,Text,机制：爆震去风圈，魔法锤去史莱姆，狂水去河童。第一个机制固定是白圈，可以提前走位。,ギミック：爆震は風の円、魔法ハンマーはスライム、狂水は河童へ誘導します。最初のギミックは白円固定なので先に位置取りできます。
Beastmaster,Captured,闘獣攻略,Text/RenderTextWrapped,BOSS：奇子·魔界花,BOSS：モルボル・ピース
Beastmaster,Captured,闘獣攻略,RenderTextWrapped,BOSS：奇子·魔界花,BOSS：モルボル・ピース
Beastmaster,Captured,闘獣攻略,Text,BOSS：奇子·魔界花,BOSS：モルボル・ピース
Beastmaster,Captured,闘獣攻略,Text/RenderTextWrapped,小怪：奇子·幼苗、奇子·大口花、腐汁,雑魚：サップリング・ピース、トラップフラワー・ピース、腐汁
Beastmaster,Captured,闘獣攻略,RenderTextWrapped,小怪：奇子·幼苗、奇子·大口花、腐汁,雑魚：サップリング・ピース、トラップフラワー・ピース、腐汁
Beastmaster,Captured,闘獣攻略,Text,小怪：奇子·幼苗、奇子·大口花、腐汁,雑魚：サップリング・ピース、トラップフラワー・ピース、腐汁
Beastmaster,Captured,闘獣攻略,Text/RenderTextWrapped,机制：小怪出了迅速击杀。,ギミック：雑魚が出たら素早く倒します。
Beastmaster,Captured,闘獣攻略,RenderTextWrapped,机制：小怪出了迅速击杀。,ギミック：雑魚が出たら素早く倒します。
Beastmaster,Captured,闘獣攻略,Text,机制：小怪出了迅速击杀。,ギミック：雑魚が出たら素早く倒します。
Beastmaster,Captured,闘獣攻略,Text/RenderTextWrapped,BOSS：奇子·尸生花,BOSS：コープスフラワー・ピース
Beastmaster,Captured,闘獣攻略,RenderTextWrapped,BOSS：奇子·尸生花,BOSS：コープスフラワー・ピース
Beastmaster,Captured,闘獣攻略,Text,BOSS：奇子·尸生花,BOSS：コープスフラワー・ピース
Beastmaster,Captured,闘獣攻略,Text/RenderTextWrapped,小怪：奇子·女王鹰蜂,雑魚：クイーンホーネット・ピース
Beastmaster,Captured,闘獣攻略,RenderTextWrapped,小怪：奇子·女王鹰蜂,雑魚：クイーンホーネット・ピース
Beastmaster,Captured,闘獣攻略,Text,小怪：奇子·女王鹰蜂,雑魚：クイーンホーネット・ピース
Beastmaster,Captured,闘獣攻略,Text/RenderTextWrapped,重点：鲜花陷阱、吐出,要点：鮮花の罠、吐き出し
Beastmaster,Captured,闘獣攻略,RenderTextWrapped,重点：鲜花陷阱、吐出,要点：鮮花の罠、吐き出し
Beastmaster,Captured,闘獣攻略,Text,重点：鲜花陷阱、吐出,要点：鮮花の罠、吐き出し
Beastmaster,Captured,闘獣攻略,Text/RenderTextWrapped,机制：踩中荆棘圈时按次伤害，不是DOT。BOSS读条「鲜花陷阱」时荆棘圈会扩大，「吐出」即击退，看好安全区即可。,ギミック：茨の円は踏むたびにダメージを受け、DoTではありません。「鮮花の罠」詠唱中は茨範囲が拡大し、「吐き出し」はノックバックです。安全地帯を確認します。
Beastmaster,Captured,闘獣攻略,RenderTextWrapped,机制：踩中荆棘圈时按次伤害，不是DOT。BOSS读条「鲜花陷阱」时荆棘圈会扩大，「吐出」即击退，看好安全区即可。,ギミック：茨の円は踏むたびにダメージを受け、DoTではありません。「鮮花の罠」詠唱中は茨範囲が拡大し、「吐き出し」はノックバックです。安全地帯を確認します。
Beastmaster,Captured,闘獣攻略,Text,机制：踩中荆棘圈时按次伤害，不是DOT。BOSS读条「鲜花陷阱」时荆棘圈会扩大，「吐出」即击退，看好安全区即可。,ギミック：茨の円は踏むたびにダメージを受け、DoTではありません。「鮮花の罠」詠唱中は茨範囲が拡大し、「吐き出し」はノックバックです。安全地帯を確認します。
Beastmaster,Captured,闘獣攻略,Text/RenderTextWrapped,BOSS：奇子·冰龙,BOSS：アイスドラゴン・ピース
Beastmaster,Captured,闘獣攻略,RenderTextWrapped,BOSS：奇子·冰龙,BOSS：アイスドラゴン・ピース
Beastmaster,Captured,闘獣攻略,Text,BOSS：奇子·冰龙,BOSS：アイスドラゴン・ピース
Beastmaster,Captured,闘獣攻略,Text/RenderTextWrapped,小怪：冰元精,雑魚：アイスエレメンタル
Beastmaster,Captured,闘獣攻略,RenderTextWrapped,小怪：冰元精,雑魚：アイスエレメンタル
Beastmaster,Captured,闘獣攻略,Text,小怪：冰元精,雑魚：アイスエレメンタル
Beastmaster,Captured,闘獣攻略,Text/RenderTextWrapped,重点：无终的枯朽、寒冰覆盖,要点：終わりなき枯朽、寒氷の覆い
Beastmaster,Captured,闘獣攻略,RenderTextWrapped,重点：无终的枯朽、寒冰覆盖,要点：終わりなき枯朽、寒氷の覆い
Beastmaster,Captured,闘獣攻略,Text,重点：无终的枯朽、寒冰覆盖,要点：終わりなき枯朽、寒氷の覆い
Beastmaster,Captured,闘獣攻略,Text/RenderTextWrapped,机制：BOSS读条「无终的枯朽」时安全区范围比较小，「寒冰覆盖」会在所在位置放置黄圈，建议在安全区内三角形放置。,ギミック：「終わりなき枯朽」は安全地帯が狭め。「寒氷の覆い」は現在地に黄円を置くので、安全地帯内で三角形になるよう配置すると処理しやすいです。
Beastmaster,Captured,闘獣攻略,RenderTextWrapped,机制：BOSS读条「无终的枯朽」时安全区范围比较小，「寒冰覆盖」会在所在位置放置黄圈，建议在安全区内三角形放置。,ギミック：「終わりなき枯朽」は安全地帯が狭め。「寒氷の覆い」は現在地に黄円を置くので、安全地帯内で三角形になるよう配置すると処理しやすいです。
Beastmaster,Captured,闘獣攻略,Text,机制：BOSS读条「无终的枯朽」时安全区范围比较小，「寒冰覆盖」会在所在位置放置黄圈，建议在安全区内三角形放置。,ギミック：「終わりなき枯朽」は安全地帯が狭め。「寒氷の覆い」は現在地に黄円を置くので、安全地帯内で三角形になるよう配置すると処理しやすいです。
Beastmaster,Captured,闘獣攻略,Text/RenderTextWrapped,偷偷说：或者利用一些可以快速移动的神秘小工具。,補足：素早く移動できる手段があると処理しやすくなります。
Beastmaster,Captured,闘獣攻略,RenderTextWrapped,偷偷说：或者利用一些可以快速移动的神秘小工具。,補足：素早く移動できる手段があると処理しやすくなります。
Beastmaster,Captured,闘獣攻略,Text,偷偷说：或者利用一些可以快速移动的神秘小工具。,補足：素早く移動できる手段があると処理しやすくなります。
Beastmaster,Captured,闘獣攻略,Text/RenderTextWrapped,BOSS：奇子·石像鬼,BOSS：ガーゴイル・ピース
Beastmaster,Captured,闘獣攻略,RenderTextWrapped,BOSS：奇子·石像鬼,BOSS：ガーゴイル・ピース
Beastmaster,Captured,闘獣攻略,Text,BOSS：奇子·石像鬼,BOSS：ガーゴイル・ピース
Beastmaster,Captured,闘獣攻略,Text/RenderTextWrapped,重点：突进连斩、圆环连斩、腐瘴气,要点：突進連斬、円環連斬、腐瘴気
Beastmaster,Captured,闘獣攻略,RenderTextWrapped,重点：突进连斩、圆环连斩、腐瘴气,要点：突進連斬、円環連斬、腐瘴気
Beastmaster,Captured,闘獣攻略,Text,重点：突进连斩、圆环连斩、腐瘴气,要点：突進連斬、円環連斬、腐瘴気
Beastmaster,Captured,闘獣攻略,Text/RenderTextWrapped,机制：「突进连斩」为冲向玩家后先前半场刀接后半场刀；「圆环连斩」为脚下钢铁接向外扩展月环；「腐瘴气」时吃球降低BOSS身上的BUFF，但是一次吃不能超过五层。,ギミック：「突進連斬」は突進後に前半面→後半面攻撃。「円環連斬」は足元円→外側ドーナツ。「腐瘴気」では球を取ってBOSSの強化を下げますが、一度に5スタックを超えないようにします。
Beastmaster,Captured,闘獣攻略,RenderTextWrapped,机制：「突进连斩」为冲向玩家后先前半场刀接后半场刀；「圆环连斩」为脚下钢铁接向外扩展月环；「腐瘴气」时吃球降低BOSS身上的BUFF，但是一次吃不能超过五层。,ギミック：「突進連斬」は突進後に前半面→後半面攻撃。「円環連斬」は足元円→外側ドーナツ。「腐瘴気」では球を取ってBOSSの強化を下げますが、一度に5スタックを超えないようにします。
Beastmaster,Captured,闘獣攻略,Text,机制：「突进连斩」为冲向玩家后先前半场刀接后半场刀；「圆环连斩」为脚下钢铁接向外扩展月环；「腐瘴气」时吃球降低BOSS身上的BUFF，但是一次吃不能超过五层。,ギミック：「突進連斬」は突進後に前半面→後半面攻撃。「円環連斬」は足元円→外側ドーナツ。「腐瘴気」では球を取ってBOSSの強化を下げますが、一度に5スタックを超えないようにします。
Beastmaster,Captured,闘獣攻略,Text/RenderTextWrapped,BOSS：奇子·管理者,BOSS：マネージャー・ピース
Beastmaster,Captured,闘獣攻略,RenderTextWrapped,BOSS：奇子·管理者,BOSS：マネージャー・ピース
Beastmaster,Captured,闘獣攻略,Text,BOSS：奇子·管理者,BOSS：マネージャー・ピース
Beastmaster,Captured,闘獣攻略,Text/RenderTextWrapped,小怪：奇子·故障虫、奇子·发条步兵、奇子·恐慌装甲、奇子·无人机、奇子·眼镜蛇,雑魚：バグ・ピース、クロックワーク・ソルジャー・ピース、パニックアーマー・ピース、ドローン・ピース、コブラ・ピース
Beastmaster,Captured,闘獣攻略,RenderTextWrapped,小怪：奇子·故障虫、奇子·发条步兵、奇子·恐慌装甲、奇子·无人机、奇子·眼镜蛇,雑魚：バグ・ピース、クロックワーク・ソルジャー・ピース、パニックアーマー・ピース、ドローン・ピース、コブラ・ピース
Beastmaster,Captured,闘獣攻略,Text,小怪：奇子·故障虫、奇子·发条步兵、奇子·恐慌装甲、奇子·无人机、奇子·眼镜蛇,雑魚：バグ・ピース、クロックワーク・ソルジャー・ピース、パニックアーマー・ピース、ドローン・ピース、コブラ・ピース
Beastmaster,Captured,闘獣攻略,Text/RenderTextWrapped,机制：BOSS血量较低，盯着使劲打就行了。,ギミック：BOSSのHPは低めなので、集中して攻撃すれば押し切れます。
Beastmaster,Captured,闘獣攻略,RenderTextWrapped,机制：BOSS血量较低，盯着使劲打就行了。,ギミック：BOSSのHPは低めなので、集中して攻撃すれば押し切れます。
Beastmaster,Captured,闘獣攻略,Text,机制：BOSS血量较低，盯着使劲打就行了。,ギミック：BOSSのHPは低めなので、集中して攻撃すれば押し切れます。
Beastmaster,Captured,闘獣攻略,Text/RenderTextWrapped,偷偷说：出的概率似乎很低。,補足：出現率はかなり低いようです。
Beastmaster,Captured,闘獣攻略,RenderTextWrapped,偷偷说：出的概率似乎很低。,補足：出現率はかなり低いようです。
Beastmaster,Captured,闘獣攻略,Text,偷偷说：出的概率似乎很低。,補足：出現率はかなり低いようです。
Beastmaster,Captured,闘獣攻略,Text/RenderTextWrapped,重点：岩壁、岩雨、自爆,要点：岩壁、岩雨、自爆
Beastmaster,Captured,闘獣攻略,RenderTextWrapped,重点：岩壁、岩雨、自爆,要点：岩壁、岩雨、自爆
Beastmaster,Captured,闘獣攻略,Text,重点：岩壁、岩雨、自爆,要点：岩壁、岩雨、自爆
Beastmaster,Captured,闘獣攻略,Text/RenderTextWrapped,机制：BOSS读条「岩壁」时注意观察尖刺方向，不要被石头撞。第一个巨像死掉后第二个会复活；「岩雨」会出现四块石头，碎掉的石头下为月环。「自爆」不是即死，反而是BOSS自爆完就死了。,ギミック：「岩壁」はトゲの向きを見て岩に当たらないようにします。1体目のゴーレムを倒すと2体目が復活。「岩雨」では4つの岩が出現し、壊れた岩の下がドーナツ安地になります。「自爆」は即死ではなく、BOSSが自爆後に倒れます。
Beastmaster,Captured,闘獣攻略,RenderTextWrapped,机制：BOSS读条「岩壁」时注意观察尖刺方向，不要被石头撞。第一个巨像死掉后第二个会复活；「岩雨」会出现四块石头，碎掉的石头下为月环。「自爆」不是即死，反而是BOSS自爆完就死了。,ギミック：「岩壁」はトゲの向きを見て岩に当たらないようにします。1体目のゴーレムを倒すと2体目が復活。「岩雨」では4つの岩が出現し、壊れた岩の下がドーナツ安地になります。「自爆」は即死ではなく、BOSSが自爆後に倒れます。
Beastmaster,Captured,闘獣攻略,Text,机制：BOSS读条「岩壁」时注意观察尖刺方向，不要被石头撞。第一个巨像死掉后第二个会复活；「岩雨」会出现四块石头，碎掉的石头下为月环。「自爆」不是即死，反而是BOSS自爆完就死了。,ギミック：「岩壁」はトゲの向きを見て岩に当たらないようにします。1体目のゴーレムを倒すと2体目が復活。「岩雨」では4つの岩が出現し、壊れた岩の下がドーナツ安地になります。「自爆」は即死ではなく、BOSSが自爆後に倒れます。
Beastmaster,Captured,闘獣攻略,Text/RenderTextWrapped,BOSS：奇子·树精,BOSS：トレント・ピース
Beastmaster,Captured,闘獣攻略,RenderTextWrapped,BOSS：奇子·树精,BOSS：トレント・ピース
Beastmaster,Captured,闘獣攻略,Text,BOSS：奇子·树精,BOSS：トレント・ピース
Beastmaster,Captured,闘獣攻略,Text/RenderTextWrapped,小怪：奇子·蛞蝓、奇子·花苗、奇子·凶蛛蝎、奇子·比洛克,雑魚：スラッグ・ピース、フラワーシード・ピース、ダイアマイト・ピース、ビロック・ピース
Beastmaster,Captured,闘獣攻略,RenderTextWrapped,小怪：奇子·蛞蝓、奇子·花苗、奇子·凶蛛蝎、奇子·比洛克,雑魚：スラッグ・ピース、フラワーシード・ピース、ダイアマイト・ピース、ビロック・ピース
Beastmaster,Captured,闘獣攻略,Text,小怪：奇子·蛞蝓、奇子·花苗、奇子·凶蛛蝎、奇子·比洛克,雑魚：スラッグ・ピース、フラワーシード・ピース、ダイアマイト・ピース、ビロック・ピース
Beastmaster,Captured,闘獣攻略,Text/RenderTextWrapped,机制：小怪出来迅速击杀。,ギミック：雑魚が出たらすぐ倒します。
Beastmaster,Captured,闘獣攻略,RenderTextWrapped,机制：小怪出来迅速击杀。,ギミック：雑魚が出たらすぐ倒します。
Beastmaster,Captured,闘獣攻略,Text,机制：小怪出来迅速击杀。,ギミック：雑魚が出たらすぐ倒します。
Beastmaster,Captured,闘獣攻略,Text/RenderTextWrapped,BOSS：奇子·爆弹之母,BOSS：マザーボム・ピース
Beastmaster,Captured,闘獣攻略,RenderTextWrapped,BOSS：奇子·爆弹之母,BOSS：マザーボム・ピース
Beastmaster,Captured,闘獣攻略,Text,BOSS：奇子·爆弹之母,BOSS：マザーボム・ピース
Beastmaster,Captured,闘獣攻略,Text/RenderTextWrapped,小怪：奇子·榴弹怪、奇子·爆弹怪、奇子·雪弹怪、奇子·焰球,雑魚：グレネード・ピース、ボム・ピース、スノーボム・ピース、フレイムボール・ピース
Beastmaster,Captured,闘獣攻略,RenderTextWrapped,小怪：奇子·榴弹怪、奇子·爆弹怪、奇子·雪弹怪、奇子·焰球,雑魚：グレネード・ピース、ボム・ピース、スノーボム・ピース、フレイムボール・ピース
Beastmaster,Captured,闘獣攻略,Text,小怪：奇子·榴弹怪、奇子·爆弹怪、奇子·雪弹怪、奇子·焰球,雑魚：グレネード・ピース、ボム・ピース、スノーボム・ピース、フレイムボール・ピース
Beastmaster,Captured,闘獣攻略,Text/RenderTextWrapped,机制：随机怪一般都比较简单，盯着BOSS杀就行。,ギミック：ランダム雑魚は比較的簡単なので、BOSSを優先して攻撃します。
Beastmaster,Captured,闘獣攻略,RenderTextWrapped,机制：随机怪一般都比较简单，盯着BOSS杀就行。,ギミック：ランダム雑魚は比較的簡単なので、BOSSを優先して攻撃します。
Beastmaster,Captured,闘獣攻略,Text,机制：随机怪一般都比较简单，盯着BOSS杀就行。,ギミック：ランダム雑魚は比較的簡単なので、BOSSを優先して攻撃します。
Beastmaster,Captured,闘獣攻略,Text/RenderTextWrapped,BOSS：怨毒龙 博尔格尼,BOSS：怨毒竜 ボルグニ
Beastmaster,Captured,闘獣攻略,RenderTextWrapped,BOSS：怨毒龙 博尔格尼,BOSS：怨毒竜 ボルグニ
Beastmaster,Captured,闘獣攻略,Text,BOSS：怨毒龙 博尔格尼,BOSS：怨毒竜 ボルグニ
Beastmaster,Captured,闘獣攻略,Text/RenderTextWrapped,小怪：有毒物质,雑魚：有毒物質
Beastmaster,Captured,闘獣攻略,RenderTextWrapped,小怪：有毒物质,雑魚：有毒物質
Beastmaster,Captured,闘獣攻略,Text,小怪：有毒物质,雑魚：有毒物質
Beastmaster,Captured,闘獣攻略,Text/RenderTextWrapped,重点：猛毒吐息、猛毒黏液、蠕动的痰,要点：猛毒の吐息、猛毒粘液、蠢く痰
Beastmaster,Captured,闘獣攻略,RenderTextWrapped,重点：猛毒吐息、猛毒黏液、蠕动的痰,要点：猛毒の吐息、猛毒粘液、蠢く痰
Beastmaster,Captured,闘獣攻略,Text,重点：猛毒吐息、猛毒黏液、蠕动的痰,要点：猛毒の吐息、猛毒粘液、蠢く痰
Beastmaster,Captured,闘獣攻略,Text/RenderTextWrapped,机制：BOSS读条「猛毒吐息」时向后跳至场边，喷出扇形毒雾，实际安全范围为目标圈大小的圆形，注意观察BOSS面向；「猛毒黏液」将毒圈沿场边放置；BOSS读条「蠕动的痰」时远离毒圈放置目标，并在目标进入毒圈前击杀。,ギミック：「猛毒の吐息」は後方へ跳んで外周から扇状毒霧。実際の安全範囲はターゲットサークル程度なのでBOSSの向きを確認します。「猛毒粘液」は毒円を外周へ置きます。「蠢く痰」は毒円から離して誘導し、毒円へ入る前に倒します。
Beastmaster,Captured,闘獣攻略,RenderTextWrapped,机制：BOSS读条「猛毒吐息」时向后跳至场边，喷出扇形毒雾，实际安全范围为目标圈大小的圆形，注意观察BOSS面向；「猛毒黏液」将毒圈沿场边放置；BOSS读条「蠕动的痰」时远离毒圈放置目标，并在目标进入毒圈前击杀。,ギミック：「猛毒の吐息」は後方へ跳んで外周から扇状毒霧。実際の安全範囲はターゲットサークル程度なのでBOSSの向きを確認します。「猛毒粘液」は毒円を外周へ置きます。「蠢く痰」は毒円から離して誘導し、毒円へ入る前に倒します。
Beastmaster,Captured,闘獣攻略,Text,机制：BOSS读条「猛毒吐息」时向后跳至场边，喷出扇形毒雾，实际安全范围为目标圈大小的圆形，注意观察BOSS面向；「猛毒黏液」将毒圈沿场边放置；BOSS读条「蠕动的痰」时远离毒圈放置目标，并在目标进入毒圈前击杀。,ギミック：「猛毒の吐息」は後方へ跳んで外周から扇状毒霧。実際の安全範囲はターゲットサークル程度なのでBOSSの向きを確認します。「猛毒粘液」は毒円を外周へ置きます。「蠢く痰」は毒円から離して誘導し、毒円へ入る前に倒します。
Beastmaster,Captured,闘獣攻略,Text/RenderTextWrapped,BOSS：奇子·夺心魔,BOSS：マインドフレア・ピース
Beastmaster,Captured,闘獣攻略,RenderTextWrapped,BOSS：奇子·夺心魔,BOSS：マインドフレア・ピース
Beastmaster,Captured,闘獣攻略,Text,BOSS：奇子·夺心魔,BOSS：マインドフレア・ピース
Beastmaster,Captured,闘獣攻略,Text/RenderTextWrapped,小怪：奇子·毒性蘑菇,雑魚：ポイズンマッシュルーム・ピース
Beastmaster,Captured,闘獣攻略,RenderTextWrapped,小怪：奇子·毒性蘑菇,雑魚：ポイズンマッシュルーム・ピース
Beastmaster,Captured,闘獣攻略,Text,小怪：奇子·毒性蘑菇,雑魚：ポイズンマッシュルーム・ピース
Beastmaster,Captured,闘獣攻略,Text/RenderTextWrapped,机制：蘑菇要在水里死掉。,ギミック：キノコは水の中で倒します。
Beastmaster,Captured,闘獣攻略,RenderTextWrapped,机制：蘑菇要在水里死掉。,ギミック：キノコは水の中で倒します。
Beastmaster,Captured,闘獣攻略,Text,机制：蘑菇要在水里死掉。,ギミック：キノコは水の中で倒します。
Beastmaster,Captured,闘獣攻略,Text/RenderTextWrapped,BOSS：奇子·佛劳洛斯,BOSS：フラウロス・ピース
Beastmaster,Captured,闘獣攻略,RenderTextWrapped,BOSS：奇子·佛劳洛斯,BOSS：フラウロス・ピース
Beastmaster,Captured,闘獣攻略,Text,BOSS：奇子·佛劳洛斯,BOSS：フラウロス・ピース
Beastmaster,Captured,闘獣攻略,Text/RenderTextWrapped,小怪：雷元精,雑魚：ライトニングエレメンタル
Beastmaster,Captured,闘獣攻略,RenderTextWrapped,小怪：雷元精,雑魚：ライトニングエレメンタル
Beastmaster,Captured,闘獣攻略,Text,小怪：雷元精,雑魚：ライトニングエレメンタル
Beastmaster,Captured,闘獣攻略,Text/RenderTextWrapped,机制：打掉一两个雷元精就非常好跑了。,ギミック：雷エレメンタルを1～2体倒すと移動しやすくなります。
Beastmaster,Captured,闘獣攻略,RenderTextWrapped,机制：打掉一两个雷元精就非常好跑了。,ギミック：雷エレメンタルを1～2体倒すと移動しやすくなります。
Beastmaster,Captured,闘獣攻略,Text,机制：打掉一两个雷元精就非常好跑了。,ギミック：雷エレメンタルを1～2体倒すと移動しやすくなります。
Beastmaster,Captured,闘獣攻略,Text/RenderTextWrapped,BOSS：奇子·夜魔人,BOSS：ナイトストーカー・ピース
Beastmaster,Captured,闘獣攻略,RenderTextWrapped,BOSS：奇子·夜魔人,BOSS：ナイトストーカー・ピース
Beastmaster,Captured,闘獣攻略,Text,BOSS：奇子·夜魔人,BOSS：ナイトストーカー・ピース
Beastmaster,Captured,闘獣攻略,Text/RenderTextWrapped,小怪：奇子·深瞳、奇子·爆弹怪、光元精,雑魚：ディープアイ・ピース、ボム・ピース、ライトエレメンタル
Beastmaster,Captured,闘獣攻略,RenderTextWrapped,小怪：奇子·深瞳、奇子·爆弹怪、光元精,雑魚：ディープアイ・ピース、ボム・ピース、ライトエレメンタル
Beastmaster,Captured,闘獣攻略,Text,小怪：奇子·深瞳、奇子·爆弹怪、光元精,雑魚：ディープアイ・ピース、ボム・ピース、ライトエレメンタル
Beastmaster,Captured,闘獣攻略,Text/RenderTextWrapped,重点：黑暗帷幕、放逐,要点：暗黒の帳、バニシュ
Beastmaster,Captured,闘獣攻略,RenderTextWrapped,重点：黑暗帷幕、放逐,要点：暗黒の帳、バニシュ
Beastmaster,Captured,闘獣攻略,Text,重点：黑暗帷幕、放逐,要点：暗黒の帳、バニシュ
Beastmaster,Captured,闘獣攻略,Text/RenderTextWrapped,机制：开局突进接钢铁，突进接扇形。BOSS读条「黑暗帷幕」后隐身；爆弹怪会放黄圈，优先击杀深瞳。光元精读条「放逐」时，将攻击引导至场中以解除BOSS隐身状态。,ギミック：開幕は突進→円範囲、続いて突進→扇範囲。BOSSは「暗黒の帳」詠唱後に姿を消します。ボムの黄円に注意し、ディープアイを優先撃破。光エレメンタルの「バニシュ」は中央へ誘導してBOSSの隠密を解除します。
Beastmaster,Captured,闘獣攻略,RenderTextWrapped,机制：开局突进接钢铁，突进接扇形。BOSS读条「黑暗帷幕」后隐身；爆弹怪会放黄圈，优先击杀深瞳。光元精读条「放逐」时，将攻击引导至场中以解除BOSS隐身状态。,ギミック：開幕は突進→円範囲、続いて突進→扇範囲。BOSSは「暗黒の帳」詠唱後に姿を消します。ボムの黄円に注意し、ディープアイを優先撃破。光エレメンタルの「バニシュ」は中央へ誘導してBOSSの隠密を解除します。
Beastmaster,Captured,闘獣攻略,Text,机制：开局突进接钢铁，突进接扇形。BOSS读条「黑暗帷幕」后隐身；爆弹怪会放黄圈，优先击杀深瞳。光元精读条「放逐」时，将攻击引导至场中以解除BOSS隐身状态。,ギミック：開幕は突進→円範囲、続いて突進→扇範囲。BOSSは「暗黒の帳」詠唱後に姿を消します。ボムの黄円に注意し、ディープアイを優先撃破。光エレメンタルの「バニシュ」は中央へ誘導してBOSSの隠密を解除します。
Beastmaster,Captured,闘獣攻略,Text/RenderTextWrapped,偷偷说：他逃，他追，他插翅难飞。,補足：逃げるBOSSを追って確実に攻撃します。
Beastmaster,Captured,闘獣攻略,RenderTextWrapped,偷偷说：他逃，他追，他插翅难飞。,補足：逃げるBOSSを追って確実に攻撃します。
Beastmaster,Captured,闘獣攻略,Text,偷偷说：他逃，他追，他插翅难飞。,補足：逃げるBOSSを追って確実に攻撃します。
Beastmaster,Captured,闘獣攻略,Text/RenderTextWrapped,BOSS：奇子·阿托莫斯,BOSS：アトモス・ピース
Beastmaster,Captured,闘獣攻略,RenderTextWrapped,BOSS：奇子·阿托莫斯,BOSS：アトモス・ピース
Beastmaster,Captured,闘獣攻略,Text,BOSS：奇子·阿托莫斯,BOSS：アトモス・ピース
Beastmaster,Captured,闘獣攻略,Text/RenderTextWrapped,小怪：奇子·红格雷姆林、奇子·格雷姆林、奇子·软糊怪、奇子·奶冻怪、奇子·甜羹怪、奇子·石像魔、奇子·威胁扎哈克,雑魚：レッドグレムリン・ピース、グレムリン・ピース、スライム・ピース、プリン・ピース、フラン・ピース、ガーゴイル・ピース、ザハク・ピース
Beastmaster,Captured,闘獣攻略,RenderTextWrapped,小怪：奇子·红格雷姆林、奇子·格雷姆林、奇子·软糊怪、奇子·奶冻怪、奇子·甜羹怪、奇子·石像魔、奇子·威胁扎哈克,雑魚：レッドグレムリン・ピース、グレムリン・ピース、スライム・ピース、プリン・ピース、フラン・ピース、ガーゴイル・ピース、ザハク・ピース
Beastmaster,Captured,闘獣攻略,Text,小怪：奇子·红格雷姆林、奇子·格雷姆林、奇子·软糊怪、奇子·奶冻怪、奇子·甜羹怪、奇子·石像魔、奇子·威胁扎哈克,雑魚：レッドグレムリン・ピース、グレムリン・ピース、スライム・ピース、プリン・ピース、フラン・ピース、ガーゴイル・ピース、ザハク・ピース
Beastmaster,Captured,闘獣攻略,Text/RenderTextWrapped,机制：小怪会不停在脚下放黄圈，清完小怪盯着BOSS打即可；似乎不清也不是很疼。,ギミック：雑魚が足元へ黄円を連発します。雑魚を処理したらBOSSを集中攻撃。雑魚を残しても致命的ではありません。
Beastmaster,Captured,闘獣攻略,RenderTextWrapped,机制：小怪会不停在脚下放黄圈，清完小怪盯着BOSS打即可；似乎不清也不是很疼。,ギミック：雑魚が足元へ黄円を連発します。雑魚を処理したらBOSSを集中攻撃。雑魚を残しても致命的ではありません。
Beastmaster,Captured,闘獣攻略,Text,机制：小怪会不停在脚下放黄圈，清完小怪盯着BOSS打即可；似乎不清也不是很疼。,ギミック：雑魚が足元へ黄円を連発します。雑魚を処理したらBOSSを集中攻撃。雑魚を残しても致命的ではありません。
Beastmaster,Captured,闘獣攻略,Text/RenderTextWrapped,BOSS：奇子·火蛟,BOSS：ファイアドレイク・ピース
Beastmaster,Captured,闘獣攻略,RenderTextWrapped,BOSS：奇子·火蛟,BOSS：ファイアドレイク・ピース
Beastmaster,Captured,闘獣攻略,Text,BOSS：奇子·火蛟,BOSS：ファイアドレイク・ピース
Beastmaster,Captured,闘獣攻略,Text/RenderTextWrapped,小怪：奇子·棘鼹、奇子·狱蟾蜍、奇子·蓝闪蝶,雑魚：スパイクモール・ピース、ヘルトード・ピース、ブルーバタフライ・ピース
Beastmaster,Captured,闘獣攻略,RenderTextWrapped,小怪：奇子·棘鼹、奇子·狱蟾蜍、奇子·蓝闪蝶,雑魚：スパイクモール・ピース、ヘルトード・ピース、ブルーバタフライ・ピース
Beastmaster,Captured,闘獣攻略,Text,小怪：奇子·棘鼹、奇子·狱蟾蜍、奇子·蓝闪蝶,雑魚：スパイクモール・ピース、ヘルトード・ピース、ブルーバタフライ・ピース
Beastmaster,Captured,闘獣攻略,Text/RenderTextWrapped,机制：火蛟开局蹦向左侧接扇形；场地中的火球会释放黄圈。全部击杀后前往地图火龙卷处躲避月环。蝴蝶出现后优先击杀，不要让蟾蜍吃到蝴蝶，否则会获得体力恢复。,ギミック：開幕に左へ跳んで扇範囲。場内の火球が黄円を出します。全処理後は火の竜巻側へ移動してドーナツ範囲を回避。蝶が出たら優先して倒し、ヒキガエルに食べさせないようにします。
Beastmaster,Captured,闘獣攻略,RenderTextWrapped,机制：火蛟开局蹦向左侧接扇形；场地中的火球会释放黄圈。全部击杀后前往地图火龙卷处躲避月环。蝴蝶出现后优先击杀，不要让蟾蜍吃到蝴蝶，否则会获得体力恢复。,ギミック：開幕に左へ跳んで扇範囲。場内の火球が黄円を出します。全処理後は火の竜巻側へ移動してドーナツ範囲を回避。蝶が出たら優先して倒し、ヒキガエルに食べさせないようにします。
Beastmaster,Captured,闘獣攻略,Text,机制：火蛟开局蹦向左侧接扇形；场地中的火球会释放黄圈。全部击杀后前往地图火龙卷处躲避月环。蝴蝶出现后优先击杀，不要让蟾蜍吃到蝴蝶，否则会获得体力恢复。,ギミック：開幕に左へ跳んで扇範囲。場内の火球が黄円を出します。全処理後は火の竜巻側へ移動してドーナツ範囲を回避。蝶が出たら優先して倒し、ヒキガエルに食べさせないようにします。
Beastmaster,Captured,闘獣攻略,Text/RenderTextWrapped,偷偷说：基本不怎么走这边。,補足：このルートはあまり選ばれません。
Beastmaster,Captured,闘獣攻略,RenderTextWrapped,偷偷说：基本不怎么走这边。,補足：このルートはあまり選ばれません。
Beastmaster,Captured,闘獣攻略,Text,偷偷说：基本不怎么走这边。,補足：このルートはあまり選ばれません。
Beastmaster,Captured,闘獣攻略,Text/RenderTextWrapped,BOSS：奇子·杜尔迦,BOSS：ドゥルガー・ピース
Beastmaster,Captured,闘獣攻略,RenderTextWrapped,BOSS：奇子·杜尔迦,BOSS：ドゥルガー・ピース
Beastmaster,Captured,闘獣攻略,Text,BOSS：奇子·杜尔迦,BOSS：ドゥルガー・ピース
Beastmaster,Captured,闘獣攻略,Text/RenderTextWrapped,小怪：奇子·转盘堡,雑魚：タレット・ピース
Beastmaster,Captured,闘獣攻略,RenderTextWrapped,小怪：奇子·转盘堡,雑魚：タレット・ピース
Beastmaster,Captured,闘獣攻略,Text,小怪：奇子·转盘堡,雑魚：タレット・ピース
Beastmaster,Captured,闘獣攻略,Text/RenderTextWrapped,重点：雷气吸收、气化炸弹,要点：雷気吸収、気化爆弾
Beastmaster,Captured,闘獣攻略,RenderTextWrapped,重点：雷气吸收、气化炸弹,要点：雷気吸収、気化爆弾
Beastmaster,Captured,闘獣攻略,Text,重点：雷气吸收、气化炸弹,要点：雷気吸収、気化爆弾
Beastmaster,Captured,闘獣攻略,Text/RenderTextWrapped,机制：「雷气吸收」时不仅要看没有连线的手，还要观察BOSS是否旋转，安全区会和BOSS一起转动；「气化炸弹」击退距离很远，前往四角放置。,ギミック：「雷気吸収」は線のない手だけでなくBOSSの回転も確認します。安全地帯もBOSSと一緒に回転します。「気化爆弾」はノックバック距離が長いので四隅へ置きます。
Beastmaster,Captured,闘獣攻略,RenderTextWrapped,机制：「雷气吸收」时不仅要看没有连线的手，还要观察BOSS是否旋转，安全区会和BOSS一起转动；「气化炸弹」击退距离很远，前往四角放置。,ギミック：「雷気吸収」は線のない手だけでなくBOSSの回転も確認します。安全地帯もBOSSと一緒に回転します。「気化爆弾」はノックバック距離が長いので四隅へ置きます。
Beastmaster,Captured,闘獣攻略,Text,机制：「雷气吸收」时不仅要看没有连线的手，还要观察BOSS是否旋转，安全区会和BOSS一起转动；「气化炸弹」击退距离很远，前往四角放置。,ギミック：「雷気吸収」は線のない手だけでなくBOSSの回転も確認します。安全地帯もBOSSと一緒に回転します。「気化爆弾」はノックバック距離が長いので四隅へ置きます。
Beastmaster,Captured,闘獣攻略,Text/RenderTextWrapped,BOSS：奇子·美杜莎,BOSS：メデューサ・ピース
Beastmaster,Captured,闘獣攻略,RenderTextWrapped,BOSS：奇子·美杜莎,BOSS：メデューサ・ピース
Beastmaster,Captured,闘獣攻略,Text,BOSS：奇子·美杜莎,BOSS：メデューサ・ピース
Beastmaster,Captured,闘獣攻略,Text/RenderTextWrapped,小怪：奇子·拉米亚、奇子·独眼巨人,雑魚：ラミア・ピース、サイクロプス・ピース
Beastmaster,Captured,闘獣攻略,RenderTextWrapped,小怪：奇子·拉米亚、奇子·独眼巨人,雑魚：ラミア・ピース、サイクロプス・ピース
Beastmaster,Captured,闘獣攻略,Text,小怪：奇子·拉米亚、奇子·独眼巨人,雑魚：ラミア・ピース、サイクロプス・ピース
Beastmaster,Captured,闘獣攻略,Text/RenderTextWrapped,重点：石化光照射,要点：石化光照射
Beastmaster,Captured,闘獣攻略,RenderTextWrapped,重点：石化光照射,要点：石化光照射
Beastmaster,Captured,闘獣攻略,Text,重点：石化光照射,要点：石化光照射
Beastmaster,Captured,闘獣攻略,Text/RenderTextWrapped,机制：「石化光照射」不要照到自己和小怪，小怪被照会附加增伤。二次召唤出的独眼巨人尽快击杀一个；可以利用BOSS射线石化巨人，石化后的巨人会被秒杀。,ギミック：「石化光照射」を自分や雑魚に当てないようにします。雑魚に当たると与ダメージ上昇が付きます。2回目に召喚されるサイクロプスは1体を早めに倒し、BOSSの光線で石化させると即座に処理できます。
Beastmaster,Captured,闘獣攻略,RenderTextWrapped,机制：「石化光照射」不要照到自己和小怪，小怪被照会附加增伤。二次召唤出的独眼巨人尽快击杀一个；可以利用BOSS射线石化巨人，石化后的巨人会被秒杀。,ギミック：「石化光照射」を自分や雑魚に当てないようにします。雑魚に当たると与ダメージ上昇が付きます。2回目に召喚されるサイクロプスは1体を早めに倒し、BOSSの光線で石化させると即座に処理できます。
Beastmaster,Captured,闘獣攻略,Text,机制：「石化光照射」不要照到自己和小怪，小怪被照会附加增伤。二次召唤出的独眼巨人尽快击杀一个；可以利用BOSS射线石化巨人，石化后的巨人会被秒杀。,ギミック：「石化光照射」を自分や雑魚に当てないようにします。雑魚に当たると与ダメージ上昇が付きます。2回目に召喚されるサイクロプスは1体を早めに倒し、BOSSの光線で石化させると即座に処理できます。
Beastmaster,Captured,闘獣攻略,Text/RenderTextWrapped,BOSS：奇子·奇美拉,BOSS：キマイラ・ピース
Beastmaster,Captured,闘獣攻略,RenderTextWrapped,BOSS：奇子·奇美拉,BOSS：キマイラ・ピース
Beastmaster,Captured,闘獣攻略,Text,BOSS：奇子·奇美拉,BOSS：キマイラ・ピース
Beastmaster,Captured,闘獣攻略,Text/RenderTextWrapped,重点：强袭吐息,要点：強襲ブレス
Beastmaster,Captured,闘獣攻略,RenderTextWrapped,重点：强袭吐息,要点：強襲ブレス
Beastmaster,Captured,闘獣攻略,Text,重点：强袭吐息,要点：強襲ブレス
Beastmaster,Captured,闘獣攻略,Text/RenderTextWrapped,机制：观察三个头：冰结为钢铁，雷电为月环；红头发光为前方扇形，其余哪边头发光就是哪边的大扇形。「强袭吐息」为拉线冲刺加扇形，注意观察发光头部。,ギミック：3つの頭を確認。氷結は円範囲、雷電はドーナツ範囲。赤い頭が光れば前方扇範囲、左右の頭が光ればその側の大扇範囲です。「強襲ブレス」は線付き突進＋扇範囲なので光る頭を確認します。
Beastmaster,Captured,闘獣攻略,RenderTextWrapped,机制：观察三个头：冰结为钢铁，雷电为月环；红头发光为前方扇形，其余哪边头发光就是哪边的大扇形。「强袭吐息」为拉线冲刺加扇形，注意观察发光头部。,ギミック：3つの頭を確認。氷結は円範囲、雷電はドーナツ範囲。赤い頭が光れば前方扇範囲、左右の頭が光ればその側の大扇範囲です。「強襲ブレス」は線付き突進＋扇範囲なので光る頭を確認します。
Beastmaster,Captured,闘獣攻略,Text,机制：观察三个头：冰结为钢铁，雷电为月环；红头发光为前方扇形，其余哪边头发光就是哪边的大扇形。「强袭吐息」为拉线冲刺加扇形，注意观察发光头部。,ギミック：3つの頭を確認。氷結は円範囲、雷電はドーナツ範囲。赤い頭が光れば前方扇範囲、左右の頭が光ればその側の大扇範囲です。「強襲ブレス」は線付き突進＋扇範囲なので光る頭を確認します。
Beastmaster,Captured,闘獣攻略,Text/RenderTextWrapped,偷偷说：有BMR难度会降低很多的一关。,補足：BMRがあると難易度がかなり下がります。
Beastmaster,Captured,闘獣攻略,RenderTextWrapped,偷偷说：有BMR难度会降低很多的一关。,補足：BMRがあると難易度がかなり下がります。
Beastmaster,Captured,闘獣攻略,Text,偷偷说：有BMR难度会降低很多的一关。,補足：BMRがあると難易度がかなり下がります。
Beastmaster,Captured,闘獣攻略,Text/RenderTextWrapped,BOSS：奇子·巨人,BOSS：ジャイアント・ピース
Beastmaster,Captured,闘獣攻略,RenderTextWrapped,BOSS：奇子·巨人,BOSS：ジャイアント・ピース
Beastmaster,Captured,闘獣攻略,Text,BOSS：奇子·巨人,BOSS：ジャイアント・ピース
Beastmaster,Captured,闘獣攻略,Text/RenderTextWrapped,小怪：奇子·独眼巨人、凝胶化雷电、凝胶化火焰,雑魚：サイクロプス・ピース、帯電スライム、火炎スライム
Beastmaster,Captured,闘獣攻略,RenderTextWrapped,小怪：奇子·独眼巨人、凝胶化雷电、凝胶化火焰,雑魚：サイクロプス・ピース、帯電スライム、火炎スライム
Beastmaster,Captured,闘獣攻略,Text,小怪：奇子·独眼巨人、凝胶化雷电、凝胶化火焰,雑魚：サイクロプス・ピース、帯電スライム、火炎スライム
Beastmaster,Captured,闘獣攻略,Text/RenderTextWrapped,重点：巨躯狂怒,要点：巨躯狂怒
Beastmaster,Captured,闘獣攻略,RenderTextWrapped,重点：巨躯狂怒,要点：巨躯狂怒
Beastmaster,Captured,闘獣攻略,Text,重点：巨躯狂怒,要点：巨躯狂怒
Beastmaster,Captured,闘獣攻略,Text/RenderTextWrapped,机制：利用巨人的锤子打碎大史莱姆，连续锤击两次同属性史莱姆会有AOE。「巨躯狂怒」双手往前为钢铁，往后为后半场刀，单手拿锤为前半场刀。,ギミック：巨人のハンマーで大型スライムを壊します。同属性のスライムを2回連続で叩くとAoEが発生。「巨躯狂怒」は両手が前なら円範囲、後ろなら後半面、片手にハンマーなら前半面攻撃です。
Beastmaster,Captured,闘獣攻略,RenderTextWrapped,机制：利用巨人的锤子打碎大史莱姆，连续锤击两次同属性史莱姆会有AOE。「巨躯狂怒」双手往前为钢铁，往后为后半场刀，单手拿锤为前半场刀。,ギミック：巨人のハンマーで大型スライムを壊します。同属性のスライムを2回連続で叩くとAoEが発生。「巨躯狂怒」は両手が前なら円範囲、後ろなら後半面、片手にハンマーなら前半面攻撃です。
Beastmaster,Captured,闘獣攻略,Text,机制：利用巨人的锤子打碎大史莱姆，连续锤击两次同属性史莱姆会有AOE。「巨躯狂怒」双手往前为钢铁，往后为后半场刀，单手拿锤为前半场刀。,ギミック：巨人のハンマーで大型スライムを壊します。同属性のスライムを2回連続で叩くとAoEが発生。「巨躯狂怒」は両手が前なら円範囲、後ろなら後半面、片手にハンマーなら前半面攻撃です。
Beastmaster,Captured,闘獣攻略,Text/RenderTextWrapped,偷偷说：小火史莱姆像一堆大痘。。,補足：小型の火スライムが多数出ます。
Beastmaster,Captured,闘獣攻略,RenderTextWrapped,偷偷说：小火史莱姆像一堆大痘。。,補足：小型の火スライムが多数出ます。
Beastmaster,Captured,闘獣攻略,Text,偷偷说：小火史莱姆像一堆大痘。。,補足：小型の火スライムが多数出ます。
Beastmaster,Captured,闘獣攻略,Text/RenderTextWrapped,BOSS：奇子·斯芬克斯,BOSS：スフィンクス・ピース
Beastmaster,Captured,闘獣攻略,RenderTextWrapped,BOSS：奇子·斯芬克斯,BOSS：スフィンクス・ピース
Beastmaster,Captured,闘獣攻略,Text,BOSS：奇子·斯芬克斯,BOSS：スフィンクス・ピース
Beastmaster,Captured,闘獣攻略,Text/RenderTextWrapped,机制：锻炼脑力关，似乎选择魔物的关卡只有陆鱼这一个固定答案。,ギミック：判断力を使うギミック戦です。魔物選択ではプギルが固定正解のようです。
Beastmaster,Captured,闘獣攻略,RenderTextWrapped,机制：锻炼脑力关，似乎选择魔物的关卡只有陆鱼这一个固定答案。,ギミック：判断力を使うギミック戦です。魔物選択ではプギルが固定正解のようです。
Beastmaster,Captured,闘獣攻略,Text,机制：锻炼脑力关，似乎选择魔物的关卡只有陆鱼这一个固定答案。,ギミック：判断力を使うギミック戦です。魔物選択ではプギルが固定正解のようです。
Beastmaster,Captured,闘獣攻略,Text/RenderTextWrapped,BOSS：奇子·莫古小剑,BOSS：モーグリ剣士・ピース
Beastmaster,Captured,闘獣攻略,RenderTextWrapped,BOSS：奇子·莫古小剑,BOSS：モーグリ剣士・ピース
Beastmaster,Captured,闘獣攻略,Text,BOSS：奇子·莫古小剑,BOSS：モーグリ剣士・ピース
Beastmaster,Captured,闘獣攻略,Text/RenderTextWrapped,小怪：奇子·莫古小猛、奇子·莫古大医、奇子·莫古大术、奇子·莫古小医、奇子·莫古小术、奇子·莫古大剑、奇子·莫古小歌、奇子·莫古小贼,雑魚：モーグリ猛者・ピース、モーグリ大医・ピース、モーグリ大術・ピース、モーグリ小医・ピース、モーグリ小術・ピース、モーグリ大剣・ピース、モーグリ吟遊・ピース、モーグリ盗賊・ピース
Beastmaster,Captured,闘獣攻略,RenderTextWrapped,小怪：奇子·莫古小猛、奇子·莫古大医、奇子·莫古大术、奇子·莫古小医、奇子·莫古小术、奇子·莫古大剑、奇子·莫古小歌、奇子·莫古小贼,雑魚：モーグリ猛者・ピース、モーグリ大医・ピース、モーグリ大術・ピース、モーグリ小医・ピース、モーグリ小術・ピース、モーグリ大剣・ピース、モーグリ吟遊・ピース、モーグリ盗賊・ピース
Beastmaster,Captured,闘獣攻略,Text,小怪：奇子·莫古小猛、奇子·莫古大医、奇子·莫古大术、奇子·莫古小医、奇子·莫古小术、奇子·莫古大剑、奇子·莫古小歌、奇子·莫古小贼,雑魚：モーグリ猛者・ピース、モーグリ大医・ピース、モーグリ大術・ピース、モーグリ小医・ピース、モーグリ小術・ピース、モーグリ大剣・ピース、モーグリ吟遊・ピース、モーグリ盗賊・ピース
Beastmaster,Captured,闘獣攻略,Text/RenderTextWrapped,机制：莫古小贼会偷斗兽币，攻击它会归还。整体机制还算和平。,ギミック：モーグリ盗賊は闘獣貨を盗みますが、攻撃すると返します。全体的には比較的穏やかなギミックです。
Beastmaster,Captured,闘獣攻略,RenderTextWrapped,机制：莫古小贼会偷斗兽币，攻击它会归还。整体机制还算和平。,ギミック：モーグリ盗賊は闘獣貨を盗みますが、攻撃すると返します。全体的には比較的穏やかなギミックです。
Beastmaster,Captured,闘獣攻略,Text,机制：莫古小贼会偷斗兽币，攻击它会归还。整体机制还算和平。,ギミック：モーグリ盗賊は闘獣貨を盗みますが、攻撃すると返します。全体的には比較的穏やかなギミックです。
Beastmaster,Captured,闘獣攻略,Text/RenderTextWrapped,偷偷说：场面乱成一锅粥了快喝了吧（）,補足：敵が多く画面が混雑するので、優先順位を決めて処理します。
Beastmaster,Captured,闘獣攻略,RenderTextWrapped,偷偷说：场面乱成一锅粥了快喝了吧（）,補足：敵が多く画面が混雑するので、優先順位を決めて処理します。
Beastmaster,Captured,闘獣攻略,Text,偷偷说：场面乱成一锅粥了快喝了吧（）,補足：敵が多く画面が混雑するので、優先順位を決めて処理します。
Beastmaster,Captured,闘獣攻略,Text/RenderTextWrapped,BOSS：奇子·贝希摩斯,BOSS：ベヒーモス・ピース
Beastmaster,Captured,闘獣攻略,RenderTextWrapped,BOSS：奇子·贝希摩斯,BOSS：ベヒーモス・ピース
Beastmaster,Captured,闘獣攻略,Text,BOSS：奇子·贝希摩斯,BOSS：ベヒーモス・ピース
Beastmaster,Captured,闘獣攻略,Text/RenderTextWrapped,小怪：奇子·铁巨人、雷元精,雑魚：アイアンジャイアント・ピース、ライトニングエレメンタル
Beastmaster,Captured,闘獣攻略,RenderTextWrapped,小怪：奇子·铁巨人、雷元精,雑魚：アイアンジャイアント・ピース、ライトニングエレメンタル
Beastmaster,Captured,闘獣攻略,Text,小怪：奇子·铁巨人、雷元精,雑魚：アイアンジャイアント・ピース、ライトニングエレメンタル
Beastmaster,Captured,闘獣攻略,Text/RenderTextWrapped,机制：我用0.01秒就算出来这条路没人走。,ギミック：このルートはほとんど選ばれないようです。
Beastmaster,Captured,闘獣攻略,RenderTextWrapped,机制：我用0.01秒就算出来这条路没人走。,ギミック：このルートはほとんど選ばれないようです。
Beastmaster,Captured,闘獣攻略,Text,机制：我用0.01秒就算出来这条路没人走。,ギミック：このルートはほとんど選ばれないようです。
Beastmaster,Captured,闘獣攻略,Text/RenderTextWrapped,BOSS：奇子·冥鬼之眼王,BOSS：アーリマンキング・ピース
Beastmaster,Captured,闘獣攻略,RenderTextWrapped,BOSS：奇子·冥鬼之眼王,BOSS：アーリマンキング・ピース
Beastmaster,Captured,闘獣攻略,Text,BOSS：奇子·冥鬼之眼王,BOSS：アーリマンキング・ピース
Beastmaster,Captured,闘獣攻略,Text/RenderTextWrapped,小怪：死亡沙漏、奇子·哈帕利特、奇子·肮脏之眼,雑魚：死の砂時計、ハパリット・ピース、イービルアイ・ピース
Beastmaster,Captured,闘獣攻略,RenderTextWrapped,小怪：死亡沙漏、奇子·哈帕利特、奇子·肮脏之眼,雑魚：死の砂時計、ハパリット・ピース、イービルアイ・ピース
Beastmaster,Captured,闘獣攻略,Text,小怪：死亡沙漏、奇子·哈帕利特、奇子·肮脏之眼,雑魚：死の砂時計、ハパリット・ピース、イービルアイ・ピース
Beastmaster,Captured,闘獣攻略,Text/RenderTextWrapped,重点：5兽级即死、死亡轮盘,要点：5獣級即死、死亡ルーレット
Beastmaster,Captured,闘獣攻略,RenderTextWrapped,重点：5兽级即死、死亡轮盘,要点：5獣級即死、死亡ルーレット
Beastmaster,Captured,闘獣攻略,Text,重点：5兽级即死、死亡轮盘,要点：5獣級即死、死亡ルーレット
Beastmaster,Captured,闘獣攻略,Text/RenderTextWrapped,机制：指针转一圈到沙漏位置前打掉沙漏。BOSS读条「5兽级即死」时，若在场宝宝等级为5的倍数，请手动引爆离场；第二次「死亡轮盘」若小怪在场，眼睛会读死宣，背对处理。,ギミック：針が一周して砂時計位置へ到達する前に砂時計を壊します。「5獣級即死」詠唱時、場の魔獣Lvが5の倍数なら手動で退場させます。2回目の「死亡ルーレット」で雑魚が残っている場合、目玉が死の宣告を使うので背を向けて処理します。
Beastmaster,Captured,闘獣攻略,RenderTextWrapped,机制：指针转一圈到沙漏位置前打掉沙漏。BOSS读条「5兽级即死」时，若在场宝宝等级为5的倍数，请手动引爆离场；第二次「死亡轮盘」若小怪在场，眼睛会读死宣，背对处理。,ギミック：針が一周して砂時計位置へ到達する前に砂時計を壊します。「5獣級即死」詠唱時、場の魔獣Lvが5の倍数なら手動で退場させます。2回目の「死亡ルーレット」で雑魚が残っている場合、目玉が死の宣告を使うので背を向けて処理します。
Beastmaster,Captured,闘獣攻略,Text,机制：指针转一圈到沙漏位置前打掉沙漏。BOSS读条「5兽级即死」时，若在场宝宝等级为5的倍数，请手动引爆离场；第二次「死亡轮盘」若小怪在场，眼睛会读死宣，背对处理。,ギミック：針が一周して砂時計位置へ到達する前に砂時計を壊します。「5獣級即死」詠唱時、場の魔獣Lvが5の倍数なら手動で退場させます。2回目の「死亡ルーレット」で雑魚が残っている場合、目玉が死の宣告を使うので背を向けて処理します。
Beastmaster,Captured,闘獣攻略,Text/RenderTextWrapped,BOSS：魔斧之主 劳妲,BOSS：魔斧の主 ラウダ
Beastmaster,Captured,闘獣攻略,RenderTextWrapped,BOSS：魔斧之主 劳妲,BOSS：魔斧の主 ラウダ
Beastmaster,Captured,闘獣攻略,Text,BOSS：魔斧之主 劳妲,BOSS：魔斧の主 ラウダ
Beastmaster,Captured,闘獣攻略,Text/RenderTextWrapped,机制：到这了还不看攻略吗，你的胆子真是肥嘟嘟的。,ギミック：ここまで来たら攻略を確認しつつ慎重に進めます。
Beastmaster,Captured,闘獣攻略,RenderTextWrapped,机制：到这了还不看攻略吗，你的胆子真是肥嘟嘟的。,ギミック：ここまで来たら攻略を確認しつつ慎重に進めます。
Beastmaster,Captured,闘獣攻略,Text,机制：到这了还不看攻略吗，你的胆子真是肥嘟嘟的。,ギミック：ここまで来たら攻略を確認しつつ慎重に進めます。
Beastmaster,Captured,闘獣攻略,Text/RenderText,奇子·主教,ビショップ・ピース
Beastmaster,Captured,闘獣攻略,RenderText,奇子·主教,ビショップ・ピース
Beastmaster,Captured,闘獣攻略,Text,奇子·骑士,ナイト・ピース
Beastmaster,Captured,闘獣攻略,Text/RenderText,奇子·骑士,ナイト・ピース
Beastmaster,Captured,闘獣攻略,RenderText,奇子·骑士,ナイト・ピース
Beastmaster,Captured,闘獣攻略,Text/RenderTextWrapped,奇子·骑士,ナイト・ピース
Beastmaster,Captured,闘獣攻略,RenderTextWrapped,奇子·骑士,ナイト・ピース
Beastmaster,Captured,闘獣攻略,Text,奇子·上级恶魔,グレーター・デーモン・ピース
Beastmaster,Captured,闘獣攻略,Text/RenderText,奇子·上级恶魔,グレーター・デーモン・ピース
Beastmaster,Captured,闘獣攻略,RenderText,奇子·上级恶魔,グレーター・デーモン・ピース
Beastmaster,Captured,闘獣攻略,Text/RenderTextWrapped,奇子·上级恶魔,グレーター・デーモン・ピース
Beastmaster,Captured,闘獣攻略,RenderTextWrapped,奇子·上级恶魔,グレーター・デーモン・ピース
Beastmaster,Captured,闘獣攻略,Text,奇子·夺灵魔,ソウルスティーラー・ピース
Beastmaster,Captured,闘獣攻略,Text/RenderText,奇子·夺灵魔,ソウルスティーラー・ピース
Beastmaster,Captured,闘獣攻略,RenderText,奇子·夺灵魔,ソウルスティーラー・ピース
Beastmaster,Captured,闘獣攻略,Text/RenderTextWrapped,奇子·夺灵魔,ソウルスティーラー・ピース
Beastmaster,Captured,闘獣攻略,RenderTextWrapped,奇子·夺灵魔,ソウルスティーラー・ピース
Beastmaster,Captured,闘獣攻略,Text,奇子·祸蛛蝎,ディアマイト・ピース
Beastmaster,Captured,闘獣攻略,Text/RenderText,奇子·祸蛛蝎,ディアマイト・ピース
Beastmaster,Captured,闘獣攻略,RenderText,奇子·祸蛛蝎,ディアマイト・ピース
Beastmaster,Captured,闘獣攻略,Text/RenderTextWrapped,奇子·祸蛛蝎,ディアマイト・ピース
Beastmaster,Captured,闘獣攻略,RenderTextWrapped,奇子·祸蛛蝎,ディアマイト・ピース
Beastmaster,Captured,闘獣攻略,Text,奇子·灵蛛蝎,ダイアマイト・ピース
Beastmaster,Captured,闘獣攻略,Text/RenderText,奇子·灵蛛蝎,ダイアマイト・ピース
Beastmaster,Captured,闘獣攻略,RenderText,奇子·灵蛛蝎,ダイアマイト・ピース
Beastmaster,Captured,闘獣攻略,Text/RenderTextWrapped,奇子·灵蛛蝎,ダイアマイト・ピース
Beastmaster,Captured,闘獣攻略,RenderTextWrapped,奇子·灵蛛蝎,ダイアマイト・ピース
Beastmaster,Captured,闘獣攻略,Text,奇子·食人魔,オーガ・ピース
Beastmaster,Captured,闘獣攻略,Text/RenderText,奇子·食人魔,オーガ・ピース
Beastmaster,Captured,闘獣攻略,RenderText,奇子·食人魔,オーガ・ピース
Beastmaster,Captured,闘獣攻略,Text/RenderTextWrapped,奇子·食人魔,オーガ・ピース
Beastmaster,Captured,闘獣攻略,RenderTextWrapped,奇子·食人魔,オーガ・ピース
Beastmaster,Captured,闘獣攻略,Text,奇子·妖火,ウィル・オ・ウィスプ・ピース
Beastmaster,Captured,闘獣攻略,Text/RenderText,奇子·妖火,ウィル・オ・ウィスプ・ピース
Beastmaster,Captured,闘獣攻略,RenderText,奇子·妖火,ウィル・オ・ウィスプ・ピース
Beastmaster,Captured,闘獣攻略,Text/RenderTextWrapped,奇子·妖火,ウィル・オ・ウィスプ・ピース
Beastmaster,Captured,闘獣攻略,RenderTextWrapped,奇子·妖火,ウィル・オ・ウィスプ・ピース
Beastmaster,Captured,闘獣攻略,Text,奇子·大妖火,グレーター・ウィル・オ・ウィスプ・ピース
Beastmaster,Captured,闘獣攻略,Text/RenderText,奇子·大妖火,グレーター・ウィル・オ・ウィスプ・ピース
Beastmaster,Captured,闘獣攻略,RenderText,奇子·大妖火,グレーター・ウィル・オ・ウィスプ・ピース
Beastmaster,Captured,闘獣攻略,Text/RenderTextWrapped,奇子·大妖火,グレーター・ウィル・オ・ウィスプ・ピース
Beastmaster,Captured,闘獣攻略,RenderTextWrapped,奇子·大妖火,グレーター・ウィル・オ・ウィスプ・ピース
Beastmaster,Captured,闘獣攻略,Text,魅惑女妖 帕德索,魅惑の女妖 パドソ
Beastmaster,Captured,闘獣攻略,Text/RenderText,魅惑女妖 帕德索,魅惑の女妖 パドソ
Beastmaster,Captured,闘獣攻略,RenderText,魅惑女妖 帕德索,魅惑の女妖 パドソ
Beastmaster,Captured,闘獣攻略,Text/RenderTextWrapped,魅惑女妖 帕德索,魅惑の女妖 パドソ
Beastmaster,Captured,闘獣攻略,RenderTextWrapped,魅惑女妖 帕德索,魅惑の女妖 パドソ
Beastmaster,Captured,闘獣攻略,Text,奇子·梦魔法师,ナイトメア・メイジ・ピース
Beastmaster,Captured,闘獣攻略,Text/RenderText,奇子·梦魔法师,ナイトメア・メイジ・ピース
Beastmaster,Captured,闘獣攻略,RenderText,奇子·梦魔法师,ナイトメア・メイジ・ピース
Beastmaster,Captured,闘獣攻略,Text/RenderTextWrapped,奇子·梦魔法师,ナイトメア・メイジ・ピース
Beastmaster,Captured,闘獣攻略,RenderTextWrapped,奇子·梦魔法师,ナイトメア・メイジ・ピース
Beastmaster,Captured,闘獣攻略,Text,奇子·梦魔骑士,ナイトメア・ナイト・ピース
Beastmaster,Captured,闘獣攻略,Text/RenderText,奇子·梦魔骑士,ナイトメア・ナイト・ピース
Beastmaster,Captured,闘獣攻略,RenderText,奇子·梦魔骑士,ナイトメア・ナイト・ピース
Beastmaster,Captured,闘獣攻略,Text/RenderTextWrapped,奇子·梦魔骑士,ナイトメア・ナイト・ピース
Beastmaster,Captured,闘獣攻略,RenderTextWrapped,奇子·梦魔骑士,ナイトメア・ナイト・ピース
Beastmaster,Captured,闘獣攻略,Text,奇子·曼提克,マンティコア・ピース
Beastmaster,Captured,闘獣攻略,Text/RenderText,奇子·曼提克,マンティコア・ピース
Beastmaster,Captured,闘獣攻略,RenderText,奇子·曼提克,マンティコア・ピース
Beastmaster,Captured,闘獣攻略,Text/RenderTextWrapped,奇子·曼提克,マンティコア・ピース
Beastmaster,Captured,闘獣攻略,RenderTextWrapped,奇子·曼提克,マンティコア・ピース
Beastmaster,Captured,闘獣攻略,Text,奇子·牛头魔,ミノタウロス・ピース
Beastmaster,Captured,闘獣攻略,Text/RenderText,奇子·牛头魔,ミノタウロス・ピース
Beastmaster,Captured,闘獣攻略,RenderText,奇子·牛头魔,ミノタウロス・ピース
Beastmaster,Captured,闘獣攻略,Text/RenderTextWrapped,奇子·牛头魔,ミノタウロス・ピース
Beastmaster,Captured,闘獣攻略,RenderTextWrapped,奇子·牛头魔,ミノタウロス・ピース
Beastmaster,Captured,闘獣攻略,Text,奇子·冥鬼之眼,アーリマン・ピース
Beastmaster,Captured,闘獣攻略,Text/RenderText,奇子·冥鬼之眼,アーリマン・ピース
Beastmaster,Captured,闘獣攻略,RenderText,奇子·冥鬼之眼,アーリマン・ピース
Beastmaster,Captured,闘獣攻略,Text/RenderTextWrapped,奇子·冥鬼之眼,アーリマン・ピース
Beastmaster,Captured,闘獣攻略,RenderTextWrapped,奇子·冥鬼之眼,アーリマン・ピース
Beastmaster,Captured,闘獣攻略,Text,奇子·双足飞龙,ワイバーン・ピース
Beastmaster,Captured,闘獣攻略,Text/RenderText,奇子·双足飞龙,ワイバーン・ピース
Beastmaster,Captured,闘獣攻略,RenderText,奇子·双足飞龙,ワイバーン・ピース
Beastmaster,Captured,闘獣攻略,Text/RenderTextWrapped,奇子·双足飞龙,ワイバーン・ピース
Beastmaster,Captured,闘獣攻略,RenderTextWrapped,奇子·双足飞龙,ワイバーン・ピース
Beastmaster,Captured,闘獣攻略,Text,奇子·虚灵法师,レイス・メイジ・ピース
Beastmaster,Captured,闘獣攻略,Text/RenderText,奇子·虚灵法师,レイス・メイジ・ピース
Beastmaster,Captured,闘獣攻略,RenderText,奇子·虚灵法师,レイス・メイジ・ピース
Beastmaster,Captured,闘獣攻略,Text/RenderTextWrapped,奇子·虚灵法师,レイス・メイジ・ピース
Beastmaster,Captured,闘獣攻略,RenderTextWrapped,奇子·虚灵法师,レイス・メイジ・ピース
Beastmaster,Captured,闘獣攻略,Text,奇子·僵尸,ゾンビー・ピース
Beastmaster,Captured,闘獣攻略,Text/RenderText,奇子·僵尸,ゾンビー・ピース
Beastmaster,Captured,闘獣攻略,RenderText,奇子·僵尸,ゾンビー・ピース
Beastmaster,Captured,闘獣攻略,Text/RenderTextWrapped,奇子·僵尸,ゾンビー・ピース
Beastmaster,Captured,闘獣攻略,RenderTextWrapped,奇子·僵尸,ゾンビー・ピース
Beastmaster,Captured,闘獣攻略,Text,奇子·牛魔老哥,ミノタウロス兄・ピース
Beastmaster,Captured,闘獣攻略,Text/RenderText,奇子·牛魔老哥,ミノタウロス兄・ピース
Beastmaster,Captured,闘獣攻略,RenderText,奇子·牛魔老哥,ミノタウロス兄・ピース
Beastmaster,Captured,闘獣攻略,Text/RenderTextWrapped,奇子·牛魔老哥,ミノタウロス兄・ピース
Beastmaster,Captured,闘獣攻略,RenderTextWrapped,奇子·牛魔老哥,ミノタウロス兄・ピース
Beastmaster,Captured,闘獣攻略,Text,奇子·牛魔老弟,ミノタウロス弟・ピース
Beastmaster,Captured,闘獣攻略,Text/RenderText,奇子·牛魔老弟,ミノタウロス弟・ピース
Beastmaster,Captured,闘獣攻略,RenderText,奇子·牛魔老弟,ミノタウロス弟・ピース
Beastmaster,Captured,闘獣攻略,Text/RenderTextWrapped,奇子·牛魔老弟,ミノタウロス弟・ピース
Beastmaster,Captured,闘獣攻略,RenderTextWrapped,奇子·牛魔老弟,ミノタウロス弟・ピース
Beastmaster,Captured,闘獣攻略,Text,奇子·恶魔,デーモン・ピース
Beastmaster,Captured,闘獣攻略,Text/RenderText,奇子·恶魔,デーモン・ピース
Beastmaster,Captured,闘獣攻略,RenderText,奇子·恶魔,デーモン・ピース
Beastmaster,Captured,闘獣攻略,Text/RenderTextWrapped,奇子·恶魔,デーモン・ピース
Beastmaster,Captured,闘獣攻略,RenderTextWrapped,奇子·恶魔,デーモン・ピース
Beastmaster,Captured,闘獣攻略,Text,奇子·恶魔兵装,デーモンウェポン・ピース
Beastmaster,Captured,闘獣攻略,Text/RenderText,奇子·恶魔兵装,デーモンウェポン・ピース
Beastmaster,Captured,闘獣攻略,RenderText,奇子·恶魔兵装,デーモンウェポン・ピース
Beastmaster,Captured,闘獣攻略,Text/RenderTextWrapped,奇子·恶魔兵装,デーモンウェポン・ピース
Beastmaster,Captured,闘獣攻略,RenderTextWrapped,奇子·恶魔兵装,デーモンウェポン・ピース
Beastmaster,Captured,闘獣攻略,Text,奇子·小恶魔,インプ・ピース
Beastmaster,Captured,闘獣攻略,Text/RenderText,奇子·小恶魔,インプ・ピース
Beastmaster,Captured,闘獣攻略,RenderText,奇子·小恶魔,インプ・ピース
Beastmaster,Captured,闘獣攻略,Text/RenderTextWrapped,奇子·小恶魔,インプ・ピース
Beastmaster,Captured,闘獣攻略,RenderTextWrapped,奇子·小恶魔,インプ・ピース
Beastmaster,Captured,闘獣攻略,Text,寻兽探奇 路斯福洛克斯,尋獣探奇 ルスフロクス
Beastmaster,Captured,闘獣攻略,Text/RenderText,寻兽探奇 路斯福洛克斯,尋獣探奇 ルスフロクス
Beastmaster,Captured,闘獣攻略,RenderText,寻兽探奇 路斯福洛克斯,尋獣探奇 ルスフロクス
Beastmaster,Captured,闘獣攻略,Text/RenderTextWrapped,寻兽探奇 路斯福洛克斯,尋獣探奇 ルスフロクス
Beastmaster,Captured,闘獣攻略,RenderTextWrapped,寻兽探奇 路斯福洛克斯,尋獣探奇 ルスフロクス
Beastmaster,Captured,闘獣攻略,Text,小地豆,サンドモール
Beastmaster,Captured,闘獣攻略,Text/RenderText,小地豆,サンドモール
Beastmaster,Captured,闘獣攻略,RenderText,小地豆,サンドモール
Beastmaster,Captured,闘獣攻略,Text/RenderTextWrapped,小地豆,サンドモール
Beastmaster,Captured,闘獣攻略,RenderTextWrapped,小地豆,サンドモール
Beastmaster,Captured,闘獣攻略,Text/RenderText,奇子·游侠骑士,キャバリアー・ピース
Beastmaster,Captured,闘獣攻略,RenderText,奇子·游侠骑士,キャバリアー・ピース
Beastmaster,Captured,闘獣攻略,Text/RenderText,奇子·尤弥尔,ユミール・ピース
Beastmaster,Captured,闘獣攻略,RenderText,奇子·尤弥尔,ユミール・ピース
Beastmaster,Captured,闘獣攻略,Text/RenderText,奇子·鱼人,サハギン・ピース
Beastmaster,Captured,闘獣攻略,RenderText,奇子·鱼人,サハギン・ピース
Beastmaster,Captured,闘獣攻略,Text/RenderText,奇子·祖,ズー・ピース
Beastmaster,Captured,闘獣攻略,RenderText,奇子·祖,ズー・ピース
Beastmaster,Captured,闘獣攻略,Text,奇子·公雏鸟,雄ヒナ・ピース
Beastmaster,Captured,闘獣攻略,Text/RenderText,奇子·公雏鸟,雄ヒナ・ピース
Beastmaster,Captured,闘獣攻略,RenderText,奇子·公雏鸟,雄ヒナ・ピース
Beastmaster,Captured,闘獣攻略,Text/RenderTextWrapped,奇子·公雏鸟,雄ヒナ・ピース
Beastmaster,Captured,闘獣攻略,RenderTextWrapped,奇子·公雏鸟,雄ヒナ・ピース
Beastmaster,Captured,闘獣攻略,Text,奇子·母雏鸟,雌ヒナ・ピース
Beastmaster,Captured,闘獣攻略,Text/RenderText,奇子·母雏鸟,雌ヒナ・ピース
Beastmaster,Captured,闘獣攻略,RenderText,奇子·母雏鸟,雌ヒナ・ピース
Beastmaster,Captured,闘獣攻略,Text/RenderTextWrapped,奇子·母雏鸟,雌ヒナ・ピース
Beastmaster,Captured,闘獣攻略,RenderTextWrapped,奇子·母雏鸟,雌ヒナ・ピース
Beastmaster,Captured,闘獣攻略,Text/RenderText,奇子·卡托布莱帕斯,カトブレパス・ピース
Beastmaster,Captured,闘獣攻略,RenderText,奇子·卡托布莱帕斯,カトブレパス・ピース
Beastmaster,Captured,闘獣攻略,Text,奇子·拉哈穆,ラハム・ピース
Beastmaster,Captured,闘獣攻略,Text/RenderText,奇子·拉哈穆,ラハム・ピース
Beastmaster,Captured,闘獣攻略,RenderText,奇子·拉哈穆,ラハム・ピース
Beastmaster,Captured,闘獣攻略,Text/RenderTextWrapped,奇子·拉哈穆,ラハム・ピース
Beastmaster,Captured,闘獣攻略,RenderTextWrapped,奇子·拉哈穆,ラハム・ピース
Beastmaster,Captured,闘獣攻略,Text/RenderText,奇子·巨像,ゴーレム・ピース
Beastmaster,Captured,闘獣攻略,RenderText,奇子·巨像,ゴーレム・ピース
Beastmaster,Captured,闘獣攻略,Text/RenderText,奇子·塞壬,セイレーン・ピース
Beastmaster,Captured,闘獣攻略,RenderText,奇子·塞壬,セイレーン・ピース
Beastmaster,Captured,闘獣攻略,Text,奇子·蹒跚鬼,シャンブラー・ピース
Beastmaster,Captured,闘獣攻略,Text/RenderText,奇子·蹒跚鬼,シャンブラー・ピース
Beastmaster,Captured,闘獣攻略,RenderText,奇子·蹒跚鬼,シャンブラー・ピース
Beastmaster,Captured,闘獣攻略,Text/RenderTextWrapped,奇子·蹒跚鬼,シャンブラー・ピース
Beastmaster,Captured,闘獣攻略,RenderTextWrapped,奇子·蹒跚鬼,シャンブラー・ピース
Beastmaster,Captured,闘獣攻略,Text,奇子·爬行鬼,クローラー・ピース
Beastmaster,Captured,闘獣攻略,Text/RenderText,奇子·爬行鬼,クローラー・ピース
Beastmaster,Captured,闘獣攻略,RenderText,奇子·爬行鬼,クローラー・ピース
Beastmaster,Captured,闘獣攻略,Text/RenderTextWrapped,奇子·爬行鬼,クローラー・ピース
Beastmaster,Captured,闘獣攻略,RenderTextWrapped,奇子·爬行鬼,クローラー・ピース
Beastmaster,Captured,闘獣攻略,Text/RenderText,奇子·勇士,ウォリアー・ピース
Beastmaster,Captured,闘獣攻略,RenderText,奇子·勇士,ウォリアー・ピース
Beastmaster,Captured,闘獣攻略,Text/RenderText,奇子·仙人刺,サボテンダー・ピース
Beastmaster,Captured,闘獣攻略,RenderText,奇子·仙人刺,サボテンダー・ピース
Beastmaster,Captured,闘獣攻略,Text,奇子·仙人花,サボテンダー・フラワー・ピース
Beastmaster,Captured,闘獣攻略,Text/RenderText,奇子·仙人花,サボテンダー・フラワー・ピース
Beastmaster,Captured,闘獣攻略,RenderText,奇子·仙人花,サボテンダー・フラワー・ピース
Beastmaster,Captured,闘獣攻略,Text/RenderTextWrapped,奇子·仙人花,サボテンダー・フラワー・ピース
Beastmaster,Captured,闘獣攻略,RenderTextWrapped,奇子·仙人花,サボテンダー・フラワー・ピース
Beastmaster,Captured,闘獣攻略,Text/RenderText,奇子·士兵,ソルジャー・ピース
Beastmaster,Captured,闘獣攻略,RenderText,奇子·士兵,ソルジャー・ピース
Beastmaster,Captured,闘獣攻略,Text/RenderText,奇子·守卫,ガード・ピース
Beastmaster,Captured,闘獣攻略,RenderText,奇子·守卫,ガード・ピース
Beastmaster,Captured,闘獣攻略,Text/RenderText,贪食无厌 加特勒,貪食のガトラー
Beastmaster,Captured,闘獣攻略,RenderText,贪食无厌 加特勒,貪食のガトラー
Beastmaster,Captured,闘獣攻略,Text/RenderText,奇子·塔纳托斯,タナトス・ピース
Beastmaster,Captured,闘獣攻略,RenderText,奇子·塔纳托斯,タナトス・ピース
Beastmaster,Captured,闘獣攻略,Text,奇子·博学林鸮,アカデミック・オウル・ピース
Beastmaster,Captured,闘獣攻略,Text/RenderText,奇子·博学林鸮,アカデミック・オウル・ピース
Beastmaster,Captured,闘獣攻略,RenderText,奇子·博学林鸮,アカデミック・オウル・ピース
Beastmaster,Captured,闘獣攻略,Text/RenderTextWrapped,奇子·博学林鸮,アカデミック・オウル・ピース
Beastmaster,Captured,闘獣攻略,RenderTextWrapped,奇子·博学林鸮,アカデミック・オウル・ピース
Beastmaster,Captured,闘獣攻略,Text,博学林鸮的羽毛,アカデミック・オウルの羽根
Beastmaster,Captured,闘獣攻略,Text/RenderText,博学林鸮的羽毛,アカデミック・オウルの羽根
Beastmaster,Captured,闘獣攻略,RenderText,博学林鸮的羽毛,アカデミック・オウルの羽根
Beastmaster,Captured,闘獣攻略,Text/RenderTextWrapped,博学林鸮的羽毛,アカデミック・オウルの羽根
Beastmaster,Captured,闘獣攻略,RenderTextWrapped,博学林鸮的羽毛,アカデミック・オウルの羽根
Beastmaster,Captured,闘獣攻略,Text,奇子·魔界花,モルボル・ピース
Beastmaster,Captured,闘獣攻略,Text/RenderText,奇子·魔界花,モルボル・ピース
Beastmaster,Captured,闘獣攻略,RenderText,奇子·魔界花,モルボル・ピース
Beastmaster,Captured,闘獣攻略,Text/RenderTextWrapped,奇子·魔界花,モルボル・ピース
Beastmaster,Captured,闘獣攻略,RenderTextWrapped,奇子·魔界花,モルボル・ピース
Beastmaster,Captured,闘獣攻略,Text,奇子·幼苗,サップリング・ピース
Beastmaster,Captured,闘獣攻略,Text/RenderText,奇子·幼苗,サップリング・ピース
Beastmaster,Captured,闘獣攻略,RenderText,奇子·幼苗,サップリング・ピース
Beastmaster,Captured,闘獣攻略,Text/RenderTextWrapped,奇子·幼苗,サップリング・ピース
Beastmaster,Captured,闘獣攻略,RenderTextWrapped,奇子·幼苗,サップリング・ピース
Beastmaster,Captured,闘獣攻略,Text,奇子·大口花,トラップフラワー・ピース
Beastmaster,Captured,闘獣攻略,Text/RenderText,奇子·大口花,トラップフラワー・ピース
Beastmaster,Captured,闘獣攻略,RenderText,奇子·大口花,トラップフラワー・ピース
Beastmaster,Captured,闘獣攻略,Text/RenderTextWrapped,奇子·大口花,トラップフラワー・ピース
Beastmaster,Captured,闘獣攻略,RenderTextWrapped,奇子·大口花,トラップフラワー・ピース
Beastmaster,Captured,闘獣攻略,Text,腐汁,腐汁
Beastmaster,Captured,闘獣攻略,Text/RenderText,腐汁,腐汁
Beastmaster,Captured,闘獣攻略,RenderText,腐汁,腐汁
Beastmaster,Captured,闘獣攻略,Text/RenderTextWrapped,腐汁,腐汁
Beastmaster,Captured,闘獣攻略,RenderTextWrapped,腐汁,腐汁
Beastmaster,Captured,闘獣攻略,Text,奇子·尸生花,コープスフラワー・ピース
Beastmaster,Captured,闘獣攻略,Text/RenderText,奇子·尸生花,コープスフラワー・ピース
Beastmaster,Captured,闘獣攻略,RenderText,奇子·尸生花,コープスフラワー・ピース
Beastmaster,Captured,闘獣攻略,Text/RenderTextWrapped,奇子·尸生花,コープスフラワー・ピース
Beastmaster,Captured,闘獣攻略,RenderTextWrapped,奇子·尸生花,コープスフラワー・ピース
Beastmaster,Captured,闘獣攻略,Text,奇子·女王鹰蜂,クイーンホーネット・ピース
Beastmaster,Captured,闘獣攻略,Text/RenderText,奇子·女王鹰蜂,クイーンホーネット・ピース
Beastmaster,Captured,闘獣攻略,RenderText,奇子·女王鹰蜂,クイーンホーネット・ピース
Beastmaster,Captured,闘獣攻略,Text/RenderTextWrapped,奇子·女王鹰蜂,クイーンホーネット・ピース
Beastmaster,Captured,闘獣攻略,RenderTextWrapped,奇子·女王鹰蜂,クイーンホーネット・ピース
Beastmaster,Captured,闘獣攻略,Text,奇子·冰龙,アイスドラゴン・ピース
Beastmaster,Captured,闘獣攻略,Text/RenderText,奇子·冰龙,アイスドラゴン・ピース
Beastmaster,Captured,闘獣攻略,RenderText,奇子·冰龙,アイスドラゴン・ピース
Beastmaster,Captured,闘獣攻略,Text/RenderTextWrapped,奇子·冰龙,アイスドラゴン・ピース
Beastmaster,Captured,闘獣攻略,RenderTextWrapped,奇子·冰龙,アイスドラゴン・ピース
Beastmaster,Captured,闘獣攻略,Text,冰元精,アイスエレメンタル
Beastmaster,Captured,闘獣攻略,Text/RenderText,冰元精,アイスエレメンタル
Beastmaster,Captured,闘獣攻略,RenderText,冰元精,アイスエレメンタル
Beastmaster,Captured,闘獣攻略,Text/RenderTextWrapped,冰元精,アイスエレメンタル
Beastmaster,Captured,闘獣攻略,RenderTextWrapped,冰元精,アイスエレメンタル
Beastmaster,Captured,闘獣攻略,Text,奇子·石像鬼,ガーゴイル・ピース
Beastmaster,Captured,闘獣攻略,Text/RenderText,奇子·石像鬼,ガーゴイル・ピース
Beastmaster,Captured,闘獣攻略,RenderText,奇子·石像鬼,ガーゴイル・ピース
Beastmaster,Captured,闘獣攻略,Text/RenderTextWrapped,奇子·石像鬼,ガーゴイル・ピース
Beastmaster,Captured,闘獣攻略,RenderTextWrapped,奇子·石像鬼,ガーゴイル・ピース
Beastmaster,Captured,闘獣攻略,Text,奇子·管理者,マネージャー・ピース
Beastmaster,Captured,闘獣攻略,Text/RenderText,奇子·管理者,マネージャー・ピース
Beastmaster,Captured,闘獣攻略,RenderText,奇子·管理者,マネージャー・ピース
Beastmaster,Captured,闘獣攻略,Text/RenderTextWrapped,奇子·管理者,マネージャー・ピース
Beastmaster,Captured,闘獣攻略,RenderTextWrapped,奇子·管理者,マネージャー・ピース
Beastmaster,Captured,闘獣攻略,Text,奇子·故障虫,バグ・ピース
Beastmaster,Captured,闘獣攻略,Text/RenderText,奇子·故障虫,バグ・ピース
Beastmaster,Captured,闘獣攻略,RenderText,奇子·故障虫,バグ・ピース
Beastmaster,Captured,闘獣攻略,Text/RenderTextWrapped,奇子·故障虫,バグ・ピース
Beastmaster,Captured,闘獣攻略,RenderTextWrapped,奇子·故障虫,バグ・ピース
Beastmaster,Captured,闘獣攻略,Text,奇子·发条步兵,クロックワーク・ソルジャー・ピース
Beastmaster,Captured,闘獣攻略,Text/RenderText,奇子·发条步兵,クロックワーク・ソルジャー・ピース
Beastmaster,Captured,闘獣攻略,RenderText,奇子·发条步兵,クロックワーク・ソルジャー・ピース
Beastmaster,Captured,闘獣攻略,Text/RenderTextWrapped,奇子·发条步兵,クロックワーク・ソルジャー・ピース
Beastmaster,Captured,闘獣攻略,RenderTextWrapped,奇子·发条步兵,クロックワーク・ソルジャー・ピース
Beastmaster,Captured,闘獣攻略,Text,奇子·恐慌装甲,パニックアーマー・ピース
Beastmaster,Captured,闘獣攻略,Text/RenderText,奇子·恐慌装甲,パニックアーマー・ピース
Beastmaster,Captured,闘獣攻略,RenderText,奇子·恐慌装甲,パニックアーマー・ピース
Beastmaster,Captured,闘獣攻略,Text/RenderTextWrapped,奇子·恐慌装甲,パニックアーマー・ピース
Beastmaster,Captured,闘獣攻略,RenderTextWrapped,奇子·恐慌装甲,パニックアーマー・ピース
Beastmaster,Captured,闘獣攻略,Text,奇子·无人机,ドローン・ピース
Beastmaster,Captured,闘獣攻略,Text/RenderText,奇子·无人机,ドローン・ピース
Beastmaster,Captured,闘獣攻略,RenderText,奇子·无人机,ドローン・ピース
Beastmaster,Captured,闘獣攻略,Text/RenderTextWrapped,奇子·无人机,ドローン・ピース
Beastmaster,Captured,闘獣攻略,RenderTextWrapped,奇子·无人机,ドローン・ピース
Beastmaster,Captured,闘獣攻略,Text,奇子·眼镜蛇,コブラ・ピース
Beastmaster,Captured,闘獣攻略,Text/RenderText,奇子·眼镜蛇,コブラ・ピース
Beastmaster,Captured,闘獣攻略,RenderText,奇子·眼镜蛇,コブラ・ピース
Beastmaster,Captured,闘獣攻略,Text/RenderTextWrapped,奇子·眼镜蛇,コブラ・ピース
Beastmaster,Captured,闘獣攻略,RenderTextWrapped,奇子·眼镜蛇,コブラ・ピース
Beastmaster,Captured,闘獣攻略,Text,奇子·树精,トレント・ピース
Beastmaster,Captured,闘獣攻略,Text/RenderText,奇子·树精,トレント・ピース
Beastmaster,Captured,闘獣攻略,RenderText,奇子·树精,トレント・ピース
Beastmaster,Captured,闘獣攻略,Text/RenderTextWrapped,奇子·树精,トレント・ピース
Beastmaster,Captured,闘獣攻略,RenderTextWrapped,奇子·树精,トレント・ピース
Beastmaster,Captured,闘獣攻略,Text,奇子·蛞蝓,スラッグ・ピース
Beastmaster,Captured,闘獣攻略,Text/RenderText,奇子·蛞蝓,スラッグ・ピース
Beastmaster,Captured,闘獣攻略,RenderText,奇子·蛞蝓,スラッグ・ピース
Beastmaster,Captured,闘獣攻略,Text/RenderTextWrapped,奇子·蛞蝓,スラッグ・ピース
Beastmaster,Captured,闘獣攻略,RenderTextWrapped,奇子·蛞蝓,スラッグ・ピース
Beastmaster,Captured,闘獣攻略,Text,奇子·花苗,フラワーシード・ピース
Beastmaster,Captured,闘獣攻略,Text/RenderText,奇子·花苗,フラワーシード・ピース
Beastmaster,Captured,闘獣攻略,RenderText,奇子·花苗,フラワーシード・ピース
Beastmaster,Captured,闘獣攻略,Text/RenderTextWrapped,奇子·花苗,フラワーシード・ピース
Beastmaster,Captured,闘獣攻略,RenderTextWrapped,奇子·花苗,フラワーシード・ピース
Beastmaster,Captured,闘獣攻略,Text,奇子·凶蛛蝎,ダイアマイト・ピース
Beastmaster,Captured,闘獣攻略,Text/RenderText,奇子·凶蛛蝎,ダイアマイト・ピース
Beastmaster,Captured,闘獣攻略,RenderText,奇子·凶蛛蝎,ダイアマイト・ピース
Beastmaster,Captured,闘獣攻略,Text/RenderTextWrapped,奇子·凶蛛蝎,ダイアマイト・ピース
Beastmaster,Captured,闘獣攻略,RenderTextWrapped,奇子·凶蛛蝎,ダイアマイト・ピース
Beastmaster,Captured,闘獣攻略,Text,奇子·比洛克,ビロック・ピース
Beastmaster,Captured,闘獣攻略,Text/RenderText,奇子·比洛克,ビロック・ピース
Beastmaster,Captured,闘獣攻略,RenderText,奇子·比洛克,ビロック・ピース
Beastmaster,Captured,闘獣攻略,Text/RenderTextWrapped,奇子·比洛克,ビロック・ピース
Beastmaster,Captured,闘獣攻略,RenderTextWrapped,奇子·比洛克,ビロック・ピース
Beastmaster,Captured,闘獣攻略,Text,奇子·爆弹之母,マザーボム・ピース
Beastmaster,Captured,闘獣攻略,Text/RenderText,奇子·爆弹之母,マザーボム・ピース
Beastmaster,Captured,闘獣攻略,RenderText,奇子·爆弹之母,マザーボム・ピース
Beastmaster,Captured,闘獣攻略,Text/RenderTextWrapped,奇子·爆弹之母,マザーボム・ピース
Beastmaster,Captured,闘獣攻略,RenderTextWrapped,奇子·爆弹之母,マザーボム・ピース
Beastmaster,Captured,闘獣攻略,Text,奇子·榴弹怪,グレネード・ピース
Beastmaster,Captured,闘獣攻略,Text/RenderText,奇子·榴弹怪,グレネード・ピース
Beastmaster,Captured,闘獣攻略,RenderText,奇子·榴弹怪,グレネード・ピース
Beastmaster,Captured,闘獣攻略,Text/RenderTextWrapped,奇子·榴弹怪,グレネード・ピース
Beastmaster,Captured,闘獣攻略,RenderTextWrapped,奇子·榴弹怪,グレネード・ピース
Beastmaster,Captured,闘獣攻略,Text,奇子·爆弹怪,ボム・ピース
Beastmaster,Captured,闘獣攻略,Text/RenderText,奇子·爆弹怪,ボム・ピース
Beastmaster,Captured,闘獣攻略,RenderText,奇子·爆弹怪,ボム・ピース
Beastmaster,Captured,闘獣攻略,Text/RenderTextWrapped,奇子·爆弹怪,ボム・ピース
Beastmaster,Captured,闘獣攻略,RenderTextWrapped,奇子·爆弹怪,ボム・ピース
Beastmaster,Captured,闘獣攻略,Text,奇子·雪弹怪,スノーボム・ピース
Beastmaster,Captured,闘獣攻略,Text/RenderText,奇子·雪弹怪,スノーボム・ピース
Beastmaster,Captured,闘獣攻略,RenderText,奇子·雪弹怪,スノーボム・ピース
Beastmaster,Captured,闘獣攻略,Text/RenderTextWrapped,奇子·雪弹怪,スノーボム・ピース
Beastmaster,Captured,闘獣攻略,RenderTextWrapped,奇子·雪弹怪,スノーボム・ピース
Beastmaster,Captured,闘獣攻略,Text,奇子·焰球,フレイムボール・ピース
Beastmaster,Captured,闘獣攻略,Text/RenderText,奇子·焰球,フレイムボール・ピース
Beastmaster,Captured,闘獣攻略,RenderText,奇子·焰球,フレイムボール・ピース
Beastmaster,Captured,闘獣攻略,Text/RenderTextWrapped,奇子·焰球,フレイムボール・ピース
Beastmaster,Captured,闘獣攻略,RenderTextWrapped,奇子·焰球,フレイムボール・ピース
Beastmaster,Captured,闘獣攻略,Text,怨毒龙 博尔格尼,怨毒竜 ボルグニ
Beastmaster,Captured,闘獣攻略,Text/RenderText,怨毒龙 博尔格尼,怨毒竜 ボルグニ
Beastmaster,Captured,闘獣攻略,RenderText,怨毒龙 博尔格尼,怨毒竜 ボルグニ
Beastmaster,Captured,闘獣攻略,Text/RenderTextWrapped,怨毒龙 博尔格尼,怨毒竜 ボルグニ
Beastmaster,Captured,闘獣攻略,RenderTextWrapped,怨毒龙 博尔格尼,怨毒竜 ボルグニ
Beastmaster,Captured,闘獣攻略,Text,有毒物质,有毒物質
Beastmaster,Captured,闘獣攻略,Text/RenderText,有毒物质,有毒物質
Beastmaster,Captured,闘獣攻略,RenderText,有毒物质,有毒物質
Beastmaster,Captured,闘獣攻略,Text/RenderTextWrapped,有毒物质,有毒物質
Beastmaster,Captured,闘獣攻略,RenderTextWrapped,有毒物质,有毒物質
Beastmaster,Captured,闘獣攻略,Text,奇子·夺心魔,マインドフレア・ピース
Beastmaster,Captured,闘獣攻略,Text/RenderText,奇子·夺心魔,マインドフレア・ピース
Beastmaster,Captured,闘獣攻略,RenderText,奇子·夺心魔,マインドフレア・ピース
Beastmaster,Captured,闘獣攻略,Text/RenderTextWrapped,奇子·夺心魔,マインドフレア・ピース
Beastmaster,Captured,闘獣攻略,RenderTextWrapped,奇子·夺心魔,マインドフレア・ピース
Beastmaster,Captured,闘獣攻略,Text,奇子·毒性蘑菇,ポイズンマッシュルーム・ピース
Beastmaster,Captured,闘獣攻略,Text/RenderText,奇子·毒性蘑菇,ポイズンマッシュルーム・ピース
Beastmaster,Captured,闘獣攻略,RenderText,奇子·毒性蘑菇,ポイズンマッシュルーム・ピース
Beastmaster,Captured,闘獣攻略,Text/RenderTextWrapped,奇子·毒性蘑菇,ポイズンマッシュルーム・ピース
Beastmaster,Captured,闘獣攻略,RenderTextWrapped,奇子·毒性蘑菇,ポイズンマッシュルーム・ピース
Beastmaster,Captured,闘獣攻略,Text,奇子·佛劳洛斯,フラウロス・ピース
Beastmaster,Captured,闘獣攻略,Text/RenderText,奇子·佛劳洛斯,フラウロス・ピース
Beastmaster,Captured,闘獣攻略,RenderText,奇子·佛劳洛斯,フラウロス・ピース
Beastmaster,Captured,闘獣攻略,Text/RenderTextWrapped,奇子·佛劳洛斯,フラウロス・ピース
Beastmaster,Captured,闘獣攻略,RenderTextWrapped,奇子·佛劳洛斯,フラウロス・ピース
Beastmaster,Captured,闘獣攻略,Text,雷元精,ライトニングエレメンタル
Beastmaster,Captured,闘獣攻略,Text/RenderText,雷元精,ライトニングエレメンタル
Beastmaster,Captured,闘獣攻略,RenderText,雷元精,ライトニングエレメンタル
Beastmaster,Captured,闘獣攻略,Text/RenderTextWrapped,雷元精,ライトニングエレメンタル
Beastmaster,Captured,闘獣攻略,RenderTextWrapped,雷元精,ライトニングエレメンタル
Beastmaster,Captured,闘獣攻略,Text,奇子·夜魔人,ナイトストーカー・ピース
Beastmaster,Captured,闘獣攻略,Text/RenderText,奇子·夜魔人,ナイトストーカー・ピース
Beastmaster,Captured,闘獣攻略,RenderText,奇子·夜魔人,ナイトストーカー・ピース
Beastmaster,Captured,闘獣攻略,Text/RenderTextWrapped,奇子·夜魔人,ナイトストーカー・ピース
Beastmaster,Captured,闘獣攻略,RenderTextWrapped,奇子·夜魔人,ナイトストーカー・ピース
Beastmaster,Captured,闘獣攻略,Text,奇子·深瞳,ディープアイ・ピース
Beastmaster,Captured,闘獣攻略,Text/RenderText,奇子·深瞳,ディープアイ・ピース
Beastmaster,Captured,闘獣攻略,RenderText,奇子·深瞳,ディープアイ・ピース
Beastmaster,Captured,闘獣攻略,Text/RenderTextWrapped,奇子·深瞳,ディープアイ・ピース
Beastmaster,Captured,闘獣攻略,RenderTextWrapped,奇子·深瞳,ディープアイ・ピース
Beastmaster,Captured,闘獣攻略,Text,光元精,ライトエレメンタル
Beastmaster,Captured,闘獣攻略,Text/RenderText,光元精,ライトエレメンタル
Beastmaster,Captured,闘獣攻略,RenderText,光元精,ライトエレメンタル
Beastmaster,Captured,闘獣攻略,Text/RenderTextWrapped,光元精,ライトエレメンタル
Beastmaster,Captured,闘獣攻略,RenderTextWrapped,光元精,ライトエレメンタル
Beastmaster,Captured,闘獣攻略,Text,奇子·阿托莫斯,アトモス・ピース
Beastmaster,Captured,闘獣攻略,Text/RenderText,奇子·阿托莫斯,アトモス・ピース
Beastmaster,Captured,闘獣攻略,RenderText,奇子·阿托莫斯,アトモス・ピース
Beastmaster,Captured,闘獣攻略,Text/RenderTextWrapped,奇子·阿托莫斯,アトモス・ピース
Beastmaster,Captured,闘獣攻略,RenderTextWrapped,奇子·阿托莫斯,アトモス・ピース
Beastmaster,Captured,闘獣攻略,Text,奇子·红格雷姆林,レッドグレムリン・ピース
Beastmaster,Captured,闘獣攻略,Text/RenderText,奇子·红格雷姆林,レッドグレムリン・ピース
Beastmaster,Captured,闘獣攻略,RenderText,奇子·红格雷姆林,レッドグレムリン・ピース
Beastmaster,Captured,闘獣攻略,Text/RenderTextWrapped,奇子·红格雷姆林,レッドグレムリン・ピース
Beastmaster,Captured,闘獣攻略,RenderTextWrapped,奇子·红格雷姆林,レッドグレムリン・ピース
Beastmaster,Captured,闘獣攻略,Text,奇子·格雷姆林,グレムリン・ピース
Beastmaster,Captured,闘獣攻略,Text/RenderText,奇子·格雷姆林,グレムリン・ピース
Beastmaster,Captured,闘獣攻略,RenderText,奇子·格雷姆林,グレムリン・ピース
Beastmaster,Captured,闘獣攻略,Text/RenderTextWrapped,奇子·格雷姆林,グレムリン・ピース
Beastmaster,Captured,闘獣攻略,RenderTextWrapped,奇子·格雷姆林,グレムリン・ピース
Beastmaster,Captured,闘獣攻略,Text,奇子·软糊怪,スライム・ピース
Beastmaster,Captured,闘獣攻略,Text/RenderText,奇子·软糊怪,スライム・ピース
Beastmaster,Captured,闘獣攻略,RenderText,奇子·软糊怪,スライム・ピース
Beastmaster,Captured,闘獣攻略,Text/RenderTextWrapped,奇子·软糊怪,スライム・ピース
Beastmaster,Captured,闘獣攻略,RenderTextWrapped,奇子·软糊怪,スライム・ピース
Beastmaster,Captured,闘獣攻略,Text,奇子·奶冻怪,プリン・ピース
Beastmaster,Captured,闘獣攻略,Text/RenderText,奇子·奶冻怪,プリン・ピース
Beastmaster,Captured,闘獣攻略,RenderText,奇子·奶冻怪,プリン・ピース
Beastmaster,Captured,闘獣攻略,Text/RenderTextWrapped,奇子·奶冻怪,プリン・ピース
Beastmaster,Captured,闘獣攻略,RenderTextWrapped,奇子·奶冻怪,プリン・ピース
Beastmaster,Captured,闘獣攻略,Text,奇子·甜羹怪,フラン・ピース
Beastmaster,Captured,闘獣攻略,Text/RenderText,奇子·甜羹怪,フラン・ピース
Beastmaster,Captured,闘獣攻略,RenderText,奇子·甜羹怪,フラン・ピース
Beastmaster,Captured,闘獣攻略,Text/RenderTextWrapped,奇子·甜羹怪,フラン・ピース
Beastmaster,Captured,闘獣攻略,RenderTextWrapped,奇子·甜羹怪,フラン・ピース
Beastmaster,Captured,闘獣攻略,Text,奇子·石像魔,ガーゴイル・ピース
Beastmaster,Captured,闘獣攻略,Text/RenderText,奇子·石像魔,ガーゴイル・ピース
Beastmaster,Captured,闘獣攻略,RenderText,奇子·石像魔,ガーゴイル・ピース
Beastmaster,Captured,闘獣攻略,Text/RenderTextWrapped,奇子·石像魔,ガーゴイル・ピース
Beastmaster,Captured,闘獣攻略,RenderTextWrapped,奇子·石像魔,ガーゴイル・ピース
Beastmaster,Captured,闘獣攻略,Text,奇子·威胁扎哈克,ザハク・ピース
Beastmaster,Captured,闘獣攻略,Text/RenderText,奇子·威胁扎哈克,ザハク・ピース
Beastmaster,Captured,闘獣攻略,RenderText,奇子·威胁扎哈克,ザハク・ピース
Beastmaster,Captured,闘獣攻略,Text/RenderTextWrapped,奇子·威胁扎哈克,ザハク・ピース
Beastmaster,Captured,闘獣攻略,RenderTextWrapped,奇子·威胁扎哈克,ザハク・ピース
Beastmaster,Captured,闘獣攻略,Text,奇子·火蛟,ファイアドレイク・ピース
Beastmaster,Captured,闘獣攻略,Text/RenderText,奇子·火蛟,ファイアドレイク・ピース
Beastmaster,Captured,闘獣攻略,RenderText,奇子·火蛟,ファイアドレイク・ピース
Beastmaster,Captured,闘獣攻略,Text/RenderTextWrapped,奇子·火蛟,ファイアドレイク・ピース
Beastmaster,Captured,闘獣攻略,RenderTextWrapped,奇子·火蛟,ファイアドレイク・ピース
Beastmaster,Captured,闘獣攻略,Text,奇子·棘鼹,スパイクモール・ピース
Beastmaster,Captured,闘獣攻略,Text/RenderText,奇子·棘鼹,スパイクモール・ピース
Beastmaster,Captured,闘獣攻略,RenderText,奇子·棘鼹,スパイクモール・ピース
Beastmaster,Captured,闘獣攻略,Text/RenderTextWrapped,奇子·棘鼹,スパイクモール・ピース
Beastmaster,Captured,闘獣攻略,RenderTextWrapped,奇子·棘鼹,スパイクモール・ピース
Beastmaster,Captured,闘獣攻略,Text,奇子·狱蟾蜍,ヘルトード・ピース
Beastmaster,Captured,闘獣攻略,Text/RenderText,奇子·狱蟾蜍,ヘルトード・ピース
Beastmaster,Captured,闘獣攻略,RenderText,奇子·狱蟾蜍,ヘルトード・ピース
Beastmaster,Captured,闘獣攻略,Text/RenderTextWrapped,奇子·狱蟾蜍,ヘルトード・ピース
Beastmaster,Captured,闘獣攻略,RenderTextWrapped,奇子·狱蟾蜍,ヘルトード・ピース
Beastmaster,Captured,闘獣攻略,Text,奇子·蓝闪蝶,ブルーバタフライ・ピース
Beastmaster,Captured,闘獣攻略,Text/RenderText,奇子·蓝闪蝶,ブルーバタフライ・ピース
Beastmaster,Captured,闘獣攻略,RenderText,奇子·蓝闪蝶,ブルーバタフライ・ピース
Beastmaster,Captured,闘獣攻略,Text/RenderTextWrapped,奇子·蓝闪蝶,ブルーバタフライ・ピース
Beastmaster,Captured,闘獣攻略,RenderTextWrapped,奇子·蓝闪蝶,ブルーバタフライ・ピース
Beastmaster,Captured,闘獣攻略,Text,奇子·杜尔迦,ドゥルガー・ピース
Beastmaster,Captured,闘獣攻略,Text/RenderText,奇子·杜尔迦,ドゥルガー・ピース
Beastmaster,Captured,闘獣攻略,RenderText,奇子·杜尔迦,ドゥルガー・ピース
Beastmaster,Captured,闘獣攻略,Text/RenderTextWrapped,奇子·杜尔迦,ドゥルガー・ピース
Beastmaster,Captured,闘獣攻略,RenderTextWrapped,奇子·杜尔迦,ドゥルガー・ピース
Beastmaster,Captured,闘獣攻略,Text,奇子·转盘堡,タレット・ピース
Beastmaster,Captured,闘獣攻略,Text/RenderText,奇子·转盘堡,タレット・ピース
Beastmaster,Captured,闘獣攻略,RenderText,奇子·转盘堡,タレット・ピース
Beastmaster,Captured,闘獣攻略,Text/RenderTextWrapped,奇子·转盘堡,タレット・ピース
Beastmaster,Captured,闘獣攻略,RenderTextWrapped,奇子·转盘堡,タレット・ピース
Beastmaster,Captured,闘獣攻略,Text,奇子·美杜莎,メデューサ・ピース
Beastmaster,Captured,闘獣攻略,Text/RenderText,奇子·美杜莎,メデューサ・ピース
Beastmaster,Captured,闘獣攻略,RenderText,奇子·美杜莎,メデューサ・ピース
Beastmaster,Captured,闘獣攻略,Text/RenderTextWrapped,奇子·美杜莎,メデューサ・ピース
Beastmaster,Captured,闘獣攻略,RenderTextWrapped,奇子·美杜莎,メデューサ・ピース
Beastmaster,Captured,闘獣攻略,Text,奇子·拉米亚,ラミア・ピース
Beastmaster,Captured,闘獣攻略,Text/RenderText,奇子·拉米亚,ラミア・ピース
Beastmaster,Captured,闘獣攻略,RenderText,奇子·拉米亚,ラミア・ピース
Beastmaster,Captured,闘獣攻略,Text/RenderTextWrapped,奇子·拉米亚,ラミア・ピース
Beastmaster,Captured,闘獣攻略,RenderTextWrapped,奇子·拉米亚,ラミア・ピース
Beastmaster,Captured,闘獣攻略,Text,奇子·独眼巨人,サイクロプス・ピース
Beastmaster,Captured,闘獣攻略,Text/RenderText,奇子·独眼巨人,サイクロプス・ピース
Beastmaster,Captured,闘獣攻略,RenderText,奇子·独眼巨人,サイクロプス・ピース
Beastmaster,Captured,闘獣攻略,Text/RenderTextWrapped,奇子·独眼巨人,サイクロプス・ピース
Beastmaster,Captured,闘獣攻略,RenderTextWrapped,奇子·独眼巨人,サイクロプス・ピース
Beastmaster,Captured,闘獣攻略,Text,奇子·奇美拉,キマイラ・ピース
Beastmaster,Captured,闘獣攻略,Text/RenderText,奇子·奇美拉,キマイラ・ピース
Beastmaster,Captured,闘獣攻略,RenderText,奇子·奇美拉,キマイラ・ピース
Beastmaster,Captured,闘獣攻略,Text/RenderTextWrapped,奇子·奇美拉,キマイラ・ピース
Beastmaster,Captured,闘獣攻略,RenderTextWrapped,奇子·奇美拉,キマイラ・ピース
Beastmaster,Captured,闘獣攻略,Text,奇子·巨人,ジャイアント・ピース
Beastmaster,Captured,闘獣攻略,Text/RenderText,奇子·巨人,ジャイアント・ピース
Beastmaster,Captured,闘獣攻略,RenderText,奇子·巨人,ジャイアント・ピース
Beastmaster,Captured,闘獣攻略,Text/RenderTextWrapped,奇子·巨人,ジャイアント・ピース
Beastmaster,Captured,闘獣攻略,RenderTextWrapped,奇子·巨人,ジャイアント・ピース
Beastmaster,Captured,闘獣攻略,Text,凝胶化雷电,帯電スライム
Beastmaster,Captured,闘獣攻略,Text/RenderText,凝胶化雷电,帯電スライム
Beastmaster,Captured,闘獣攻略,RenderText,凝胶化雷电,帯電スライム
Beastmaster,Captured,闘獣攻略,Text/RenderTextWrapped,凝胶化雷电,帯電スライム
Beastmaster,Captured,闘獣攻略,RenderTextWrapped,凝胶化雷电,帯電スライム
Beastmaster,Captured,闘獣攻略,Text,凝胶化火焰,火炎スライム
Beastmaster,Captured,闘獣攻略,Text/RenderText,凝胶化火焰,火炎スライム
Beastmaster,Captured,闘獣攻略,RenderText,凝胶化火焰,火炎スライム
Beastmaster,Captured,闘獣攻略,Text/RenderTextWrapped,凝胶化火焰,火炎スライム
Beastmaster,Captured,闘獣攻略,RenderTextWrapped,凝胶化火焰,火炎スライム
Beastmaster,Captured,闘獣攻略,Text,奇子·斯芬克斯,スフィンクス・ピース
Beastmaster,Captured,闘獣攻略,Text/RenderText,奇子·斯芬克斯,スフィンクス・ピース
Beastmaster,Captured,闘獣攻略,RenderText,奇子·斯芬克斯,スフィンクス・ピース
Beastmaster,Captured,闘獣攻略,Text/RenderTextWrapped,奇子·斯芬克斯,スフィンクス・ピース
Beastmaster,Captured,闘獣攻略,RenderTextWrapped,奇子·斯芬克斯,スフィンクス・ピース
Beastmaster,Captured,闘獣攻略,Text,奇子·莫古小剑,モーグリ剣士・ピース
Beastmaster,Captured,闘獣攻略,Text/RenderText,奇子·莫古小剑,モーグリ剣士・ピース
Beastmaster,Captured,闘獣攻略,RenderText,奇子·莫古小剑,モーグリ剣士・ピース
Beastmaster,Captured,闘獣攻略,Text/RenderTextWrapped,奇子·莫古小剑,モーグリ剣士・ピース
Beastmaster,Captured,闘獣攻略,RenderTextWrapped,奇子·莫古小剑,モーグリ剣士・ピース
Beastmaster,Captured,闘獣攻略,Text,奇子·莫古小猛,モーグリ猛者・ピース
Beastmaster,Captured,闘獣攻略,Text/RenderText,奇子·莫古小猛,モーグリ猛者・ピース
Beastmaster,Captured,闘獣攻略,RenderText,奇子·莫古小猛,モーグリ猛者・ピース
Beastmaster,Captured,闘獣攻略,Text/RenderTextWrapped,奇子·莫古小猛,モーグリ猛者・ピース
Beastmaster,Captured,闘獣攻略,RenderTextWrapped,奇子·莫古小猛,モーグリ猛者・ピース
Beastmaster,Captured,闘獣攻略,Text,奇子·莫古大医,モーグリ大医・ピース
Beastmaster,Captured,闘獣攻略,Text/RenderText,奇子·莫古大医,モーグリ大医・ピース
Beastmaster,Captured,闘獣攻略,RenderText,奇子·莫古大医,モーグリ大医・ピース
Beastmaster,Captured,闘獣攻略,Text/RenderTextWrapped,奇子·莫古大医,モーグリ大医・ピース
Beastmaster,Captured,闘獣攻略,RenderTextWrapped,奇子·莫古大医,モーグリ大医・ピース
Beastmaster,Captured,闘獣攻略,Text,奇子·莫古大术,モーグリ大術・ピース
Beastmaster,Captured,闘獣攻略,Text/RenderText,奇子·莫古大术,モーグリ大術・ピース
Beastmaster,Captured,闘獣攻略,RenderText,奇子·莫古大术,モーグリ大術・ピース
Beastmaster,Captured,闘獣攻略,Text/RenderTextWrapped,奇子·莫古大术,モーグリ大術・ピース
Beastmaster,Captured,闘獣攻略,RenderTextWrapped,奇子·莫古大术,モーグリ大術・ピース
Beastmaster,Captured,闘獣攻略,Text,奇子·莫古小医,モーグリ小医・ピース
Beastmaster,Captured,闘獣攻略,Text/RenderText,奇子·莫古小医,モーグリ小医・ピース
Beastmaster,Captured,闘獣攻略,RenderText,奇子·莫古小医,モーグリ小医・ピース
Beastmaster,Captured,闘獣攻略,Text/RenderTextWrapped,奇子·莫古小医,モーグリ小医・ピース
Beastmaster,Captured,闘獣攻略,RenderTextWrapped,奇子·莫古小医,モーグリ小医・ピース
Beastmaster,Captured,闘獣攻略,Text,奇子·莫古小术,モーグリ小術・ピース
Beastmaster,Captured,闘獣攻略,Text/RenderText,奇子·莫古小术,モーグリ小術・ピース
Beastmaster,Captured,闘獣攻略,RenderText,奇子·莫古小术,モーグリ小術・ピース
Beastmaster,Captured,闘獣攻略,Text/RenderTextWrapped,奇子·莫古小术,モーグリ小術・ピース
Beastmaster,Captured,闘獣攻略,RenderTextWrapped,奇子·莫古小术,モーグリ小術・ピース
Beastmaster,Captured,闘獣攻略,Text,奇子·莫古大剑,モーグリ大剣・ピース
Beastmaster,Captured,闘獣攻略,Text/RenderText,奇子·莫古大剑,モーグリ大剣・ピース
Beastmaster,Captured,闘獣攻略,RenderText,奇子·莫古大剑,モーグリ大剣・ピース
Beastmaster,Captured,闘獣攻略,Text/RenderTextWrapped,奇子·莫古大剑,モーグリ大剣・ピース
Beastmaster,Captured,闘獣攻略,RenderTextWrapped,奇子·莫古大剑,モーグリ大剣・ピース
Beastmaster,Captured,闘獣攻略,Text,奇子·莫古小歌,モーグリ吟遊・ピース
Beastmaster,Captured,闘獣攻略,Text/RenderText,奇子·莫古小歌,モーグリ吟遊・ピース
Beastmaster,Captured,闘獣攻略,RenderText,奇子·莫古小歌,モーグリ吟遊・ピース
Beastmaster,Captured,闘獣攻略,Text/RenderTextWrapped,奇子·莫古小歌,モーグリ吟遊・ピース
Beastmaster,Captured,闘獣攻略,RenderTextWrapped,奇子·莫古小歌,モーグリ吟遊・ピース
Beastmaster,Captured,闘獣攻略,Text,奇子·莫古小贼,モーグリ盗賊・ピース
Beastmaster,Captured,闘獣攻略,Text/RenderText,奇子·莫古小贼,モーグリ盗賊・ピース
Beastmaster,Captured,闘獣攻略,RenderText,奇子·莫古小贼,モーグリ盗賊・ピース
Beastmaster,Captured,闘獣攻略,Text/RenderTextWrapped,奇子·莫古小贼,モーグリ盗賊・ピース
Beastmaster,Captured,闘獣攻略,RenderTextWrapped,奇子·莫古小贼,モーグリ盗賊・ピース
Beastmaster,Captured,闘獣攻略,Text,奇子·贝希摩斯,ベヒーモス・ピース
Beastmaster,Captured,闘獣攻略,Text/RenderText,奇子·贝希摩斯,ベヒーモス・ピース
Beastmaster,Captured,闘獣攻略,RenderText,奇子·贝希摩斯,ベヒーモス・ピース
Beastmaster,Captured,闘獣攻略,Text/RenderTextWrapped,奇子·贝希摩斯,ベヒーモス・ピース
Beastmaster,Captured,闘獣攻略,RenderTextWrapped,奇子·贝希摩斯,ベヒーモス・ピース
Beastmaster,Captured,闘獣攻略,Text,奇子·铁巨人,アイアンジャイアント・ピース
Beastmaster,Captured,闘獣攻略,Text/RenderText,奇子·铁巨人,アイアンジャイアント・ピース
Beastmaster,Captured,闘獣攻略,RenderText,奇子·铁巨人,アイアンジャイアント・ピース
Beastmaster,Captured,闘獣攻略,Text/RenderTextWrapped,奇子·铁巨人,アイアンジャイアント・ピース
Beastmaster,Captured,闘獣攻略,RenderTextWrapped,奇子·铁巨人,アイアンジャイアント・ピース
Beastmaster,Captured,闘獣攻略,Text,奇子·冥鬼之眼王,アーリマンキング・ピース
Beastmaster,Captured,闘獣攻略,Text/RenderText,奇子·冥鬼之眼王,アーリマンキング・ピース
Beastmaster,Captured,闘獣攻略,RenderText,奇子·冥鬼之眼王,アーリマンキング・ピース
Beastmaster,Captured,闘獣攻略,Text/RenderTextWrapped,奇子·冥鬼之眼王,アーリマンキング・ピース
Beastmaster,Captured,闘獣攻略,RenderTextWrapped,奇子·冥鬼之眼王,アーリマンキング・ピース
Beastmaster,Captured,闘獣攻略,Text,死亡沙漏,死の砂時計
Beastmaster,Captured,闘獣攻略,Text/RenderText,死亡沙漏,死の砂時計
Beastmaster,Captured,闘獣攻略,RenderText,死亡沙漏,死の砂時計
Beastmaster,Captured,闘獣攻略,Text/RenderTextWrapped,死亡沙漏,死の砂時計
Beastmaster,Captured,闘獣攻略,RenderTextWrapped,死亡沙漏,死の砂時計
Beastmaster,Captured,闘獣攻略,Text,奇子·哈帕利特,ハパリット・ピース
Beastmaster,Captured,闘獣攻略,Text/RenderText,奇子·哈帕利特,ハパリット・ピース
Beastmaster,Captured,闘獣攻略,RenderText,奇子·哈帕利特,ハパリット・ピース
Beastmaster,Captured,闘獣攻略,Text/RenderTextWrapped,奇子·哈帕利特,ハパリット・ピース
Beastmaster,Captured,闘獣攻略,RenderTextWrapped,奇子·哈帕利特,ハパリット・ピース
Beastmaster,Captured,闘獣攻略,Text,奇子·肮脏之眼,イービルアイ・ピース
Beastmaster,Captured,闘獣攻略,Text/RenderText,奇子·肮脏之眼,イービルアイ・ピース
Beastmaster,Captured,闘獣攻略,RenderText,奇子·肮脏之眼,イービルアイ・ピース
Beastmaster,Captured,闘獣攻略,Text/RenderTextWrapped,奇子·肮脏之眼,イービルアイ・ピース
Beastmaster,Captured,闘獣攻略,RenderTextWrapped,奇子·肮脏之眼,イービルアイ・ピース
Beastmaster,Captured,闘獣攻略,Text,魔斧之主 劳妲,魔斧の主 ラウダ
Beastmaster,Captured,闘獣攻略,Text/RenderText,魔斧之主 劳妲,魔斧の主 ラウダ
Beastmaster,Captured,闘獣攻略,RenderText,魔斧之主 劳妲,魔斧の主 ラウダ
Beastmaster,Captured,闘獣攻略,Text/RenderTextWrapped,魔斧之主 劳妲,魔斧の主 ラウダ
Beastmaster,Captured,闘獣攻略,RenderTextWrapped,魔斧之主 劳妲,魔斧の主 ラウダ
Beastmaster,Captured,闘獣攻略,Text/RenderTextWrapped,先打主教，骑士架盾后用宝宝吸引仇恨从背后打。,先にビショップを倒します。ナイトが盾を構えたら、魔獣にヘイトを取らせて背後から攻撃します。
Beastmaster,Captured,闘獣攻略,RenderTextWrapped,先打主教，骑士架盾后用宝宝吸引仇恨从背后打。,先にビショップを倒します。ナイトが盾を構えたら、魔獣にヘイトを取らせて背後から攻撃します。
Beastmaster,Captured,闘獣攻略,Text,先打主教，骑士架盾后用宝宝吸引仇恨从背后打。,先にビショップを倒します。ナイトが盾を構えたら、魔獣にヘイトを取らせて背後から攻撃します。
Beastmaster,Captured,闘獣攻略,Text/RenderTextWrapped,一直攻击举盾骑士，过一段时间会自己撤盾，不用等16分钟。,盾を構えたナイトを攻撃し続ければ、しばらくすると自分で盾を解除します。16分待つ必要はありません。
Beastmaster,Captured,闘獣攻略,RenderTextWrapped,一直攻击举盾骑士，过一段时间会自己撤盾，不用等16分钟。,盾を構えたナイトを攻撃し続ければ、しばらくすると自分で盾を解除します。16分待つ必要はありません。
Beastmaster,Captured,闘獣攻略,Text,一直攻击举盾骑士，过一段时间会自己撤盾，不用等16分钟。,盾を構えたナイトを攻撃し続ければ、しばらくすると自分で盾を解除します。16分待つ必要はありません。
Beastmaster,Captured,闘獣攻略,Text/RenderTextWrapped,注意观察「深渊贯穿」生成的圆形AOE范围，容易被误伤。,「深淵貫通」で発生する円形AoEの範囲をよく見て、巻き込まれないよう注意します。
Beastmaster,Captured,闘獣攻略,RenderTextWrapped,注意观察「深渊贯穿」生成的圆形AOE范围，容易被误伤。,「深淵貫通」で発生する円形AoEの範囲をよく見て、巻き込まれないよう注意します。
Beastmaster,Captured,闘獣攻略,Text,注意观察「深渊贯穿」生成的圆形AOE范围，容易被误伤。,「深淵貫通」で発生する円形AoEの範囲をよく見て、巻き込まれないよう注意します。
Beastmaster,Captured,闘獣攻略,Text/RenderTextWrapped,AOE多，注意自身血量。,範囲攻撃が多いので、自分のHPに注意します。
Beastmaster,Captured,闘獣攻略,RenderTextWrapped,AOE多，注意自身血量。,範囲攻撃が多いので、自分のHPに注意します。
Beastmaster,Captured,闘獣攻略,Text,AOE多，注意自身血量。,範囲攻撃が多いので、自分のHPに注意します。
Beastmaster,Captured,闘獣攻略,Text/RenderTextWrapped,「致命尾刺」给的中毒可以消掉，「毒蛛网」给的消不掉，注意血量；小蝎子出现后尽快消灭。,「致命の尾針」の毒は解除できますが、「毒の蜘蛛網」の毒は解除できません。HPに注意し、子サソリが出たら早めに倒します。
Beastmaster,Captured,闘獣攻略,RenderTextWrapped,「致命尾刺」给的中毒可以消掉，「毒蛛网」给的消不掉，注意血量；小蝎子出现后尽快消灭。,「致命の尾針」の毒は解除できますが、「毒の蜘蛛網」の毒は解除できません。HPに注意し、子サソリが出たら早めに倒します。
Beastmaster,Captured,闘獣攻略,Text,「致命尾刺」给的中毒可以消掉，「毒蛛网」给的消不掉，注意血量；小蝎子出现后尽快消灭。,「致命の尾針」の毒は解除できますが、「毒の蜘蛛網」の毒は解除できません。HPに注意し、子サソリが出たら早めに倒します。
Beastmaster,Captured,闘獣攻略,Text/RenderTextWrapped,第一次「燃烧猛击」为BOSS当前位置扇形，第二回会穿梭至对面火圈放扇形，注意提前跑路；BOSS读条「火灵的守护」时可以提前去场边等候，留技能或使用道具击杀妖火。,1回目の「燃焼猛撃」はBOSS現在地からの扇範囲。2回目は反対側の火輪へ移動して扇範囲を出すので、早めに退避します。「火霊の守護」の詠唱中は外周へ移動し、スキルや道具を温存して妖火を処理します。
Beastmaster,Captured,闘獣攻略,RenderTextWrapped,第一次「燃烧猛击」为BOSS当前位置扇形，第二回会穿梭至对面火圈放扇形，注意提前跑路；BOSS读条「火灵的守护」时可以提前去场边等候，留技能或使用道具击杀妖火。,1回目の「燃焼猛撃」はBOSS現在地からの扇範囲。2回目は反対側の火輪へ移動して扇範囲を出すので、早めに退避します。「火霊の守護」の詠唱中は外周へ移動し、スキルや道具を温存して妖火を処理します。
Beastmaster,Captured,闘獣攻略,Text,第一次「燃烧猛击」为BOSS当前位置扇形，第二回会穿梭至对面火圈放扇形，注意提前跑路；BOSS读条「火灵的守护」时可以提前去场边等候，留技能或使用道具击杀妖火。,1回目の「燃焼猛撃」はBOSS現在地からの扇範囲。2回目は反対側の火輪へ移動して扇範囲を出すので、早めに退避します。「火霊の守護」の詠唱中は外周へ移動し、スキルや道具を温存して妖火を処理します。
Beastmaster,Captured,闘獣攻略,Text/RenderTextWrapped,前期装备不好时容易杀不掉。,装備が整っていない時期は火力不足になりやすいです。
Beastmaster,Captured,闘獣攻略,RenderTextWrapped,前期装备不好时容易杀不掉。,装備が整っていない時期は火力不足になりやすいです。
Beastmaster,Captured,闘獣攻略,Text,前期装备不好时容易杀不掉。,装備が整っていない時期は火力不足になりやすいです。
Beastmaster,Captured,闘獣攻略,Text/RenderTextWrapped,「血雨」抬手钢铁，不抬手月环；BOSS读条「召唤」后优先击杀梦魔法师，「欺瞒雾」使用吸引注意让宝宝接。,「血雨」は腕を上げたら円範囲、上げなければドーナツ範囲。BOSSが「召喚」を詠唱したらナイトメア・メイジを優先して倒し、「欺瞞の霧」は魔獣に受けさせます。
Beastmaster,Captured,闘獣攻略,RenderTextWrapped,「血雨」抬手钢铁，不抬手月环；BOSS读条「召唤」后优先击杀梦魔法师，「欺瞒雾」使用吸引注意让宝宝接。,「血雨」は腕を上げたら円範囲、上げなければドーナツ範囲。BOSSが「召喚」を詠唱したらナイトメア・メイジを優先して倒し、「欺瞞の霧」は魔獣に受けさせます。
Beastmaster,Captured,闘獣攻略,Text,「血雨」抬手钢铁，不抬手月环；BOSS读条「召唤」后优先击杀梦魔法师，「欺瞒雾」使用吸引注意让宝宝接。,「血雨」は腕を上げたら円範囲、上げなければドーナツ範囲。BOSSが「召喚」を詠唱したらナイトメア・メイジを優先して倒し、「欺瞞の霧」は魔獣に受けさせます。
Beastmaster,Captured,闘獣攻略,Text/RenderTextWrapped,左右刀专场训练,左右の斬撃を見分ける練習戦です。
Beastmaster,Captured,闘獣攻略,RenderTextWrapped,左右刀专场训练,左右の斬撃を見分ける練習戦です。
Beastmaster,Captured,闘獣攻略,Text,左右刀专场训练,左右の斬撃を見分ける練習戦です。
Beastmaster,Captured,闘獣攻略,Text/RenderTextWrapped,BOSS读条「致命射线」时，读条剩余2-3秒可提前站到石板上或不踩BOSS脚下这块；「以太波」直条比较宽，注意范围。尽量快点杀掉，后面机制多了踩石板时间比较紧。,BOSSの「致命光線」は詠唱残り2～3秒で石板へ移動します。「エーテル波」は直線範囲が広いので注意。後半ほど石板処理が忙しくなるため、できるだけ早く倒します。
Beastmaster,Captured,闘獣攻略,RenderTextWrapped,BOSS读条「致命射线」时，读条剩余2-3秒可提前站到石板上或不踩BOSS脚下这块；「以太波」直条比较宽，注意范围。尽量快点杀掉，后面机制多了踩石板时间比较紧。,BOSSの「致命光線」は詠唱残り2～3秒で石板へ移動します。「エーテル波」は直線範囲が広いので注意。後半ほど石板処理が忙しくなるため、できるだけ早く倒します。
Beastmaster,Captured,闘獣攻略,Text,BOSS读条「致命射线」时，读条剩余2-3秒可提前站到石板上或不踩BOSS脚下这块；「以太波」直条比较宽，注意范围。尽量快点杀掉，后面机制多了踩石板时间比较紧。,BOSSの「致命光線」は詠唱残り2～3秒で石板へ移動します。「エーテル波」は直線範囲が広いので注意。後半ほど石板処理が忙しくなるため、できるだけ早く倒します。
Beastmaster,Captured,闘獣攻略,Text/RenderTextWrapped,风元精的直条比较慢，中间路被堵死时可从外面走去找BOSS。,風エレメンタルの直線攻撃は遅めです。中央が塞がれた場合は外周からBOSS側へ回れます。
Beastmaster,Captured,闘獣攻略,RenderTextWrapped,风元精的直条比较慢，中间路被堵死时可从外面走去找BOSS。,風エレメンタルの直線攻撃は遅めです。中央が塞がれた場合は外周からBOSS側へ回れます。
Beastmaster,Captured,闘獣攻略,Text,风元精的直条比较慢，中间路被堵死时可从外面走去找BOSS。,風エレメンタルの直線攻撃は遅めです。中央が塞がれた場合は外周からBOSS側へ回れます。
Beastmaster,Captured,闘獣攻略,Text/RenderTextWrapped,刚开始打还挺唬人的。,初見は少し驚きますが、落ち着いて処理すれば大丈夫です。
Beastmaster,Captured,闘獣攻略,RenderTextWrapped,刚开始打还挺唬人的。,初見は少し驚きますが、落ち着いて処理すれば大丈夫です。
Beastmaster,Captured,闘獣攻略,Text,刚开始打还挺唬人的。,初見は少し驚きますが、落ち着いて処理すれば大丈夫です。
Beastmaster,Captured,闘獣攻略,Text/RenderTextWrapped,渐渐混乱不要超过16层（可能不准），圈尽量往四个角放。,「漸進する混乱」は16スタックを超えないよう注意し、AoEはできるだけ四隅へ置きます。
Beastmaster,Captured,闘獣攻略,RenderTextWrapped,渐渐混乱不要超过16层（可能不准），圈尽量往四个角放。,「漸進する混乱」は16スタックを超えないよう注意し、AoEはできるだけ四隅へ置きます。
Beastmaster,Captured,闘獣攻略,Text,渐渐混乱不要超过16层（可能不准），圈尽量往四个角放。,「漸進する混乱」は16スタックを超えないよう注意し、AoEはできるだけ四隅へ置きます。
Beastmaster,Captured,闘獣攻略,Text/RenderTextWrapped,你们这是什么关卡怎么又有僵尸又有48。,ゾンビー処理とスタック管理に注意する戦闘です。
Beastmaster,Captured,闘獣攻略,RenderTextWrapped,你们这是什么关卡怎么又有僵尸又有48。,ゾンビー処理とスタック管理に注意する戦闘です。
Beastmaster,Captured,闘獣攻略,Text,你们这是什么关卡怎么又有僵尸又有48。,ゾンビー処理とスタック管理に注意する戦闘です。
Beastmaster,Captured,闘獣攻略,Text/RenderTextWrapped,「十吨重踏」跳过去的圈是即死，躲击退的时候不要踩进去。「声援」可被打断，不打断是死刑，大概率能秒杀满血宝宝。,「十トン踏み」で発生する円は即死級です。ノックバック回避時に踏まないよう注意。「声援」は中断可能で、止めないと魔獣が即死する可能性があります。
Beastmaster,Captured,闘獣攻略,RenderTextWrapped,「十吨重踏」跳过去的圈是即死，躲击退的时候不要踩进去。「声援」可被打断，不打断是死刑，大概率能秒杀满血宝宝。,「十トン踏み」で発生する円は即死級です。ノックバック回避時に踏まないよう注意。「声援」は中断可能で、止めないと魔獣が即死する可能性があります。
Beastmaster,Captured,闘獣攻略,Text,「十吨重踏」跳过去的圈是即死，躲击退的时候不要踩进去。「声援」可被打断，不打断是死刑，大概率能秒杀满血宝宝。,「十トン踏み」で発生する円は即死級です。ノックバック回避時に踏まないよう注意。「声援」は中断可能で、止めないと魔獣が即死する可能性があります。
Beastmaster,Captured,闘獣攻略,Text/RenderTextWrapped,这也太有劲了呃呃。,かなり痛い攻撃が来るので注意。
Beastmaster,Captured,闘獣攻略,RenderTextWrapped,这也太有劲了呃呃。,かなり痛い攻撃が来るので注意。
Beastmaster,Captured,闘獣攻略,Text,这也太有劲了呃呃。,かなり痛い攻撃が来るので注意。
Beastmaster,Captured,闘獣攻略,Text/RenderTextWrapped,先打有连线的。,線でつながっている敵から優先して倒します。
Beastmaster,Captured,闘獣攻略,RenderTextWrapped,先打有连线的。,線でつながっている敵から優先して倒します。
Beastmaster,Captured,闘獣攻略,Text,先打有连线的。,線でつながっている敵から優先して倒します。
Beastmaster,Captured,闘獣攻略,Text/RenderTextWrapped,抽不到怪也是一种运气,編成次第では楽に進められます。
Beastmaster,Captured,闘獣攻略,RenderTextWrapped,抽不到怪也是一种运气,編成次第では楽に進められます。
Beastmaster,Captured,闘獣攻略,Text,抽不到怪也是一种运气,編成次第では楽に進められます。
Beastmaster,Captured,闘獣攻略,Text/RenderTextWrapped,不要踩场边沙坑。冒叹号的沙坑会放扇形，场中的四个炸弹能打进小地豆所在的沙坑，对小地豆有伤害。哥布可以打慢点，地震还挺疼的。,外周の砂穴を踏まないようにします。！マークの砂穴から扇範囲が出ます。中央の4つの爆弾はサンドモールのいる砂穴へ入れるとダメージを与えられます。ゴブリンは急がなくてもよいですが、地震はかなり痛いです。
Beastmaster,Captured,闘獣攻略,RenderTextWrapped,不要踩场边沙坑。冒叹号的沙坑会放扇形，场中的四个炸弹能打进小地豆所在的沙坑，对小地豆有伤害。哥布可以打慢点，地震还挺疼的。,外周の砂穴を踏まないようにします。！マークの砂穴から扇範囲が出ます。中央の4つの爆弾はサンドモールのいる砂穴へ入れるとダメージを与えられます。ゴブリンは急がなくてもよいですが、地震はかなり痛いです。
Beastmaster,Captured,闘獣攻略,Text,不要踩场边沙坑。冒叹号的沙坑会放扇形，场中的四个炸弹能打进小地豆所在的沙坑，对小地豆有伤害。哥布可以打慢点，地震还挺疼的。,外周の砂穴を踏まないようにします。！マークの砂穴から扇範囲が出ます。中央の4つの爆弾はサンドモールのいる砂穴へ入れるとダメージを与えられます。ゴブリンは急がなくてもよいですが、地震はかなり痛いです。
Beastmaster,Captured,闘獣攻略,Text/RenderTextWrapped,路边的主教不要随便踩,道中のビショップは不用意に踏まないようにします。
Beastmaster,Captured,闘獣攻略,RenderTextWrapped,路边的主教不要随便踩,道中のビショップは不用意に踏まないようにします。
Beastmaster,Captured,闘獣攻略,Text,路边的主教不要随便踩,道中のビショップは不用意に踏まないようにします。
Beastmaster,Captured,闘獣攻略,Text/RenderTextWrapped,。。。,……
Beastmaster,Captured,闘獣攻略,RenderTextWrapped,。。。,……
Beastmaster,Captured,闘獣攻略,Text,。。。,……
Beastmaster,Captured,闘獣攻略,Text/RenderTextWrapped,太难抓，差评,捕獲が難しい相手です。
Beastmaster,Captured,闘獣攻略,RenderTextWrapped,太难抓，差评,捕獲が難しい相手です。
Beastmaster,Captured,闘獣攻略,Text,太难抓，差评,捕獲が難しい相手です。
Beastmaster,Captured,闘獣攻略,Text/RenderTextWrapped,这下是真有机制要背对。,視線ギミックなので背を向けます。
Beastmaster,Captured,闘獣攻略,RenderTextWrapped,这下是真有机制要背对。,視線ギミックなので背を向けます。
Beastmaster,Captured,闘獣攻略,Text,这下是真有机制要背对。,視線ギミックなので背を向けます。
Beastmaster,Captured,闘獣攻略,Text/RenderTextWrapped,这种黏在地上的小怪最难扣了。,地面を這う雑魚は特に処理しづらいので注意。
Beastmaster,Captured,闘獣攻略,RenderTextWrapped,这种黏在地上的小怪最难扣了。,地面を這う雑魚は特に処理しづらいので注意。
Beastmaster,Captured,闘獣攻略,Text,这种黏在地上的小怪最难扣了。,地面を這う雑魚は特に処理しづらいので注意。
Beastmaster,Captured,闘獣攻略,Text/RenderTextWrapped,扎我一身刺，差评。这格性价比不高。,棘攻撃が多く、このマスはやや面倒です。
Beastmaster,Captured,闘獣攻略,RenderTextWrapped,扎我一身刺，差评。这格性价比不高。,棘攻撃が多く、このマスはやや面倒です。
Beastmaster,Captured,闘獣攻略,Text,扎我一身刺，差评。这格性价比不高。,棘攻撃が多く、このマスはやや面倒です。
Beastmaster,Captured,闘獣攻略,Text/RenderTextWrapped,宝宝你怎么掉血了。,魔獣のHP減少にも注意します。
Beastmaster,Captured,闘獣攻略,RenderTextWrapped,宝宝你怎么掉血了。,魔獣のHP減少にも注意します。
Beastmaster,Captured,闘獣攻略,Text,宝宝你怎么掉血了。,魔獣のHP減少にも注意します。
Beastmaster,Captured,闘獣攻略,Text/RenderTextWrapped,爆震去风圈，魔法锤去史莱姆，狂水去河童。第一个机制固定是白圈，可以提前走位。,爆震は風の円、魔法ハンマーはスライム、狂水は河童へ誘導します。最初のギミックは白円固定なので先に位置取りできます。
Beastmaster,Captured,闘獣攻略,RenderTextWrapped,爆震去风圈，魔法锤去史莱姆，狂水去河童。第一个机制固定是白圈，可以提前走位。,爆震は風の円、魔法ハンマーはスライム、狂水は河童へ誘導します。最初のギミックは白円固定なので先に位置取りできます。
Beastmaster,Captured,闘獣攻略,Text,爆震去风圈，魔法锤去史莱姆，狂水去河童。第一个机制固定是白圈，可以提前走位。,爆震は風の円、魔法ハンマーはスライム、狂水は河童へ誘導します。最初のギミックは白円固定なので先に位置取りできます。
Beastmaster,Captured,闘獣攻略,Text/RenderTextWrapped,小怪出了迅速击杀。,雑魚が出たら素早く倒します。
Beastmaster,Captured,闘獣攻略,RenderTextWrapped,小怪出了迅速击杀。,雑魚が出たら素早く倒します。
Beastmaster,Captured,闘獣攻略,Text,小怪出了迅速击杀。,雑魚が出たら素早く倒します。
Beastmaster,Captured,闘獣攻略,Text/RenderTextWrapped,踩中荆棘圈时按次伤害，不是DOT。BOSS读条「鲜花陷阱」时荆棘圈会扩大，「吐出」即击退，看好安全区即可。,茨の円は踏むたびにダメージを受け、DoTではありません。「鮮花の罠」詠唱中は茨範囲が拡大し、「吐き出し」はノックバックです。安全地帯を確認します。
Beastmaster,Captured,闘獣攻略,RenderTextWrapped,踩中荆棘圈时按次伤害，不是DOT。BOSS读条「鲜花陷阱」时荆棘圈会扩大，「吐出」即击退，看好安全区即可。,茨の円は踏むたびにダメージを受け、DoTではありません。「鮮花の罠」詠唱中は茨範囲が拡大し、「吐き出し」はノックバックです。安全地帯を確認します。
Beastmaster,Captured,闘獣攻略,Text,踩中荆棘圈时按次伤害，不是DOT。BOSS读条「鲜花陷阱」时荆棘圈会扩大，「吐出」即击退，看好安全区即可。,茨の円は踏むたびにダメージを受け、DoTではありません。「鮮花の罠」詠唱中は茨範囲が拡大し、「吐き出し」はノックバックです。安全地帯を確認します。
Beastmaster,Captured,闘獣攻略,Text/RenderTextWrapped,BOSS读条「无终的枯朽」时安全区范围比较小，「寒冰覆盖」会在所在位置放置黄圈，建议在安全区内三角形放置。,「終わりなき枯朽」は安全地帯が狭め。「寒氷の覆い」は現在地に黄円を置くので、安全地帯内で三角形になるよう配置すると処理しやすいです。
Beastmaster,Captured,闘獣攻略,RenderTextWrapped,BOSS读条「无终的枯朽」时安全区范围比较小，「寒冰覆盖」会在所在位置放置黄圈，建议在安全区内三角形放置。,「終わりなき枯朽」は安全地帯が狭め。「寒氷の覆い」は現在地に黄円を置くので、安全地帯内で三角形になるよう配置すると処理しやすいです。
Beastmaster,Captured,闘獣攻略,Text,BOSS读条「无终的枯朽」时安全区范围比较小，「寒冰覆盖」会在所在位置放置黄圈，建议在安全区内三角形放置。,「終わりなき枯朽」は安全地帯が狭め。「寒氷の覆い」は現在地に黄円を置くので、安全地帯内で三角形になるよう配置すると処理しやすいです。
Beastmaster,Captured,闘獣攻略,Text/RenderTextWrapped,或者利用一些可以快速移动的神秘小工具。,素早く移動できる手段があると処理しやすくなります。
Beastmaster,Captured,闘獣攻略,RenderTextWrapped,或者利用一些可以快速移动的神秘小工具。,素早く移動できる手段があると処理しやすくなります。
Beastmaster,Captured,闘獣攻略,Text,或者利用一些可以快速移动的神秘小工具。,素早く移動できる手段があると処理しやすくなります。
Beastmaster,Captured,闘獣攻略,Text/RenderTextWrapped,「突进连斩」为冲向玩家后先前半场刀接后半场刀；「圆环连斩」为脚下钢铁接向外扩展月环；「腐瘴气」时吃球降低BOSS身上的BUFF，但是一次吃不能超过五层。,「突進連斬」は突進後に前半面→後半面攻撃。「円環連斬」は足元円→外側ドーナツ。「腐瘴気」では球を取ってBOSSの強化を下げますが、一度に5スタックを超えないようにします。
Beastmaster,Captured,闘獣攻略,RenderTextWrapped,「突进连斩」为冲向玩家后先前半场刀接后半场刀；「圆环连斩」为脚下钢铁接向外扩展月环；「腐瘴气」时吃球降低BOSS身上的BUFF，但是一次吃不能超过五层。,「突進連斬」は突進後に前半面→後半面攻撃。「円環連斬」は足元円→外側ドーナツ。「腐瘴気」では球を取ってBOSSの強化を下げますが、一度に5スタックを超えないようにします。
Beastmaster,Captured,闘獣攻略,Text,「突进连斩」为冲向玩家后先前半场刀接后半场刀；「圆环连斩」为脚下钢铁接向外扩展月环；「腐瘴气」时吃球降低BOSS身上的BUFF，但是一次吃不能超过五层。,「突進連斬」は突進後に前半面→後半面攻撃。「円環連斬」は足元円→外側ドーナツ。「腐瘴気」では球を取ってBOSSの強化を下げますが、一度に5スタックを超えないようにします。
Beastmaster,Captured,闘獣攻略,Text/RenderTextWrapped,BOSS血量较低，盯着使劲打就行了。,BOSSのHPは低めなので、集中して攻撃すれば押し切れます。
Beastmaster,Captured,闘獣攻略,RenderTextWrapped,BOSS血量较低，盯着使劲打就行了。,BOSSのHPは低めなので、集中して攻撃すれば押し切れます。
Beastmaster,Captured,闘獣攻略,Text,BOSS血量较低，盯着使劲打就行了。,BOSSのHPは低めなので、集中して攻撃すれば押し切れます。
Beastmaster,Captured,闘獣攻略,Text/RenderTextWrapped,出的概率似乎很低。,出現率はかなり低いようです。
Beastmaster,Captured,闘獣攻略,RenderTextWrapped,出的概率似乎很低。,出現率はかなり低いようです。
Beastmaster,Captured,闘獣攻略,Text,出的概率似乎很低。,出現率はかなり低いようです。
Beastmaster,Captured,闘獣攻略,Text/RenderTextWrapped,BOSS读条「岩壁」时注意观察尖刺方向，不要被石头撞。第一个巨像死掉后第二个会复活；「岩雨」会出现四块石头，碎掉的石头下为月环。「自爆」不是即死，反而是BOSS自爆完就死了。,「岩壁」はトゲの向きを見て岩に当たらないようにします。1体目のゴーレムを倒すと2体目が復活。「岩雨」では4つの岩が出現し、壊れた岩の下がドーナツ安地になります。「自爆」は即死ではなく、BOSSが自爆後に倒れます。
Beastmaster,Captured,闘獣攻略,RenderTextWrapped,BOSS读条「岩壁」时注意观察尖刺方向，不要被石头撞。第一个巨像死掉后第二个会复活；「岩雨」会出现四块石头，碎掉的石头下为月环。「自爆」不是即死，反而是BOSS自爆完就死了。,「岩壁」はトゲの向きを見て岩に当たらないようにします。1体目のゴーレムを倒すと2体目が復活。「岩雨」では4つの岩が出現し、壊れた岩の下がドーナツ安地になります。「自爆」は即死ではなく、BOSSが自爆後に倒れます。
Beastmaster,Captured,闘獣攻略,Text,BOSS读条「岩壁」时注意观察尖刺方向，不要被石头撞。第一个巨像死掉后第二个会复活；「岩雨」会出现四块石头，碎掉的石头下为月环。「自爆」不是即死，反而是BOSS自爆完就死了。,「岩壁」はトゲの向きを見て岩に当たらないようにします。1体目のゴーレムを倒すと2体目が復活。「岩雨」では4つの岩が出現し、壊れた岩の下がドーナツ安地になります。「自爆」は即死ではなく、BOSSが自爆後に倒れます。
Beastmaster,Captured,闘獣攻略,Text/RenderTextWrapped,小怪出来迅速击杀。,雑魚が出たらすぐ倒します。
Beastmaster,Captured,闘獣攻略,RenderTextWrapped,小怪出来迅速击杀。,雑魚が出たらすぐ倒します。
Beastmaster,Captured,闘獣攻略,Text,小怪出来迅速击杀。,雑魚が出たらすぐ倒します。
Beastmaster,Captured,闘獣攻略,Text/RenderTextWrapped,随机怪一般都比较简单，盯着BOSS杀就行。,ランダム雑魚は比較的簡単なので、BOSSを優先して攻撃します。
Beastmaster,Captured,闘獣攻略,RenderTextWrapped,随机怪一般都比较简单，盯着BOSS杀就行。,ランダム雑魚は比較的簡単なので、BOSSを優先して攻撃します。
Beastmaster,Captured,闘獣攻略,Text,随机怪一般都比较简单，盯着BOSS杀就行。,ランダム雑魚は比較的簡単なので、BOSSを優先して攻撃します。
Beastmaster,Captured,闘獣攻略,Text/RenderTextWrapped,BOSS读条「猛毒吐息」时向后跳至场边，喷出扇形毒雾，实际安全范围为目标圈大小的圆形，注意观察BOSS面向；「猛毒黏液」将毒圈沿场边放置；BOSS读条「蠕动的痰」时远离毒圈放置目标，并在目标进入毒圈前击杀。,「猛毒の吐息」は後方へ跳んで外周から扇状毒霧。実際の安全範囲はターゲットサークル程度なのでBOSSの向きを確認します。「猛毒粘液」は毒円を外周へ置きます。「蠢く痰」は毒円から離して誘導し、毒円へ入る前に倒します。
Beastmaster,Captured,闘獣攻略,RenderTextWrapped,BOSS读条「猛毒吐息」时向后跳至场边，喷出扇形毒雾，实际安全范围为目标圈大小的圆形，注意观察BOSS面向；「猛毒黏液」将毒圈沿场边放置；BOSS读条「蠕动的痰」时远离毒圈放置目标，并在目标进入毒圈前击杀。,「猛毒の吐息」は後方へ跳んで外周から扇状毒霧。実際の安全範囲はターゲットサークル程度なのでBOSSの向きを確認します。「猛毒粘液」は毒円を外周へ置きます。「蠢く痰」は毒円から離して誘導し、毒円へ入る前に倒します。
Beastmaster,Captured,闘獣攻略,Text,BOSS读条「猛毒吐息」时向后跳至场边，喷出扇形毒雾，实际安全范围为目标圈大小的圆形，注意观察BOSS面向；「猛毒黏液」将毒圈沿场边放置；BOSS读条「蠕动的痰」时远离毒圈放置目标，并在目标进入毒圈前击杀。,「猛毒の吐息」は後方へ跳んで外周から扇状毒霧。実際の安全範囲はターゲットサークル程度なのでBOSSの向きを確認します。「猛毒粘液」は毒円を外周へ置きます。「蠢く痰」は毒円から離して誘導し、毒円へ入る前に倒します。
Beastmaster,Captured,闘獣攻略,Text/RenderTextWrapped,蘑菇要在水里死掉。,キノコは水の中で倒します。
Beastmaster,Captured,闘獣攻略,RenderTextWrapped,蘑菇要在水里死掉。,キノコは水の中で倒します。
Beastmaster,Captured,闘獣攻略,Text,蘑菇要在水里死掉。,キノコは水の中で倒します。
Beastmaster,Captured,闘獣攻略,Text/RenderTextWrapped,打掉一两个雷元精就非常好跑了。,雷エレメンタルを1～2体倒すと移動しやすくなります。
Beastmaster,Captured,闘獣攻略,RenderTextWrapped,打掉一两个雷元精就非常好跑了。,雷エレメンタルを1～2体倒すと移動しやすくなります。
Beastmaster,Captured,闘獣攻略,Text,打掉一两个雷元精就非常好跑了。,雷エレメンタルを1～2体倒すと移動しやすくなります。
Beastmaster,Captured,闘獣攻略,Text/RenderTextWrapped,开局突进接钢铁，突进接扇形。BOSS读条「黑暗帷幕」后隐身；爆弹怪会放黄圈，优先击杀深瞳。光元精读条「放逐」时，将攻击引导至场中以解除BOSS隐身状态。,開幕は突進→円範囲、続いて突進→扇範囲。BOSSは「暗黒の帳」詠唱後に姿を消します。ボムの黄円に注意し、ディープアイを優先撃破。光エレメンタルの「バニシュ」は中央へ誘導してBOSSの隠密を解除します。
Beastmaster,Captured,闘獣攻略,RenderTextWrapped,开局突进接钢铁，突进接扇形。BOSS读条「黑暗帷幕」后隐身；爆弹怪会放黄圈，优先击杀深瞳。光元精读条「放逐」时，将攻击引导至场中以解除BOSS隐身状态。,開幕は突進→円範囲、続いて突進→扇範囲。BOSSは「暗黒の帳」詠唱後に姿を消します。ボムの黄円に注意し、ディープアイを優先撃破。光エレメンタルの「バニシュ」は中央へ誘導してBOSSの隠密を解除します。
Beastmaster,Captured,闘獣攻略,Text,开局突进接钢铁，突进接扇形。BOSS读条「黑暗帷幕」后隐身；爆弹怪会放黄圈，优先击杀深瞳。光元精读条「放逐」时，将攻击引导至场中以解除BOSS隐身状态。,開幕は突進→円範囲、続いて突進→扇範囲。BOSSは「暗黒の帳」詠唱後に姿を消します。ボムの黄円に注意し、ディープアイを優先撃破。光エレメンタルの「バニシュ」は中央へ誘導してBOSSの隠密を解除します。
Beastmaster,Captured,闘獣攻略,Text/RenderTextWrapped,他逃，他追，他插翅难飞。,逃げるBOSSを追って確実に攻撃します。
Beastmaster,Captured,闘獣攻略,RenderTextWrapped,他逃，他追，他插翅难飞。,逃げるBOSSを追って確実に攻撃します。
Beastmaster,Captured,闘獣攻略,Text,他逃，他追，他插翅难飞。,逃げるBOSSを追って確実に攻撃します。
Beastmaster,Captured,闘獣攻略,Text/RenderTextWrapped,小怪会不停在脚下放黄圈，清完小怪盯着BOSS打即可；似乎不清也不是很疼。,雑魚が足元へ黄円を連発します。雑魚を処理したらBOSSを集中攻撃。雑魚を残しても致命的ではありません。
Beastmaster,Captured,闘獣攻略,RenderTextWrapped,小怪会不停在脚下放黄圈，清完小怪盯着BOSS打即可；似乎不清也不是很疼。,雑魚が足元へ黄円を連発します。雑魚を処理したらBOSSを集中攻撃。雑魚を残しても致命的ではありません。
Beastmaster,Captured,闘獣攻略,Text,小怪会不停在脚下放黄圈，清完小怪盯着BOSS打即可；似乎不清也不是很疼。,雑魚が足元へ黄円を連発します。雑魚を処理したらBOSSを集中攻撃。雑魚を残しても致命的ではありません。
Beastmaster,Captured,闘獣攻略,Text/RenderTextWrapped,火蛟开局蹦向左侧接扇形；场地中的火球会释放黄圈。全部击杀后前往地图火龙卷处躲避月环。蝴蝶出现后优先击杀，不要让蟾蜍吃到蝴蝶，否则会获得体力恢复。,開幕に左へ跳んで扇範囲。場内の火球が黄円を出します。全処理後は火の竜巻側へ移動してドーナツ範囲を回避。蝶が出たら優先して倒し、ヒキガエルに食べさせないようにします。
Beastmaster,Captured,闘獣攻略,RenderTextWrapped,火蛟开局蹦向左侧接扇形；场地中的火球会释放黄圈。全部击杀后前往地图火龙卷处躲避月环。蝴蝶出现后优先击杀，不要让蟾蜍吃到蝴蝶，否则会获得体力恢复。,開幕に左へ跳んで扇範囲。場内の火球が黄円を出します。全処理後は火の竜巻側へ移動してドーナツ範囲を回避。蝶が出たら優先して倒し、ヒキガエルに食べさせないようにします。
Beastmaster,Captured,闘獣攻略,Text,火蛟开局蹦向左侧接扇形；场地中的火球会释放黄圈。全部击杀后前往地图火龙卷处躲避月环。蝴蝶出现后优先击杀，不要让蟾蜍吃到蝴蝶，否则会获得体力恢复。,開幕に左へ跳んで扇範囲。場内の火球が黄円を出します。全処理後は火の竜巻側へ移動してドーナツ範囲を回避。蝶が出たら優先して倒し、ヒキガエルに食べさせないようにします。
Beastmaster,Captured,闘獣攻略,Text/RenderTextWrapped,基本不怎么走这边。,このルートはあまり選ばれません。
Beastmaster,Captured,闘獣攻略,RenderTextWrapped,基本不怎么走这边。,このルートはあまり選ばれません。
Beastmaster,Captured,闘獣攻略,Text,基本不怎么走这边。,このルートはあまり選ばれません。
Beastmaster,Captured,闘獣攻略,Text/RenderTextWrapped,「雷气吸收」时不仅要看没有连线的手，还要观察BOSS是否旋转，安全区会和BOSS一起转动；「气化炸弹」击退距离很远，前往四角放置。,「雷気吸収」は線のない手だけでなくBOSSの回転も確認します。安全地帯もBOSSと一緒に回転します。「気化爆弾」はノックバック距離が長いので四隅へ置きます。
Beastmaster,Captured,闘獣攻略,RenderTextWrapped,「雷气吸收」时不仅要看没有连线的手，还要观察BOSS是否旋转，安全区会和BOSS一起转动；「气化炸弹」击退距离很远，前往四角放置。,「雷気吸収」は線のない手だけでなくBOSSの回転も確認します。安全地帯もBOSSと一緒に回転します。「気化爆弾」はノックバック距離が長いので四隅へ置きます。
Beastmaster,Captured,闘獣攻略,Text,「雷气吸收」时不仅要看没有连线的手，还要观察BOSS是否旋转，安全区会和BOSS一起转动；「气化炸弹」击退距离很远，前往四角放置。,「雷気吸収」は線のない手だけでなくBOSSの回転も確認します。安全地帯もBOSSと一緒に回転します。「気化爆弾」はノックバック距離が長いので四隅へ置きます。
Beastmaster,Captured,闘獣攻略,Text/RenderTextWrapped,「石化光照射」不要照到自己和小怪，小怪被照会附加增伤。二次召唤出的独眼巨人尽快击杀一个；可以利用BOSS射线石化巨人，石化后的巨人会被秒杀。,「石化光照射」を自分や雑魚に当てないようにします。雑魚に当たると与ダメージ上昇が付きます。2回目に召喚されるサイクロプスは1体を早めに倒し、BOSSの光線で石化させると即座に処理できます。
Beastmaster,Captured,闘獣攻略,RenderTextWrapped,「石化光照射」不要照到自己和小怪，小怪被照会附加增伤。二次召唤出的独眼巨人尽快击杀一个；可以利用BOSS射线石化巨人，石化后的巨人会被秒杀。,「石化光照射」を自分や雑魚に当てないようにします。雑魚に当たると与ダメージ上昇が付きます。2回目に召喚されるサイクロプスは1体を早めに倒し、BOSSの光線で石化させると即座に処理できます。
Beastmaster,Captured,闘獣攻略,Text,「石化光照射」不要照到自己和小怪，小怪被照会附加增伤。二次召唤出的独眼巨人尽快击杀一个；可以利用BOSS射线石化巨人，石化后的巨人会被秒杀。,「石化光照射」を自分や雑魚に当てないようにします。雑魚に当たると与ダメージ上昇が付きます。2回目に召喚されるサイクロプスは1体を早めに倒し、BOSSの光線で石化させると即座に処理できます。
Beastmaster,Captured,闘獣攻略,Text/RenderTextWrapped,观察三个头：冰结为钢铁，雷电为月环；红头发光为前方扇形，其余哪边头发光就是哪边的大扇形。「强袭吐息」为拉线冲刺加扇形，注意观察发光头部。,3つの頭を確認。氷結は円範囲、雷電はドーナツ範囲。赤い頭が光れば前方扇範囲、左右の頭が光ればその側の大扇範囲です。「強襲ブレス」は線付き突進＋扇範囲なので光る頭を確認します。
Beastmaster,Captured,闘獣攻略,RenderTextWrapped,观察三个头：冰结为钢铁，雷电为月环；红头发光为前方扇形，其余哪边头发光就是哪边的大扇形。「强袭吐息」为拉线冲刺加扇形，注意观察发光头部。,3つの頭を確認。氷結は円範囲、雷電はドーナツ範囲。赤い頭が光れば前方扇範囲、左右の頭が光ればその側の大扇範囲です。「強襲ブレス」は線付き突進＋扇範囲なので光る頭を確認します。
Beastmaster,Captured,闘獣攻略,Text,观察三个头：冰结为钢铁，雷电为月环；红头发光为前方扇形，其余哪边头发光就是哪边的大扇形。「强袭吐息」为拉线冲刺加扇形，注意观察发光头部。,3つの頭を確認。氷結は円範囲、雷電はドーナツ範囲。赤い頭が光れば前方扇範囲、左右の頭が光ればその側の大扇範囲です。「強襲ブレス」は線付き突進＋扇範囲なので光る頭を確認します。
Beastmaster,Captured,闘獣攻略,Text/RenderTextWrapped,有BMR难度会降低很多的一关。,BMRがあると難易度がかなり下がります。
Beastmaster,Captured,闘獣攻略,RenderTextWrapped,有BMR难度会降低很多的一关。,BMRがあると難易度がかなり下がります。
Beastmaster,Captured,闘獣攻略,Text,有BMR难度会降低很多的一关。,BMRがあると難易度がかなり下がります。
Beastmaster,Captured,闘獣攻略,Text/RenderTextWrapped,利用巨人的锤子打碎大史莱姆，连续锤击两次同属性史莱姆会有AOE。「巨躯狂怒」双手往前为钢铁，往后为后半场刀，单手拿锤为前半场刀。,巨人のハンマーで大型スライムを壊します。同属性のスライムを2回連続で叩くとAoEが発生。「巨躯狂怒」は両手が前なら円範囲、後ろなら後半面、片手にハンマーなら前半面攻撃です。
Beastmaster,Captured,闘獣攻略,RenderTextWrapped,利用巨人的锤子打碎大史莱姆，连续锤击两次同属性史莱姆会有AOE。「巨躯狂怒」双手往前为钢铁，往后为后半场刀，单手拿锤为前半场刀。,巨人のハンマーで大型スライムを壊します。同属性のスライムを2回連続で叩くとAoEが発生。「巨躯狂怒」は両手が前なら円範囲、後ろなら後半面、片手にハンマーなら前半面攻撃です。
Beastmaster,Captured,闘獣攻略,Text,利用巨人的锤子打碎大史莱姆，连续锤击两次同属性史莱姆会有AOE。「巨躯狂怒」双手往前为钢铁，往后为后半场刀，单手拿锤为前半场刀。,巨人のハンマーで大型スライムを壊します。同属性のスライムを2回連続で叩くとAoEが発生。「巨躯狂怒」は両手が前なら円範囲、後ろなら後半面、片手にハンマーなら前半面攻撃です。
Beastmaster,Captured,闘獣攻略,Text/RenderTextWrapped,小火史莱姆像一堆大痘。。,小型の火スライムが多数出ます。
Beastmaster,Captured,闘獣攻略,RenderTextWrapped,小火史莱姆像一堆大痘。。,小型の火スライムが多数出ます。
Beastmaster,Captured,闘獣攻略,Text,小火史莱姆像一堆大痘。。,小型の火スライムが多数出ます。
Beastmaster,Captured,闘獣攻略,Text/RenderTextWrapped,锻炼脑力关，似乎选择魔物的关卡只有陆鱼这一个固定答案。,判断力を使うギミック戦です。魔物選択ではプギルが固定正解のようです。
Beastmaster,Captured,闘獣攻略,RenderTextWrapped,锻炼脑力关，似乎选择魔物的关卡只有陆鱼这一个固定答案。,判断力を使うギミック戦です。魔物選択ではプギルが固定正解のようです。
Beastmaster,Captured,闘獣攻略,Text,锻炼脑力关，似乎选择魔物的关卡只有陆鱼这一个固定答案。,判断力を使うギミック戦です。魔物選択ではプギルが固定正解のようです。
Beastmaster,Captured,闘獣攻略,Text/RenderTextWrapped,莫古小贼会偷斗兽币，攻击它会归还。整体机制还算和平。,モーグリ盗賊は闘獣貨を盗みますが、攻撃すると返します。全体的には比較的穏やかなギミックです。
Beastmaster,Captured,闘獣攻略,RenderTextWrapped,莫古小贼会偷斗兽币，攻击它会归还。整体机制还算和平。,モーグリ盗賊は闘獣貨を盗みますが、攻撃すると返します。全体的には比較的穏やかなギミックです。
Beastmaster,Captured,闘獣攻略,Text,莫古小贼会偷斗兽币，攻击它会归还。整体机制还算和平。,モーグリ盗賊は闘獣貨を盗みますが、攻撃すると返します。全体的には比較的穏やかなギミックです。
Beastmaster,Captured,闘獣攻略,Text/RenderTextWrapped,场面乱成一锅粥了快喝了吧（）,敵が多く画面が混雑するので、優先順位を決めて処理します。
Beastmaster,Captured,闘獣攻略,RenderTextWrapped,场面乱成一锅粥了快喝了吧（）,敵が多く画面が混雑するので、優先順位を決めて処理します。
Beastmaster,Captured,闘獣攻略,Text,场面乱成一锅粥了快喝了吧（）,敵が多く画面が混雑するので、優先順位を決めて処理します。
Beastmaster,Captured,闘獣攻略,Text/RenderTextWrapped,我用0.01秒就算出来这条路没人走。,このルートはほとんど選ばれないようです。
Beastmaster,Captured,闘獣攻略,RenderTextWrapped,我用0.01秒就算出来这条路没人走。,このルートはほとんど選ばれないようです。
Beastmaster,Captured,闘獣攻略,Text,我用0.01秒就算出来这条路没人走。,このルートはほとんど選ばれないようです。
Beastmaster,Captured,闘獣攻略,Text/RenderTextWrapped,指针转一圈到沙漏位置前打掉沙漏。BOSS读条「5兽级即死」时，若在场宝宝等级为5的倍数，请手动引爆离场；第二次「死亡轮盘」若小怪在场，眼睛会读死宣，背对处理。,針が一周して砂時計位置へ到達する前に砂時計を壊します。「5獣級即死」詠唱時、場の魔獣Lvが5の倍数なら手動で退場させます。2回目の「死亡ルーレット」で雑魚が残っている場合、目玉が死の宣告を使うので背を向けて処理します。
Beastmaster,Captured,闘獣攻略,RenderTextWrapped,指针转一圈到沙漏位置前打掉沙漏。BOSS读条「5兽级即死」时，若在场宝宝等级为5的倍数，请手动引爆离场；第二次「死亡轮盘」若小怪在场，眼睛会读死宣，背对处理。,針が一周して砂時計位置へ到達する前に砂時計を壊します。「5獣級即死」詠唱時、場の魔獣Lvが5の倍数なら手動で退場させます。2回目の「死亡ルーレット」で雑魚が残っている場合、目玉が死の宣告を使うので背を向けて処理します。
Beastmaster,Captured,闘獣攻略,Text,指针转一圈到沙漏位置前打掉沙漏。BOSS读条「5兽级即死」时，若在场宝宝等级为5的倍数，请手动引爆离场；第二次「死亡轮盘」若小怪在场，眼睛会读死宣，背对处理。,針が一周して砂時計位置へ到達する前に砂時計を壊します。「5獣級即死」詠唱時、場の魔獣Lvが5の倍数なら手動で退場させます。2回目の「死亡ルーレット」で雑魚が残っている場合、目玉が死の宣告を使うので背を向けて処理します。
Beastmaster,Captured,闘獣攻略,Text/RenderTextWrapped,到这了还不看攻略吗，你的胆子真是肥嘟嘟的。,ここまで来たら攻略を確認しつつ慎重に進めます。
Beastmaster,Captured,闘獣攻略,RenderTextWrapped,到这了还不看攻略吗，你的胆子真是肥嘟嘟的。,ここまで来たら攻略を確認しつつ慎重に進めます。
Beastmaster,Captured,闘獣攻略,Text,到这了还不看攻略吗，你的胆子真是肥嘟嘟的。,ここまで来たら攻略を確認しつつ慎重に進めます。
Beastmaster,Captured,ACRオーバーレイ,Text,驯兽ACR,魔獣使いACR
Beastmaster,Captured,ACRオーバーレイ,RenderText,驯兽ACR,魔獣使いACR
Beastmaster,Captured,ACRオーバーレイ,Text/RenderText,驯兽ACR,魔獣使いACR
Beastmaster,Captured,ACRオーバーレイ,Text/RenderTextWrapped,驯兽ACR,魔獣使いACR
Beastmaster,Captured,ACRオーバーレイ,RenderTextWrapped,驯兽ACR,魔獣使いACR
Beastmaster,Captured,ACRオーバーレイ,Button,驯兽ACR,魔獣使いACR
Beastmaster,Captured,ACRオーバーレイ,Checkbox,驯兽ACR,魔獣使いACR
Beastmaster,Captured,ACRオーバーレイ,BeginComboLabel,驯兽ACR,魔獣使いACR
Beastmaster,Captured,ACRオーバーレイ,BeginComboPreview,驯兽ACR,魔獣使いACR
Beastmaster,Captured,ACRオーバーレイ,Text,关闭,OFF
Beastmaster,Captured,ACRオーバーレイ,RenderText,关闭,OFF
Beastmaster,Captured,ACRオーバーレイ,Text/RenderText,关闭,OFF
Beastmaster,Captured,ACRオーバーレイ,Text/RenderTextWrapped,关闭,OFF
Beastmaster,Captured,ACRオーバーレイ,RenderTextWrapped,关闭,OFF
Beastmaster,Captured,ACRオーバーレイ,Button,关闭,OFF
Beastmaster,Captured,ACRオーバーレイ,Checkbox,关闭,OFF
Beastmaster,Captured,ACRオーバーレイ,BeginComboLabel,关闭,OFF
Beastmaster,Captured,ACRオーバーレイ,BeginComboPreview,关闭,OFF
Beastmaster,Captured,ACRオーバーレイ,Text,暂停,一時停止
Beastmaster,Captured,ACRオーバーレイ,RenderText,暂停,一時停止
Beastmaster,Captured,ACRオーバーレイ,Text/RenderText,暂停,一時停止
Beastmaster,Captured,ACRオーバーレイ,Text/RenderTextWrapped,暂停,一時停止
Beastmaster,Captured,ACRオーバーレイ,RenderTextWrapped,暂停,一時停止
Beastmaster,Captured,ACRオーバーレイ,Button,暂停,一時停止
Beastmaster,Captured,ACRオーバーレイ,Checkbox,暂停,一時停止
Beastmaster,Captured,ACRオーバーレイ,BeginComboLabel,暂停,一時停止
Beastmaster,Captured,ACRオーバーレイ,BeginComboPreview,暂停,一時停止
Beastmaster,Captured,ACRオーバーレイ,Text,自动,自動
Beastmaster,Captured,ACRオーバーレイ,RenderText,自动,自動
Beastmaster,Captured,ACRオーバーレイ,Text/RenderText,自动,自動
Beastmaster,Captured,ACRオーバーレイ,Text/RenderTextWrapped,自动,自動
Beastmaster,Captured,ACRオーバーレイ,RenderTextWrapped,自动,自動
Beastmaster,Captured,ACRオーバーレイ,Button,自动,自動
Beastmaster,Captured,ACRオーバーレイ,Checkbox,自动,自動
Beastmaster,Captured,ACRオーバーレイ,BeginComboLabel,自动,自動
Beastmaster,Captured,ACRオーバーレイ,BeginComboPreview,自动,自動
Beastmaster,Captured,ACRオーバーレイ,Text,捕获,捕獲
Beastmaster,Captured,ACRオーバーレイ,RenderText,捕获,捕獲
Beastmaster,Captured,ACRオーバーレイ,Text/RenderText,捕获,捕獲
Beastmaster,Captured,ACRオーバーレイ,Text/RenderTextWrapped,捕获,捕獲
Beastmaster,Captured,ACRオーバーレイ,RenderTextWrapped,捕获,捕獲
Beastmaster,Captured,ACRオーバーレイ,Button,捕获,捕獲
Beastmaster,Captured,ACRオーバーレイ,Checkbox,捕获,捕獲
Beastmaster,Captured,ACRオーバーレイ,BeginComboLabel,捕获,捕獲
Beastmaster,Captured,ACRオーバーレイ,BeginComboPreview,捕获,捕獲
Beastmaster,Captured,ACRオーバーレイ,Text,主动,先制攻撃
Beastmaster,Captured,ACRオーバーレイ,RenderText,主动,先制攻撃
Beastmaster,Captured,ACRオーバーレイ,Text/RenderText,主动,先制攻撃
Beastmaster,Captured,ACRオーバーレイ,Text/RenderTextWrapped,主动,先制攻撃
Beastmaster,Captured,ACRオーバーレイ,RenderTextWrapped,主动,先制攻撃
Beastmaster,Captured,ACRオーバーレイ,Button,主动,先制攻撃
Beastmaster,Captured,ACRオーバーレイ,Checkbox,主动,先制攻撃
Beastmaster,Captured,ACRオーバーレイ,BeginComboLabel,主动,先制攻撃
Beastmaster,Captured,ACRオーバーレイ,BeginComboPreview,主动,先制攻撃
Beastmaster,Captured,ACRオーバーレイ,Text,等待当前目标,現在のターゲットを待機中
Beastmaster,Captured,ACRオーバーレイ,RenderText,等待当前目标,現在のターゲットを待機中
Beastmaster,Captured,ACRオーバーレイ,Text/RenderText,等待当前目标,現在のターゲットを待機中
Beastmaster,Captured,ACRオーバーレイ,Text/RenderTextWrapped,等待当前目标,現在のターゲットを待機中
Beastmaster,Captured,ACRオーバーレイ,RenderTextWrapped,等待当前目标,現在のターゲットを待機中
Beastmaster,Captured,ACRオーバーレイ,Button,等待当前目标,現在のターゲットを待機中
Beastmaster,Captured,ACRオーバーレイ,Checkbox,等待当前目标,現在のターゲットを待機中
Beastmaster,Captured,ACRオーバーレイ,BeginComboLabel,等待当前目标,現在のターゲットを待機中
Beastmaster,Captured,ACRオーバーレイ,BeginComboPreview,等待当前目标,現在のターゲットを待機中
Beastmaster,Captured,ACRオーバーレイ,Text,等待当前敌对目标,敵対ターゲットを待機中
Beastmaster,Captured,ACRオーバーレイ,RenderText,等待当前敌对目标,敵対ターゲットを待機中
Beastmaster,Captured,ACRオーバーレイ,Text/RenderText,等待当前敌对目标,敵対ターゲットを待機中
Beastmaster,Captured,ACRオーバーレイ,Text/RenderTextWrapped,等待当前敌对目标,敵対ターゲットを待機中
Beastmaster,Captured,ACRオーバーレイ,RenderTextWrapped,等待当前敌对目标,敵対ターゲットを待機中
Beastmaster,Captured,ACRオーバーレイ,Button,等待当前敌对目标,敵対ターゲットを待機中
Beastmaster,Captured,ACRオーバーレイ,Checkbox,等待当前敌对目标,敵対ターゲットを待機中
Beastmaster,Captured,ACRオーバーレイ,BeginComboLabel,等待当前敌对目标,敵対ターゲットを待機中
Beastmaster,Captured,ACRオーバーレイ,BeginComboPreview,等待当前敌对目标,敵対ターゲットを待機中
Beastmaster,Captured,ACRオーバーレイ,Text,下一个技能：-,次のスキル：-
Beastmaster,Captured,ACRオーバーレイ,RenderText,下一个技能：-,次のスキル：-
Beastmaster,Captured,ACRオーバーレイ,Text/RenderText,下一个技能：-,次のスキル：-
Beastmaster,Captured,ACRオーバーレイ,Text/RenderTextWrapped,下一个技能：-,次のスキル：-
Beastmaster,Captured,ACRオーバーレイ,RenderTextWrapped,下一个技能：-,次のスキル：-
Beastmaster,Captured,ACRオーバーレイ,Button,下一个技能：-,次のスキル：-
Beastmaster,Captured,ACRオーバーレイ,Checkbox,下一个技能：-,次のスキル：-
Beastmaster,Captured,ACRオーバーレイ,BeginComboLabel,下一个技能：-,次のスキル：-
Beastmaster,Captured,ACRオーバーレイ,BeginComboPreview,下一个技能：-,次のスキル：-
Beastmaster,Captured,ACRオーバーレイ,Text,当前魔兽：未召唤,現在の魔獣：未召喚
Beastmaster,Captured,ACRオーバーレイ,RenderText,当前魔兽：未召唤,現在の魔獣：未召喚
Beastmaster,Captured,ACRオーバーレイ,Text/RenderText,当前魔兽：未召唤,現在の魔獣：未召喚
Beastmaster,Captured,ACRオーバーレイ,Text/RenderTextWrapped,当前魔兽：未召唤,現在の魔獣：未召喚
Beastmaster,Captured,ACRオーバーレイ,RenderTextWrapped,当前魔兽：未召唤,現在の魔獣：未召喚
Beastmaster,Captured,ACRオーバーレイ,Button,当前魔兽：未召唤,現在の魔獣：未召喚
Beastmaster,Captured,ACRオーバーレイ,Checkbox,当前魔兽：未召唤,現在の魔獣：未召喚
Beastmaster,Captured,ACRオーバーレイ,BeginComboLabel,当前魔兽：未召唤,現在の魔獣：未召喚
Beastmaster,Captured,ACRオーバーレイ,BeginComboPreview,当前魔兽：未召唤,現在の魔獣：未召喚
Beastmaster,Captured,ACRオーバーレイ,Text,当前目标,現在のターゲット
Beastmaster,Captured,ACRオーバーレイ,RenderText,当前目标,現在のターゲット
Beastmaster,Captured,ACRオーバーレイ,Text/RenderText,当前目标,現在のターゲット
Beastmaster,Captured,ACRオーバーレイ,Text/RenderTextWrapped,当前目标,現在のターゲット
Beastmaster,Captured,ACRオーバーレイ,RenderTextWrapped,当前目标,現在のターゲット
Beastmaster,Captured,ACRオーバーレイ,Button,当前目标,現在のターゲット
Beastmaster,Captured,ACRオーバーレイ,Checkbox,当前目标,現在のターゲット
Beastmaster,Captured,ACRオーバーレイ,BeginComboLabel,当前目标,現在のターゲット
Beastmaster,Captured,ACRオーバーレイ,BeginComboPreview,当前目标,現在のターゲット
Beastmaster,Captured,ACRオーバーレイ,Text,无有效目标,有効なターゲットなし
Beastmaster,Captured,ACRオーバーレイ,RenderText,无有效目标,有効なターゲットなし
Beastmaster,Captured,ACRオーバーレイ,Text/RenderText,无有效目标,有効なターゲットなし
Beastmaster,Captured,ACRオーバーレイ,Text/RenderTextWrapped,无有效目标,有効なターゲットなし
Beastmaster,Captured,ACRオーバーレイ,RenderTextWrapped,无有效目标,有効なターゲットなし
Beastmaster,Captured,ACRオーバーレイ,Button,无有效目标,有効なターゲットなし
Beastmaster,Captured,ACRオーバーレイ,Checkbox,无有效目标,有効なターゲットなし
Beastmaster,Captured,ACRオーバーレイ,BeginComboLabel,无有效目标,有効なターゲットなし
Beastmaster,Captured,ACRオーバーレイ,BeginComboPreview,无有效目标,有効なターゲットなし
Beastmaster,Captured,ACRオーバーレイ,Text,捕获阈值,捕獲HPしきい値
Beastmaster,Captured,ACRオーバーレイ,RenderText,捕获阈值,捕獲HPしきい値
Beastmaster,Captured,ACRオーバーレイ,Text/RenderText,捕获阈值,捕獲HPしきい値
Beastmaster,Captured,ACRオーバーレイ,Text/RenderTextWrapped,捕获阈值,捕獲HPしきい値
Beastmaster,Captured,ACRオーバーレイ,RenderTextWrapped,捕获阈值,捕獲HPしきい値
Beastmaster,Captured,ACRオーバーレイ,Button,捕获阈值,捕獲HPしきい値
Beastmaster,Captured,ACRオーバーレイ,Checkbox,捕获阈值,捕獲HPしきい値
Beastmaster,Captured,ACRオーバーレイ,BeginComboLabel,捕获阈值,捕獲HPしきい値
Beastmaster,Captured,ACRオーバーレイ,BeginComboPreview,捕获阈值,捕獲HPしきい値
Beastmaster,Captured,ACRオーバーレイ,Text,基础技能（1→2→3）,基本コンボ（1→2→3）
Beastmaster,Captured,ACRオーバーレイ,RenderText,基础技能（1→2→3）,基本コンボ（1→2→3）
Beastmaster,Captured,ACRオーバーレイ,Text/RenderText,基础技能（1→2→3）,基本コンボ（1→2→3）
Beastmaster,Captured,ACRオーバーレイ,Text/RenderTextWrapped,基础技能（1→2→3）,基本コンボ（1→2→3）
Beastmaster,Captured,ACRオーバーレイ,RenderTextWrapped,基础技能（1→2→3）,基本コンボ（1→2→3）
Beastmaster,Captured,ACRオーバーレイ,Button,基础技能（1→2→3）,基本コンボ（1→2→3）
Beastmaster,Captured,ACRオーバーレイ,Checkbox,基础技能（1→2→3）,基本コンボ（1→2→3）
Beastmaster,Captured,ACRオーバーレイ,BeginComboLabel,基础技能（1→2→3）,基本コンボ（1→2→3）
Beastmaster,Captured,ACRオーバーレイ,BeginComboPreview,基础技能（1→2→3）,基本コンボ（1→2→3）
Beastmaster,Captured,ACRオーバーレイ,Text,技力,技力
Beastmaster,Captured,ACRオーバーレイ,RenderText,技力,技力
Beastmaster,Captured,ACRオーバーレイ,Text/RenderText,技力,技力
Beastmaster,Captured,ACRオーバーレイ,Text/RenderTextWrapped,技力,技力
Beastmaster,Captured,ACRオーバーレイ,RenderTextWrapped,技力,技力
Beastmaster,Captured,ACRオーバーレイ,Button,技力,技力
Beastmaster,Captured,ACRオーバーレイ,Checkbox,技力,技力
Beastmaster,Captured,ACRオーバーレイ,BeginComboLabel,技力,技力
Beastmaster,Captured,ACRオーバーレイ,BeginComboPreview,技力,技力
Beastmaster,Captured,ACRオーバーレイ,Text,兽力,獣力
Beastmaster,Captured,ACRオーバーレイ,RenderText,兽力,獣力
Beastmaster,Captured,ACRオーバーレイ,Text/RenderText,兽力,獣力
Beastmaster,Captured,ACRオーバーレイ,Text/RenderTextWrapped,兽力,獣力
Beastmaster,Captured,ACRオーバーレイ,RenderTextWrapped,兽力,獣力
Beastmaster,Captured,ACRオーバーレイ,Button,兽力,獣力
Beastmaster,Captured,ACRオーバーレイ,Checkbox,兽力,獣力
Beastmaster,Captured,ACRオーバーレイ,BeginComboLabel,兽力,獣力
Beastmaster,Captured,ACRオーバーレイ,BeginComboPreview,兽力,獣力
Beastmaster,Captured,ACRオーバーレイ,Text,御兽之心：0 层 | 兽灵之心：0 层,御獣の心：0層 | 獣霊の心：0層
Beastmaster,Captured,ACRオーバーレイ,RenderText,御兽之心：0 层 | 兽灵之心：0 层,御獣の心：0層 | 獣霊の心：0層
Beastmaster,Captured,ACRオーバーレイ,Text/RenderText,御兽之心：0 层 | 兽灵之心：0 层,御獣の心：0層 | 獣霊の心：0層
Beastmaster,Captured,ACRオーバーレイ,Text/RenderTextWrapped,御兽之心：0 层 | 兽灵之心：0 层,御獣の心：0層 | 獣霊の心：0層
Beastmaster,Captured,ACRオーバーレイ,RenderTextWrapped,御兽之心：0 层 | 兽灵之心：0 层,御獣の心：0層 | 獣霊の心：0層
Beastmaster,Captured,ACRオーバーレイ,Button,御兽之心：0 层 | 兽灵之心：0 层,御獣の心：0層 | 獣霊の心：0層
Beastmaster,Captured,ACRオーバーレイ,Checkbox,御兽之心：0 层 | 兽灵之心：0 层,御獣の心：0層 | 獣霊の心：0層
Beastmaster,Captured,ACRオーバーレイ,BeginComboLabel,御兽之心：0 层 | 兽灵之心：0 层,御獣の心：0層 | 獣霊の心：0層
Beastmaster,Captured,ACRオーバーレイ,BeginComboPreview,御兽之心：0 层 | 兽灵之心：0 层,御獣の心：0層 | 獣霊の心：0層
Beastmaster,Captured,ACRオーバーレイ,Text,高级技能候选##BeastmasterAdvancedCandidates,上位スキル候補##BeastmasterAdvancedCandidates
Beastmaster,Captured,ACRオーバーレイ,RenderText,高级技能候选##BeastmasterAdvancedCandidates,上位スキル候補##BeastmasterAdvancedCandidates
Beastmaster,Captured,ACRオーバーレイ,Text/RenderText,高级技能候选##BeastmasterAdvancedCandidates,上位スキル候補##BeastmasterAdvancedCandidates
Beastmaster,Captured,ACRオーバーレイ,Text/RenderTextWrapped,高级技能候选##BeastmasterAdvancedCandidates,上位スキル候補##BeastmasterAdvancedCandidates
Beastmaster,Captured,ACRオーバーレイ,RenderTextWrapped,高级技能候选##BeastmasterAdvancedCandidates,上位スキル候補##BeastmasterAdvancedCandidates
Beastmaster,Captured,ACRオーバーレイ,Button,高级技能候选##BeastmasterAdvancedCandidates,上位スキル候補##BeastmasterAdvancedCandidates
Beastmaster,Captured,ACRオーバーレイ,Checkbox,高级技能候选##BeastmasterAdvancedCandidates,上位スキル候補##BeastmasterAdvancedCandidates
Beastmaster,Captured,ACRオーバーレイ,BeginComboLabel,高级技能候选##BeastmasterAdvancedCandidates,上位スキル候補##BeastmasterAdvancedCandidates
Beastmaster,Captured,ACRオーバーレイ,BeginComboPreview,高级技能候选##BeastmasterAdvancedCandidates,上位スキル候補##BeastmasterAdvancedCandidates
Beastmaster,Captured,ACRオーバーレイ,Text,未识别当前魔兽，无法生成高级技能候选。,現在の魔獣を識別できないため、上位スキル候補を生成できません。
Beastmaster,Captured,ACRオーバーレイ,RenderText,未识别当前魔兽，无法生成高级技能候选。,現在の魔獣を識別できないため、上位スキル候補を生成できません。
Beastmaster,Captured,ACRオーバーレイ,Text/RenderText,未识别当前魔兽，无法生成高级技能候选。,現在の魔獣を識別できないため、上位スキル候補を生成できません。
Beastmaster,Captured,ACRオーバーレイ,Text/RenderTextWrapped,未识别当前魔兽，无法生成高级技能候选。,現在の魔獣を識別できないため、上位スキル候補を生成できません。
Beastmaster,Captured,ACRオーバーレイ,RenderTextWrapped,未识别当前魔兽，无法生成高级技能候选。,現在の魔獣を識別できないため、上位スキル候補を生成できません。
Beastmaster,Captured,ACRオーバーレイ,Button,未识别当前魔兽，无法生成高级技能候选。,現在の魔獣を識別できないため、上位スキル候補を生成できません。
Beastmaster,Captured,ACRオーバーレイ,Checkbox,未识别当前魔兽，无法生成高级技能候选。,現在の魔獣を識別できないため、上位スキル候補を生成できません。
Beastmaster,Captured,ACRオーバーレイ,BeginComboLabel,未识别当前魔兽，无法生成高级技能候选。,現在の魔獣を識別できないため、上位スキル候補を生成できません。
Beastmaster,Captured,ACRオーバーレイ,BeginComboPreview,未识别当前魔兽，无法生成高级技能候选。,現在の魔獣を識別できないため、上位スキル候補を生成できません。
Beastmaster,Captured,ACRオーバーレイ,Text,属性：,属性：
Beastmaster,Captured,ACRオーバーレイ,RenderText,属性：,属性：
Beastmaster,Captured,ACRオーバーレイ,Text/RenderText,属性：,属性：
Beastmaster,Captured,ACRオーバーレイ,Text/RenderTextWrapped,属性：,属性：
Beastmaster,Captured,ACRオーバーレイ,RenderTextWrapped,属性：,属性：
Beastmaster,Captured,ACRオーバーレイ,Button,属性：,属性：
Beastmaster,Captured,ACRオーバーレイ,Checkbox,属性：,属性：
Beastmaster,Captured,ACRオーバーレイ,BeginComboLabel,属性：,属性：
Beastmaster,Captured,ACRオーバーレイ,BeginComboPreview,属性：,属性：
Beastmaster,Captured,ACRオーバーレイ,Text,御兽协作（黄豆）,御獣連携（黄）
Beastmaster,Captured,ACRオーバーレイ,RenderText,御兽协作（黄豆）,御獣連携（黄）
Beastmaster,Captured,ACRオーバーレイ,Text/RenderText,御兽协作（黄豆）,御獣連携（黄）
Beastmaster,Captured,ACRオーバーレイ,Text/RenderTextWrapped,御兽协作（黄豆）,御獣連携（黄）
Beastmaster,Captured,ACRオーバーレイ,RenderTextWrapped,御兽协作（黄豆）,御獣連携（黄）
Beastmaster,Captured,ACRオーバーレイ,Button,御兽协作（黄豆）,御獣連携（黄）
Beastmaster,Captured,ACRオーバーレイ,Checkbox,御兽协作（黄豆）,御獣連携（黄）
Beastmaster,Captured,ACRオーバーレイ,BeginComboLabel,御兽协作（黄豆）,御獣連携（黄）
Beastmaster,Captured,ACRオーバーレイ,BeginComboPreview,御兽协作（黄豆）,御獣連携（黄）
Beastmaster,Captured,ACRオーバーレイ,Text,兽灵协作（蓝豆）,獣霊連携（青）
Beastmaster,Captured,ACRオーバーレイ,RenderText,兽灵协作（蓝豆）,獣霊連携（青）
Beastmaster,Captured,ACRオーバーレイ,Text/RenderText,兽灵协作（蓝豆）,獣霊連携（青）
Beastmaster,Captured,ACRオーバーレイ,Text/RenderTextWrapped,兽灵协作（蓝豆）,獣霊連携（青）
Beastmaster,Captured,ACRオーバーレイ,RenderTextWrapped,兽灵协作（蓝豆）,獣霊連携（青）
Beastmaster,Captured,ACRオーバーレイ,Button,兽灵协作（蓝豆）,獣霊連携（青）
Beastmaster,Captured,ACRオーバーレイ,Checkbox,兽灵协作（蓝豆）,獣霊連携（青）
Beastmaster,Captured,ACRオーバーレイ,BeginComboLabel,兽灵协作（蓝豆）,獣霊連携（青）
Beastmaster,Captured,ACRオーバーレイ,BeginComboPreview,兽灵协作（蓝豆）,獣霊連携（青）
Beastmaster,Captured,ACRオーバーレイ,Text,技力和兽力满足基础门槛,技力・獣力ともに発動条件を満たしています
Beastmaster,Captured,ACRオーバーレイ,RenderText,技力和兽力满足基础门槛,技力・獣力ともに発動条件を満たしています
Beastmaster,Captured,ACRオーバーレイ,Text/RenderText,技力和兽力满足基础门槛,技力・獣力ともに発動条件を満たしています
Beastmaster,Captured,ACRオーバーレイ,Text/RenderTextWrapped,技力和兽力满足基础门槛,技力・獣力ともに発動条件を満たしています
Beastmaster,Captured,ACRオーバーレイ,RenderTextWrapped,技力和兽力满足基础门槛,技力・獣力ともに発動条件を満たしています
Beastmaster,Captured,ACRオーバーレイ,Button,技力和兽力满足基础门槛,技力・獣力ともに発動条件を満たしています
Beastmaster,Captured,ACRオーバーレイ,Checkbox,技力和兽力满足基础门槛,技力・獣力ともに発動条件を満たしています
Beastmaster,Captured,ACRオーバーレイ,BeginComboLabel,技力和兽力满足基础门槛,技力・獣力ともに発動条件を満たしています
Beastmaster,Captured,ACRオーバーレイ,BeginComboPreview,技力和兽力满足基础门槛,技力・獣力ともに発動条件を満たしています
Beastmaster,Captured,ACRオーバーレイ,Text,开关已关闭,OFF
Beastmaster,Captured,ACRオーバーレイ,RenderText,开关已关闭,OFF
Beastmaster,Captured,ACRオーバーレイ,Text/RenderText,开关已关闭,OFF
Beastmaster,Captured,ACRオーバーレイ,Text/RenderTextWrapped,开关已关闭,OFF
Beastmaster,Captured,ACRオーバーレイ,RenderTextWrapped,开关已关闭,OFF
Beastmaster,Captured,ACRオーバーレイ,Button,开关已关闭,OFF
Beastmaster,Captured,ACRオーバーレイ,Checkbox,开关已关闭,OFF
Beastmaster,Captured,ACRオーバーレイ,BeginComboLabel,开关已关闭,OFF
Beastmaster,Captured,ACRオーバーレイ,BeginComboPreview,开关已关闭,OFF
Beastmaster,Captured,ACRオーバーレイ,Text,释放,リリース
Beastmaster,Captured,ACRオーバーレイ,RenderText,释放,リリース
Beastmaster,Captured,ACRオーバーレイ,Text/RenderText,释放,リリース
Beastmaster,Captured,ACRオーバーレイ,Text/RenderTextWrapped,释放,リリース
Beastmaster,Captured,ACRオーバーレイ,RenderTextWrapped,释放,リリース
Beastmaster,Captured,ACRオーバーレイ,Button,释放,リリース
Beastmaster,Captured,ACRオーバーレイ,Checkbox,释放,リリース
Beastmaster,Captured,ACRオーバーレイ,BeginComboLabel,释放,リリース
Beastmaster,Captured,ACRオーバーレイ,BeginComboPreview,释放,リリース
Beastmaster,Captured,ACRオーバーレイ,Text,开启,ON
Beastmaster,Captured,ACRオーバーレイ,RenderText,开启,ON
Beastmaster,Captured,ACRオーバーレイ,Text/RenderText,开启,ON
Beastmaster,Captured,ACRオーバーレイ,Text/RenderTextWrapped,开启,ON
Beastmaster,Captured,ACRオーバーレイ,RenderTextWrapped,开启,ON
Beastmaster,Captured,ACRオーバーレイ,Button,开启,ON
Beastmaster,Captured,ACRオーバーレイ,Checkbox,开启,ON
Beastmaster,Captured,ACRオーバーレイ,BeginComboLabel,开启,ON
Beastmaster,Captured,ACRオーバーレイ,BeginComboPreview,开启,ON
Beastmaster,Captured,ACRオーバーレイ,Text,手动释放大招##manual-ultimate-overlay,リミット技を手動発動##manual-ultimate-overlay
Beastmaster,Captured,ACRオーバーレイ,RenderText,手动释放大招##manual-ultimate-overlay,リミット技を手動発動##manual-ultimate-overlay
Beastmaster,Captured,ACRオーバーレイ,Text/RenderText,手动释放大招##manual-ultimate-overlay,リミット技を手動発動##manual-ultimate-overlay
Beastmaster,Captured,ACRオーバーレイ,Text/RenderTextWrapped,手动释放大招##manual-ultimate-overlay,リミット技を手動発動##manual-ultimate-overlay
Beastmaster,Captured,ACRオーバーレイ,RenderTextWrapped,手动释放大招##manual-ultimate-overlay,リミット技を手動発動##manual-ultimate-overlay
Beastmaster,Captured,ACRオーバーレイ,Button,手动释放大招##manual-ultimate-overlay,リミット技を手動発動##manual-ultimate-overlay
Beastmaster,Captured,ACRオーバーレイ,Checkbox,手动释放大招##manual-ultimate-overlay,リミット技を手動発動##manual-ultimate-overlay
Beastmaster,Captured,ACRオーバーレイ,BeginComboLabel,手动释放大招##manual-ultimate-overlay,リミット技を手動発動##manual-ultimate-overlay
Beastmaster,Captured,ACRオーバーレイ,BeginComboPreview,手动释放大招##manual-ultimate-overlay,リミット技を手動発動##manual-ultimate-overlay
Beastmaster,Captured,ACRオーバーレイ,Text,状态：无效,状態：無効
Beastmaster,Captured,ACRオーバーレイ,RenderText,状态：无效,状態：無効
Beastmaster,Captured,ACRオーバーレイ,Text/RenderText,状态：无效,状態：無効
Beastmaster,Captured,ACRオーバーレイ,Text/RenderTextWrapped,状态：无效,状態：無効
Beastmaster,Captured,ACRオーバーレイ,RenderTextWrapped,状态：无效,状態：無効
Beastmaster,Captured,ACRオーバーレイ,Button,状态：无效,状態：無効
Beastmaster,Captured,ACRオーバーレイ,Checkbox,状态：无效,状態：無効
Beastmaster,Captured,ACRオーバーレイ,BeginComboLabel,状态：无效,状態：無効
Beastmaster,Captured,ACRオーバーレイ,BeginComboPreview,状态：无效,状態：無効
Beastmaster,Captured,ACRオーバーレイ,Text,中止技能序列,スキルシーケンス中止
Beastmaster,Captured,ACRオーバーレイ,RenderText,中止技能序列,スキルシーケンス中止
Beastmaster,Captured,ACRオーバーレイ,Text/RenderText,中止技能序列,スキルシーケンス中止
Beastmaster,Captured,ACRオーバーレイ,Text/RenderTextWrapped,中止技能序列,スキルシーケンス中止
Beastmaster,Captured,ACRオーバーレイ,RenderTextWrapped,中止技能序列,スキルシーケンス中止
Beastmaster,Captured,ACRオーバーレイ,Button,中止技能序列,スキルシーケンス中止
Beastmaster,Captured,ACRオーバーレイ,Checkbox,中止技能序列,スキルシーケンス中止
Beastmaster,Captured,ACRオーバーレイ,BeginComboLabel,中止技能序列,スキルシーケンス中止
Beastmaster,Captured,ACRオーバーレイ,BeginComboPreview,中止技能序列,スキルシーケンス中止
Beastmaster,Captured,ACRオーバーレイ,Text,鼓劲,鼓舞
Beastmaster,Captured,ACRオーバーレイ,RenderText,鼓劲,鼓舞
Beastmaster,Captured,ACRオーバーレイ,Text/RenderText,鼓劲,鼓舞
Beastmaster,Captured,ACRオーバーレイ,Text/RenderTextWrapped,鼓劲,鼓舞
Beastmaster,Captured,ACRオーバーレイ,RenderTextWrapped,鼓劲,鼓舞
Beastmaster,Captured,ACRオーバーレイ,Button,鼓劲,鼓舞
Beastmaster,Captured,ACRオーバーレイ,Checkbox,鼓劲,鼓舞
Beastmaster,Captured,ACRオーバーレイ,BeginComboLabel,鼓劲,鼓舞
Beastmaster,Captured,ACRオーバーレイ,Text,万象·物理,万象・物理
Beastmaster,Captured,ACRオーバーレイ,RenderText,万象·物理,万象・物理
Beastmaster,Captured,ACRオーバーレイ,Text/RenderText,万象·物理,万象・物理
Beastmaster,Captured,ACRオーバーレイ,Text/RenderTextWrapped,万象·物理,万象・物理
Beastmaster,Captured,ACRオーバーレイ,RenderTextWrapped,万象·物理,万象・物理
Beastmaster,Captured,ACRオーバーレイ,Button,万象·物理,万象・物理
Beastmaster,Captured,ACRオーバーレイ,Checkbox,万象·物理,万象・物理
Beastmaster,Captured,ACRオーバーレイ,BeginComboLabel,万象·物理,万象・物理
Beastmaster,Captured,ACRオーバーレイ,BeginComboPreview,万象·物理,万象・物理
Beastmaster,Captured,ACRオーバーレイ,Text,万象·魔法,万象・魔法
Beastmaster,Captured,ACRオーバーレイ,RenderText,万象·魔法,万象・魔法
Beastmaster,Captured,ACRオーバーレイ,Text/RenderText,万象·魔法,万象・魔法
Beastmaster,Captured,ACRオーバーレイ,Text/RenderTextWrapped,万象·魔法,万象・魔法
Beastmaster,Captured,ACRオーバーレイ,RenderTextWrapped,万象·魔法,万象・魔法
Beastmaster,Captured,ACRオーバーレイ,Button,万象·魔法,万象・魔法
Beastmaster,Captured,ACRオーバーレイ,Checkbox,万象·魔法,万象・魔法
Beastmaster,Captured,ACRオーバーレイ,BeginComboLabel,万象·魔法,万象・魔法
Beastmaster,Captured,ACRオーバーレイ,BeginComboPreview,万象·魔法,万象・魔法
Beastmaster,Captured,ACRオーバーレイ,Text,声援,応援
Beastmaster,Captured,ACRオーバーレイ,RenderText,声援,応援
Beastmaster,Captured,ACRオーバーレイ,Text/RenderText,声援,応援
Beastmaster,Captured,ACRオーバーレイ,Text/RenderTextWrapped,声援,応援
Beastmaster,Captured,ACRオーバーレイ,RenderTextWrapped,声援,応援
Beastmaster,Captured,ACRオーバーレイ,Button,声援,応援
Beastmaster,Captured,ACRオーバーレイ,Checkbox,声援,応援
Beastmaster,Captured,ACRオーバーレイ,BeginComboLabel,声援,応援
Beastmaster,Captured,ACRオーバーレイ,Text,自主三笛,笛自動切替
Beastmaster,Captured,ACRオーバーレイ,RenderText,自主三笛,笛自動切替
Beastmaster,Captured,ACRオーバーレイ,Text/RenderText,自主三笛,笛自動切替
Beastmaster,Captured,ACRオーバーレイ,Text/RenderTextWrapped,自主三笛,笛自動切替
Beastmaster,Captured,ACRオーバーレイ,RenderTextWrapped,自主三笛,笛自動切替
Beastmaster,Captured,ACRオーバーレイ,Button,自主三笛,笛自動切替
Beastmaster,Captured,ACRオーバーレイ,Checkbox,自主三笛,笛自動切替
Beastmaster,Captured,ACRオーバーレイ,BeginComboLabel,自主三笛,笛自動切替
Beastmaster,Captured,ACRオーバーレイ,BeginComboPreview,自主三笛,笛自動切替
Beastmaster,Captured,ACRオーバーレイ,Text,最后一击,とどめの一撃
Beastmaster,Captured,ACRオーバーレイ,RenderText,最后一击,とどめの一撃
Beastmaster,Captured,ACRオーバーレイ,Text/RenderText,最后一击,とどめの一撃
Beastmaster,Captured,ACRオーバーレイ,Text/RenderTextWrapped,最后一击,とどめの一撃
Beastmaster,Captured,ACRオーバーレイ,RenderTextWrapped,最后一击,とどめの一撃
Beastmaster,Captured,ACRオーバーレイ,Button,最后一击,とどめの一撃
Beastmaster,Captured,ACRオーバーレイ,Checkbox,最后一击,とどめの一撃
Beastmaster,Captured,ACRオーバーレイ,BeginComboLabel,最后一击,とどめの一撃
Beastmaster,Captured,ACRオーバーレイ,Text,持续吸引,継続引きつけ
Beastmaster,Captured,ACRオーバーレイ,RenderText,持续吸引,継続引きつけ
Beastmaster,Captured,ACRオーバーレイ,Text/RenderText,持续吸引,継続引きつけ
Beastmaster,Captured,ACRオーバーレイ,Text/RenderTextWrapped,持续吸引,継続引きつけ
Beastmaster,Captured,ACRオーバーレイ,RenderTextWrapped,持续吸引,継続引きつけ
Beastmaster,Captured,ACRオーバーレイ,Button,持续吸引,継続引きつけ
Beastmaster,Captured,ACRオーバーレイ,Checkbox,持续吸引,継続引きつけ
Beastmaster,Captured,ACRオーバーレイ,BeginComboLabel,持续吸引,継続引きつけ
Beastmaster,Captured,ACRオーバーレイ,BeginComboPreview,持续吸引,継続引きつけ
Beastmaster,Captured,ACRオーバーレイ,Text,持续挑衅,継続挑発
Beastmaster,Captured,ACRオーバーレイ,RenderText,持续挑衅,継続挑発
Beastmaster,Captured,ACRオーバーレイ,Text/RenderText,持续挑衅,継続挑発
Beastmaster,Captured,ACRオーバーレイ,Text/RenderTextWrapped,持续挑衅,継続挑発
Beastmaster,Captured,ACRオーバーレイ,RenderTextWrapped,持续挑衅,継続挑発
Beastmaster,Captured,ACRオーバーレイ,Button,持续挑衅,継続挑発
Beastmaster,Captured,ACRオーバーレイ,Checkbox,持续挑衅,継続挑発
Beastmaster,Captured,ACRオーバーレイ,BeginComboLabel,持续挑衅,継続挑発
Beastmaster,Captured,ACRオーバーレイ,BeginComboPreview,持续挑衅,継続挑発
Beastmaster,Captured,ACRオーバーレイ,Text,安全盾牌,セーフティシールド
Beastmaster,Captured,ACRオーバーレイ,RenderText,安全盾牌,セーフティシールド
Beastmaster,Captured,ACRオーバーレイ,Text/RenderText,安全盾牌,セーフティシールド
Beastmaster,Captured,ACRオーバーレイ,Text/RenderTextWrapped,安全盾牌,セーフティシールド
Beastmaster,Captured,ACRオーバーレイ,RenderTextWrapped,安全盾牌,セーフティシールド
Beastmaster,Captured,ACRオーバーレイ,Button,安全盾牌,セーフティシールド
Beastmaster,Captured,ACRオーバーレイ,Checkbox,安全盾牌,セーフティシールド
Beastmaster,Captured,ACRオーバーレイ,BeginComboLabel,安全盾牌,セーフティシールド
Beastmaster,Captured,ACRオーバーレイ,BeginComboPreview,安全盾牌,セーフティシールド
Beastmaster,Captured,ACRオーバーレイ,Text,虫队模板,虫編成テンプレート
Beastmaster,Captured,ACRオーバーレイ,RenderText,虫队模板,虫編成テンプレート
Beastmaster,Captured,ACRオーバーレイ,Text/RenderText,虫队模板,虫編成テンプレート
Beastmaster,Captured,ACRオーバーレイ,Text/RenderTextWrapped,虫队模板,虫編成テンプレート
Beastmaster,Captured,ACRオーバーレイ,RenderTextWrapped,虫队模板,虫編成テンプレート
Beastmaster,Captured,ACRオーバーレイ,Button,虫队模板,虫編成テンプレート
Beastmaster,Captured,ACRオーバーレイ,Checkbox,虫队模板,虫編成テンプレート
Beastmaster,Captured,ACRオーバーレイ,BeginComboLabel,虫队模板,虫編成テンプレート
Beastmaster,Captured,ACRオーバーレイ,BeginComboPreview,虫队模板,虫編成テンプレート
Beastmaster,Captured,ACRオーバーレイ,Text,虫队模版,虫編成テンプレート
Beastmaster,Captured,ACRオーバーレイ,RenderText,虫队模版,虫編成テンプレート
Beastmaster,Captured,ACRオーバーレイ,Text/RenderText,虫队模版,虫編成テンプレート
Beastmaster,Captured,ACRオーバーレイ,Text/RenderTextWrapped,虫队模版,虫編成テンプレート
Beastmaster,Captured,ACRオーバーレイ,RenderTextWrapped,虫队模版,虫編成テンプレート
Beastmaster,Captured,ACRオーバーレイ,Button,虫队模版,虫編成テンプレート
Beastmaster,Captured,ACRオーバーレイ,Checkbox,虫队模版,虫編成テンプレート
Beastmaster,Captured,ACRオーバーレイ,BeginComboLabel,虫队模版,虫編成テンプレート
Beastmaster,Captured,ACRオーバーレイ,BeginComboPreview,虫队模版,虫編成テンプレート
Beastmaster,Captured,ACRオーバーレイ,Text,未召唤,未召喚
Beastmaster,Captured,ACRオーバーレイ,RenderText,未召唤,未召喚
Beastmaster,Captured,ACRオーバーレイ,Text/RenderText,未召唤,未召喚
Beastmaster,Captured,ACRオーバーレイ,Text/RenderTextWrapped,未召唤,未召喚
Beastmaster,Captured,ACRオーバーレイ,RenderTextWrapped,未召唤,未召喚
Beastmaster,Captured,ACRオーバーレイ,Button,未召唤,未召喚
Beastmaster,Captured,ACRオーバーレイ,Checkbox,未召唤,未召喚
Beastmaster,Captured,ACRオーバーレイ,BeginComboLabel,未召唤,未召喚
Beastmaster,Captured,ACRオーバーレイ,BeginComboPreview,未召唤,未召喚
Beastmaster,Captured,ACRオーバーレイ,Text,暂停中,一時停止中
Beastmaster,Captured,ACRオーバーレイ,RenderText,暂停中,一時停止中
Beastmaster,Captured,ACRオーバーレイ,Text/RenderText,暂停中,一時停止中
Beastmaster,Captured,ACRオーバーレイ,Text/RenderTextWrapped,暂停中,一時停止中
Beastmaster,Captured,ACRオーバーレイ,RenderTextWrapped,暂停中,一時停止中
Beastmaster,Captured,ACRオーバーレイ,Button,暂停中,一時停止中
Beastmaster,Captured,ACRオーバーレイ,Checkbox,暂停中,一時停止中
Beastmaster,Captured,ACRオーバーレイ,BeginComboLabel,暂停中,一時停止中
Beastmaster,Captured,ACRオーバーレイ,BeginComboPreview,暂停中,一時停止中
Beastmaster,Captured,ACRオーバーレイ,Text,暂无有效 BattleNpc 目标,有効なBattleNpcターゲットがありません
Beastmaster,Captured,ACRオーバーレイ,RenderText,暂无有效 BattleNpc 目标,有効なBattleNpcターゲットがありません
Beastmaster,Captured,ACRオーバーレイ,Text/RenderText,暂无有效 BattleNpc 目标,有効なBattleNpcターゲットがありません
Beastmaster,Captured,ACRオーバーレイ,Text/RenderTextWrapped,暂无有效 BattleNpc 目标,有効なBattleNpcターゲットがありません
Beastmaster,Captured,ACRオーバーレイ,RenderTextWrapped,暂无有效 BattleNpc 目标,有効なBattleNpcターゲットがありません
Beastmaster,Captured,ACRオーバーレイ,Button,暂无有效 BattleNpc 目标,有効なBattleNpcターゲットがありません
Beastmaster,Captured,ACRオーバーレイ,Checkbox,暂无有效 BattleNpc 目标,有効なBattleNpcターゲットがありません
Beastmaster,Captured,ACRオーバーレイ,BeginComboLabel,暂无有效 BattleNpc 目标,有効なBattleNpcターゲットがありません
Beastmaster,Captured,ACRオーバーレイ,BeginComboPreview,暂无有效 BattleNpc 目标,有効なBattleNpcターゲットがありません
Beastmaster,Captured,ACRオーバーレイ,Text,没有有效的 BattleNpc 目标,有効なBattleNpcターゲットがありません
Beastmaster,Captured,ACRオーバーレイ,RenderText,没有有效的 BattleNpc 目标,有効なBattleNpcターゲットがありません
Beastmaster,Captured,ACRオーバーレイ,Text/RenderText,没有有效的 BattleNpc 目标,有効なBattleNpcターゲットがありません
Beastmaster,Captured,ACRオーバーレイ,Text/RenderTextWrapped,没有有效的 BattleNpc 目标,有効なBattleNpcターゲットがありません
Beastmaster,Captured,ACRオーバーレイ,RenderTextWrapped,没有有效的 BattleNpc 目标,有効なBattleNpcターゲットがありません
Beastmaster,Captured,ACRオーバーレイ,Button,没有有效的 BattleNpc 目标,有効なBattleNpcターゲットがありません
Beastmaster,Captured,ACRオーバーレイ,Checkbox,没有有效的 BattleNpc 目标,有効なBattleNpcターゲットがありません
Beastmaster,Captured,ACRオーバーレイ,BeginComboLabel,没有有效的 BattleNpc 目标,有効なBattleNpcターゲットがありません
Beastmaster,Captured,ACRオーバーレイ,BeginComboPreview,没有有效的 BattleNpc 目标,有効なBattleNpcターゲットがありません
Beastmaster,Captured,ACRオーバーレイ,Text,无有效 BattleNpc 目标,有効なBattleNpcターゲットがありません
Beastmaster,Captured,ACRオーバーレイ,RenderText,无有效 BattleNpc 目标,有効なBattleNpcターゲットがありません
Beastmaster,Captured,ACRオーバーレイ,Text/RenderText,无有效 BattleNpc 目标,有効なBattleNpcターゲットがありません
Beastmaster,Captured,ACRオーバーレイ,Text/RenderTextWrapped,无有效 BattleNpc 目标,有効なBattleNpcターゲットがありません
Beastmaster,Captured,ACRオーバーレイ,RenderTextWrapped,无有效 BattleNpc 目标,有効なBattleNpcターゲットがありません
Beastmaster,Captured,ACRオーバーレイ,Button,无有效 BattleNpc 目标,有効なBattleNpcターゲットがありません
Beastmaster,Captured,ACRオーバーレイ,Checkbox,无有效 BattleNpc 目标,有効なBattleNpcターゲットがありません
Beastmaster,Captured,ACRオーバーレイ,BeginComboLabel,无有效 BattleNpc 目标,有効なBattleNpcターゲットがありません
Beastmaster,Captured,ACRオーバーレイ,BeginComboPreview,无有效 BattleNpc 目标,有効なBattleNpcターゲットがありません
Beastmaster,Captured,ACRオーバーレイ,Text,请先在自动输出栏目开启自动输出,先に「自動出力」で自動出力をONにしてください
Beastmaster,Captured,ACRオーバーレイ,RenderText,请先在自动输出栏目开启自动输出,先に「自動出力」で自動出力をONにしてください
Beastmaster,Captured,ACRオーバーレイ,Text/RenderText,请先在自动输出栏目开启自动输出,先に「自動出力」で自動出力をONにしてください
Beastmaster,Captured,ACRオーバーレイ,Text/RenderTextWrapped,请先在自动输出栏目开启自动输出,先に「自動出力」で自動出力をONにしてください
Beastmaster,Captured,ACRオーバーレイ,RenderTextWrapped,请先在自动输出栏目开启自动输出,先に「自動出力」で自動出力をONにしてください
Beastmaster,Captured,ACRオーバーレイ,Button,请先在自动输出栏目开启自动输出,先に「自動出力」で自動出力をONにしてください
Beastmaster,Captured,ACRオーバーレイ,Checkbox,请先在自动输出栏目开启自动输出,先に「自動出力」で自動出力をONにしてください
Beastmaster,Captured,ACRオーバーレイ,BeginComboLabel,请先在自动输出栏目开启自动输出,先に「自動出力」で自動出力をONにしてください
Beastmaster,Captured,ACRオーバーレイ,BeginComboPreview,请先在自动输出栏目开启自动输出,先に「自動出力」で自動出力をONにしてください
Beastmaster,Captured,ACRオーバーレイ,Text,点击恢复自动输出,クリックで自動出力を再開
Beastmaster,Captured,ACRオーバーレイ,RenderText,点击恢复自动输出,クリックで自動出力を再開
Beastmaster,Captured,ACRオーバーレイ,Text/RenderText,点击恢复自动输出,クリックで自動出力を再開
Beastmaster,Captured,ACRオーバーレイ,Text/RenderTextWrapped,点击恢复自动输出,クリックで自動出力を再開
Beastmaster,Captured,ACRオーバーレイ,RenderTextWrapped,点击恢复自动输出,クリックで自動出力を再開
Beastmaster,Captured,ACRオーバーレイ,Button,点击恢复自动输出,クリックで自動出力を再開
Beastmaster,Captured,ACRオーバーレイ,Checkbox,点击恢复自动输出,クリックで自動出力を再開
Beastmaster,Captured,ACRオーバーレイ,BeginComboLabel,点击恢复自动输出,クリックで自動出力を再開
Beastmaster,Captured,ACRオーバーレイ,BeginComboPreview,点击恢复自动输出,クリックで自動出力を再開
Beastmaster,Captured,ACRオーバーレイ,Text,点击暂停自动输出,クリックで自動出力を一時停止
Beastmaster,Captured,ACRオーバーレイ,RenderText,点击暂停自动输出,クリックで自動出力を一時停止
Beastmaster,Captured,ACRオーバーレイ,Text/RenderText,点击暂停自动输出,クリックで自動出力を一時停止
Beastmaster,Captured,ACRオーバーレイ,Text/RenderTextWrapped,点击暂停自动输出,クリックで自動出力を一時停止
Beastmaster,Captured,ACRオーバーレイ,RenderTextWrapped,点击暂停自动输出,クリックで自動出力を一時停止
Beastmaster,Captured,ACRオーバーレイ,Button,点击暂停自动输出,クリックで自動出力を一時停止
Beastmaster,Captured,ACRオーバーレイ,Checkbox,点击暂停自动输出,クリックで自動出力を一時停止
Beastmaster,Captured,ACRオーバーレイ,BeginComboLabel,点击暂停自动输出,クリックで自動出力を一時停止
Beastmaster,Captured,ACRオーバーレイ,BeginComboPreview,点击暂停自动输出,クリックで自動出力を一時停止
Beastmaster,Captured,ACRオーバーレイ,Text,强制捕获：无视目标捕获BUFF，但仍受血量阈值限制；点击关闭捕获,強制捕獲：対象の捕獲BUFFを無視しますが、HPしきい値は適用されます。クリックで捕獲OFF
Beastmaster,Captured,ACRオーバーレイ,RenderText,强制捕获：无视目标捕获BUFF，但仍受血量阈值限制；点击关闭捕获,強制捕獲：対象の捕獲BUFFを無視しますが、HPしきい値は適用されます。クリックで捕獲OFF
Beastmaster,Captured,ACRオーバーレイ,Text/RenderText,强制捕获：无视目标捕获BUFF，但仍受血量阈值限制；点击关闭捕获,強制捕獲：対象の捕獲BUFFを無視しますが、HPしきい値は適用されます。クリックで捕獲OFF
Beastmaster,Captured,ACRオーバーレイ,Text/RenderTextWrapped,强制捕获：无视目标捕获BUFF，但仍受血量阈值限制；点击关闭捕获,強制捕獲：対象の捕獲BUFFを無視しますが、HPしきい値は適用されます。クリックで捕獲OFF
Beastmaster,Captured,ACRオーバーレイ,RenderTextWrapped,强制捕获：无视目标捕获BUFF，但仍受血量阈值限制；点击关闭捕获,強制捕獲：対象の捕獲BUFFを無視しますが、HPしきい値は適用されます。クリックで捕獲OFF
Beastmaster,Captured,ACRオーバーレイ,Button,强制捕获：无视目标捕获BUFF，但仍受血量阈值限制；点击关闭捕获,強制捕獲：対象の捕獲BUFFを無視しますが、HPしきい値は適用されます。クリックで捕獲OFF
Beastmaster,Captured,ACRオーバーレイ,Checkbox,强制捕获：无视目标捕获BUFF，但仍受血量阈值限制；点击关闭捕获,強制捕獲：対象の捕獲BUFFを無視しますが、HPしきい値は適用されます。クリックで捕獲OFF
Beastmaster,Captured,ACRオーバーレイ,BeginComboLabel,强制捕获：无视目标捕获BUFF，但仍受血量阈值限制；点击关闭捕获,強制捕獲：対象の捕獲BUFFを無視しますが、HPしきい値は適用されます。クリックで捕獲OFF
Beastmaster,Captured,ACRオーバーレイ,BeginComboPreview,强制捕获：无视目标捕获BUFF，但仍受血量阈值限制；点击关闭捕获,強制捕獲：対象の捕獲BUFFを無視しますが、HPしきい値は適用されます。クリックで捕獲OFF
Beastmaster,Captured,ACRオーバーレイ,Text,尝试捕获：按血量和捕获BUFF判断；点击切换为强制捕获,通常捕獲：HPと捕獲BUFFを判定します。クリックで強制捕獲へ切替
Beastmaster,Captured,ACRオーバーレイ,RenderText,尝试捕获：按血量和捕获BUFF判断；点击切换为强制捕获,通常捕獲：HPと捕獲BUFFを判定します。クリックで強制捕獲へ切替
Beastmaster,Captured,ACRオーバーレイ,Text/RenderText,尝试捕获：按血量和捕获BUFF判断；点击切换为强制捕获,通常捕獲：HPと捕獲BUFFを判定します。クリックで強制捕獲へ切替
Beastmaster,Captured,ACRオーバーレイ,Text/RenderTextWrapped,尝试捕获：按血量和捕获BUFF判断；点击切换为强制捕获,通常捕獲：HPと捕獲BUFFを判定します。クリックで強制捕獲へ切替
Beastmaster,Captured,ACRオーバーレイ,RenderTextWrapped,尝试捕获：按血量和捕获BUFF判断；点击切换为强制捕获,通常捕獲：HPと捕獲BUFFを判定します。クリックで強制捕獲へ切替
Beastmaster,Captured,ACRオーバーレイ,Button,尝试捕获：按血量和捕获BUFF判断；点击切换为强制捕获,通常捕獲：HPと捕獲BUFFを判定します。クリックで強制捕獲へ切替
Beastmaster,Captured,ACRオーバーレイ,Checkbox,尝试捕获：按血量和捕获BUFF判断；点击切换为强制捕获,通常捕獲：HPと捕獲BUFFを判定します。クリックで強制捕獲へ切替
Beastmaster,Captured,ACRオーバーレイ,BeginComboLabel,尝试捕获：按血量和捕获BUFF判断；点击切换为强制捕获,通常捕獲：HPと捕獲BUFFを判定します。クリックで強制捕獲へ切替
Beastmaster,Captured,ACRオーバーレイ,BeginComboPreview,尝试捕获：按血量和捕获BUFF判断；点击切换为强制捕获,通常捕獲：HPと捕獲BUFFを判定します。クリックで強制捕獲へ切替
Beastmaster,Captured,ACRオーバーレイ,Text,捕获未开启；点击开启尝试捕获,捕獲OFF。クリックで通常捕獲をON
Beastmaster,Captured,ACRオーバーレイ,RenderText,捕获未开启；点击开启尝试捕获,捕獲OFF。クリックで通常捕獲をON
Beastmaster,Captured,ACRオーバーレイ,Text/RenderText,捕获未开启；点击开启尝试捕获,捕獲OFF。クリックで通常捕獲をON
Beastmaster,Captured,ACRオーバーレイ,Text/RenderTextWrapped,捕获未开启；点击开启尝试捕获,捕獲OFF。クリックで通常捕獲をON
Beastmaster,Captured,ACRオーバーレイ,RenderTextWrapped,捕获未开启；点击开启尝试捕获,捕獲OFF。クリックで通常捕獲をON
Beastmaster,Captured,ACRオーバーレイ,Button,捕获未开启；点击开启尝试捕获,捕獲OFF。クリックで通常捕獲をON
Beastmaster,Captured,ACRオーバーレイ,Checkbox,捕获未开启；点击开启尝试捕获,捕獲OFF。クリックで通常捕獲をON
Beastmaster,Captured,ACRオーバーレイ,BeginComboLabel,捕获未开启；点击开启尝试捕获,捕獲OFF。クリックで通常捕獲をON
Beastmaster,Captured,ACRオーバーレイ,BeginComboPreview,捕获未开启；点击开启尝试捕获,捕獲OFF。クリックで通常捕獲をON
Beastmaster,Captured,ACRオーバーレイ,Text,未进战时允许普通 ACR 主动攻击、捕获和使用斗兽塔技能,非戦闘時も通常ACRの先制攻撃・捕獲・闘獣塔スキル使用を許可します
Beastmaster,Captured,ACRオーバーレイ,RenderText,未进战时允许普通 ACR 主动攻击、捕获和使用斗兽塔技能,非戦闘時も通常ACRの先制攻撃・捕獲・闘獣塔スキル使用を許可します
Beastmaster,Captured,ACRオーバーレイ,Text/RenderText,未进战时允许普通 ACR 主动攻击、捕获和使用斗兽塔技能,非戦闘時も通常ACRの先制攻撃・捕獲・闘獣塔スキル使用を許可します
Beastmaster,Captured,ACRオーバーレイ,Text/RenderTextWrapped,未进战时允许普通 ACR 主动攻击、捕获和使用斗兽塔技能,非戦闘時も通常ACRの先制攻撃・捕獲・闘獣塔スキル使用を許可します
Beastmaster,Captured,ACRオーバーレイ,RenderTextWrapped,未进战时允许普通 ACR 主动攻击、捕获和使用斗兽塔技能,非戦闘時も通常ACRの先制攻撃・捕獲・闘獣塔スキル使用を許可します
Beastmaster,Captured,ACRオーバーレイ,Button,未进战时允许普通 ACR 主动攻击、捕获和使用斗兽塔技能,非戦闘時も通常ACRの先制攻撃・捕獲・闘獣塔スキル使用を許可します
Beastmaster,Captured,ACRオーバーレイ,Checkbox,未进战时允许普通 ACR 主动攻击、捕获和使用斗兽塔技能,非戦闘時も通常ACRの先制攻撃・捕獲・闘獣塔スキル使用を許可します
Beastmaster,Captured,ACRオーバーレイ,BeginComboLabel,未进战时允许普通 ACR 主动攻击、捕获和使用斗兽塔技能,非戦闘時も通常ACRの先制攻撃・捕獲・闘獣塔スキル使用を許可します
Beastmaster,Captured,ACRオーバーレイ,BeginComboPreview,未进战时允许普通 ACR 主动攻击、捕获和使用斗兽塔技能,非戦闘時も通常ACRの先制攻撃・捕獲・闘獣塔スキル使用を許可します
Beastmaster,Captured,ACRオーバーレイ,Text,未进战时普通 ACR 不会攻击、捕获或使用斗兽塔技能,非戦闘時は通常ACRで攻撃・捕獲・闘獣塔スキルを使用しません
Beastmaster,Captured,ACRオーバーレイ,RenderText,未进战时普通 ACR 不会攻击、捕获或使用斗兽塔技能,非戦闘時は通常ACRで攻撃・捕獲・闘獣塔スキルを使用しません
Beastmaster,Captured,ACRオーバーレイ,Text/RenderText,未进战时普通 ACR 不会攻击、捕获或使用斗兽塔技能,非戦闘時は通常ACRで攻撃・捕獲・闘獣塔スキルを使用しません
Beastmaster,Captured,ACRオーバーレイ,Text/RenderTextWrapped,未进战时普通 ACR 不会攻击、捕获或使用斗兽塔技能,非戦闘時は通常ACRで攻撃・捕獲・闘獣塔スキルを使用しません
Beastmaster,Captured,ACRオーバーレイ,RenderTextWrapped,未进战时普通 ACR 不会攻击、捕获或使用斗兽塔技能,非戦闘時は通常ACRで攻撃・捕獲・闘獣塔スキルを使用しません
Beastmaster,Captured,ACRオーバーレイ,Button,未进战时普通 ACR 不会攻击、捕获或使用斗兽塔技能,非戦闘時は通常ACRで攻撃・捕獲・闘獣塔スキルを使用しません
Beastmaster,Captured,ACRオーバーレイ,Checkbox,未进战时普通 ACR 不会攻击、捕获或使用斗兽塔技能,非戦闘時は通常ACRで攻撃・捕獲・闘獣塔スキルを使用しません
Beastmaster,Captured,ACRオーバーレイ,BeginComboLabel,未进战时普通 ACR 不会攻击、捕获或使用斗兽塔技能,非戦闘時は通常ACRで攻撃・捕獲・闘獣塔スキルを使用しません
Beastmaster,Captured,ACRオーバーレイ,BeginComboPreview,未进战时普通 ACR 不会攻击、捕获或使用斗兽塔技能,非戦闘時は通常ACRで攻撃・捕獲・闘獣塔スキルを使用しません
Beastmaster,Captured,ACRオーバーレイ,Text,捕获血量阈值：目标血量小于或等于此百分比时释放捕获,捕獲HPしきい値：対象HPがこの割合以下になると捕獲を使用します
Beastmaster,Captured,ACRオーバーレイ,RenderText,捕获血量阈值：目标血量小于或等于此百分比时释放捕获,捕獲HPしきい値：対象HPがこの割合以下になると捕獲を使用します
Beastmaster,Captured,ACRオーバーレイ,Text/RenderText,捕获血量阈值：目标血量小于或等于此百分比时释放捕获,捕獲HPしきい値：対象HPがこの割合以下になると捕獲を使用します
Beastmaster,Captured,ACRオーバーレイ,Text/RenderTextWrapped,捕获血量阈值：目标血量小于或等于此百分比时释放捕获,捕獲HPしきい値：対象HPがこの割合以下になると捕獲を使用します
Beastmaster,Captured,ACRオーバーレイ,RenderTextWrapped,捕获血量阈值：目标血量小于或等于此百分比时释放捕获,捕獲HPしきい値：対象HPがこの割合以下になると捕獲を使用します
Beastmaster,Captured,ACRオーバーレイ,Button,捕获血量阈值：目标血量小于或等于此百分比时释放捕获,捕獲HPしきい値：対象HPがこの割合以下になると捕獲を使用します
Beastmaster,Captured,ACRオーバーレイ,Checkbox,捕获血量阈值：目标血量小于或等于此百分比时释放捕获,捕獲HPしきい値：対象HPがこの割合以下になると捕獲を使用します
Beastmaster,Captured,ACRオーバーレイ,BeginComboLabel,捕获血量阈值：目标血量小于或等于此百分比时释放捕获,捕獲HPしきい値：対象HPがこの割合以下になると捕獲を使用します
Beastmaster,Captured,ACRオーバーレイ,BeginComboPreview,捕获血量阈值：目标血量小于或等于此百分比时释放捕获,捕獲HPしきい値：対象HPがこの割合以下になると捕獲を使用します
Beastmaster,Captured,ACRオーバーレイ,Text,高级技能##BeastmasterAdvancedActions,上位スキル##BeastmasterAdvancedActions
Beastmaster,Captured,ACRオーバーレイ,RenderText,高级技能##BeastmasterAdvancedActions,上位スキル##BeastmasterAdvancedActions
Beastmaster,Captured,ACRオーバーレイ,Text/RenderText,高级技能##BeastmasterAdvancedActions,上位スキル##BeastmasterAdvancedActions
Beastmaster,Captured,ACRオーバーレイ,Text/RenderTextWrapped,高级技能##BeastmasterAdvancedActions,上位スキル##BeastmasterAdvancedActions
Beastmaster,Captured,ACRオーバーレイ,RenderTextWrapped,高级技能##BeastmasterAdvancedActions,上位スキル##BeastmasterAdvancedActions
Beastmaster,Captured,ACRオーバーレイ,Button,高级技能##BeastmasterAdvancedActions,上位スキル##BeastmasterAdvancedActions
Beastmaster,Captured,ACRオーバーレイ,Checkbox,高级技能##BeastmasterAdvancedActions,上位スキル##BeastmasterAdvancedActions
Beastmaster,Captured,ACRオーバーレイ,BeginComboLabel,高级技能##BeastmasterAdvancedActions,上位スキル##BeastmasterAdvancedActions
Beastmaster,Captured,ACRオーバーレイ,BeginComboPreview,高级技能##BeastmasterAdvancedActions,上位スキル##BeastmasterAdvancedActions
Beastmaster,Captured,ACRオーバーレイ,Button,御兽协作,御獣連携
Beastmaster,Captured,ACRオーバーレイ,Text,御兽协作,御獣連携
Beastmaster,Captured,ACRオーバーレイ,RenderText,御兽协作,御獣連携
Beastmaster,Captured,ACRオーバーレイ,Text/RenderText,御兽协作,御獣連携
Beastmaster,Captured,ACRオーバーレイ,Text/RenderTextWrapped,御兽协作,御獣連携
Beastmaster,Captured,ACRオーバーレイ,RenderTextWrapped,御兽协作,御獣連携
Beastmaster,Captured,ACRオーバーレイ,Button,兽灵协作,獣霊連携
Beastmaster,Captured,ACRオーバーレイ,Text,兽灵协作,獣霊連携
Beastmaster,Captured,ACRオーバーレイ,RenderText,兽灵协作,獣霊連携
Beastmaster,Captured,ACRオーバーレイ,Text/RenderText,兽灵协作,獣霊連携
Beastmaster,Captured,ACRオーバーレイ,Text/RenderTextWrapped,兽灵协作,獣霊連携
Beastmaster,Captured,ACRオーバーレイ,RenderTextWrapped,兽灵协作,獣霊連携
Beastmaster,Captured,ACRオーバーレイ,Button,自动兽笛,自動獣笛
Beastmaster,Captured,ACRオーバーレイ,Text,自动兽笛,自動獣笛
Beastmaster,Captured,ACRオーバーレイ,RenderText,自动兽笛,自動獣笛
Beastmaster,Captured,ACRオーバーレイ,Text/RenderText,自动兽笛,自動獣笛
Beastmaster,Captured,ACRオーバーレイ,Text/RenderTextWrapped,自动兽笛,自動獣笛
Beastmaster,Captured,ACRオーバーレイ,RenderTextWrapped,自动兽笛,自動獣笛
Beastmaster,Captured,ACRオーバーレイ,Tooltip,御兽协作（黄豆）,御獣連携（黄）
Beastmaster,Captured,ACRオーバーレイ,Tooltip,兽灵协作（蓝豆）,獣霊連携（青）
Beastmaster,Captured,ACRオーバーレイ,Tooltip,鼓劲 · 好了就放,鼓舞・使用可能になり次第発動
Beastmaster,Captured,ACRオーバーレイ,Text,鼓劲 · 好了就放,鼓舞・使用可能になり次第発動
Beastmaster,Captured,ACRオーバーレイ,RenderText,鼓劲 · 好了就放,鼓舞・使用可能になり次第発動
Beastmaster,Captured,ACRオーバーレイ,Text/RenderTextWrapped,鼓劲 · 好了就放,鼓舞・使用可能になり次第発動
Beastmaster,Captured,ACRオーバーレイ,RenderTextWrapped,鼓劲 · 好了就放,鼓舞・使用可能になり次第発動
Beastmaster,Captured,ACRオーバーレイ,Tooltip,万象流转（物理）,万象流転（物理）
Beastmaster,Captured,ACRオーバーレイ,Text,万象流转（物理）,万象流転（物理）
Beastmaster,Captured,ACRオーバーレイ,RenderText,万象流转（物理）,万象流転（物理）
Beastmaster,Captured,ACRオーバーレイ,Text/RenderTextWrapped,万象流转（物理）,万象流転（物理）
Beastmaster,Captured,ACRオーバーレイ,RenderTextWrapped,万象流转（物理）,万象流転（物理）
Beastmaster,Captured,ACRオーバーレイ,Tooltip,万象流转（魔法）,万象流転（魔法）
Beastmaster,Captured,ACRオーバーレイ,Text,万象流转（魔法）,万象流転（魔法）
Beastmaster,Captured,ACRオーバーレイ,RenderText,万象流转（魔法）,万象流転（魔法）
Beastmaster,Captured,ACRオーバーレイ,Text/RenderTextWrapped,万象流转（魔法）,万象流転（魔法）
Beastmaster,Captured,ACRオーバーレイ,RenderTextWrapped,万象流转（魔法）,万象流転（魔法）
Beastmaster,Captured,ACRオーバーレイ,Tooltip,自动兽笛,自動獣笛
Beastmaster,Captured,ACRオーバーレイ,Tooltip,最后一击,とどめの一撃
Beastmaster,Captured,ACRオーバーレイ,Tooltip,释放 · 好了就放,リリース・使用可能になり次第発動
Beastmaster,Captured,ACRオーバーレイ,Text,释放 · 好了就放,リリース・使用可能になり次第発動
Beastmaster,Captured,ACRオーバーレイ,RenderText,释放 · 好了就放,リリース・使用可能になり次第発動
Beastmaster,Captured,ACRオーバーレイ,Text/RenderTextWrapped,释放 · 好了就放,リリース・使用可能になり次第発動
Beastmaster,Captured,ACRオーバーレイ,RenderTextWrapped,释放 · 好了就放,リリース・使用可能になり次第発動
Beastmaster,Captured,ACRオーバーレイ,Tooltip,持续吸引,継続引きつけ
Beastmaster,Captured,ACRオーバーレイ,Tooltip,持续挑衅,継続挑発
Beastmaster,Captured,ACRオーバーレイ,Tooltip,安全盾牌：玩家到目标不超过 3 yalms 且盾牌冲击可用时自动使用。,セーフティシールド：対象まで3ヤルム以内で「シールドバッシュ」が使用可能なとき自動使用します。
Beastmaster,Captured,ACRオーバーレイ,Text,安全盾牌：玩家到目标不超过 3 yalms 且盾牌冲击可用时自动使用。,セーフティシールド：対象まで3ヤルム以内で「シールドバッシュ」が使用可能なとき自動使用します。
Beastmaster,Captured,ACRオーバーレイ,RenderText,安全盾牌：玩家到目标不超过 3 yalms 且盾牌冲击可用时自动使用。,セーフティシールド：対象まで3ヤルム以内で「シールドバッシュ」が使用可能なとき自動使用します。
Beastmaster,Captured,ACRオーバーレイ,Text/RenderTextWrapped,安全盾牌：玩家到目标不超过 3 yalms 且盾牌冲击可用时自动使用。,セーフティシールド：対象まで3ヤルム以内で「シールドバッシュ」が使用可能なとき自動使用します。
Beastmaster,Captured,ACRオーバーレイ,RenderTextWrapped,安全盾牌：玩家到目标不超过 3 yalms 且盾牌冲击可用时自动使用。,セーフティシールド：対象まで3ヤルム以内で「シールドバッシュ」が使用可能なとき自動使用します。
Beastmaster,Captured,ACRオーバーレイ,Text,技力 0/250,技力 0/250
Beastmaster,Captured,ACRオーバーレイ,RenderText,技力 0/250,技力 0/250
Beastmaster,Captured,ACRオーバーレイ,Text/RenderText,技力 0/250,技力 0/250
Beastmaster,Captured,ACRオーバーレイ,Text/RenderTextWrapped,技力 0/250,技力 0/250
Beastmaster,Captured,ACRオーバーレイ,RenderTextWrapped,技力 0/250,技力 0/250
Beastmaster,Captured,ACRオーバーレイ,Text,兽力 0/250,獣力 0/250
Beastmaster,Captured,ACRオーバーレイ,RenderText,兽力 0/250,獣力 0/250
Beastmaster,Captured,ACRオーバーレイ,Text/RenderText,兽力 0/250,獣力 0/250
Beastmaster,Captured,ACRオーバーレイ,Text/RenderTextWrapped,兽力 0/250,獣力 0/250
Beastmaster,Captured,ACRオーバーレイ,RenderTextWrapped,兽力 0/250,獣力 0/250
Beastmaster,Captured,ACRオーバーレイ,Button,御兽协作##overlay-advanced-御兽协作,御獣連携##overlay-advanced-御兽协作
Beastmaster,Captured,ACRオーバーレイ,Button,兽灵协作##overlay-advanced-兽灵协作,獣霊連携##overlay-advanced-兽灵协作
Beastmaster,Captured,ACRオーバーレイ,Button,鼓劲##overlay-advanced-鼓劲,鼓舞##overlay-advanced-鼓劲
Beastmaster,Captured,ACRオーバーレイ,Button,万象·物理##overlay-advanced-万象·物理,万象・物理##overlay-advanced-万象·物理
Beastmaster,Captured,ACRオーバーレイ,Button,万象·魔法##overlay-advanced-万象·魔法,万象・魔法##overlay-advanced-万象·魔法
Beastmaster,Captured,ACRオーバーレイ,Button,声援##overlay-advanced-声援,応援##overlay-advanced-声援
Beastmaster,Captured,ACRオーバーレイ,Button,自动兽笛##overlay-advanced-自动兽笛,自動獣笛##overlay-advanced-自动兽笛
Beastmaster,Captured,ACRオーバーレイ,Button,最后一击##overlay-advanced-最后一击,とどめの一撃##overlay-advanced-最后一击
Beastmaster,Captured,ACRオーバーレイ,Button,释放##overlay-advanced-释放,リリース##overlay-advanced-释放
Beastmaster,Captured,ACRオーバーレイ,Button,持续吸引##overlay-advanced-持续吸引,継続引きつけ##overlay-advanced-持续吸引
Beastmaster,Captured,ACRオーバーレイ,Button,持续挑衅##overlay-advanced-持续挑衅,継続挑発##overlay-advanced-持续挑衅
Beastmaster,Captured,ACRオーバーレイ,Button,安全盾牌##overlay-advanced-安全盾牌,セーフティシールド##overlay-advanced-安全盾牌
Beastmaster,Captured,ACRオーバーレイ,Button,御兽协作##overlay-advanced-placeholder,御獣連携##overlay-advanced-placeholder
Beastmaster,Captured,ACRオーバーレイ,Button,兽灵协作##overlay-advanced-placeholder,獣霊連携##overlay-advanced-placeholder
Beastmaster,Captured,ACRオーバーレイ,Button,鼓劲##overlay-advanced-placeholder,鼓舞##overlay-advanced-placeholder
Beastmaster,Captured,ACRオーバーレイ,Button,万象·物理##overlay-advanced-placeholder,万象・物理##overlay-advanced-placeholder
Beastmaster,Captured,ACRオーバーレイ,Button,万象·魔法##overlay-advanced-placeholder,万象・魔法##overlay-advanced-placeholder
Beastmaster,Captured,ACRオーバーレイ,Button,声援##overlay-advanced-placeholder,応援##overlay-advanced-placeholder
Beastmaster,Captured,ACRオーバーレイ,Button,自动兽笛##overlay-advanced-placeholder,自動獣笛##overlay-advanced-placeholder
Beastmaster,Captured,ACRオーバーレイ,Button,最后一击##overlay-advanced-placeholder,とどめの一撃##overlay-advanced-placeholder
Beastmaster,Captured,ACRオーバーレイ,Button,释放##overlay-advanced-placeholder,リリース##overlay-advanced-placeholder
Beastmaster,Captured,ACRオーバーレイ,Button,持续吸引##overlay-advanced-placeholder,継続引きつけ##overlay-advanced-placeholder
Beastmaster,Captured,ACRオーバーレイ,Button,持续挑衅##overlay-advanced-placeholder,継続挑発##overlay-advanced-placeholder
Beastmaster,Captured,ACRオーバーレイ,Button,安全盾牌##overlay-advanced-placeholder,セーフティシールド##overlay-advanced-placeholder
Beastmaster,Captured,ACRオーバーレイ,RenderText,御兽协作##overlay-advanced-御兽协作,御獣連携##overlay-advanced-御兽协作
Beastmaster,Captured,ACRオーバーレイ,Text/RenderText,御兽协作##overlay-advanced-御兽协作,御獣連携##overlay-advanced-御兽协作
Beastmaster,Captured,ACRオーバーレイ,Text/RenderTextWrapped,御兽协作##overlay-advanced-御兽协作,御獣連携##overlay-advanced-御兽协作
Beastmaster,Captured,ACRオーバーレイ,RenderTextWrapped,御兽协作##overlay-advanced-御兽协作,御獣連携##overlay-advanced-御兽协作
Beastmaster,Captured,ACRオーバーレイ,RenderText,兽灵协作##overlay-advanced-兽灵协作,獣霊連携##overlay-advanced-兽灵协作
Beastmaster,Captured,ACRオーバーレイ,Text/RenderText,兽灵协作##overlay-advanced-兽灵协作,獣霊連携##overlay-advanced-兽灵协作
Beastmaster,Captured,ACRオーバーレイ,Text/RenderTextWrapped,兽灵协作##overlay-advanced-兽灵协作,獣霊連携##overlay-advanced-兽灵协作
Beastmaster,Captured,ACRオーバーレイ,RenderTextWrapped,兽灵协作##overlay-advanced-兽灵协作,獣霊連携##overlay-advanced-兽灵协作
Beastmaster,Captured,ACRオーバーレイ,RenderText,鼓劲##overlay-advanced-鼓劲,鼓舞##overlay-advanced-鼓劲
Beastmaster,Captured,ACRオーバーレイ,Text/RenderText,鼓劲##overlay-advanced-鼓劲,鼓舞##overlay-advanced-鼓劲
Beastmaster,Captured,ACRオーバーレイ,Text/RenderTextWrapped,鼓劲##overlay-advanced-鼓劲,鼓舞##overlay-advanced-鼓劲
Beastmaster,Captured,ACRオーバーレイ,RenderTextWrapped,鼓劲##overlay-advanced-鼓劲,鼓舞##overlay-advanced-鼓劲
Beastmaster,Captured,ACRオーバーレイ,RenderText,万象·物理##overlay-advanced-万象·物理,万象・物理##overlay-advanced-万象·物理
Beastmaster,Captured,ACRオーバーレイ,Text/RenderText,万象·物理##overlay-advanced-万象·物理,万象・物理##overlay-advanced-万象·物理
Beastmaster,Captured,ACRオーバーレイ,Text/RenderTextWrapped,万象·物理##overlay-advanced-万象·物理,万象・物理##overlay-advanced-万象·物理
Beastmaster,Captured,ACRオーバーレイ,RenderTextWrapped,万象·物理##overlay-advanced-万象·物理,万象・物理##overlay-advanced-万象·物理
Beastmaster,Captured,ACRオーバーレイ,RenderText,万象·魔法##overlay-advanced-万象·魔法,万象・魔法##overlay-advanced-万象·魔法
Beastmaster,Captured,ACRオーバーレイ,Text/RenderText,万象·魔法##overlay-advanced-万象·魔法,万象・魔法##overlay-advanced-万象·魔法
Beastmaster,Captured,ACRオーバーレイ,Text/RenderTextWrapped,万象·魔法##overlay-advanced-万象·魔法,万象・魔法##overlay-advanced-万象·魔法
Beastmaster,Captured,ACRオーバーレイ,RenderTextWrapped,万象·魔法##overlay-advanced-万象·魔法,万象・魔法##overlay-advanced-万象·魔法
Beastmaster,Captured,ACRオーバーレイ,RenderText,声援##overlay-advanced-声援,応援##overlay-advanced-声援
Beastmaster,Captured,ACRオーバーレイ,Text/RenderText,声援##overlay-advanced-声援,応援##overlay-advanced-声援
Beastmaster,Captured,ACRオーバーレイ,Text/RenderTextWrapped,声援##overlay-advanced-声援,応援##overlay-advanced-声援
Beastmaster,Captured,ACRオーバーレイ,RenderTextWrapped,声援##overlay-advanced-声援,応援##overlay-advanced-声援
Beastmaster,Captured,ACRオーバーレイ,RenderText,自动兽笛##overlay-advanced-自动兽笛,自動獣笛##overlay-advanced-自动兽笛
Beastmaster,Captured,ACRオーバーレイ,Text/RenderText,自动兽笛##overlay-advanced-自动兽笛,自動獣笛##overlay-advanced-自动兽笛
Beastmaster,Captured,ACRオーバーレイ,Text/RenderTextWrapped,自动兽笛##overlay-advanced-自动兽笛,自動獣笛##overlay-advanced-自动兽笛
Beastmaster,Captured,ACRオーバーレイ,RenderTextWrapped,自动兽笛##overlay-advanced-自动兽笛,自動獣笛##overlay-advanced-自动兽笛
Beastmaster,Captured,ACRオーバーレイ,RenderText,最后一击##overlay-advanced-最后一击,とどめの一撃##overlay-advanced-最后一击
Beastmaster,Captured,ACRオーバーレイ,Text/RenderText,最后一击##overlay-advanced-最后一击,とどめの一撃##overlay-advanced-最后一击
Beastmaster,Captured,ACRオーバーレイ,Text/RenderTextWrapped,最后一击##overlay-advanced-最后一击,とどめの一撃##overlay-advanced-最后一击
Beastmaster,Captured,ACRオーバーレイ,RenderTextWrapped,最后一击##overlay-advanced-最后一击,とどめの一撃##overlay-advanced-最后一击
Beastmaster,Captured,ACRオーバーレイ,RenderText,释放##overlay-advanced-释放,リリース##overlay-advanced-释放
Beastmaster,Captured,ACRオーバーレイ,Text/RenderText,释放##overlay-advanced-释放,リリース##overlay-advanced-释放
Beastmaster,Captured,ACRオーバーレイ,Text/RenderTextWrapped,释放##overlay-advanced-释放,リリース##overlay-advanced-释放
Beastmaster,Captured,ACRオーバーレイ,RenderTextWrapped,释放##overlay-advanced-释放,リリース##overlay-advanced-释放
Beastmaster,Captured,ACRオーバーレイ,RenderText,持续吸引##overlay-advanced-持续吸引,継続引きつけ##overlay-advanced-持续吸引
Beastmaster,Captured,ACRオーバーレイ,Text/RenderText,持续吸引##overlay-advanced-持续吸引,継続引きつけ##overlay-advanced-持续吸引
Beastmaster,Captured,ACRオーバーレイ,Text/RenderTextWrapped,持续吸引##overlay-advanced-持续吸引,継続引きつけ##overlay-advanced-持续吸引
Beastmaster,Captured,ACRオーバーレイ,RenderTextWrapped,持续吸引##overlay-advanced-持续吸引,継続引きつけ##overlay-advanced-持续吸引
Beastmaster,Captured,ACRオーバーレイ,RenderText,持续挑衅##overlay-advanced-持续挑衅,継続挑発##overlay-advanced-持续挑衅
Beastmaster,Captured,ACRオーバーレイ,Text/RenderText,持续挑衅##overlay-advanced-持续挑衅,継続挑発##overlay-advanced-持续挑衅
Beastmaster,Captured,ACRオーバーレイ,Text/RenderTextWrapped,持续挑衅##overlay-advanced-持续挑衅,継続挑発##overlay-advanced-持续挑衅
Beastmaster,Captured,ACRオーバーレイ,RenderTextWrapped,持续挑衅##overlay-advanced-持续挑衅,継続挑発##overlay-advanced-持续挑衅
Beastmaster,Captured,ACRオーバーレイ,RenderText,安全盾牌##overlay-advanced-安全盾牌,セーフティシールド##overlay-advanced-安全盾牌
Beastmaster,Captured,ACRオーバーレイ,Text/RenderText,安全盾牌##overlay-advanced-安全盾牌,セーフティシールド##overlay-advanced-安全盾牌
Beastmaster,Captured,ACRオーバーレイ,Text/RenderTextWrapped,安全盾牌##overlay-advanced-安全盾牌,セーフティシールド##overlay-advanced-安全盾牌
Beastmaster,Captured,ACRオーバーレイ,RenderTextWrapped,安全盾牌##overlay-advanced-安全盾牌,セーフティシールド##overlay-advanced-安全盾牌
