Plugin,Menu,Section,Type,English,Japanese
"BMR","","","","""Close retainer list and disable plugin"" option for 3 previous settings is enforced during MultiMode operation.","前3項目では、Multi Mode動作中は「リテイナー一覧を閉じてプラグインを無効化」が強制されます。"
"BMR","","","","(H) アルフィノ",""
"BMR","","","","(not installed)","（未インストール）"
"BMR","","","","(R) クルル",""
"BMR","","","","(T) ウクラマト",""
"BMR","","","","* Items that already in other lists WILL BE MOVED to Discard List","※ 他のリストに登録済みのアイテムは破棄リストへ移動します"
"BMR","","","","* Items that already in other lists WILL BE MOVED to Unconditional Sell List","※ 他のリストに登録済みのアイテムは無条件売却リストへ移動します"
"BMR","","","","* Items that already in Unconditional Sell List or Discard List WILL NOT BE ADDED to Quick Venture Sell List","※ 無条件売却リストまたは破棄リストに登録済みのアイテムは、ほりだしもの依頼売却リストには追加されません"
"BMR","","","","+ right click","+ 右クリック"
"BMR","","","","- Also pause ChillFrames plugin","- ChillFramesプラグインも一時停止"
"BMR","","","","- Also remove general FPS restriction","- 通常のFPS制限も解除"
"BMR","","","","...to apartment","…アパルトメントへ"
"BMR","","","","...to free company house","…FCハウスへ"
"BMR","","","","...to private house","…個人宅へ"
"BMR","","","","...to shared estate","…シェアハウスへ"
"BMR","","","","/bmr ar clear: Clear current preset; autorotation will do nothing unless plan is active",""
"BMR","","","","/bmr ar disable: Force disable autorotation; no actions will be executed automatically even if plan is active.",""
"BMR","","","","/bmr ar set Preset: Start executing specified preset.",""
"BMR","","","","/bmr ar toggle Preset: Start executing specified preset unless it's already active; clear otherwise",""
"BMR","","","","/bmr ar toggle: Force disable autorotation if not already; otherwise clear overrides.",""
"BMR","","","","/bmr ar ui: Toggle autorotation ui.",""
"BMR","","","","/bmr cfg: Lists all configs.",""
"BMR","","","","/bmr d: Opens the debug menu.",""
"BMR","","","","/bmr gc: Triggers the garbage collection.",""
"BMR","","","","/bmr r on/off: Starts/stops recording a replay.",""
"BMR","","","","/bmr r: Opens the replay menu.",""
"BMR","","","","/bmr radar on/off: Sets radar display to on or off.",""
"BMR","","","","/bmr radar: toggles radar display",""
"BMR","","","","/bmr resetcolors: Resets all colors to their default values.",""
"BMR","","","","/bmr restorerotation: Toggle restore character orientation after action use setting.",""
"BMR","","","","/bmrai follow name: Follows the specified party member by name.",""
"BMR","","","","/bmrai follow slotX: Follows the specified slot, eg. Slot1.",""
"BMR","","","","/bmrai followcombat on/off: Sets following following during combat to on or off.",""
"BMR","","","","/bmrai followcombat: Toggles following during combat.",""
"BMR","","","","/bmrai followmodule on/off: Sets following following during active boss module to on or off.",""
"BMR","","","","/bmrai followmodule: Toggles following during active boss module.",""
"BMR","","","","/bmrai followoutofcombat on/off: Sets following target out of combat to on or off.",""
"BMR","","","","/bmrai followoutofcombat: Toggles following during out of combat.",""
"BMR","","","","/bmrai followtarget on/off: Sets following target during combat to on or off.",""
"BMR","","","","/bmrai followtarget: Toggles following targets during combat.",""
"BMR","","","","/bmrai forbidactions on/off: Sets forbid actions to on or off. (only for autorotation)",""
"BMR","","","","/bmrai forbidactions: Toggles the forbidding of actions. (only for autorotation)",""
"BMR","","","","/bmrai forbidmovement on/off: Sets forbid movement to on or off.",""
"BMR","","","","/bmrai forbidmovement: Toggles the forbidding of movement.",""
"BMR","","","","/bmrai idlewhilemounted on/off: Sets idle while mounted to on or off.",""
"BMR","","","","/bmrai idlewhilemounted: Toggles the idling while mounted.",""
"BMR","","","","/bmrai manualtarget on/off: Sets manual targeting during combat to on or off.",""
"BMR","","","","/bmrai manualtarget: Toggles manual targeting during combat.",""
"BMR","","","","/bmrai maxdistanceslot X: Sets max distance to slot. (default = 1)",""
"BMR","","","","/bmrai maxdistancetarget X: Sets max distance to target. (default = 2.6)",""
"BMR","","","","/bmrai mindistance X: Sets min distance to hitbox. (default = 0)",""
"BMR","","","","/bmrai movedelay X: Sets AI movement decision delay. (default = 0)",""
"BMR","","","","/bmrai obstaclemaps: Toggles loading obstacle maps.",""
"BMR","","","","/bmrai off: Disables the AI.",""
"BMR","","","","/bmrai on: Enables the AI.",""
"BMR","","","","/bmrai positional X: Switch to positional when following targets. (any, rear, flank, front)",""
"BMR","","","","/bmrai prefdistance X: Sets preferred distance to forbidden zones. (default = 0)",""
"BMR","","","","/bmrai targetmaster: Toggles the focus on target leader.",""
"BMR","","","","/bmrai toggle: Toggles the AI on/off.",""
"BMR","","","","/bmrai ui: Toggles the AI menu.",""
"BMR","","","","12番ルートのランタンAIを有効化###Enable path 12 lantern AI",""
"BMR","","","","2+0: first towers are soaked by short color and 0 unstable; they both then go north for second towers","2+0：1回目の塔は短い色＋不安定0が処理し、2回目は2人とも北の塔へ移動"
"BMR","","","","2+1: first towers are soaked by short color and 1 unstable; they both then go to different second towers","2+1：1回目の塔は短い色＋不安定1が処理し、2回目は2人が別々の塔へ移動"
"BMR","","","","3Dワールド上のビルボードアイコンサイズを変更します。",""
"BMR","","","","3Dワールド上のビルボード文字サイズを変更します。",""
"BMR","","","","A Realm Reborn",""
"BMR","BMR Settings","","","About","このプラグインについて"
"BMR","","","","Absolute Authority: ignore flares, stack together","Absolute Authority：フレアを無視して集合"
"BMR","","","","Access summoning bell/workshop panel keybinds","呼び鈴／カンパニークラフト設備へアクセスするキー設定"
"BMR","","","","Act 4: go 1/8 CCW to soak tower with dark debuff","Act 4：反時計回りに1/8周移動し、闇デバフ持ちで塔を処理"
"BMR","","","","Act 4: go 3/8 CCW to break water tether","Act 4：反時計回りに3/8周移動し、水の線を切る"
"BMR","","","","Action on accessing retainer bell if any ventures available:","完了したリテイナー依頼がある状態で呼び鈴へアクセスした時の動作："
"BMR","","","","Action on accessing retainer bell if no ventures available:","完了したリテイナー依頼がない状態で呼び鈴へアクセスした時の動作："
"BMR","Action tweaks","","","Action tweaks","アクション調整"
"BMR","","","","Actions:","操作："
"BMR","","","","Activate night mode","ナイトモードを有効化"
"BMR","","","","Activation Time","有効化時刻"
"BMR","Boss modules and radar","Radar","","Actor triangle scale factor","キャラクター三角形の表示倍率"
"BMR","","","","Add","追加"
"BMR","","","","Add new plan","新しいプランを追加"
"BMR","Boss modules and radar","Radar","","Add opaque background to the arena in the radar","レーダー内アリーナに不透明背景を追加"
"BMR","","","","Add phase priorities for autorotation (from highest to lowest):","雑魚フェーズの自動回し優先順位（上ほど優先）："
"BMR","","","","Additional amount of seconds that will be subtracted from venture ending time to help mitigate possible issues of time desynchronization between the game and your PC.","ゲームとPCの時刻ずれによる問題を軽減するため、リテイナー依頼の終了時刻から差し引く追加秒数です。"
"BMR","","","","Additional Interaction Delay, frames","追加インタラクション遅延（フレーム）"
"BMR","","","","Advance Relog Threshold","事前リログしきい値"
"BMR","","","","Advance Relog Threshold, seconds","事前リログしきい値（秒）"
"BMR","","","","Advanced","詳細設定"
"BMR","","","","Advanced - Character Synchronization","詳細設定 - キャラクター同期"
"BMR","","","","Advanced - Log","詳細設定 - ログ"
"BMR","","","","AI",""
"BMR","","","","AI:",""
"BMR","","","","Alert Settings","通知設定"
"BMR","Action tweaks","","","Align Aetherial Shift with camera direction","エーテリアルシフトをカメラ方向に合わせる"
"BMR","","","","Align dash actions with camera direction (Lost Swift, Occult Featherfoot, etc)","ダッシュ系アクションをカメラ方向に合わせる（Lost Swift、Occult Featherfootなど）"
"BMR","Action tweaks","","","Align En Avant with camera direction","アン・アヴァンをカメラ方向に合わせる"
"BMR","Action tweaks","","","Align Hell's Egress/Ingress with camera direction","ヘルズイーグレス／ヘルズイングレスをカメラ方向に合わせる"
"BMR","Action tweaks","","","Align Smudge with camera direction","スマッジをカメラ方向に合わせる"
"BMR","","","","All Categories","すべてのカテゴリ"
"BMR","","","","All prey roles rotate clockwise","対象ロールは全員時計回り"
"BMR","","","","All prey roles rotate counterclockwise","対象ロールは全員反時計回り"
"BMR","","","","Alliance",""
"BMR","","","","Allow drawing text and icon billboards into the 3D world","3D空間へのテキスト・アイコン表示を許可"
"BMR","","","","Allow entering shared houses","シェアハウスへの入室を許可"
"BMR","","","","Allow extra low FPS limiter values","非常に低いFPS制限値を許可"
"BMR","Action tweaks","","","Allow forbidding targets","攻撃禁止対象の指定を許可"
"BMR","","","","Allow manual command invocation while AutoRetainer locked in postprocess. ","AutoRetainerが後処理でロック中でも手動コマンド実行を許可します。"
"BMR","Boss modules and radar","Boss modules","","Allow modules to automatically use actions","モジュールによるアクション自動使用を許可"
"BMR","","","","Allow operating on retainers without a job","クラス／ジョブ未設定のリテイナー操作を許可"
"BMR","","","","Allow selling/discarding items from Armory Chest","アーマリーチェスト内アイテムの売却／破棄を許可"
"BMR","","","","Allow this character to purchase fuel from workshop","このキャラクターでカンパニークラフト設備から燃料を購入可能にする"
"BMR","","","","Allow venture timer to display negative values","リテイナー依頼タイマーのマイナス表示を許可"
"BMR","","","","Allows teleporting to houses without registering them in Lifestream. Note: the Lifestream plugin is still required for teleportation to work.

Warning: This option is less reliable than registering your houses in Lifestream. Use it only if necessary.","ハウスをLifestreamに登録していなくてもテレポできるようにします。なお、テレポ機能を使うにはLifestreamプラグイン自体は必要です。

警告：この方法はLifestreamへハウスを登録する方法より安定性が低いため、必要な場合のみ使用してください。"
"BMR","","","","Allows you to time specific abilities to cast at specific times.",""
"BMR","Action tweaks","","","Alt","Alt"
"BMR","","","","Alt - delete from any list","Alt - すべてのリストから削除"
"BMR","Boss modules and radar","Radar","","Always show all alive party members","生存中のPTメンバーを常に全員表示"
"BMR","Boss modules and radar","Radar","","Always show focus targeted party member","フォーカスターゲット中のPTメンバーを常に表示"
"BMR","","","","Always use preferred direction","常に優先方向を使用"
"BMR","","","","Amdapor Keep",""
"BMR","BMR Settings","","","Anemos","アネモス"
"BMR","Action tweaks","","","Animation lock max. simulated delay (read tooltip!)","アニメーションロックの最大疑似遅延（ツールチップ要確認）"
"BMR","","","","Anonymise Retainers","リテイナー名を匿名化"
"BMR","","","","Anonymize replays","リプレイを匿名化"
"BMR","","","","Any","任意"
"BMR","","","","AOE内へのダッシュをできるだけ防止###Try to prevent dashing into AOEs",""
"BMR","Action tweaks","","","Apply to all dashes, not just gap closers","接近技だけでなく全てのダッシュに適用"
"BMR","","","","Arena: background",""
"BMR","","","","Arena: border",""
"BMR","","","","Arena: enemy",""
"BMR","","","","Arena: future vulnerable",""
"BMR","","","","Arena: generic/irrelevant caster",""
"BMR","","","","Arena: generic/irrelevant focus target",""
"BMR","","","","Arena: generic/irrelevant healer",""
"BMR","","","","Arena: generic/irrelevant melee",""
"BMR","","","","Arena: generic/irrelevant phys. ranged",""
"BMR","","","","Arena: generic/irrelevant player (can be overridden by role-specific colors, depending on settings)",""
"BMR","","","","Arena: generic/irrelevant tank",""
"BMR","","","","Arena: interesting player, important for a mechanic",""
"BMR","","","","Arena: light",""
"BMR","","","","Arena: melee range indicator",""
"BMR","","","","Arena: non-enemy important object (untargetable origin of a tether, interactible object, etc)",""
"BMR","","","","Arena: other 0",""
"BMR","","","","Arena: other 1",""
"BMR","","","","Arena: other 2",""
"BMR","","","","Arena: other 3",""
"BMR","","","","Arena: other 4",""
"BMR","","","","Arena: other 5",""
"BMR","","","","Arena: other 6",""
"BMR","","","","Arena: other 7",""
"BMR","","","","Arena: other 8",""
"BMR","","","","Arena: player character",""
"BMR","","","","Arena: player not in current party/alliance (usually not drawn on map)",""
"BMR","","","","Arena: trap",""
"BMR","","","","Arena: typical danger foreground element (tether, etc)",""
"BMR","","","","Arena: typical danger zone (AOE)",""
"BMR","","","","Arena: typical safe foreground element (tether, etc)",""
"BMR","","","","Arena: typical safe zone",""
"BMR","","","","Arena: vulnerable, needs special attention",""
"BMR","","","","Armor","防具"
"BMR","","","","Armory chest: ","アーマリーチェスト："
"BMR","","","","Artisan integration","Artisan連携"
"BMR","","","","Assign + Reassign","依頼設定＋再依頼"
"BMR","","","","Assign closest unambiguous inner tower","担当が明確な内側の塔のうち、最も近い塔を割り当て"
"BMR","","","","Assign first CW tower that is not assigned to someone closer","時計回りに見て、より近い人へ割り当て済みでない最初の塔を担当"
"BMR","","","","Assume G1 left, G2 right when looking at boss from arena center","中央からボスを見てG1左・G2右として扱う"
"BMR","","","","Assume G1 right, G2 left when looking at boss from arena center","中央からボスを見てG1右・G2左として扱う"
"BMR","","","","Attempt to adjust Idyllic Dream tower logic to mistakes","Idyllic Dreamの塔処理を、途中のミスに合わせて補正"
"BMR","","","","Attempt to enter house on login even when Multi Mode is disabled","Multi Modeが無効でもログイン時にハウスへの入室を試行"
"BMR","","","","Auto AFK timer","自動AFKタイマー"
"BMR","Action tweaks","","","Auto misdirection: prevent movement under misdirection if angle between normal movement and misdirected is greater than this threshold (set to 180 to disable).","ミスディレクション自動対策：通常移動方向と誤誘導後の方向差がこの角度を超える場合は移動を防止（180で無効）"
"BMR","","","","Auto record in Duty Recorder replays","コンテンツリプレイに自動記録"
"BMR","","","","Auto record replays on duty start/end or outdoor module start/end","コンテンツ／フィールドモジュールの開始・終了時にリプレイを自動記録"
"BMR","Action tweaks","","","Auto use Peloton when moving out of combat","非戦闘時の移動中にプロトンを自動使用"
"BMR","","","","Auto-Assign Roles","ロールを自動割り当て"
"BMR","","","","Auto-buy Ceruleum Tanks after entering Workshop:","カンパニークラフト設備へ入った後、青燐水バレルを自動購入："
"BMR","","","","Auto-close and retry logging in on connection errors","接続エラー時に自動で閉じてログインを再試行"
"BMR","BMR Settings","","","Auto-DeepDungeon (Experimental)","ディープダンジョン自動化（実験機能）"
"BMR","","","","Auto-desynth items","アイテムを自動分解"
"BMR","","","","Auto-detect new key","新しいキーを自動検出"
"BMR","","","","Auto-disable plugin when closing retainer list","リテイナー一覧を閉じた時にプラグインを自動無効化"
"BMR","","","","Auto-open venture coffers","リテイナーベンチャー箱を自動開封"
"BMR","","","","Automates movement during boss fights.",""
"BMR","","","","Automatic Grand Company Expert Delivery","グランドカンパニー希少品調達の自動納品"
"BMR","","","","Automatic mob targeting behavior","敵の自動ターゲット方針"
"BMR","Action tweaks","","","Automatic out-of-combat utility actions","非戦闘時の自動ユーティリティ"
"BMR","","","","Automatic pomander usage","魔土器の自動使用"
"BMR","Action tweaks","","","Automatic target selection for ground-targeted abilities","グラウンドターゲットアクションの対象を自動選択"
"BMR","","","","Automatically assign roles on zone change","ゾーン移動時にロールを自動割り当て"
"BMR","","","","Automatically assigns enabled retainers to a Quick Venture if they have none already in progress and reassigns current venture.","有効なリテイナーに進行中の依頼がなければ「ほりだしもの依頼」を自動設定し、進行中の依頼も再依頼します。"
"BMR","Action tweaks","Smart character orientation","","Automatically avoid gazes","視線攻撃を自動回避"
"BMR","Action tweaks","","","Automatically cancel a cast when target is dead","対象が死亡したら詠唱を自動キャンセル"
"BMR","Autorotation","","","Automatically disable autorotation if a Luring Trap is triggered","誘引の罠が発動したら自動回しを自動停止"
"BMR","Autorotation","","","Automatically disable autorotation on death","死亡時に自動回しを自動停止"
"BMR","Autorotation","","","Automatically disable autorotation when exiting combat","戦闘終了時に自動回しを自動停止"
"BMR","Action tweaks","","","Automatically dismount to execute actions","アクション実行時に自動でマウントを降りる"
"BMR","Action tweaks","","","Automatically manage auto attacks","オートアタックを自動管理"
"BMR","","","","Automatically moves your character based on safe zones determined by a boss's module, visible on the radar.",""
"BMR","","","","Automatically navigate to Cairn of Passage","転移の石塔へ自動移動"
"BMR","","","","Automatically navigate to coffers","宝箱へ自動移動"
"BMR","Autorotation","","","Automatically reenable force-disabled autorotation when exiting combat","戦闘終了時、強制停止された自動回しを自動で再有効化"
"BMR","BMR Settings","","","Automovement","自動移動"
"BMR","","","","AutoRetainer (has testing version)","AutoRetainer（テスト版あり）"
"BMR","","","","AutoRetainer will automatically enable itself when the player is within interaction range of a Summoning Bell. You must remain stationary or the activation will be cancelled.","呼び鈴の操作範囲に入るとAutoRetainerを自動で有効化します。移動すると有効化はキャンセルされます。"
"BMR","","","","AutoRetainer will wait for all retainers to return before cycling to the next character in multi mode operation.","Multi Modeで次のキャラクターへ移る前に、すべてのリテイナー依頼が完了するまで待機します。"
"BMR","","","","AutoRetainer will wait until all enabled retainers have completed their ventures. After that this setting will be disabled automatically and all characters will be processed.","有効なすべてのリテイナー依頼が完了するまで待機します。完了後、この設定は自動で無効化され、全キャラクターの処理を再開します。"
"BMR","","","","AutoRetainer won't sell, desynthese, discard or hand in to Grand Company these items, even if they are included in any other processing lists.","このリストのアイテムは、他の処理リストに含まれていても売却・分解・破棄・GC納品しません。"
"BMR","","","","Autorotation",""
"BMR","Autorotation","","","Autorotation (Unsupported by Combat Reborn)","自動回し（Combat Rebornではサポート対象外）"
"BMR","","","","Autorotation commands:",""
"BMR","BMR Settings","","","Autorotation presets","自動回しプリセット"
"BMR","","","","Available Commands:",""
"BMR","BMR Settings","Tooltip","","Avoid known trap locations sourced from PalacePal data. Does not need PalacePal installed since data is included in BMR. (Traps revealed by a Pomander of Sight will always be avoided regardless of this setting.)","PalacePal由来の既知の罠位置を回避します。データはBMRに含まれているためPalacePalの導入は不要です。（サイトロで見えるようになった罠は、この設定に関係なく常に回避します。）"
"BMR","","","","Bailout Module","復帰処理モジュール"
"BMR","","","","Banana Codex (west = north)","Banana Codex（西を基準北として扱う）"
"BMR","","","","Behavior","動作"
"BMR","","","","Billboard height offset","ビルボードの高さオフセット"
"BMR","","","","Blue Mage",""
"BMR","BMR Settings","","","Boss modules and radar","ボスモジュールとレーダー"
"BMR","","","","BossMod Wiki",""
"BMR","","","","BossModReborn (BMR) provides boss fight radar, auto-rotation, cooldown planning, and AI. All of its modules can be toggled individually. Support for it can be found in the Discord server linked at the bottom of this tab.",""
"BMR","","","","BossModReborn GitHub",""
"BMR","BMR Settings","","","Bozja","ボズヤ"
"BMR","BMR Settings","","","Bozja duel farming","ボズヤ一騎打ち周回"
"BMR","","","","Brayflox's Longstop",""
"BMR","","","","Broadcast keypresses to other windows","キー入力を他のウィンドウへ送信"
"BMR","","","","Button push colors 0",""
"BMR","","","","Button push colors 1",""
"BMR","","","","Button push colors 2",""
"BMR","","","","Button push colors 3",""
"BMR","","","","Button push colors 4",""
"BMR","","","","Button push colors 5",""
"BMR","","","","Buy until this amount in inventory","所持数がこの数になるまで購入"
"BMR","","","","By level:","レベル別："
"BMR","","","","C033SStatice","C033SStatice"
"BMR","Action tweaks","","","Camera-relative, backwards","カメラ基準・後方"
"BMR","Action tweaks","","","Camera-relative, forwards","カメラ基準・前方"
"BMR","","","","Can be hooked by other plugins to automate entire duties.",""
"BMR","BMR Settings","Tooltip","","Can cause hitching on some computers. Only enable it if it is actually needed! It is only useful for multiboxers.","一部のPCではカクつきの原因になる場合があります。本当に必要な場合だけ有効にしてください。複数クライアント運用時のみ有用です。"
"BMR","Boss modules and radar","Radar","","Cardinal direction font size","方角名の文字サイズ"
"BMR","","","","Cardinal: East",""
"BMR","","","","Cardinal: North",""
"BMR","","","","Cardinal: South",""
"BMR","","","","Cardinal: West",""
"BMR","Action tweaks","","","Cast at current mouse position","現在のマウス位置に使用"
"BMR","Action tweaks","","","Cast at selected target's position","選択中ターゲットの位置に使用"
"BMR","","","","Castrum Meridianum",""
"BMR","","","","CCW","反時計回り"
"BMR","","","","CCW (leftmost, if facing outside)","反時計回り（外向き時は左端）"
"BMR","","","","Ceruleum","青燐水バレル"
"BMR","","","","Ch01CloudOfDarkness","Ch01CloudOfDarkness"
"BMR","Boss modules and radar","Radar","","Change arena border color if player is at risk","プレイヤーが危険な場合にアリーナ境界色を変更"
"BMR","BMR Settings","Tooltip","","Change icon size of 3D world billboards","3Dワールド上のビルボードアイコンサイズを変更します。"
"BMR","BMR Settings","Tooltip","","Change text size of 3D world billboards","3Dワールド上のビルボード文字サイズを変更します。"
"BMR","","","","Changes the behavior of ""Wait for Voyage Completion"" (both global and per-character) so that AutoRetainer no longer resends individual submarines while already logged in. Instead, it will wait until all submarines have returned before taking action.","「探索完了まで待機」（全体設定・キャラクター別設定）の動作を変更します。ログイン中に帰還済みの潜水艦だけを個別に再出航せず、すべての潜水艦が帰還するまで待ってから処理します。"
"BMR","Boss modules and radar","Radar","","Changes the white border to red when you are standing somewhere you are likely to be hit by a mechanic","ギミックに被弾しそうな位置にいる場合、白いアリーナ境界線を赤色へ変更します。"
"BMR","","","","Chaotic Alliance Raid",""
"BMR","","","","Character Configuration","キャラクター設定"
"BMR","","","","Character Order","キャラクター順"
"BMR","","","","Character sorting in Deployables tab","潜水艦／飛空艇タブのキャラクター並び順"
"BMR","","","","Character sorting in Retainer tab","リテイナータブのキャラクター並び順"
"BMR","","","","Character Synchronization","キャラクター同期"
"BMR","Action tweaks","","","Character-relative, forwards","キャラクター基準・前方"
"BMR","","","","Characters that have completed ventures longer time ago will be checked first","リテイナー依頼の完了から時間が経っているキャラクターを優先します"
"BMR","","","","Characters with retainers that can be levelled up will be done first; then, characters with retainers at max level; and then characters with retainers less than max level and level capped.","レベルアップ可能なリテイナーがいるキャラクターを最優先し、次に最大レベルのリテイナーがいるキャラクター、最後にレベル上限に達している未最大レベルのリテイナーがいるキャラクターを処理します。"
"BMR","","","","Check frequency, hours","確認間隔（時間）"
"BMR","","","","Cleanup ghost retainers","存在しないリテイナー情報を整理"
"BMR","BMR Settings","","","Clear","クリア"
"BMR","","","","Click to automatically assign party roles based on job and party order","クリックしてジョブとPT順に基づきロールを自動割り当て"
"BMR","","","","Clone Relative","分身基準"
"BMR","","","","Close retainer list and disable plugin","リテイナー一覧を閉じてプラグインを無効化"
"BMR","","","","Close retainer list and keep plugin enabled","リテイナー一覧を閉じてプラグインを有効のままにする"
"BMR","","","","Collect","受取のみ"
"BMR","","","","Collect and assign ventures to your retainers from the comfort of your bed.","リテイナー依頼の受取と再依頼を自動化します。"
"BMR","","","","Collision debug colors 0",""
"BMR","","","","Collision debug colors 1",""
"BMR","","","","Collision debug colors 2",""
"BMR","BMR Settings","","","Color scheme","配色"
"BMR","","","","Combat Reborn Discord",""
"BMR","","","","Common Settings","共通設定"
"BMR","","","","Configurations:","設定："
"BMR","","","","Configure Character","キャラクター設定"
"BMR","Action tweaks","","","Configures the maximum simulated delay in milliseconds when using animation lock removal - this is required and cannot be reduced to zero. Setting this to 20ms will enable triple-weaving when using autorotation. The minimum setting to remove triple-weaving is 26ms. The minimum of 20ms has been accepted by FFLogs and should not cause issues with your logs.","アニメーションロック軽減使用時の最大疑似遅延をミリ秒単位で設定します。0にはできません。20msでは自動回し時に3アビ挟みが可能になります。3アビ挟みを防ぐ最小値は26msです。20msはFFLogsで許容されており、通常ログ上の問題はありません。"
"BMR","Action tweaks","","","Control","Ctrl"
"BMR","","","","Cooldown planner",""
"BMR","","","","Copperbell Mines",""
"BMR","","","","Copy",""
"BMR","","","","Copy all","すべてコピー"
"BMR","","","","Creates a CD plan for supported bosses.",""
"BMR","Action tweaks","","","Cross-class actions","クラス共通アクション"
"BMR","","","","Ctrl - add to Unconditional Sell List","Ctrl - 無条件売却リストへ追加"
"BMR","","","","Currently: Can shutdown
Remaining for force shutdown: 0","現在：終了可能
強制終了まで：0"
"BMR","","","","Curtain call: DD break debuff first","Curtain Call：DPSが先にデバフを切る"
"BMR","","","","Cutter's Cry",""
"BMR","","","","CW","時計回り"
"BMR","","","","CW (rightmost, if facing outside)","時計回り（外向き時は右端）"
"BMR","","","","dalamud.logへの出力時、他プレイヤーのパケットを無視###Ignore packets for other players when dumping to dalamud.log",""
"BMR","","","","Darts 2: supports relative west, dd relative east","Darts 2：サポートは西基準、DPSは東基準"
"BMR","","","","DataCenter","データセンター"
"BMR","","","","Dawntrail","黄金のレガシー"
"BMR","","","","DD","DPS"
"BMR","","","","Deep Dungeons",""
"BMR","","","","Default Plan","既定プラン"
"BMR","Action tweaks","","","Delay Thunderclap if already in melee range of target","すでに近接距離なら抜重歩法の使用を遅らせる"
"BMR","","","","Delay, seconds","遅延（秒）"
"BMR","","","","Delays","遅延設定"
"BMR","","","","Delete",""
"BMR","","","","Deliver eligible items into Armoire when in Multi Mode","Multi Mode中、対象アイテムを愛蔵品キャビネットへ収納"
"BMR","","","","Deliver eligible items into glamour dresser while in Multi Mode (requires Glamour log plugin)","Multi Mode中、対象アイテムをミラージュドレッサーへ収納（Glamour logが必要）"
"BMR","","","","Demo mode","デモモード"
"BMR","","","","Deployables","潜水艦／飛空艇"
"BMR","","","","Deployables list: remaining fuel warning","潜水艦／飛空艇一覧：燃料残量警告"
"BMR","","","","Deployables list: remaining inventory slots warning","潜水艦／飛空艇一覧：残り所持枠警告"
"BMR","","","","Deployables list: remaining repair kit warning","潜水艦／飛空艇一覧：修理材残量警告"
"BMR","","","","Desired positional when following target","追従対象に対する希望位置"
"BMR","","","","Desynthese","分解"
"BMR","BMR Settings","","","Developer settings","開発者設定"
"BMR","","","","Disable AutoRetainer","AutoRetainerを無効化"
"BMR","Autorotation","","","Disable autorotation if the boss is pulled without a countdown","カウントダウンなしでボス戦が始まったら自動回しを停止"
"BMR","","","","Disable DoTs on non-boss floors (only affects BMR autorotation)","ボス以外の階層ではDoTを使用しない（BMR自動回しのみ）"
"BMR","","","","Disable loading obstacle maps","障害物マップの読み込みを無効化"
"BMR","","","","Disable Multi Mode on Manual Login","手動ログイン時にMulti Modeを無効化"
"BMR","","","","Disable Render","描画を無効化"
"BMR","","","","Disable Render when in Multi Mode","Multi Mode中は描画を無効化"
"BMR","","","","Disable sorting and collapsing/expanding","並び替えと折りたたみ／展開を無効化"
"BMR","Action tweaks","","","Disabled","無効"
"BMR","","","","Disables world rendering while in Multi Mode.","Multi Mode中、ゲームワールドの描画を無効化します。"
"BMR","","","","Discard List","破棄リスト"
"BMR","","","","Display deployables checkbox in workshop","カンパニークラフト設備に潜水艦／飛空艇チェックを表示"
"BMR","","","","Display Extended Retainer Info","リテイナー詳細情報を表示"
"BMR","","","","Display hidden characters when searching","検索時に非表示キャラクターも表示"
"BMR","","","","Display Login Overlay","ログインオーバーレイを表示"
"BMR","","","","Display multi mode type selector","Multi Modeの種類選択を表示"
"BMR","","","","Display notification in game chat","ゲーム内チャットに通知を表示"
"BMR","","","","Display only most significant icon in status bar","ステータスバーには最も重要なアイコンだけ表示"
"BMR","","","","Display overlay notification if one of retainers has completed a venture","リテイナー依頼完了時にオーバーレイ通知を表示"
"BMR","","","","Display Quick Menu in Retainer UI","リテイナーUIにクイックメニューを表示"
"BMR","","","","Displays retainer item level/gathering/perception and the name of their current venture in the main UI.","メインUIにリテイナーのIL／獲得力／識質力と現在の依頼名を表示します。"
"BMR","","","","DMU","DMU"
"BMR","","","","DN","DN"
"BMR","","","","DN (true north)","DN（真北基準）"
"BMR","","","","DNC",""
"BMR","","","","Do deployables in Night mode","ナイトモードで潜水艦／飛空艇を処理"
"BMR","","","","Do not close AutoRetainer windows on ESC key press","ESCキーでAutoRetainerのウィンドウを閉じない"
"BMR","","","","Do not display overlay in duty or combat","コンテンツ中または戦闘中はオーバーレイを表示しない"
"BMR","","","","Do not error check venture planner","リテイナー依頼プランナーのエラーチェックを行わない"
"BMR","","","","Do not notify if AutoRetainer is enabled or MultiMode is running","AutoRetainer有効中またはMulti Mode実行中は通知しない"
"BMR","","","","Do not reset Preferred Character on Manual Login","手動ログイン時に優先キャラクターをリセットしない"
"BMR","","","","Do not show plugin status icons","プラグイン状態アイコンを表示しない"
"BMR","","","","Do not teleport or enter house for retainers when already next to bell","すでに呼び鈴の近くにいる場合、リテイナー処理のためのテレポ／入室を行わない"
"BMR","Action tweaks","","","Do NOT use with XivAlexander or NoClippy - this should automatically disable itself if they are detected, but double check first!","XivAlexander / NoClippyとは併用しないでください。検出時は自動で無効化される想定ですが、必ず確認してください。"
"BMR","","","","Do not warn about second game instance running from same directory","同じフォルダーから2つ目のゲームを起動していても警告しない"
"BMR","","","","Do nothing","何もしない"
"BMR","","","","Do retainers in Night mode","ナイトモードでリテイナーを処理"
"BMR","","","","Don't assume any order","順番を固定しない"
"BMR","","","","Don't flash background of characters that are complete","処理完了キャラクターの背景を点滅させない"
"BMR","","","","Don't show any hints","ヒントを表示しない"
"BMR","","","","Don't shutdown if there are deployables that return within this amount of hours","この時間以内に帰還する潜水艦／飛空艇がある場合は終了しない"
"BMR","","","","Don't try to assign inner towers","内側塔を割り当てない"
"BMR","","","","Don't try to assign outer towers","外側塔を割り当てない"
"BMR","","","","Draw moving exaflare pattern","移動するエクサフレアパターンを描画"
"BMR","Full duty automation","","","Draw waypoints in game world","ゲーム画面上にウェイポイントを表示"
"BMR","","","","DRG",""
"BMR","","","","DSW1","DSW1"
"BMR","","","","DSW2","DSW2"
"BMR","","","","Dummy modules, dev work only.","ダミーモジュール（開発用のみ）"
"BMR","","","","Dump client packets into dalamud.log","クライアントパケットをdalamud.logへ出力"
"BMR","","","","Dump server packets into dalamud.log","サーバーパケットをdalamud.logへ出力"
"BMR","","","","Dungeons",""
"BMR","Action tweaks","","","Dynamically adjusts cooldown and animation locks to ensure queued actions resolve immediately regardless of framerate limitations","フレームレートの影響を抑え、先行入力したアクションがすぐ実行されるようリキャストとアニメーションロックを動的に調整します。"
"BMR","","","","Dzemael Darkhold",""
"BMR","","","","E/W always","常に東西"
"BMR","","","","E/W, unless both preys start at N & S","対象2名が南北開始の場合を除き東西"
"BMR","Autorotation","","","Early pull threshold","早釣り判定のしきい値"
"BMR","","","","Echo slash commands to chat","スラッシュコマンドをチャットへエコー表示"
"BMR","Action tweaks","","","Elusive Jump direction","イルーシブジャンプの方向"
"BMR","","","","Enable AI Hell In A Cell tower order (North CW / Hector)","AIのHell In A Cell塔順（北から時計回り／Hector）を有効化"
"BMR","","","","Enable AI static Aetherletting spread positions (NA / Hector)","AIのAetherletting固定散開（NA／Hector）を有効化"
"BMR","","","","Enable AI Undead Deathmatch (LP1 N/W)","AIのUndead Deathmatch処理（LP1北／西）を有効化"
"BMR","","","","Enable auto AFK","自動AFKを有効化"
"BMR","","","","Enable automatic components and plan change","パーツとプランの自動変更を有効化"
"BMR","Full duty automation","","","Enable automatic execution of quest battles / solo duties","クエストバトル／ソロコンテンツの自動実行を有効化"
"BMR","","","","Enable automatic sub registration","潜水艦の自動登録を有効化"
"BMR","","","","Enable AutoRetainer","AutoRetainerを有効化"
"BMR","","","","Enable bailout module","復帰処理モジュールを有効化"
"BMR","","","","Enable context menu integration","コンテキストメニュー連携を有効化"
"BMR","","","","Enable custom priority list","カスタム優先リストを有効化"
"BMR","","","","Enable deployables","潜水艦／飛空艇を有効化"
"BMR","","","","Enable Expert Delivery continuation","希少品調達の継続処理を有効化"
"BMR","","","","Enable lariat prediction","ラリアット予測を有効化"
"BMR","","","","Enable Manual relogs character postprocess","手動リログ後のキャラクター後処理を有効化"
"BMR","","","","Enable minimap","ミニマップを有効化"
"BMR","","","","Enable module","モジュールを有効化"
"BMR","","","","Enable Multi Mode Expert Delivery","Multi Mode希少品調達を有効化"
"BMR","","","","Enable Multi Mode on Game Boot","ゲーム起動時にMulti Modeを有効化"
"BMR","","","","Enable Multi Mode on Plugin Startup","プラグイン起動時にMulti Modeを有効化"
"BMR","","","","Enable path 12 lantern AI","12番ルートのランタンAIを有効化"
"BMR","","","","Enable projecting radar into the 3D world","レーダーを3D空間へ投影"
"BMR","Boss modules and radar","Radar","","Enable radar","レーダーを有効化"
"BMR","","","","Enable seed AOE prediction","SeedのAOE予測を有効化"
"BMR","","","","Enable selling items to housing NPC","ハウジングNPCへのアイテム売却を有効化"
"BMR","","","","Enable selling items to retainer","リテイナーへのアイテム売却を有効化"
"BMR","","","","Enable Simple Teleport","簡易テレポを有効化"
"BMR","","","","Enable title screen button (requires plugin restart)","タイトル画面ボタンを有効化（プラグイン再起動が必要）"
"BMR","Action tweaks","Smart character orientation","","Enabled","有効"
"BMR","","","","Enabled for supported bosses, visible in the ""Supported bosses"" tab.",""
"BMR","","","","Enabled in Settings > Show replay management UI (or enable auto recording).",""
"BMR","","","","Enabled vessel isn't deployed","有効な船が出航していません"
"BMR","BMR Settings","Tooltip","","Enables auto AFK if out of combat. While AFK AI will not use autorotation or target anything","非戦闘状態が続くと自動でAFKになります。AFK中はAIが自動回しやターゲット選択を行いません。"
"BMR","BMR Settings","","","Encounter-specific settings","コンテンツ別設定"
"BMR","","","","Endwalker","暁月のフィナーレ"
"BMR","","","","Enforce Full Character Rotation","全キャラクター巡回を強制"
"BMR","","","","Engravement of Souls 1: resolution hints","Engravement of Souls 1：処理ヒント"
"BMR","","","","Entrust Item:","預けるアイテム："
"BMR","","","","Entrust Manager","アイテム預け入れ管理"
"BMR","","","","EU meow braindead strategy using DN ZENITH markers","EU meow式（DN ZENITHマーカー使用）"
"BMR","","","","EU meow braindead strategy using markerless","EU meow式（マーカーなし）"
"BMR","BMR Settings","","","Eureka","エウレカ"
"BMR","","","","Even numbers north, odd numbers south","偶数は北、奇数は南"
"BMR","","","","Ex3QueenEternal","Ex3QueenEternal"
"BMR","","","","Ex4Zelenia","Ex4Zelenia"
"BMR","","","","Ex6GuardianArkveld","Ex6GuardianArkveld"
"BMR","Boss modules and radar","Boss modules","","Example: modules can automatically use anti-knockback abilities before a knockback happens","例：ノックバック発生前にノックバック無効アクションを自動使用できます。"
"BMR","","","","Exchange Lists","交換リスト"
"BMR","","","","Executes fully optimal rotations to the best of its ability.",""
"BMR","","","","Exit the game upon deployable completion","潜水艦／飛空艇の処理完了後にゲーム終了"
"BMR","","","","Experiments","試験機能"
"BMR","","","","Experiments - Night Mode","試験機能 - ナイトモード"
"BMR","","","","Experiments - Notifications","試験機能 - 通知"
"BMR","","","","Expert Settings","上級者向け設定"
"BMR","","","","Expert settings alter behavior that was intended by developer. Please check that your issue is not related to incorrectly configured expert settings.","上級者向け設定は開発者が想定した動作を変更します。不具合が設定ミスによるものではないか確認してください。"
"BMR","","","","Export",""
"BMR","","","","Export character and submarine list to CSV","キャラクターと潜水艦一覧をCSVへ出力"
"BMR","","","","Export only characters enabled for multi mode (otherwise - all)","Multi Mode有効キャラクターのみ出力（OFFなら全員）"
"BMR","","","","Export only enabled submarines (otherwise - all)","有効な潜水艦のみ出力（OFFならすべて）"
"BMR","","","","Export without character data","キャラクターデータなしで出力"
"BMR","","","","Extra Logging","詳細ログ"
"BMR","","","","Extreme",""
"BMR","","","","Fast Addition and Removal","一括追加／削除"
"BMR","","","","FATEs",""
"BMR","","","","FC Data","FCデータ"
"BMR","","","","Feather Ray NE","Feather Ray：北東"
"BMR","","","","Feather Ray NW","Feather Ray：北西"
"BMR","","","","Feather Ray SE","Feather Ray：南東"
"BMR","","","","Feather Ray SW","Feather Ray：南西"
"BMR","","","","Field Operations",""
"BMR","","","","Files are located in 'C:\Users\USER\AppData\Roaming\XIVLauncher\pluginConfigs\BossModReborn/replays'.",""
"BMR","","","","Finalize","帰還完了のみ"
"BMR","","","","Finalize all vessels before resending them","再出航前にすべての船を帰還完了状態にする"
"BMR","","","","Finish by purchasing items","最後にアイテムを購入"
"BMR","","","","First-party module created by the plugin author, or a third-party contributed module that was thoroughly verified.","作者作成の公式モジュール、または作者が十分に動作確認した外部提供モジュール。"
"BMR","","","","Flank","側面"
"BMR","","","","Flash taskbar","タスクバーを点滅"
"BMR","","","","Focus target master","マスターをフォーカスターゲット"
"BMR","","","","Follow during active boss module","ボスモジュール動作中も追従"
"BMR","","","","Follow during combat","戦闘中も追従"
"BMR","","","","Follow out of combat","非戦闘時も追従"
"BMR","","","","Follow party slot","追従するPTスロット"
"BMR","Autorotation","","","Follow RotationSolverReborn's desired positional","RotationSolverRebornが要求する側面／背面に従う"
"BMR","","","","Follow target","ターゲットを追従"
"BMR","","","","For","対象"
"BMR","","","","Forbid actions","アクションを禁止"
"BMR","Action tweaks","","","Forbid Harpe too early in prepull","戦闘開始前にハルパーを早く使いすぎない"
"BMR","","","","Forbid movement","移動を禁止"
"BMR","Action tweaks","","","Forbid tomahawk too early in prepull","戦闘開始前にトマホークを早く使いすぎない"
"BMR","","","","Force AI to target assigned head","AIの攻撃対象を、割り当てられた頭部に固定"
"BMR","","","","Force AI to target boss if no adds and no current target","雑魚がおらず現在のターゲットもない場合、AIにボスを狙わせる"
"BMR","","","","Force AI to target closest add when spawned","雑魚が出現したら、AIに最も近い雑魚を狙わせる"
"BMR","","","","Format for recorded logs","記録ログの形式"
"BMR","","","","FPS Limiter","FPS制限"
"BMR","","","","FPS Limiter is only active when Multi Mode is enabled","FPS制限はMulti Mode有効時のみ動作します"
"BMR","","","","Freaky arrow CW box (Merry Go Round)","Freaky矢印：時計回りボックス（Merry Go Round）"
"BMR","","","","Front","正面"
"BMR","","","","FRU","FRU"
"BMR","BMR Settings","","","Full duty automation","コンテンツ完全自動化"
"BMR","","","","Functions, Exclusions, Order","機能・除外・順序"
"BMR","Action tweaks","","","Game default (character-relative, backwards)","ゲーム標準（キャラクター基準・後方）"
"BMR","","","","Game startup","ゲーム起動"
"BMR","","","","game8 (JP)","game8 (JP)"
"BMR","","","","General Settings","一般設定"
"BMR","","","","Gil","ギル"
"BMR","","","","Gimme Cat P1","Gimme Cat P1"
"BMR","","","","Gimme Cat P3","Gimme Cat P3"
"BMR","","","","Gimme Cat P4","Gimme Cat P4"
"BMR","Boss modules and radar","Radar","","Give radar extra space for rotations","回転用にレーダー周囲へ余白を追加"
"BMR","","","","Global",""
"BMR","Boss modules and radar","Radar","","Globally scales the outline thickness of radar elements","レーダー内の各要素の輪郭線の太さをまとめて調整します。"
"BMR","","","","GNB","GNB"
"BMR","","","","Go to the ""Autorotation presets"" tab to create a preset.",""
"BMR","","","","Gold Saucer",""
"BMR","","","","GOPB (reverse order) (LPDU)","GOPB（逆順／LPDU）"
"BMR","","","","GPOB (only B and G swap) (NA)","GPOB（BとGのみ入れ替え／NA）"
"BMR","","","","Grand Company Delivery","グランドカンパニー納品"
"BMR","","","","GTFO from aoe!","AOEから退避！"
"BMR","","","","Guide for using this feature can be found on the wiki.",""
"BMR","","","","H1","H1"
"BMR","","","","H2","H2"
"BMR","","","","Halatali",""
"BMR","","","","Hall of the Novice",""
"BMR","","","","Haukke Manor",""
"BMR","","","","Healer","ヒーラー"
"BMR","","","","Heavensflame resolution hints","Heavensflameの処理ヒント"
"BMR","","","","Heavensward","蒼天のイシュガルド"
"BMR","","","","Hector (NA)","Hector (NA)"
"BMR","","","","Here you can assign preconfigured exchange lists to your registered characters, as well as select delivery mode.","登録済みキャラクターへ事前設定した交換リストを割り当て、納品モードを選択できます。"
"BMR","","","","Here you can assign preconfigured inventory cleanup lists to your registered characters.","登録済みキャラクターへ事前設定した所持品整理リストを割り当てできます。"
"BMR","","","","Here you can sort your characters. This will affect order in which they will be processed by Multi Mode as well as how they will appear in plugin interface and login overlay.","ここでキャラクターの並び順を変更できます。この順序はMulti Modeでの処理順と、プラグイン画面・ログインオーバーレイ上の表示順に反映されます。"
"BMR","","","","Hide Airships from Deployables UI","潜水艦／飛空艇UIから飛空艇を非表示"
"BMR","","","","Hide Armoury Chest Items","アーマリーチェスト内アイテムを非表示"
"BMR","","","","Hide character search","キャラクター検索を非表示"
"BMR","","","","Hide Gear Set Items","ギアセット装備を非表示"
"BMR","Autorotation","","","Hide VBM Default preset","VBM Defaultプリセットを非表示"
"BMR","","","","High concept 1: long debuffs take S towers","High concept 1: 長いデバフは南側の塔を担当"
"BMR","","","","Highlighted pomanders will be used when a gold chest contains one that you can't carry.","所持上限で拾えない魔土器が金の宝箱に入っている場合、強調表示された魔土器を使用します。"
"BMR","","","","Hold CTRL and click","CTRLを押しながらクリック"
"BMR","Action tweaks","","","Hold to allow movement while casting","押している間は詠唱中の移動を許可"
"BMR","","","","hours...","時間…"
"BMR","BMR Settings","Tooltip","","How many yalms billboards should appear above ground. Includes gazes, text and icons.","ビルボードを地面から何ヤルム上に表示するかを設定します。視線、文字、アイコンが対象です。"
"BMR","BMR Settings","","","Hydatos","ヒュダトス"
"BMR","","","","Icon billboard font size","アイコンビルボードのフォントサイズ"
"BMR","","","","Idle while mounted","マウント中は待機"
"BMR","","","","If all above are disabled or fail, will be teleported to inn.","上記がすべて無効、または失敗した場合は宿屋へテレポします。"
"BMR","BMR Settings","Tooltip","","If disabled the add phase priority list below will not be used.","無効にすると、下の雑魚フェーズ優先順位リストは使用されません。"
"BMR","BMR Settings","Tooltip","","If disabled the full Ride the Waves exaflare pattern is drawn from the beginning. Otherwise it will move like in normal mode.","無効の場合、Ride the Wavesのエクサフレア全体パターンを最初から表示します。有効の場合は通常通り移動して表示されます。"
"BMR","BMR Settings","Tooltip","","If enabled all spotlight positions are shown that do not match your own order.","有効にすると、自分と異なる順番に該当するスポットライト位置をすべて表示します。"
"BMR","BMR Settings","Tooltip","","If enabled all spotlight positions are shown that match your own order.","有効にすると、自分と同じ順番に該当するスポットライト位置をすべて表示します。"
"BMR","","","","If game is inactive: (requires NotificationMaster to be installed and enabled)","ゲームが非アクティブの場合：（NotificationMasterの導入・有効化が必要）"
"BMR","","","","If no character is available for ventures, you will be logged off until any character is available again. Title screen movie will be disabled while this option and MultiMode are enabled.","リテイナー依頼を処理できるキャラクターがいない場合、処理可能になるまでログアウトします。この設定とMulti Modeが有効な間はタイトル画面のムービーを無効化します。"
"BMR","BMR Settings","Tooltip","","If party roles are configured, only show own tower","PTロールが設定されている場合、自分の塔だけ表示します。"
"BMR","BMR Settings","Tooltip","","If party roles are configured, only show player's spot","PTロールが設定されている場合、自分の位置だけ表示します。"
"BMR","BMR Settings","Tooltip","","If projecting the radar into the 3D world is enabled, the outline can also be drawn","レーダーを3Dワールドへ投影する設定が有効なら、輪郭線も表示できます。"
"BMR","","","","If set to a value greater than 0, AutoRetainer will stop processing any retainers this number of minutes before any character is scheduled to redeploy submarines, taking all previous settings into account.","0より大きい値を設定すると、いずれかのキャラクターで潜水艦の再出航予定時刻になるこの分数前から、リテイナー処理を停止します。上記の各設定も考慮されます。"
"BMR","Action tweaks","","","If someone enters combat with a boss when the countdown is longer than this value, it's consider a ninja-pull and autorotation is force disabled","カウントダウン残り時間がこの値より長い状態で誰かがボス戦を開始した場合、早釣りと判定して自動回しを強制停止します。"
"BMR","Action tweaks","","","If the usual (mouseover/primary) target is not valid for an action, select the next best target automatically (e.g. co-tank for Shirk)","通常の対象（マウスオーバー／メインターゲット）にアクションを使えない場合、次に適した対象を自動選択（例：シャークの相方タンク）"
"BMR","BMR Settings","Tooltip","","If this option is disabled, replays will contain personally identifying information for your character and any other player you see during the recording - specifically, names and content IDs.","この設定を無効にすると、リプレイに自分や記録中に表示された他プレイヤーの個人識別情報（名前、Content ID）が含まれます。"
"BMR","","","","If waiting for other deployables to return would exceed this number of minutes, AutoRetainer will ignore both the ""Wait for Voyage Completion"" and ""Wait even when already logged in"" settings.","他の潜水艦／飛空艇の帰還待ちがこの分数を超える場合、「探索完了まで待機」と「ログイン済みでも待機」の両方を無視します。"
"BMR","Boss modules and radar","Radar","","If you are using the above setting, you can give the radar extra space on the sides before the edges are clipped in order to account for rotating your camera during an encounter or to give the cardinal directions space.","上の設定を使用している場合、戦闘中のカメラ回転や方角表示のために、レーダー左右へ追加の余白を確保できます。"
"BMR","Action tweaks","","","If you've created your own presets and no longer need the included default, this option will prevent it from being shown in the Autorotation and Preset Editor windows.","独自プリセットを作成し標準プリセットが不要な場合、自動回し／プリセット編集ウィンドウに標準プリセットを表示しないようにします。"
"BMR","","","","Ignore NPC if retainer is available","利用可能なリテイナーがいる場合NPCを無視"
"BMR","","","","Ignore other characters that have not been enabled in MultiMode","Multi Modeで有効になっていない他キャラクターを無視"
"BMR","","","","Ignore packets for other players when dumping to dalamud.log","dalamud.logへの出力時、他プレイヤーのパケットを無視"
"BMR","","","","Import",""
"BMR","","","","Import and merge with character data","インポートしてキャラクターデータと統合"
"BMR","","","","Import blacklisted entries from Discard Helper","Discard Helperのブラックリストをインポート"
"BMR","","","","Import discard entries from Discard Helper","Discard Helperの破棄項目をインポート"
"BMR","","","","Import/Export","インポート／エクスポート"
"BMR","","","","Important: when activated, your multi mode will be set to do deployables only, no retainers.","重要：有効にすると、Multi Modeはリテイナーを処理せず、潜水艦／飛空艇のみを処理する設定になります。"
"BMR","","","","In order to enable/disable fuel purchase for other characters, navigate to Functions, Exclusions, Order section.","他のキャラクターの燃料購入をON／OFFするには、「機能・除外・順序」を開いてください。"
"BMR","","","","Include drawing arena outline into the 3D world","アリーナ外周を3D空間へ表示"
"BMR","","","","Include one unlock destination while levelling","レベル上げ中に未開放の航路先を1か所含める"
"BMR","","","","Include other characters","他キャラクターを含める"
"BMR","Action tweaks","","","Includes backdashes (e.g. SAM Yaten), teleports (e.g. NIN Shukuchi), and fixed-length dashes (e.g. DRG Elusive Jump)","後退技（侍の夜天など）、テレポート（忍者の縮地など）、固定距離ダッシュ（竜騎士のイルーシブジャンプなど）も含まれます。"
"BMR","","","","Index","Index"
"BMR","","","","Intemperance: corner that swaps with N on asymmetrical pattern","Intemperance：非対称パターンで北と入れ替わる角"
"BMR","","","","Intemperance：非対称パターンで北と入れ替わる角",""
"BMR","","","","Intermission: safespot hints","Intermission: 安置ヒント"
"BMR","","","","Invalid assignments: there should be exactly one raid member per role","割り当て不正：各ロールにちょうど1人のPTメンバーが必要です"
"BMR","","","","Inventory Cleanup","所持品整理"
"BMR","","","","Inventory Cleanup Plan Selection","所持品整理プラン選択"
"BMR","","","","Inventory Cleanup/Discard List","所持品整理／破棄リスト"
"BMR","","","","Inventory Cleanup/Fast Addition and Removal","所持品整理／一括追加・削除"
"BMR","","","","Inventory Cleanup/General Settings","所持品整理／一般設定"
"BMR","","","","Inventory Cleanup/Protection List","所持品整理／保護リスト"
"BMR","","","","Inventory Cleanup/Quick Venture Sell List","所持品整理／ほりだしもの依頼売却リスト"
"BMR","","","","Inventory Cleanup/Unconditional Sell List","所持品整理／無条件売却リスト"
"BMR","","","","Inventory Management","所持品管理"
"BMR","","","","Inventory Management - Entrust Manager","所持品管理 - 預け入れ管理"
"BMR","","","","Inventory Management - Grand Company Delivery - Character Configuration","所持品管理 - GC納品 - キャラクター設定"
"BMR","","","","Inventory Management - Grand Company Delivery - Exchange Lists","所持品管理 - GC納品 - 交換リスト"
"BMR","","","","Inventory Management - Inventory Cleanup - Character Configuration","所持品管理 - 所持品整理 - キャラクター設定"
"BMR","","","","Inventory Slots","所持品枠"
"BMR","","","","Inventory slots remaining to trigger delivery, less or equal","GC納品を開始する残り所持品枠（以下）"
"BMR","","","","Inventory warnings","所持品警告"
"BMR","","","","Jabberwock P3","Jabberwock P3"
"BMR","","","","Jabberwock P4","Jabberwock P4"
"BMR","","","","Keybinds","キー設定"
"BMR","","","","Less than possible vessels enabled","出航可能数より有効な船が少ない"
"BMR","","","","LevelUp","レベル上げ"
"BMR","","","","Lifestream plugin is required","Lifestreamプラグインが必要です"
"BMR","","","","Limit cut positioning hints","リミットカット（サイコロ）の立ち位置ヒント"
"BMR","","","","Limiter active only when shutdown timer is set","終了タイマー設定時のみFPS制限を有効化"
"BMR","","","","Limitless desolation: tanks/healers use right side","Limitless Desolation：タンク／ヒーラーは右側を使用"
"BMR","Action tweaks","","","LMB + RMB","左クリック＋右クリック"
"BMR","Boss modules and radar","Radar","","Lock radar and hint window movement and mouse interaction","レーダー／ヒントウィンドウの移動とマウス操作をロック"
"BMR","Full duty automation","","","Lock zone module window movement and mouse interaction","ゾーンモジュールウィンドウの移動とマウス操作をロック"
"BMR","","","","Log","ログ"
"BMR","","","","Login Overlay","ログインオーバーレイ"
"BMR","","","","Login overlay button padding","ログインオーバーレイのボタン余白"
"BMR","","","","Login overlay scale multiplier","ログインオーバーレイの表示倍率"
"BMR","","","","LPDU (inter)cardinals: cross=N/S, square=NE/SW, circle=E/W, triangle=SE/NW","LPDU配置：×＝南北、□＝北東／南西、○＝東西、△＝南東／北西"
"BMR","","","","LPDU: MT->OT->M1 (M2 as fallback)->R1","LPDU：MT→OT→M1（不在時M2）→R1"
"BMR","","","","LPDU: MT->OT->M1 (M2 as fallback)->R2","LPDU：MT→OT→M1（不在時M2）→R2"
"BMR","","","","M05SDancingGreen","M05SDancingGreen"
"BMR","","","","M06SSugarRiot","M06SSugarRiot"
"BMR","","","","M07SBruteAbombinator","M07SBruteAbombinator"
"BMR","","","","M08SHowlingBlade","M08SHowlingBlade"
"BMR","","","","M09SVampFatale","M09SVampFatale"
"BMR","","","","M1","M1"
"BMR","","","","M10STheXtremes","M10STheXtremes"
"BMR","","","","M12S2Lindwurm","M12S2Lindwurm"
"BMR","","","","M2","M2"
"BMR","","","","Make night mode status persistent","ナイトモード状態を保持"
"BMR","Boss modules and radar","Hints","","Make separate hints window transparent","分離したヒントウィンドウを透明化"
"BMR","","","","Make shutdown command activate night mode instead of shutting down the game","終了コマンドでゲームを終了せずナイトモードを有効化"
"BMR","Full duty automation","","","Make zone module windows transparent","ゾーンモジュールウィンドウを透明化"
"BMR","","","","Manual targeting","手動ターゲット"
"BMR","Action tweaks","","","Manually select position by extra click (normal game behaviour)","追加クリックで位置を手動指定（ゲーム標準動作）"
"BMR","","","","Market Cooldown Overlay","マーケット出品クールダウン表示"
"BMR","","","","Mass addition/removal","一括追加／削除"
"BMR","","","","Mass configuration change","設定の一括変更"
"BMR","","","","Match waymark colors: circle=red, triangle=green, cross=blue, square=purple","マーカー色に合わせる：○=赤、△=緑、×=青、□=紫"
"BMR","","","","Materials","素材"
"BMR","","","","Materiel","軍用品"
"BMR","","","","Maturity of each rotation module is present in a tooltip.",""
"BMR","","","","Max distance to slot","PTスロットまでの最大距離"
"BMR","","","","Max distance to target","ターゲットまでの最大距離"
"BMR","","","","Max number of mobs to pull at once (0 for no limit)",""
"BMR","","","","Max number of mobs to pull before pausing navigation (0 = do not navigate while in combat)","ナビゲーションを停止するまでに釣る最大敵数（0＝戦闘中は移動しない）"
"BMR","","","","Max range to look for new mobs to pull",""
"BMR","","","","Max replays to keep before removal","保持するリプレイの最大数"
"BMR","Boss modules and radar","Misc","","Maximum load distance","最大読み込み距離"
"BMR","Boss modules and radar","Misc","","Maximum load distance in yalms","最大読み込み距離（ヤルム）です。"
"BMR","","","","Maximum stack size to be discarded","破棄する最大スタック数"
"BMR","","","","Maximum stack size to be sold","売却する最大スタック数"
"BMR","","","","Maximum time to wait for sub return, minutes","潜水艦の帰還を待つ最大時間（分）"
"BMR","","","","Maximum to open at once","一度に開封する最大数"
"BMR","","","","Maximum Wait, minutes","最大待機時間（分）"
"BMR","","","","May result other programs slowdown","他のプログラムが遅くなる場合があります"
"BMR","","","","MCH",""
"BMR","","","","Melee","近接DPS"
"BMR","BMR Settings","Tooltip","","Might be required to be enabled for some some content such as deep dungeons.","ディープダンジョンなど一部コンテンツでは有効化が必要になる場合があります。"
"BMR","Boss modules and radar","Boss modules","","Minimal maturity for the module to be loaded","読み込むモジュールの最低成熟度"
"BMR","","","","Minimap scale","ミニマップ倍率"
"BMR","","","","Minimum distance to hitbox","ヒットボックスまでの最小距離"
"BMR","","","","Minimum inventory slots to continue operation","処理継続に必要な最低空き所持品枠"
"BMR","","","","Miscellaneous","その他"
"BMR","","","","MNK",""
"BMR","","","","Modified Xolo","Modified Xolo"
"BMR","","","","Module that has been verified to work well with AI enabled.","AI有効時に正常動作することが確認済みのモジュール。"
"BMR","","","","Move to the top","一番上へ移動"
"BMR","","","","MT","MT"
"BMR","","","","Mu P1","Mu P1"
"BMR","","","","Mu P2","Mu P2"
"BMR","","","","Mu P4","Mu P4"
"BMR","","","","Multi Mode","Multi Mode"
"BMR","","","","Multi Mode - Deployables","Multi Mode - 潜水艦／飛空艇"
"BMR","","","","Multi Mode - Region Lock","Multi Mode - リージョン固定"
"BMR","","","","Multi Mode - Retainers","Multi Mode - リテイナー"
"BMR","","","","Multi Mode Expert Delivery","Multi Mode希少品調達"
"BMR","","","","N/S always","常に南北"
"BMR","","","","N/S, unless both preys start at E & W","対象2名が東西開始の場合を除き南北"
"BMR","","","","NA Kroxy-Rinon (341 Melee Flex)","NA Kroxy-Rinon式（341・近接調整）"
"BMR","","","","NE/SW","NE/SW"
"BMR","","","","Never","なし"
"BMR","","","","New",""
"BMR","","","","Night Mode","ナイトモード"
"BMR","","","","Night mode:
- Wait on login screen option is forcefully enabled
- Built-in FPS limiter restrictions forcefully applied
- While unfocused and awaiting, game is limited to 0.2 FPS
- It may look like game hung up, but let it up to 5 seconds to wake up after you reactivate game window.
- By default, only Deployables are enabled in Night mode
- After disabling Night mode, Bailout manager will activate to relog you back to the game.","ナイトモード：
- 「ログイン画面で待機」が強制的に有効になります
- 内蔵FPS制限が強制適用されます
- 非アクティブで待機中は0.2 FPSに制限されます
- ゲームが停止したように見える場合がありますが、再度ウィンドウを有効にしてから復帰まで最大5秒ほど待ってください
- 初期設定ではナイトモード中は潜水艦／飛空艇のみ処理します
- ナイトモード解除後は復帰処理マネージャーが動作し、ゲームへ再ログインします。"
"BMR","","","","No support is provided if you enable this and run into ANY errors in Multi Mode","これを有効にした状態でMulti Modeに問題が発生してもサポート対象外です"
"BMR","","","","No Venture","依頼なし"
"BMR","Action tweaks","","","None","なし"
"BMR","","","","Normal Graven Image 2","Graven Image 2 通常処理"
"BMR","","","","North (LPDU)","北（LPDU）"
"BMR","","","","North/South","南北"
"BMR","","","","Northernmost pair (NA)","最も北側のペア（NA）"
"BMR","","","","NOT","除外"
"BMR","Boss modules and radar","Misc","","Not used very much, but can show you arrows in the game world to indicate where to move for certain mechanics","使用される場面は多くありませんが、一部ギミックで移動先を示す矢印をゲーム画面上に表示します。"
"BMR","","","","Notifications","通知"
"BMR","","","","Number of columns","列数"
"BMR","","","","Obstacle maps: load from source","障害物マップ：ソースから読み込み"
"BMR","Action tweaks","","","Only applicable in Deep Dungeons","ディープダンジョンでのみ適用されます。"
"BMR","BMR Settings","Tooltip","","Only applied when auto-assigning roles (via the 'Auto-Assign Roles' button or on zone change when that option is enabled). Biases the player toward the chosen slot when their job matches the role; otherwise it falls back to the default logic.","ロール自動割り当て時（「ロールを自動割り当て」ボタン、またはゾーン移動時の自動割り当て）にのみ適用されます。ジョブが指定ロールに一致する場合は選択した枠を優先し、それ以外は標準ロジックを使用します。"
"BMR","Action tweaks","","","Only applies if you have a cooldown plan active.","クールダウンプランが有効な場合のみ適用されます。"
"BMR","","","","Only applies when you exit menu by yourself. Otherwise, settings above apply.","自分でメニューを閉じた場合のみ適用されます。それ以外は上の設定が適用されます。"
"BMR","","","","Only buy when workstation is unlocked","カンパニークラフト設備のロック解除中のみ購入"
"BMR","BMR Settings","Tooltip","","Only change this at your own risk and keep this value low! Too high and it won't move in time for some mechanics. Make sure to readjust the value for different content.","変更は自己責任で行い、値は低めにしてください。高すぎるとギミック回避が間に合わない場合があります。コンテンツごとに調整してください。"
"BMR","","","","Only collect venture rewards from the retainer, and will not reassign them.
Hold CTRL when interacting with the Summoning Bell to apply this mode temporarily.","リテイナー依頼の報酬受取だけ行い、再依頼しません。
呼び鈴を操作する時にCTRLを押すと一時的にこのモードを適用します。"
"BMR","","","","Only primary inventory is accounted for, not armory","所持品のみを対象とし、アーマリーチェストは含みません"
"BMR","","","","Only reassign ventures that retainers are undertaking.","進行中のリテイナー依頼だけ再依頼します。"
"BMR","","","","Only Selected","選択したもののみ"
"BMR","BMR Settings","Tooltip","","Only used by AI","AI使用時のみ有効です。"
"BMR","","","","Only when in Night Mode","ナイトモード中のみ"
"BMR","","","","Only when Multi Mode is active","Multi Mode有効時のみ"
"BMR","","","","Only when window is not active","ゲームウィンドウが非アクティブ時のみ"
"BMR","","","","Only when workstation is not locked","カンパニークラフト設備がロックされていない時のみ"
"BMR","","","","Open AutoRetainer window on game start","ゲーム起動時にAutoRetainerウィンドウを開く"
"BMR","","","","Open bronze coffers","銅の宝箱を開ける"
"BMR","","","","Open gold coffers","金の宝箱を開ける"
"BMR","","","","Open replay folder",""
"BMR","","","","Open silver coffers","銀の宝箱を開ける"
"BMR","","","","Open Voyage Route Planner","航路プランナーを開く"
"BMR","","","","Open Voyage Unlockable Planner","航路解放プランナーを開く"
"BMR","","","","Operation","動作"
"BMR","","","","Order characters by retainer level and cap","リテイナーのレベルと上限でキャラクターを並べる"
"BMR","","","","Order characters by venture completion time","依頼完了時刻でキャラクターを並べる"
"BMR","","","","OT","OT"
"BMR","","","","Other commands:",""
"BMR","","","","Outlines and shadows",""
"BMR","","","","Output entrusted items into chat","預け入れアイテムをチャットへ出力"
"BMR","","","","Overlay height, %","オーバーレイ高さ（%）"
"BMR","","","","P1 Explosions: flex roles only fill 3/4 if their natural tower is 1 (instead of doing conga)","P1 Explosions：本来の担当塔が1のときだけ、調整役が3／4を埋める（コングライン方式を使わない）"
"BMR","","","","P1 Explosions: have tanks stack on tankbuster (survivable with saves, simplifies uptime)","P1 Explosions：タンク強攻撃をタンク2名で頭割り（軽減で耐えられ、殴りを維持しやすい）"
"BMR","","","","P1 Fall of Faith (cone tethers): odd groups go W (rather than N)","P1 Fall of Faith（扇範囲の線）：奇数組は北ではなく西へ移動"
"BMR","","","","P1 Graven Image 2 strategy","P1 Graven Image 2の処理法"
"BMR","","","","P1 Graven Image 3 Static Spots","P1 Graven Image 3：固定配置"
"BMR","","","","P1 Pantokrator: use global priority instead - consider G1 lower-numbered than G2 (so G1 more likely to flex)","P1 Pantokrator：個別設定ではなく全体優先度を使用。G1をG2より低い番号として扱い、G1側を調整役にしやすくする"
"BMR","","","","P1 Program Loop: use global priority instead - consider G1 lower-numbered than G2 (so G1 more likely to flex)","P1 Program Loop：個別設定ではなく全体優先度を使用。G1をG2より低い番号として扱い、G1側を調整役にしやすくする"
"BMR","","","","P1 TeleTrouncing strategy","P1 TeleTrouncingの処理法"
"BMR","","","","P12S1Athena","P12S1Athena"
"BMR","","","","P12S2PallasAthena","P12S2PallasAthena"
"BMR","","","","P1: Mark other players' dolls as forbidden","P1：他プレイヤー担当のドールを攻撃禁止対象にする"
"BMR","","","","P1S","P1S"
"BMR","","","","P2 Diamond Dust: DD go to CCW intercardinal","P2 Diamond Dust：DPSは反時計回り側の斜め方向へ移動"
"BMR","","","","P2 Diamond Dust: supports go to CCW intercardinal","P2 Diamond Dust：サポートは反時計回り側の斜め方向へ移動"
"BMR","","","","P2 Forsaken strategy","P2 Forsakenの処理法"
"BMR","","","","P2 Party Synergy: use global priority instead - consider G1 lower-numbered than G2 (so G1 more likely to flex)","P2 Party Synergy：個別設定ではなく全体優先度を使用。G1をG2より低い番号として扱い、G1側を調整役にしやすくする"
"BMR","","","","P2 Sanctity of the Ward (charges): groups relative to DRK (across/behind) rather than absolute (west/east)","P2 Sanctity of the Ward（突進）：東西固定ではなく、暗黒騎士基準（反対側／後方）で組を配置"
"BMR","","","","P2 Sanctity of the Ward (charges): role responsible for balancing groups (if not set, swap with role partner instead)","P2 Sanctity of the Ward（突進）：人数調整を担当するロール（未指定なら同ロールの相方と入れ替え）"
"BMR","","","","P2 Sanctity of the Ward (meteors): automatically use knockback immunity if needed","P2 Sanctity of the Ward（メテオ）：必要に応じてノックバック無効を自動使用"
"BMR","","","","P2 Sanctity of the Ward (meteors): force preferred cardinals even for 120-degree pattern (simpler swaps, but trickier movement)","P2 Sanctity of the Ward（メテオ）：120度配置でも優先方角を固定（入れ替えは簡単になるが移動は難しくなる）"
"BMR","","","","P2 Sanctity of the Ward (meteors): inner tower assignment strategy","P2 Sanctity of the Ward（メテオ）：内側の塔の割り当て方式"
"BMR","","","","P2 Sanctity of the Ward (meteors): outer tower assignment strategy","P2 Sanctity of the Ward（メテオ）：外側の塔の割り当て方式"
"BMR","","","","P2 Sanctity of the Ward (meteors): preferred cardinals for prey targets","P2 Sanctity of the Ward（メテオ）：対象者の優先方角"
"BMR","","","","P2 Sanctity of the Ward (meteors): swap direction if both prey targets are on wrong cardinals","P2 Sanctity of the Ward（メテオ）：対象2名とも希望と違う方角なら入れ替える方向"
"BMR","","","","P3 Apocalypse: ignore swaps and use initial static positions for spreads","P3 Apocalypse：入れ替えを無視し、最初の固定位置で散開"
"BMR","","","","P3 Apocalypse: uptime swaps (only consider swaps within prio 1/2 and 3/4, assuming these are melee and ranged)","P3 Apocalypse：殴り優先の入れ替え（優先度1／2間と3／4間のみ。近接／遠隔として扱う）"
"BMR","","","","P3 Dive from Grace: look west for arrows rather than east (so forward arrow takes E spot, backward arrow takes W spot)","P3 Dive from Grace：矢印判定は東ではなく西を見る（前矢印は東、後ろ矢印は西を担当）"
"BMR","","","","P3 enumeration towers: prefer flexing to CCW tower (rather than to CW)","P3 人数塔：時計回り側ではなく反時計回り側の塔への調整を優先"
"BMR","","","","P3 Monitors: automatically face correct direction before mechanic resolves","P3 Monitors：ギミック発動前に正しい方向へ自動で向く"
"BMR","","","","P3 Quickmarch/Heavensfall Trio: safespot assignments (assuming bahamut is relative north/up, group L goes left; L1/R1 closest to bosses)",""
"BMR","","","","P4S2","P4S2"
"BMR","","","","P6 Mortal Vow pass order","P6 Mortal Vowの受け渡し順"
"BMR","","","","P8S1","P8S1"
"BMR","","","","P8S2","P8S2"
"BMR","BMR Settings","","","Pagos","パゴス"
"BMR","","","","Pairwise: N <-> E, S <-> W","ペア交換：北↔東、南↔西"
"BMR","","","","Pairwise: N <-> W, S <-> E","ペア交換：北↔西、南↔東"
"BMR","BMR Settings","","","Party roles assignment","PTロール割り当て"
"BMR","Action tweaks","","","Passage of Arms direction","パッセージ・オブ・アームズの方向"
"BMR","","","","Pathfinding debug colors 0",""
"BMR","","","","Pathfinding debug colors 1",""
"BMR","","","","Pathfinding debug colors 2",""
"BMR","","","","Pathfinding debug colors 3",""
"BMR","","","","Pathfinding debug colors 5",""
"BMR","","","","Pathfinding debug colors 6",""
"BMR","","","","Pathfinding debug colors 7",""
"BMR","","","","Pathfinding debug colors 8",""
"BMR","","","","Pause AutoRetainer","AutoRetainerを一時停止"
"BMR","Action tweaks","","","Pause autorotation while channeling Flamethrower","火炎放射のチャネリング中は自動回しを一時停止"
"BMR","","","","PCT",""
"BMR","","","","Periodically check FC chest for gil upon entering workshop","カンパニークラフト設備入室時にFCチェストのギルを定期確認"
"BMR","","","","Periodically checks the Free Company chest when entering the Workshop to keep the gil counter up to date.","カンパニークラフト設備へ入る時にFCチェストを定期確認し、ギル表示を最新に保ちます。"
"BMR","","","","Pharos Sirius",""
"BMR","","","","Pick max amount of destinations","選択可能な最大数まで航路先を選ぶ"
"BMR","","","","Planner: background",""
"BMR","","","","Planner: background highlight",""
"BMR","","","","Planner: cooldown",""
"BMR","","","","Planner: effect",""
"BMR","","","","Planner: fallback color for options",""
"BMR","","","","Planner: window 0",""
"BMR","","","","Planner: window 1",""
"BMR","","","","Planner: window 2",""
"BMR","","","","Planner: window 3",""
"BMR","","","","Planner: window 4",""
"BMR","","","","Planner: window 5",""
"BMR","","","","Planner: window 6",""
"BMR","","","","Planner: window 7",""
"BMR","","","","Plans","プラン"
"BMR","","","","PLD","PLD"
"BMR","","","","Please also make sure to not load VBM and this fork at the same time. The consequences of doing that are unexplored and unsupported.",""
"BMR","","","","Positional colors 0",""
"BMR","","","","Positional colors 1",""
"BMR","","","","Positional colors 2",""
"BMR","","","","Positional colors 3",""
"BMR","Action tweaks","","","Prefer self-targeted holmgang; requires smart targeting to be enabled (and allows overriding target by mouseover)","ホルムギャングは自分対象を優先（スマートターゲット有効必須。マウスオーバーで対象変更可）"
"BMR","","","","Preferred auto-assigned role","自動割り当てで優先するロール"
"BMR","","","","Preferred distance to forbidden zones","禁止エリアから保つ距離"
"BMR","","","","Preserve Multi Mode state between plugin reloads","プラグイン再読み込み後もMulti Mode状態を保持"
"BMR","","","","Preset",""
"BMR","Action tweaks","","","Prevent automatic use of targeted dashes (like WAR Onslaught) if they would move you into a dangerous area. May not work as expected in instances that do not have modules.

This option will also apply to manually pressed dashes if you have ""Use custom queueing for manually pressed actions"" enabled.","危険範囲へ移動してしまう対象指定ダッシュ（戦士のオンスロート等）の自動使用を防ぎます。対応モジュールがないコンテンツでは期待通り動作しない場合があります。

「手動入力アクションに独自の先行入力を使用」が有効な場合は、手動で押したダッシュにも適用されます。"
"BMR","Action tweaks","","","Prevent movement and action execution when pyretic-like mechanics are imminent (set to 0 to disable, otherwise increase threshold depending on your ping).","動くと危険なギミック発動直前は移動とアクション実行を防止（0で無効。Pingに応じて閾値を調整）"
"BMR","Action tweaks","","","Prevent movement while casting","詠唱中の移動を防止"
"BMR","Action tweaks","","","Prevent use of 'Broil' too early when in pre-pull","戦闘開始前に気炎法を早く使いすぎない"
"BMR","Action tweaks","","","Prevent use of 'Holy Spirit' too early when in pre-pull","戦闘開始前にホーリースピリットを早く使いすぎない"
"BMR","Action tweaks","","","Prevent use of 'Lightning Shot' too early when in pre-pull","戦闘開始前にライトニングショットを早く使いすぎない"
"BMR","Action tweaks","","","Prevent use of 'Shield Lob' too early when in pre-pull (if Holy Spirit is not unlocked)","ホーリースピリット未修得時、戦闘開始前にシールドロブを早く使いすぎない"
"BMR","","","","Prey targets both use common opposite direction, if it gives better angle; players in all quadrants use same direction","角度が良くなる場合、対象2名は共通の反対方向を使用。全ての象限で同じ方向を使用"
"BMR","","","","Prey targets both use common opposite direction, if it gives better angle; players in quadrants without prey targets still use preferred direction","角度が良くなる場合、対象2名は共通の反対方向を使用。対象者がいない象限は優先方向を使用"
"BMR","","","","Prey targets use whatever direction gives the best angle; players in quadrants without prey targets still use preferred direction","対象者は最も角度が良い方向を使用。対象者がいない象限は優先方向を使用"
"BMR","","","","Prioritize opening coffers over Cairn of Passage","転移の石塔より宝箱を開けることを優先"
"BMR","BMR Settings","Tooltip","","Prioritizes Deadly Doornail; melee move to flails once puddle is too big","Deadly Doornailを優先します。水たまりが大きくなったら近接はフレイル側へ移動します。"
"BMR","","","","Protection List","保護リスト"
"BMR","","","","Protomander of Safety","Protomander of Safety"
"BMR","","","","Protomander of Serenity","Protomander of Serenity"
"BMR","","","","Provides an on-screen window that contains an area mini-map showing player positions, boss position(s), various imminent AOEs, and other mechanics.",""
"BMR","","","","Prune deleted characters in a single click.","削除済みキャラクター情報をワンクリックで整理します。"
"BMR","","","","Put up For Sale:","出品する："
"BMR","","","","PvP",""
"BMR","BMR Settings","","","Pyros","ピューロス"
"BMR","","","","Quantum",""
"BMR","","","","Quest Battles",""
"BMR","","","","Quick Retainer Action","リテイナークイック操作"
"BMR","","","","Quick Venture Sell List","ほりだしもの依頼売却リスト"
"BMR","","","","R1","R1"
"BMR","","","","R2","R2"
"BMR","","","","Radar",""
"BMR","Boss modules and radar","Radar","","Radar arena scale factor","レーダー内アリーナの拡大率"
"BMR","Boss modules and radar","Radar","","Radar element thickness scale factor","レーダー要素の線幅倍率"
"BMR","","","","Raids",""
"BMR","","","","Raise FFXIV process priority while plugin is operating","プラグイン動作中はFFXIVプロセス優先度を上げる"
"BMR","","","","Ranged","遠隔DPS"
"BMR","","","","Ranges:","範囲："
"BMR","","","","RealmReborn","新生エオルゼア"
"BMR","","","","Rear","背面"
"BMR","","","","Reassign","再依頼"
"BMR","Boss modules and radar","Boss modules","","Recenter Window","ウィンドウを中央へ戻す"
"BMR","","","","Recommended for users with > 15 characters, forces multi mode to make sure ventures are processed on all characters in order before returning to the beginning of the cycle.","15キャラクターを超える環境向けです。Multi Modeが先頭へ戻る前に、すべてのキャラクターのリテイナー依頼を順番に処理するよう強制します。"
"BMR","","","","Record and store server packets in the replay","サーバーパケットをリプレイへ記録・保存"
"BMR","","","","Record Venture Statistics","リテイナー依頼統計を記録"
"BMR","","","","Redeploy","再出航"
"BMR","","","","Region EU","リージョン EU"
"BMR","","","","Region JP","リージョン JP"
"BMR","","","","Region Lock","リージョン固定"
"BMR","","","","Region NA","リージョン NA"
"BMR","","","","Region OC","リージョン OC"
"BMR","","","","Registration, component and plan automation","登録・パーツ・プランの自動化"
"BMR","","","","Release FPS lock when game is active","ゲームがアクティブ時はFPS制限を解除"
"BMR","","","","Reload","再読み込み"
"BMR","Action tweaks","","","Remove extra framerate-induced cooldown delay","フレームレート由来の余分なリキャスト遅延を軽減"
"BMR","Action tweaks","","","Remove extra lag-induced animation lock delay from instant casts (read tooltip!)","通信遅延由来の余分なアニメーションロックを軽減（ツールチップ要確認）"
"BMR","","","","Remove minimized FPS restrictions while plugin is operating","プラグイン動作中は最小化時FPS制限を解除"
"BMR","Boss modules and radar","Radar","","Removes the black window around the radar; this will not work if you move the radar to a different monitor","レーダー周囲の黒いウィンドウ背景を除去します。レーダーを別モニターへ移動した場合は正しく動作しません。"
"BMR","Full duty automation","","","Removes the black window around zone module windows; this will not work if you move the radar to a different monitor","ゾーンモジュールウィンドウ周囲の黒い背景を除去します。別モニターへ移動した場合は正しく動作しません。"
"BMR","","","","Repair Kits","修理材"
"BMR","Action tweaks","Smart character orientation","","Replace in-game 'auto face target' option with a smarter alternative.
When using an action, changes direction only if target is not in frontal cone.
During cast, keep character facing the target.","ゲーム内の「ターゲット方向を自動で向く」をより賢い方式に置き換えます。
アクション使用時、対象が正面範囲外にいる場合のみ向きを変更します。
詠唱中は対象の方向を向き続けます。"
"BMR","","","","Replaces autorotations in specific fights.",""
"BMR","BMR Settings","","","Replays","リプレイ"
"BMR","","","","Replication 1 strategy","Replication 1の処理法"
"BMR","","","","Replication 2 strategy","Replication 2の処理法"
"BMR","BMR Settings","Tooltip","","Required for AI to not step on occupied tiles.","AIが使用済みタイルを踏まないようにするために必要です。"
"BMR","Full duty automation","","","Required maturity for zone modules to be loaded","ゾーンモジュールを読み込む最低成熟度"
"BMR","BMR Settings","Tooltip","","Requires a valid configuration for 'Doll assignments' (the text must not be yellow).

VBM autorot will not use actions on forbidden targets, and will also prevent you from doing so manually if you have 'Use custom queueing' enabled in the Action Tweaks settings.

If necessary, you can use actions on forbidden targets by pressing the action twice quickly.","「Doll assignments」が正しく設定されている必要があります（文字が黄色ではない状態）。

VBM自動回しは攻撃禁止対象にアクションを使用しません。また、「アクション調整」で「手動入力アクションに独自の先行入力を使用」が有効なら、手動使用も防止します。

必要な場合は、アクションを素早く2回押すことで攻撃禁止対象にも使用できます。"
"BMR","Action tweaks","","","Requires the above setting checked as well","この機能を使うには、上の設定も有効にする必要があります。"
"BMR","","","","Resend vessels when accessing the Voyage Control Panel","カンパニークラフト設備へアクセス時に船を再出航"
"BMR","","","","Reset cooldowns","クールダウンをリセット"
"BMR","Action tweaks","","","Restore character orientation after action use","アクション使用後にキャラクターの向きを元へ戻す"
"BMR","","","","Retainer list: remaining inventory slots warning","リテイナー一覧：残り所持品枠警告"
"BMR","","","","Retainer list: remaining ventures warning","リテイナー一覧：ベンチャースクリップ残量警告"
"BMR","","","","Retainer menu delay, seconds","リテイナーメニュー遅延（秒）"
"BMR","","","","Retainer names will be redacted from general UI elements. They will not be hidden in debug menus and plugin logs however. While this option is on, character and retainer numbers are not guaranteed to be equal in different sections of a plugin (for example, retainer 1 in retainers view is not guaranteed to be the same retainer as in statistics view).","通常UIではリテイナー名を伏せ字にします。ただし、デバッグメニューやプラグインログでは非表示になりません。また、この設定中は各画面でキャラクター番号・リテイナー番号が一致するとは限りません（例：リテイナー一覧の「リテイナー1」と統計画面の「リテイナー1」が同一とは限りません）。"
"BMR","","","","Retainer venture processing cutoff, minutes","リテイナー依頼処理の打ち切り時間（分）"
"BMR","","","","Retrieve Item:","取り出すアイテム："
"BMR","","","","Reveal all rooms before proceeding to next floor","次の階層へ進む前に全ての部屋を探索"
"BMR","","","","Revert",""
"BMR","","","","Revolutionary/Eminent Reign positioning hints","Revolutionary／Eminent Reignの立ち位置ヒント"
"BMR","Boss modules and radar","Radar","","Rotate map by 180° if rotating map is off","レーダー回転OFF時はマップを180°回転"
"BMR","Boss modules and radar","Radar","","Rotate radar to match camera orientation","カメラ方向に合わせてレーダーを回転"
"BMR","","","","RotationSolverRebornが要求する側面／背面に従う###Follow RotationSolverReborn's desired positional",""
"BMR","","","","RPR",""
"BMR","","","","Sastasha",""
"BMR","","","","Sastasha (Hard)",""
"BMR","","","","Savage",""
"BMR","","","","Save",""
"BMR","","","","Save as copy",""
"BMR","Boss modules and radar","Radar","","Scale of the arena inside of the radar window","レーダーウィンドウ内に表示されるアリーナの大きさを調整します。"
"BMR","","","","SCH","SCH"
"BMR","","","","Seals to keep","残しておく軍票"
"BMR","BMR Settings","","","Search for a setting...","設定を検索..."
"BMR","","","","Search:",""
"BMR","","","","See exactly whether you're getting clipped by incoming AOEs or not.",""
"BMR","","","","Select amount of items to keep in your inventory","所持品に残すアイテム数を選択"
"BMR","","","","Select Categories","カテゴリを選択"
"BMR","","","","Select key manually:","キーを手動選択："
"BMR","","","","Select preset to edit or create a new one.",""
"BMR","","","","Select retainers:","リテイナーを選択："
"BMR","","","","Select submersibles:","潜水艦を選択："
"BMR","","","","Select which strat to use for hints","ヒントに使用する処理法を選択"
"BMR","","","","Sell Item:","売却するアイテム："
"BMR","","","","Sell items from Unconditional sell list right after deployment (requires retainers)","出航処理直後に無条件売却リストのアイテムを売却（リテイナーが必要）"
"BMR","","","","Sell now","今すぐ売却"
"BMR","","","","Send desktop notification on retainers available","リテイナー利用可能時にデスクトップ通知"
"BMR","Boss modules and radar","Hints","","Separates the radar window from the hints window, allowing you to reposition the hints window","レーダーとヒントを別ウィンドウに分離し、ヒントウィンドウだけを好きな位置へ移動できるようにします。"
"BMR","","","","Server Time","サーバー時刻"
"BMR","","","","Set appropriate delay to let plugins fully load before logging in and to allow yourself some time to cancel login if needed","ログイン前にプラグインが十分読み込まれる時間と、必要ならログインをキャンセルできる時間を確保するため、適切な遅延を設定してください。"
"BMR","BMR Settings","","","Settings","設定"
"BMR","","","","Shadowbringers","漆黒のヴィランズ"
"BMR","Action tweaks","","","Shift","Shift"
"BMR","","","","Shift - add to Quick Venture Sell List","Shift - ほりだしもの依頼売却リストへ追加"
"BMR","BMR Settings","Tooltip","","Should be <repo root>/BossModReborn/Pathfinding/ObstacleMaps/maplist.json","<repo root>/BossModReborn/Pathfinding/ObstacleMaps/maplist.json を指定してください。"
"BMR","","","","Should not be used in when playing with unknown players.",""
"BMR","","","","Show AI interface","AIインターフェースを表示"
"BMR","","","","Show All Items","すべてのアイテムを表示"
"BMR","","","","Show all spotlight positions of different order","自分と異なる順番のスポットライト位置を全て表示"
"BMR","","","","Show all spotlight positions of same order","自分と同じ順番のスポットライト位置を全て表示"
"BMR","Boss modules and radar","Radar","","Show arena border in radar","レーダーにアリーナ境界を表示"
"BMR","","","","Show auto farm window","自動周回ウィンドウを表示"
"BMR","Autorotation","","","Show autorotation preset in the server info bar","サーバー情報バーに自動回しプリセットを表示"
"BMR","","","","Show both safespots for current role","現在のロール用の安置を2か所とも表示"
"BMR","Boss modules and radar","Radar","","Show cardinal direction names on radar","レーダーに方角名を表示"
"BMR","","","","Show chat alert when a duty with no module is entered or recorded","対応モジュールのないコンテンツへ入った時／記録した時にチャットで通知"
"BMR","","","","Show Deep Varial cleave early","Deep Varialの扇範囲を早めに表示"
"BMR","","","","Show fixed location for Mistral Song 2","Mistral Song 2の固定位置を表示"
"BMR","","","","Show Hell In A Cell tower order (North CW / Hector)","Hell In A Cellの塔順（北から時計回り／Hector）を表示"
"BMR","","","","Show HQ and non-HQ together","HQ／NQをまとめて表示"
"BMR","Action tweaks","","","Show in-game UI","ゲーム内UIを表示"
"BMR","","","","Show Lindwurm's Portent positional hints based on towers taken","担当した塔に基づいてLindwurm's Portentの方向指定ヒントを表示"
"BMR","Boss modules and radar","Hints","","Show mechanic sequence and timer hints","ギミック順序とタイマーのヒントを表示"
"BMR","Boss modules and radar","Misc","","Show melee range indicator","近接攻撃範囲を表示"
"BMR","Boss modules and radar","Misc","","Show movement hints in world","ゲーム画面上に移動ヒントを表示"
"BMR","","","","Show MultiMode checkbox on plugin UI bar","プラグインUIバーにMulti Modeチェックを表示"
"BMR","","","","Show Night mode checkbox","ナイトモードチェックを表示"
"BMR","","","","Show occupied tiles on radar","使用中のマスをレーダーに表示"
"BMR","Boss modules and radar","Radar","","Show outlines and shadows on various radar markings","各種レーダー表示に輪郭線と影を表示"
"BMR","","","","Show platform numbers","足場番号を表示"
"BMR","Boss modules and radar","Hints","","Show player hints and warnings","プレイヤー向けヒント／警告を表示"
"BMR","Autorotation","","","Show positional hints in world","ゲーム画面上に方向指定ヒントを表示"
"BMR","Boss modules and radar","Hints","","Show raidwide hints","全体攻撃のヒントを表示"
"BMR","","","","Show replay management UI","リプレイ管理画面を表示"
"BMR","","","","Show Rinon/Toxic Friends tower spots for Lone Wolf's Lament","Lone Wolf's LamentでRinon／Toxic Friends式の塔位置を表示"
"BMR","Boss modules and radar","Radar","","Show role-based colors on otherwise uncolored players in the radar","色指定のないプレイヤーをロール別の色で表示"
"BMR","Boss modules and radar","Radar","","Show signs on radar ('attack', 'bind', 'ignore', and shape markers)","レーダーにマーカー（攻撃・バインド・禁止・図形）を表示"
"BMR","","","","Show spots for Double/Reverse Alley-Oop","Double／Reverse Alley-Oopの立ち位置を表示"
"BMR","","","","Show spots for Flame Alley-Oop","Flame Alley-Oopの立ち位置を表示"
"BMR","","","","Show spots for Flame Floater","Flame Floaterの立ち位置を表示"
"BMR","","","","Show static Aetherletting positions (NA / Hector)","Aetherlettingの固定位置（NA／Hector）を表示"
"BMR","","","","Show status in DTR bar","DTRバーに状態を表示"
"BMR","Boss modules and radar","Boss modules","","Show testing radar and hint window","テスト用レーダー／ヒントウィンドウを表示"
"BMR","Boss modules and radar","Hints","","Show text hints in separate window","テキストヒントを別ウィンドウに表示"
"BMR","Action tweaks","","","Show tips for positional abilities, indicating to move to the flank or rear of your target","方向指定アクションについて、対象の側面または背面へ移動するヒントを表示します。"
"BMR","Boss modules and radar","Radar","","Show waymarks on radar","レーダーにフィールドマーカーを表示"
"BMR","","","","Shutdown the game after all deployables have been processed","すべての潜水艦／飛空艇処理後にゲーム終了"
"BMR","","","","Skip","スキップ"
"BMR","","","","Skip Inn Login Cutscene","宿屋ログイン時のカットシーンをスキップ"
"BMR","BMR Settings","","","Slash commands","スラッシュコマンド"
"BMR","BMR Settings","Tooltip","","slidecast","滑り撃ち"
"BMR","Action tweaks","","","Smart ability targeting (Do not use with RSR)","スマートアビリティターゲット（RSRとは併用しない）"
"BMR","Action tweaks","","","Smart character orientation","スマートキャラクター方向制御"
"BMR","","","","Snake 2: use cardinal priorities (G1 N/W, PF strat) instead of ordering (G1 first safe CCW from NW, Hector strat)","Snake 2：順番方式（G1は北西から反時計回りで最初の安置／Hector式）ではなく、方角優先（G1北／西・PT募集式）を使用"
"BMR","","","","Snowcloak",""
"BMR","Action tweaks","","","Some modules want to prevent attacking certain targets, for example to prevent an early enrage. This setting gets ignored while AI is on.","一部モジュールでは早期ワイプなどを防ぐため、特定対象への攻撃を禁止します。AI有効中はこの設定は無視されます。"
"BMR","Boss modules and radar","Boss modules","","Some modules will have the ""WIP"" status and will not automatically load unless you change this","一部のモジュールは「WIP」状態で、この設定を変更しない限り自動では読み込まれません。"
"BMR","","","","South (Aether)","南（Aether）"
"BMR","","","","Southernmost pair (LPDU)","最も南側のペア（LPDU）"
"BMR","","","","Spam one destination","同じ航路先を繰り返す"
"BMR","","","","Stack!","頭割り！"
"BMR","","","","Stacks N, spreads S","頭割りは北、散開は南"
"BMR","","","","Stacks S, spreads N","頭割りは南、散開は北"
"BMR","","","","Static","固定"
"BMR","","","","Statistics","統計"
"BMR","","","","Status bar icon size","ステータスバーアイコンサイズ"
"BMR","","","","Stay in retainer list and disable plugin","リテイナー一覧に残りプラグインを無効化"
"BMR","","","","Stay in retainer list and keep plugin enabled","リテイナー一覧に残りプラグインを有効のままにする"
"BMR","","","","Stay in retainer menu if there are retainers to finish ventures within 5 minutes or less","5分以内に依頼完了するリテイナーがいる場合はリテイナーメニューに留まる"
"BMR","","","","Stormblood","紅蓮のリベレーター"
"BMR","","","","Sugar Riot","Sugar Riot"
"BMR","BMR Settings","","","Supported fights","対応コンテンツ"
"BMR","","","","Supports","サポート（タンク／ヒーラー）"
"BMR","","","","Supports CCW, DD CW","サポートは反時計回り、DPSは時計回り"
"BMR","","","","Supports CW from N, look for first matching person in final spot","サポートは北から時計回りに確認し、最終位置が一致する最初の相手と組む"
"BMR","","","","Supports CW, DD CCW","サポートは時計回り、DPSは反時計回り"
"BMR","","","","Synchronise Retainers (one time)","リテイナーを同期（1回のみ）"
"BMR","","","","Tab - add to Discard List","Tab - 破棄リストへ追加"
"BMR","","","","Take turns at cardinals (1 W/E)","十字方向を交互に担当（1は西／東）"
"BMR","","","","Tank","タンク"
"BMR","","","","Tank auto-assign priority (drag to reorder, highest to lowest)","タンク自動割り当て優先度（ドラッグで高→低の順に並べ替え）"
"BMR","","","","Tankbuster cleave","タンク強攻撃の扇範囲"
"BMR","","","","Tanks remaining to trigger purchase","購入開始までの青燐水バレル残数"
"BMR","","","","Target everything if not at level cap, otherwise stop when passage opens","レベル上限未満なら全ての敵を対象。上限到達後は転移の石塔が開いた時点で戦闘停止"
"BMR","","","","Target frame rate when idling","待機中の目標FPS"
"BMR","","","","Target frame rate when operating","動作中の目標FPS"
"BMR","","","","Task completion behavior after accessing bell:","呼び鈴アクセス後の処理完了時動作："
"BMR","","","","Task completion behavior after manual enabling:","手動有効化後の処理完了時動作："
"BMR","","","","Task completion behavior during plugin operation:","プラグイン動作中の処理完了時動作："
"BMR","","","","TEA","TEA"
"BMR","","","","Teleport back to house/inn after delivery","納品後にハウス／宿屋へ戻る"
"BMR","","","","Teleport for retainers...","リテイナー処理のためにテレポ…"
"BMR","","","","Teleport to free company house for deployables","潜水艦／飛空艇処理のためFCハウスへテレポ"
"BMR","","","","Teleportation","テレポ"
"BMR","","","","Temporarily prevents AutoRetainer from being automatically enabled when using a Summoning Bell/Workshop Panel:","呼び鈴／カンパニークラフト設備を操作した時にAutoRetainerが自動有効化されるのを一時的に防止："
"BMR","","","","Temporarily set the Collect Operation mode, preventing ventures from being assigned for the current cycle/Temporarily set Deployables mode to Finalize only:","一時的に「受取のみ」へ切り替えて、この周回ではリテイナー依頼を設定しない／潜水艦・飛空艇を一時的に「帰還完了のみ」へ切り替える："
"BMR","","","","Text billboard font size","テキストビルボードのフォントサイズ"
"BMR","","","","Text colors 0",""
"BMR","","","","Text colors 1",""
"BMR","","","","Text colors 10",""
"BMR","","","","Text colors 11",""
"BMR","","","","Text colors 12",""
"BMR","","","","Text colors 13",""
"BMR","","","","Text colors 14",""
"BMR","","","","Text colors 15",""
"BMR","","","","Text colors 16",""
"BMR","","","","Text colors 17",""
"BMR","","","","Text colors 2",""
"BMR","","","","Text colors 3",""
"BMR","","","","Text colors 4",""
"BMR","","","","Text colors 5",""
"BMR","","","","Text colors 6",""
"BMR","","","","Text colors 7",""
"BMR","","","","Text colors 8",""
"BMR","","","","Text colors 9",""
"BMR","Action tweaks","","","Text only","文字のみ"
"BMR","","","","The Aurum Vale",""
"BMR","","","","The following plugins are required to be installed and enabled:","次のプラグインをインストールして有効にする必要があります："
"BMR","","","","The Hunt",""
"BMR","","","","The Keeper Of The Lake",""
"BMR","","","","The lower this value is the faster plugin will use actions. When dealing with low FPS or high latency you may want to increase this value. If you want the plugin to operate faster you may decrease it.","値を小さくするとアクション実行が速くなります。低FPSや高遅延環境では値を大きくしてください。処理速度を上げたい場合は小さくできます。"
"BMR","","","","The number of seconds AutoRetainer should log in early before submarines on this character are ready to be resent.","このキャラクターの潜水艦が再出航可能になる時刻より何秒早くログインするかを設定します。"
"BMR","","","","The Praetorium",""
"BMR","","","","The Stone Vigil",""
"BMR","","","","The Sunken Temple Of Qarn",""
"BMR","","","","The Tam-Tara Deepcroft",""
"BMR","","","","The Thousand Maws Of Toto-Rak",""
"BMR","","","","The Wanderer's Palace",""
"BMR","","","","These items will always be discarded, regardless of their source, as long as their stack count does not exceeds specified amount that you can specify below. Discards occur very frequently, before and after each action that may alter inventory. Discard is always prioritized, even if same item is present in sell or desynthesis list, it will be discarded. Protected items won't be discarded. ","これらのアイテムは入手元に関係なく、スタック数が下で指定した上限を超えていなければ常に破棄されます。破棄処理は所持品が変化する各操作の前後など頻繁に行われます。同じアイテムが売却・分解リストにもある場合でも破棄が最優先されます。保護リストのアイテムは破棄されません。"
"BMR","","","","These items will always be sold, regardless of their source, as long as their stack count does not exceeds specified amount that you can specify below. Additionally, only these items will ever be sold to an NPC.","これらのアイテムは入手元に関係なく、スタック数が下で指定した上限を超えていなければ常に売却されます。また、NPCへ売却されるのはこのリストのアイテムだけです。"
"BMR","","","","These items, when obtained from Quick Venture will be sold unless they have stacked with the same item.","これらのアイテムは「ほりだしもの依頼」で入手した場合、同一アイテムとスタックされていなければ売却されます。"
"BMR","","","","Third-party contributed module that wasn't verified by the plugin author; might be working fine, might have any sorts of inconsistencies with other modules - YMMV.","作者が動作確認していない外部提供モジュール。正常に動く場合もありますが、他モジュールと挙動が異なる可能性があります。利用は自己責任です。"
"BMR","","","","This feature is disabled in parties.","この機能はPT中は無効です。"
"BMR","BMR Settings","Tooltip","","This feature requires Settings -> Action Tweaks -> Smart Character Orientation to be enabled.","この機能を使うには「設定 → アクション調整 → スマートキャラクター方向制御」を有効にする必要があります。"
"BMR","","","","This is a FORK of the original BossMod (VBM). Only ask for support on the Combat Reborn Discord.",""
"BMR","","","","This is purely visual order and does not affects character processing in any way.","これは表示上の並び順だけで、キャラクターの処理順には影響しません。"
"BMR","","","","This may cause situation where you will just go to GC exchange every login. Make sure you have a purchase plan to buy enough ventures set. ","ログインするたびにGC交換へ向かう状態になる場合があります。十分なベンチャースクリップを購入する交換プランを設定してください。"
"BMR","","","","This option enables excessive logging for debugging purposes. It will spam your log and cause performance issues while enabled. This option will disable itself upon plugin reload or game restart.","デバッグ用の詳細ログを大量に出力します。有効中はログが増え、パフォーマンス低下の原因になります。プラグイン再読み込みまたはゲーム再起動で自動的に無効になります。"
"BMR","Action tweaks","","","This setting allows better integration with autorotations and will prevent you from triple-weaving or drifting GCDs if you press a healing ability while autorotation is going on","自動回しとの連携を改善し、自動回し中に回復アビリティを手動入力した際の3アビ挟みやGCDずれを防ぎます。"
"BMR","Action tweaks","","","This setting prevents starting autos early during countdown, starts them automatically at pull, when switching targets and when using any actions that don't explicitly cancel autos.","カウントダウン中の早すぎるオートアタック開始を防ぎ、戦闘開始時・ターゲット変更時・オートアタックを明示的に止めないアクション使用時に自動開始します。"
"BMR","","","","This will automatically skip AutoRetainer's loading on second instance of the game and you will have no way of loading it until you disable this option in primary instance","2つ目のゲームではAutoRetainerの読み込みを自動的にスキップします。メイン側でこの設定を無効にするまで、2つ目ではAutoRetainerを読み込めません。"
"BMR","Action tweaks","Smart character orientation","","Time before gaze activation to start avoiding","視線攻撃発動の何秒前から回避を開始するか"
"BMR","","","","Time Desynchronization Compensation","時刻ずれ補正"
"BMR","BMR Settings","Tooltip","","Time in seconds out of combat until AFK mode enables. Any movement will reset timer or disable AFK mode if already active.","非戦闘状態からAFKモードになるまでの秒数です。移動するとタイマーがリセットされ、AFK中なら解除されます。"
"BMR","","","","Timeout before AutoRetainer will attempt to unstuck, seconds","AutoRetainerがスタック解除を試みるまでの時間（秒）"
"BMR","","","","To continue, you need to install JustBackup plugin.","続行するにはJustBackupプラグインをインストールしてください。"
"BMR","","","","TOP","TOP"
"BMR","Boss modules and radar","Radar","","Transparent radar window background","レーダーウィンドウ背景を透明化"
"BMR","","","","Tray notification upon handin completion (requires NotificationMaster)","納品完了時にトレイ通知（NotificationMasterが必要）"
"BMR","","","","Treasure Hunt",""
"BMR","","","","Trials",""
"BMR","","","","Trigger on venture exhaustion","ベンチャースクリップ不足時に実行"
"BMR","","","","Try to avoid traps","罠をできるだけ回避"
"BMR","Action tweaks","","","Try to prevent dashing into AOEs","AOE内へのダッシュをできるだけ防止"
"BMR","","","","Try to use terrain to LOS attacks","地形で敵の視線を切って攻撃を回避"
"BMR","","","","TwoHeadedAevis","TwoHeadedAevis"
"BMR","","","","UCOB",""
"BMR","","","","Ultimate Raids",""
"BMR","","","","Uncategorized",""
"BMR","","","","Unconditional Sell List","無条件売却リスト"
"BMR","","","","Unlock","開放"
"BMR","","","","Unreal",""
"BMR","","","","Upon disconnecting, AutoRetainer will attempt to log back in. If the session has expired, no login attempt will be made.","切断された場合、AutoRetainerが再ログインを試みます。セッションが期限切れの場合はログインを試行しません。"
"BMR","","","","Upon relogging via AutoRetainer's UI or command, disable Multi Mode.","AutoRetainerのUIまたはコマンドから再ログインした時にMulti Modeを無効化します。"
"BMR","","","","Upon relogging via AutoRetainer's UI or command, do not reset preferred character.","AutoRetainerのUIまたはコマンドから再ログインした時に優先キャラクターをリセットしません。"
"BMR","","","","Uptime Graven Image 2","Graven Image 2 殴り優先処理"
"BMR","Action tweaks","","","Use actions on mouseover target","マウスオーバー対象にアクションを使用"
"BMR","","","","Use advanced entrust manager to entrust specific items to specific retainers. In this window you can configure specific plans; then, you can assign entrust plans to your retainers in retainer configuration window.","高度な預け入れ管理を使い、特定のアイテムを特定のリテイナーへ預けられます。この画面でプランを作成し、リテイナー設定画面から各リテイナーへ預け入れプランを割り当てます。"
"BMR","Action tweaks","","","Use custom queueing for manually pressed actions","手動入力アクションに独自の先行入力を使用"
"BMR","Full duty automation","","","Use dash abilities for navigation (Smudge, Elusive Jump, etc)","移動にダッシュ系アクションを使用（Smudge、Elusive Jumpなど）"
"BMR","","","","Use Free Company seal buff, if possible","可能ならFC軍票獲得量アップを使用"
"BMR","","","","Use plan","プランを使用"
"BMR","","","","Use Priority seal allowance, if possible","可能なら軍票優先支給票を使用"
"BMR","","","","Use server time instead of PC time","PC時刻ではなくサーバー時刻を使用"
"BMR","","","","Useful because you don't have to remember what ability names mean.",""
"BMR","Boss modules and radar","Boss modules","","Useful for configuring your radar and hint windows without being inside of a boss encounter","ボス戦中でなくても、レーダーやヒントウィンドウの設定確認に利用できます。"
"BMR","","","","Useful for creating boss modules, analyzing problems with them, and making CD plans.",""
"BMR","","","","User Interface","ユーザーインターフェース"
"BMR","","","","Utility","ユーティリティ"
"BMR","","","","V&C Dungeon Finder",""
"BMR","","","","V20ShishuChochin","V20ShishuChochin"
"BMR","","","","VBM Defaultプリセットを非表示###Hide VBM Default preset",""
"BMR","","","","Ventures","ベンチャースクリップ"
"BMR","","","","Ventures remaining to trigger delivery, less or equal","GC納品を開始するベンチャースクリップ残数（以下）"
"BMR","","","","Wait even when already logged in","ログイン済みでも待機"
"BMR","","","","Wait For Venture Completion","リテイナー依頼完了まで待機"
"BMR","","","","Wait For Voyage Completion","探索完了まで待機"
"BMR","","","","Wait on login screen","ログイン画面で待機"
"BMR","","","","WAR","WAR"
"BMR","","","","WARNING: This feature is very experimental and most likely will contain bugs or unintended behavior.","警告：この機能は非常に実験的で、不具合や意図しない動作が発生する可能性が高いです。"
"BMR","BMR Settings","Tooltip","","WARNING: This feature is very experimental and most likely will contain bugs or unintended behavior.
To enable this feature in its current state, you must activate 'Work-in-Progress' maturity modules in the `Full Duty Automation` tab.","警告：この機能は非常に実験的で、不具合や意図しない動作が発生する可能性が高いです。
現在この機能を有効にするには、「コンテンツ完全自動化」タブで成熟度「開発中」のモジュールを有効にする必要があります。"
"BMR","Boss modules and radar","Radar","","Waymark font size","フィールドマーカーの文字サイズ"
"BMR","","","","Waymark: 1",""
"BMR","","","","Waymark: 2",""
"BMR","","","","Waymark: 3",""
"BMR","","","","Waymark: 4",""
"BMR","","","","Waymark: A",""
"BMR","","","","Waymark: B",""
"BMR","","","","Waymark: C",""
"BMR","","","","Waymark: D",""
"BMR","","","","Weapons","武器"
"BMR","BMR Settings","Tooltip","","West/East stretch tethers without crossing is typically used on EU/NA partyfinder, the other option is usually used by JP","西／東へ線を伸ばして交差させない方式は主にEU/NAのPT募集で使われ、もう一方の方式は主に日本で使われます。"
"BMR","","","","When asking for help, make sure to provide a replay! Please note that replays will contain your player name!",""
"BMR","","","","When enabled, Automovement will use the positional currently requested by RotationSolverReborn over IPC","有効にすると、自動移動はIPC経由でRotationSolverRebornが現在要求している方向指定位置を使用します。"
"BMR","","","","When enabled, AutoRetainer will wait for all deployables to return before logging into the character. If you're already logged in for another reason, it will still resend completed submarines—unless the global setting ""Wait even when already logged in"" is also turned on.","有効にすると、そのキャラクターへログインする前にすべての潜水艦／飛空艇が帰還するまで待機します。別の理由ですでにログイン中の場合は、全体設定の「ログイン済みでも待機」も有効でない限り、帰還済みの潜水艦は再出航します。"
"BMR","Action tweaks","","","When enabled, the 'Misc AI: Goes to specified positional' rotation module will override its Positional track setting and instead use the positional currently requested by RotationSolverReborn over IPC (Does not apply to Target Dummies)","有効にすると、「Misc AI: Goes to specified positional」モジュールの方向指定設定を上書きし、IPC経由でRotationSolverRebornが要求している側面／背面を使用します（木人には適用されません）。"
"BMR","","","","When enabled:
- Characters with teleportation enabled will automatically deliver items for expert delivery and buy items according to exchange plan, if their rank is sufficient, during multi mode.","有効時：
- Multi Mode中、テレポが有効なキャラクターは階級条件を満たしていれば希少品調達を自動納品し、交換プランに従ってアイテムを購入します。"
"BMR","","","","When Multi Mode is on","Multi Mode有効時"
"BMR","","","","While this text is visible, hover over items while holding:","この表示中に、次のキーを押しながらアイテムへマウスを合わせます："
"BMR","","","","WHM","WHM"
"BMR","BMR Settings","Tooltip","","Will not work unless party roles are configured","PTロールが設定されていないと動作しません。"
"BMR","Action tweaks","","","With icon","アイコン付き"
"BMR","","","","Work in progress; might be incomplete or have severe bugs.","開発中。未完成または重大な不具合がある可能性があります。"
"BMR","","","","World","ワールド"
"BMR","","","","Yan P1","Yan P1"
"BMR","","","","Yan P3","Yan P3"
"BMR","","","","Yan P4","Yan P4"
"BMR","","","","You can customize these settings per character in character configuration menu.","これらの設定はキャラクター設定でキャラクターごとに変更できます。"
"BMR","","","","You must register houses in Lifestream plugin for every character you want this option to work or enable Simple Teleport.","この機能を使う各キャラクターでLifestreamにハウスを登録するか、「簡易テレポ」を有効にしてください。"
"BMR","BMR Settings","","","Zadnor","ザトゥノル"
"BMR","","","","この機能を使うには、上の設定も有効にする必要があります。",""
"BMR","","","","アクション使用後にキャラクターの向きを元へ戻す###Restore character orientation after action use",""
"BMR","","","","アクション実行時に自動でマウントを降りる###Automatically dismount to execute actions",""
"BMR","","","","オートアタックを自動管理###Automatically manage auto attacks",""
"BMR","","","","カウントダウンなしでボス戦が始まったら自動回しを停止###Disable autorotation if the boss is pulled without a countdown",""
"BMR","","","","カメラ方向に合わせてレーダーを回転###Rotate radar to match camera orientation",""
"BMR","","","","ギミックに被弾しそうな位置にいる場合、白いアリーナ境界線を赤色へ変更します。",""
"BMR","","","","ギミック順序とタイマーのヒントを表示###Show mechanic sequence and timer hints",""
"BMR","","","","クエストバトル／ソロコンテンツの自動実行を有効化###Enable automatic execution of quest battles / solo duties",""
"BMR","","","","クライアントパケットをdalamud.logへ出力###Dump client packets into dalamud.log",""
"BMR","","","","クリックしてジョブとPT順に基づきロールを自動割り当て",""
"BMR","","","","グラウンドターゲットアクションの対象を自動選択",""
"BMR","","","","ゲーム内UIを表示###Show in-game UI",""
"BMR","","","","ゲーム画面上にウェイポイントを表示###Draw waypoints in game world",""
"BMR","","","","ゲーム画面上に方向指定ヒントを表示###Show positional hints in world",""
"BMR","","","","ゲーム画面上に移動ヒントを表示###Show movement hints in world",""
"BMR","","","","コンテンツリプレイに自動記録###Auto record in Duty Recorder replays",""
"BMR","","","","コンテンツ／フィールドモジュールの開始・終了時にリプレイを自動記録###Auto record replays on duty start/end or outdoor module start/end",""
"BMR","","","","サーバーパケットをdalamud.logへ出力###Dump server packets into dalamud.log",""
"BMR","","","","サーバーパケットをリプレイへ記録・保存###Record and store server packets in the replay",""
"BMR","","","","サーバー情報バーに自動回しプリセットを表示",""
"BMR","","","","スマートアビリティターゲット（RSRとは併用しない）###Smart ability targeting (Do not use with RSR)",""
"BMR","","","","ゾーンモジュールを読み込む最低成熟度",""
"BMR","","","","ゾーンモジュールウィンドウの移動とマウス操作をロック###Lock zone module window movement and mouse interaction",""
"BMR","","","","ゾーンモジュールウィンドウを透明化###Make zone module windows transparent",""
"BMR","","","","ゾーン移動時にロールを自動割り当て###Automatically assign roles on zone change",""
"BMR","","","","テキストヒントを別ウィンドウに表示###Show text hints in separate window",""
"BMR","","","","テスト用レーダー／ヒントウィンドウを表示###Show testing radar and hint window",""
"BMR","","","","ビルボードを地面から何ヤルム上に表示するかを設定します。視線、文字、アイコンが対象です。",""
"BMR","","","","フォーカスターゲット中のPTメンバーを常に表示###Always show focus targeted party member",""
"BMR","","","","フレームレート由来の余分なリキャスト遅延を軽減###Remove extra framerate-induced cooldown delay",""
"BMR","","","","プレイヤーが危険な場合にアリーナ境界色を変更###Change arena border color if player is at risk",""
"BMR","","","","プレイヤー向けヒント／警告を表示###Show player hints and warnings",""
"BMR","","","","ボス以外の階層ではDoTを使用しない（BMR自動回しのみ）###Disable DoTs on non-boss floors (only affects BMR autorotation)",""
"BMR","","","","ボス戦中でなくても、レーダーやヒントウィンドウの設定確認に利用できます。",""
"BMR","","","","マウスオーバー対象にアクションを使用###Use actions on mouseover target",""
"BMR","","","","ミニマップを有効化###Enable minimap",""
"BMR","","","","モジュールによるアクション自動使用を許可###Allow modules to automatically use actions",""
"BMR","","","","モジュールを有効化###Enable module",""
"BMR","","","","リプレイを匿名化###Anonymize replays",""
"BMR","","","","リプレイ管理画面を表示###Show replay management UI",""
"BMR","","","","レーダーとヒントを別ウィンドウに分離し、ヒントウィンドウだけを好きな位置へ移動できるようにします。",""
"BMR","","","","レーダーにアリーナ境界を表示###Show arena border in radar",""
"BMR","","","","レーダーにフィールドマーカーを表示###Show waymarks on radar",""
"BMR","","","","レーダーにマーカー（攻撃・バインド・禁止・図形）を表示###Show signs on radar ('attack', 'bind', 'ignore', and shape markers)",""
"BMR","","","","レーダーに方角名を表示###Show cardinal direction names on radar",""
"BMR","","","","レーダーを3Dワールドへ投影する設定が有効なら、輪郭線も表示できます。",""
"BMR","","","","レーダーを有効化###Enable radar",""
"BMR","","","","レーダーウィンドウ内に表示されるアリーナの大きさを調整します。",""
"BMR","","","","レーダーウィンドウ背景を透明化###Transparent radar window background",""
"BMR","","","","レーダー内の各要素の輪郭線の太さをまとめて調整します。",""
"BMR","","","","レーダー内アリーナに不透明背景を追加###Add opaque background to the arena in the radar",""
"BMR","","","","レーダー周囲の黒いウィンドウ背景を除去します。レーダーを別モニターへ移動した場合は正しく動作しません。",""
"BMR","","","","レーダー回転OFF時はマップを180°回転###Rotate map by 180° if rotating map is off",""
"BMR","","","","レーダー／ヒントウィンドウの移動とマウス操作をロック###Lock radar and hint window movement and mouse interaction",""
"BMR","","","","一部のモジュールは「WIP」状態で、この設定を変更しない限り自動では読み込まれません。",""
"BMR","","","","上の設定を使用している場合、戦闘中のカメラ回転や方角表示のために、レーダー左右へ追加の余白を確保できます。",""
"BMR","","","","使用される場面は多くありませんが、一部ギミックで移動先を示す矢印をゲーム画面上に表示します。",""
"BMR","","","","例：ノックバック発生前にノックバック無効アクションを自動使用できます。",""
"BMR","","","","全体攻撃のヒントを表示###Show raidwide hints",""
"BMR","","","","分離したヒントウィンドウを透明化###Make separate hints window transparent",""
"BMR","","","","割り当て不正：各ロールにちょうど1人のPTメンバーが必要です",""
"BMR","","","","各種レーダー表示に輪郭線と影を表示###Show outlines and shadows on various radar markings",""
"BMR","","","","地形で敵の視線を切って攻撃を回避###Try to use terrain to LOS attacks",""
"BMR","","","","宝箱へ自動移動###Automatically navigate to coffers",""
"BMR","","","","対応モジュールのないコンテンツへ入った時／記録した時にチャットで通知###Show chat alert when a duty with no module is entered or recorded",""
"BMR","","","","対象が死亡したら詠唱を自動キャンセル###Automatically cancel a cast when target is dead",""
"BMR","","","","戦闘終了時、強制停止された自動回しを自動で再有効化###Automatically reenable force-disabled autorotation when exiting combat",""
"BMR","","","","戦闘終了時に自動回しを自動停止###Automatically disable autorotation when exiting combat",""
"BMR","","","","手動入力アクションに独自の先行入力を使用###Use custom queueing for manually pressed actions",""
"BMR","","","","押している間は詠唱中の移動を許可",""
"BMR","","","","接近技だけでなく全てのダッシュに適用###Apply to all dashes, not just gap closers",""
"BMR","","","","攻撃禁止対象の指定を許可###Allow forbidding targets",""
"BMR","","","","敵の自動ターゲット方針",""
"BMR","","","","最大読み込み距離（ヤルム）です。",""
"BMR","","","","有効###Enabled",""
"BMR","","","","次の階層へ進む前に全ての部屋を探索###Reveal all rooms before proceeding to next floor",""
"BMR","","","","死亡時に自動回しを自動停止###Automatically disable autorotation on death",""
"BMR","","","","滅アライアンスレイド",""
"BMR","","","","生存中のPTメンバーを常に全員表示###Always show all alive party members",""
"BMR","","","","移動にダッシュ系アクションを使用（Smudge、Elusive Jumpなど）###Use dash abilities for navigation (Smudge, Elusive Jump, etc)",""
"BMR","","","","罠をできるだけ回避###Try to avoid traps",""
"BMR","","","","自動割り当てで優先するロール",""
"BMR","","","","色指定のないプレイヤーをロール別の色で表示###Show role-based colors on otherwise uncolored players in the radar",""
"BMR","","","","視線攻撃を自動回避###Automatically avoid gazes",""
"BMR","","","","記録ログの形式",""
"BMR","","","","詠唱中の移動を防止###Prevent movement while casting",""
"BMR","","","","誘引の罠が発動したら自動回しを自動停止###Automatically disable autorotation if a Luring Trap is triggered",""
"BMR","","","","読み込むモジュールの最低成熟度",""
"BMR","","","","転移の石塔へ自動移動###Automatically navigate to Cairn of Passage",""
"BMR","","","","転移の石塔より宝箱を開けることを優先###Prioritize opening coffers over Cairn of Passage",""
"BMR","","","","近接攻撃範囲を表示###Show melee range indicator",""
"BMR","","","","追加クリックで位置を手動指定（ゲーム標準動作）",""
"BMR","","","","通信遅延由来の余分なアニメーションロックを軽減（ツールチップ要確認）###Remove extra lag-induced animation lock delay from instant casts (read tooltip!)",""
"BMR","","","","金の宝箱を開ける###Open gold coffers",""
"BMR","","","","銀の宝箱を開ける###Open silver coffers",""
"BMR","","","","銅の宝箱を開ける###Open bronze coffers",""
"BMR","","","","開発中。未完成または重大な不具合がある可能性があります。",""
"BMR","","","","零式",""
"BMR","","","","非戦闘時の移動中にプロトンを自動使用###Auto use Peloton when moving out of combat",""
"BMR","","","","#####up0","#####up0"
"BMR","","","","#####up1","#####up1"
"BMR","","","","#####up10","#####up10"
"BMR","","","","#####up11","#####up11"
"BMR","","","","#####up12","#####up12"
"BMR","","","","#####up13","#####up13"
"BMR","","","","#####up14","#####up14"
"BMR","","","","#####up15","#####up15"
"BMR","","","","#####up2","#####up2"
"BMR","","","","#####up3","#####up3"
"BMR","","","","#####up4","#####up4"
"BMR","","","","#####up5","#####up5"
"BMR","","","","#####up6","#####up6"
"BMR","","","","#####up7","#####up7"
"BMR","","","","#####up8","#####up8"
"BMR","","","","#####up9","#####up9"
"BMR","","","","#####down0","#####down0"
"BMR","","","","#####down1","#####down1"
"BMR","","","","#####down10","#####down10"
"BMR","","","","#####down11","#####down11"
"BMR","","","","#####down12","#####down12"
"BMR","","","","#####down13","#####down13"
"BMR","","","","#####down14","#####down14"
"BMR","","","","#####down15","#####down15"
"BMR","","","","#####down2","#####down2"
"BMR","","","","#####down3","#####down3"
"BMR","","","","#####down4","#####down4"
"BMR","","","","#####down5","#####down5"
"BMR","","","","#####down6","#####down6"
"BMR","","","","#####down7","#####down7"
"BMR","","","","#####down8","#####down8"
"BMR","","","","#####down9","#####down9"
"BMR","","","","#####Order for Double/Reverse Alley-Oop (boss relative)open","#####Order for Double/Reverse Alley-Oop (boss relative)open"
"BMR","","","","#####P1 Bound of Faith (light party tethers): group assignments & flex priority (lower number flexes)open","#####P1 Bound of Faith (light party tethers): group assignments & flex priority (lower number flexes)open"
"BMR","","","","#####P1 Cyclonic Break (proteans): bait clock spots (supports should be near dd to resolve pairs)open","#####P1 Cyclonic Break (proteans): bait clock spots (supports should be near dd to resolve pairs)open"
"BMR","","","","#####P1 Explosions: tower fill priority (lower number goes north)open","#####P1 Explosions: tower fill priority (lower number goes north)open"
"BMR","","","","#####P1 Fall of Faith (cone tethers): conga priority (two people without tethers with lower priorities join odd group)open","#####P1 Fall of Faith (cone tethers): conga priority (two people without tethers with lower priorities join odd group)open"
"BMR","","","","#####P1 Pantokrator: assignments (G1 N, G2 S, adjust CW by default, in case of conflict 'lower' number flexes)open","#####P1 Pantokrator: assignments (G1 N, G2 S, adjust CW by default, in case of conflict 'lower' number flexes)open"
"BMR","","","","#####P1 Program Loop: assignments (G1 CW from NW, G2 CCW by default, in case of conflict 'lower' number flexes)open","#####P1 Program Loop: assignments (G1 CW from NW, G2 CCW by default, in case of conflict 'lower' number flexes)open"
"BMR","","","","#####P1 Utopian Sky: initial clock spots (MT should be near OT to resolve tankbuster)open","#####P1 Utopian Sky: initial clock spots (MT should be near OT to resolve tankbuster)open"
"BMR","","","","#####P1 Utopian Sky: spread spots (G1 CCW from N, G2 CW from NE)open","#####P1 Utopian Sky: spread spots (G1 CCW from N, G2 CW from NE)open"
"BMR","","","","#####P1: Doll assignments (middle tornado = relative south)open","#####P1: Doll assignments (middle tornado = relative south)open"
"BMR","","","","#####P2 Banish after Light Rampant: spread clock spots (supports should be near dd to resolve pairs)open","#####P2 Banish after Light Rampant: spread clock spots (supports should be near dd to resolve pairs)open"
"BMR","","","","#####P2 Diamond Dust: cardinal assignmentsopen","#####P2 Diamond Dust: cardinal assignmentsopen"
"BMR","","","","#####P2 Intermission: clock spots (cardinals prioritize their crystals, intercardinals bait)open","#####P2 Intermission: clock spots (cardinals prioritize their crystals, intercardinals bait)open"
"BMR","","","","#####P2 Light Rampant: conga spots (lower numbers to the west, assume CW rotation)open","#####P2 Light Rampant: conga spots (lower numbers to the west, assume CW rotation)open"
"BMR","","","","#####P2 Mirror Mirror: spread spots for first proteans (looking from boss toward blue mirror)open","#####P2 Mirror Mirror: spread spots for first proteans (looking from boss toward blue mirror)open"
"BMR","","","","#####P2 Mirror Mirror: spread spots for second proteans (looking toward red mirror, if both red mirrors are symmetrical assume CW rotation)open","#####P2 Mirror Mirror: spread spots for second proteans (looking toward red mirror, if both red mirrors are symmetrical assume CW rotation)open"
"BMR","","","","#####P2 Party Synergy: assignments (G1 left, G2 right if looking at eye, in case of conflict 'lower' number flexes)open","#####P2 Party Synergy: assignments (G1 left, G2 right if looking at eye, in case of conflict 'lower' number flexes)open"
"BMR","","","","#####P2 Sanctity of the Ward (charges): group assignmentsopen","#####P2 Sanctity of the Ward (charges): group assignmentsopen"
"BMR","","","","#####P2 Sanctity of the Ward (meteors): pair assignmentsopen","#####P2 Sanctity of the Ward (meteors): pair assignmentsopen"
"BMR","","","","#####P2: nisi pair assignmentsopen","#####P2: nisi pair assignmentsopen"
"BMR","","","","#####P3 Apocalypse: assignments (G1 CCW from N, G2 CW from NE, in case of conflict 'lower' number flexes)open","#####P3 Apocalypse: assignments (G1 CCW from N, G2 CW from NE, in case of conflict 'lower' number flexes)open"
"BMR","","","","#####P3 enumeration towers: assignmentsopen","#####P3 enumeration towers: assignmentsopen"
"BMR","","","","#####P3 Heavensfall Trio: tower priority, CW starting from naelopen","#####P3 Heavensfall Trio: tower priority, CW starting from naelopen"
"BMR","","","","#####P3 Intermission: spread/stack spot assignments, from West to Eastopen","#####P3 Intermission: spread/stack spot assignments, from West to Eastopen"
"BMR","","","","#####P3 Monitors: priority, from North to Southopen","#####P3 Monitors: priority, from North to Southopen"
"BMR","","","","#####P3 Quickmarch/Heavensfall Trio: safespot assignments (assuming bahamut is relative north/up, group L goes left; L1/R1 closest to bosses)open","#####P3 Quickmarch/Heavensfall Trio: safespot assignments (assuming bahamut is relative north/up, group L goes left; L1/R1 closest to bosses)open"
"BMR","","","","#####P3 Ultimate Relativity: spot assignments (lower number goes NW/SW)open","#####P3 Ultimate Relativity: spot assignments (lower number goes NW/SW)open"
"BMR","","","","#####P4 Crystallize Time: assignments for claws (lower prio goes west)open","#####P4 Crystallize Time: assignments for claws (lower prio goes west)open"
"BMR","","","","#####P4 Darklit Dragonsong: assignments (lower prio stays more clockwise, lowest prio support takes N tower)open","#####P4 Darklit Dragonsong: assignments (lower prio stays more clockwise, lowest prio support takes N tower)open"
"BMR","","","","#####P4 Wave Cannon: priority, from North to South (assuming south flex)open","#####P4 Wave Cannon: priority, from North to South (assuming south flex)open"
"BMR","","","","#####P5 Polarizing Strikes: bait orderopen","#####P5 Polarizing Strikes: bait orderopen"
"BMR","","","","#####Snake 1: assignmentsopen","#####Snake 1: assignmentsopen"
"BMR","","","","#####Snake 2: assignmentsopen","#####Snake 2: assignmentsopen"
