Plugin,Menu,Section,Type,English,Japanese
"InventoryTools","","",""," by Critical_Impact",""
"InventoryTools","Windows","ChocoboColourWindow","","(no target)","（対象なし）"
"InventoryTools","Windows","ChocoboColourWindow","","(none selected)","（未選択）"
"InventoryTools","Windows","CraftsWindow","","(such as the FC Workshop or your Grand Company supply list).","（FC工房やグランドカンパニー納品リストなど）。"
"InventoryTools","SourceScan","ConstructorSettings","","A compact panel that follows your active craft list while you are in the game, so you can see what is still needed without opening a window.","ゲーム中に使用中の製作リストを追従表示するコンパクトなパネルです。ウィンドウを開かなくても残りの必要品を確認できます。"
"InventoryTools","Config","IntroWindowsLayout","","A couple of calculators sit outside lists, crafts and the compendium. Both are in the menu button at the bottom of any Allagan Tools window.","リスト、製作、コンペンディウムとは別に2つの計算ツールがあります。どちらもAllagan Tools各ウィンドウ下部のメニューボタンから開けます。"
"InventoryTools","Config","IntroCraftingLayout","","A craft list takes what you want to make and breaks it into every intermediate item and raw material, then checks that against what you already own.","製作リストは作りたい物を中間素材・原材料まで分解し、現在の所持品と照合します。"
"InventoryTools","Config","IntroWelcomeLayout","","A database covering items, monsters, duties, NPCs, airships and more telling you where things come from and what they are used for.","アイテム、モンスター、コンテンツ、NPC、飛空艇などを網羅し、入手先や用途を確認できるデータベースです。"
"InventoryTools","Tooltip","Logic/Settings","","A list of extra worlds we should automatically price","追加で価格を自動取得するワールドの一覧です。"
"InventoryTools","Ui","AboutHelpLayout","","About","このプラグインについて"
"InventoryTools","Config","ItemIconsGrouping","","Achievement","アチーブメント"
"InventoryTools","Config","TooltipsLayout","","Acquired item colour","取得済みアイテムの色"
"InventoryTools","SourceScan","ConstructorSettings","","Acquired Item Colour","取得済みアイテムの色"
"InventoryTools","Windows","ItemWindow","","Acquired:","取得済み："
"InventoryTools","Logic","Filters","","Acquisition","入手状況"
"InventoryTools","SourceScan","ConstructorSettings","","Acquisition tracker","入手追跡"
"InventoryTools","Windows","CraftOverlayWindow","","Action","操作"
"InventoryTools","Config","ActiveCraftListSetting","","Active Craft List","使用中の製作リスト"
"InventoryTools","Config","HighlightingLayout","","Active lists","有効なリスト"
"InventoryTools","Windows","CraftsWindow","","Active:","有効："
"InventoryTools","Logic","BasicFeature","","Add a button to the game's title menu","ゲームのタイトルメニューにボタンを追加"
"InventoryTools","Config","GeneralLayout","","Add a button to the title menu","タイトル画面メニューにボタンを追加"
"InventoryTools","Tooltip","Logic/Settings","","Add a context menu item to open the crafting log for any item that can be crafted?","製作可能なアイテムの右クリックメニューに製作手帳を開く項目を追加します。"
"InventoryTools","Tooltip","Logic/Settings","","Add a context menu item to open the fishing log for any item that can be fished?","釣りで入手できるアイテムの右クリックメニューに釣り手帳を開く項目を追加します。"
"InventoryTools","Tooltip","Logic/Settings","","Add a context menu item to open the gathering log for any item that can be gathered?","採集可能なアイテムの右クリックメニューに採集手帳を開く項目を追加します。"
"InventoryTools","Tooltip","SourceScan","","Add a new craft list","新しい製作リストを追加"
"InventoryTools","Tooltip","SourceScan","","Add a new craft list.","新しい製作リストを追加します。"
"InventoryTools","Tooltip","SourceScan","","Add a new ephemeral craft list that will be deleted once all the items in it are completed.","すべてのアイテムが完了すると自動削除される一時製作リストを追加します。"
"InventoryTools","Tooltip","SourceScan","","Add a new list","新しいリストを追加"
"InventoryTools","Tooltip","SourceScan","","Add a new list.","新しいリストを追加します。"
"InventoryTools","","","","Add a new shortcut.
Right click this (or the bar background) for options.
Right click other shortcuts to edit them.",""
"InventoryTools","Tooltip","SourceScan","","Add a sample filter","サンプルリストを追加"
"InventoryTools","Tooltip","Logic/Settings","","Add a submenu to add the item to a active craft list?","右クリックメニューに、アイテムを使用中の製作リストへ追加するサブメニューを表示します。"
"InventoryTools","Tooltip","Logic/Settings","","Add a submenu to add the item to a craft list?","右クリックメニューに、アイテムを製作リストへ追加するサブメニューを表示します。"
"InventoryTools","Windows","FiltersWindow","","Add Company Craft to List","カンパニー製作をリストへ追加"
"InventoryTools","Tooltips","GenericSettingConstructor","","Add Ingredient Patch","素材の実装パッチを表示"
"InventoryTools","Tooltips","GenericSettingConstructor","","Add Item Unlock Status (Display Mode)","アイテム取得／解放状況（表示形式）"
"InventoryTools","Tooltips","GenericSettingConstructor","","Add Item Unlock Status (Hide Unlocked Characters)","アイテム取得／解放状況（取得済みキャラクターを非表示）"
"InventoryTools","Windows","FiltersWindow","","Add new Item","新しいアイテムを追加"
"InventoryTools","Logic","CraftWorldPricePreferenceFilter","","Add new world:","ワールドを追加："
"InventoryTools","Logic","CraftWorldPricePreferenceFilter","","Add new world: ","ワールドを追加："
"InventoryTools","Logic","ZonePreferenceFilter","","Add new zone:","エリアを追加："
"InventoryTools","Logic","ZonePreferenceFilter","","Add new zone: ","エリアを追加："
"InventoryTools","Config","ContextMenuLayout","","Add or remove from favourites","お気に入りへ追加／削除"
"InventoryTools","Tooltip","Logic/Settings","","Add the more information menu item to the right click/context menu for items?","アイテムの右クリックメニューに「詳細情報」を追加します。"
"InventoryTools","Logic","ContextMenuFeature","","Add to a craft list","製作リストに追加"
"InventoryTools","Logic","ContextMenuFeature","","Add to a curated list","キュレーションリストに追加"
"InventoryTools","Config","ContextMenuLayout","","Add to craft list","製作リストへ追加"
"InventoryTools","Config","ContextMenuLayout","","Add to curated list","キュレーションリストへ追加"
"InventoryTools","Windows","ChocoboColourWindow","","Add to List##ccAddList","リストへ追加##ccAddList"
"InventoryTools","Windows","ChocoboColourWindow","","Add to List##ccTrackAddList","リストへ追加##ccTrackAddList"
"InventoryTools","Windows","BNpcWindow","","Add to new Craft List","新しい製作リストへ追加"
"InventoryTools","Windows","BNpcWindow","","Add to new Craft List (ephemeral)","新しい製作リスト（一時）へ追加"
"InventoryTools","Windows","ChocoboColourWindow","","Add to new Curated List","新しいキュレーションリストへ追加"
"InventoryTools","Logic","ContextMenuFeature","","Add to or remove from favourites","お気に入りへ追加／削除"
"InventoryTools","Config","ContextMenuLayout","","Add to the active craft list","現在の製作リストへ追加"
"InventoryTools","Ui","ChangelogWindow","","Added","追加"
"InventoryTools","Config","MarketBoardLayout","","Additional worlds","追加ワールド"
"InventoryTools","Tooltip","Logic/Settings","","Adds a button to the title menu along side the dalamud menu items allowing you to open Allagan Tools while not logged in.","タイトル画面のDalamudメニュー項目の横にボタンを追加し、ログイン前でもAllagan Toolsを開けるようにします。"
"InventoryTools","Config","FilteringHelpLayout","","Advanced search syntax","高度な検索構文"
"InventoryTools","Config","TooltipsLayout","","Affix the character name","キャラクター名を付加"
"InventoryTools","Config","IntroInventoriesLayout","","After that","その後"
"InventoryTools","Windows","AirshipWindow","","Airship","飛空艇"
"InventoryTools","Config","ItemIconsGrouping","","Airship Exploration","飛空艇探索"
"InventoryTools","Windows","AirshipWindow","","Airship Exploration Point with the ID","飛空艇探索地点 ID"
"InventoryTools","Windows","AirshipsWindow","","Airships","飛空艇"
"InventoryTools","Ui","GenericTabbedTable","","All","すべて"
"InventoryTools","","","","Allagan Tools",""
"InventoryTools","Windows","RetainerTaskWindow","","Allagan Tools - Invalid Retainer Task","Allagan Tools - 無効なリテイナーベンチャー"
"InventoryTools","Config","TooltipsLayout","","Allagan Tools can add extra lines to the game's item tooltips. Every feature in this section is inactive unless tooltip tweaks are enabled.","Allagan Toolsはゲームのアイテムツールチップへ追加情報を表示できます。この項目の機能は、ツールチップ拡張を有効にしない限り動作しません。"
"InventoryTools","Config","IntroWelcomeLayout","","Allagan Tools does three main things. The next few pages cover each briefly. It should take a minute, and all of it is in the Help window later if you want more detail.","Allagan Toolsには主に3つの機能があります。次の数ページで簡単に紹介します。1分ほどで終わり、詳しい内容は後からヘルプウィンドウで確認できます。"
"InventoryTools","Config","PersistDataSetting","","Allagan Tools has to calculate information when it first boots that can take upwards of 5-10 seconds depending on your computer. If this is on, that data is persisted between updates speeding up the boot time of the plugin.","Allagan Toolsは起動時に各種情報を計算するため、環境によっては5～10秒ほどかかることがあります。有効にすると計算済みデータを保持し、次回以降の起動を高速化します。"
"InventoryTools","Config","GeneralHelpLayout","","Allagan Tools is a multi-purpose plugin providing 3 primary features: tracking and displaying your inventory data, helping you plan crafts, and providing information about items.","Allagan Toolsは多目的プラグインで、主に「所持品データの追跡・表示」「製作計画の支援」「アイテム情報の提供」の3機能を備えています。"
"InventoryTools","Config","GeneralLayout","","Allagan Tools keeps its own record of your inventories. These control how often that record is written to disk.","Allagan Toolsは所持品情報を独自に記録します。ここでは、その記録をディスクへ保存する頻度を設定します。"
"InventoryTools","Config","ListBasicsHelpLayout","","Allows you to search for specific items across all your inventories. If you just need to find an item but don't want help sorting it, this is the list type you want.","すべての所持品から特定のアイテムを検索できます。並べ替え支援は不要で、単にアイテムを探したい場合に使うリストです。"
"InventoryTools","Config","IntroListsLayout","","Almost everything in the plugin hangs off a list. A list is a saved search over your items, and once you have one you can highlight its results in game, sort them, or track them.","プラグインのほとんどの機能はリストを中心に動きます。リストはアイテム検索条件を保存したもので、結果をゲーム内で強調表示したり、並べ替えたり、追跡したりできます。"
"InventoryTools","Tooltips","GenericSettingConstructor","","Always","常に"
"InventoryTools","SourceScan","ConstructorSettings","","Always show","常に表示"
"InventoryTools","Logic","CraftAmountUnavailableColumn","","Amount Missing","不足数"
"InventoryTools","Logic","CraftAmountRequiredColumn","","Amount Required","必要数"
"InventoryTools","Logic","CraftAmountAvailableColumn","","Amount to Retrieve","取得する数量"
"InventoryTools","Ui","TooltipsLayout","","Amount to retrieve","取得する数量"
"InventoryTools","Config","ItemIconsGrouping","","Anima Shop","アニマショップ"
"InventoryTools","Config","ItemIconsGrouping","","Anima Weapon","アニマウェポン"
"InventoryTools","Ui","TooltipsLayout","","Appearance","表示"
"InventoryTools","Config","ItemIconsGrouping","","Aquarium","アクアリウム"
"InventoryTools","Windows","FiltersWindow","","Are you sure you want to clear all your stored history?","保存されている履歴をすべて消去しますか？"
"InventoryTools","Windows","CraftsWindow","","Are you sure you want to reset the default craft list?.
This operation cannot be undone!","既定の製作リストをリセットしますか？
この操作は元に戻せません！"
"InventoryTools","Windows","CraftsWindow","","Are you sure you want to reset your configuration to the default?","設定を既定値へリセットしますか？"
"InventoryTools","Logic","AttributeColumn","","Attribute","属性"
"InventoryTools","Config","AutoSaveTimeSetting","","Auto save every","自動保存間隔"
"InventoryTools","Config","WindowsAndListsLayout","","Auto-Switch","自動切替"
"InventoryTools","Config","AutomaticallyDownloadPricesSetting","","Automatically download prices?","価格を自動取得する？"
"InventoryTools","Config","ItemIconsGrouping","","Auxesia","アウクセシア"
"InventoryTools","Windows","RetainerTaskWindow","","Average iLvl:","平均IL："
"InventoryTools","Windows","ChocoboColourWindow","","back to Desert Yellow (default),","デザートイエロー（既定色）へ戻し、"
"InventoryTools","Config","BackgroundFilterSetting","","Background List Highlighting","バックグラウンド強調リスト"
"InventoryTools","Windows","ItemWindow","","Base","基本"
"InventoryTools","Logic","Filters","","Basic","基本"
"InventoryTools","Logic","BasicFeature","","Basics","基本"
"InventoryTools","Config","ItemIconsGrouping","","Battle Leve","傭兵稼業"
"InventoryTools","SourceScan","ConstructorSettings","","Behaviour","動作"
"InventoryTools","Windows","CraftOverlayWindow","","Bell","呼び鈴"
"InventoryTools","Config","ItemIconsGrouping","","Bicolor Gemstone Shop","バイカラージェム交換"
"InventoryTools","Config","TooltipsLayout","","Blank lines above","上に空行"
"InventoryTools","Config","TooltipsLayout","","Blank lines below","下に空行"
"InventoryTools","Config","ShopHighlightingNpcColorSetting","","Blue","青"
"InventoryTools","Windows","BNpcWindow","","bNpc ID:","bNpc ID："
"InventoryTools","Windows","BNpcWindow","","bNpc with the ID","bNpc ID"
"InventoryTools","Logic","Filters","","Botany:","園芸："
"InventoryTools","Config","ItemIconsGrouping","","Bought on SQ Store(real money)","FFXIVオンラインストア購入（課金）"
"InventoryTools","Config","ItemIconsGrouping","","Bozja","ボズヤ"
"InventoryTools","Config","IntroWelcomeLayout","","Break a craft down into every sub-item, see what you already own, and find where the rest can be bought or gathered.","製作品をすべての中間素材まで分解し、所持済みの物を確認し、不足分をどこで購入・採集できるか調べます。"
"InventoryTools","Config","ListBasicsHelpLayout","","Builds on the search list, but also lets you pick where you want the items to be sorted. It'll attempt to show you the most optimised plan for storing the items in the destinations you pick.","検索リストの機能に加え、アイテムの整理先を指定できます。指定した移動先へ効率よく収納するための計画を表示します。"
"InventoryTools","Logic","ButtonColumnSetting","","Button Types","ボタン種類"
"InventoryTools","Logic","CraftBuyColumn","","Buy Button","購入ボタン"
"InventoryTools","Windows","ItemWindow","","Buy from Calamity Salvager:","遺失物管理人から購入："
"InventoryTools","Logic","BuyFromVendorPriceColumn","","Buy from Vendor Price","ショップ購入価格"
"InventoryTools","Windows","ItemWindow","","Buy from Vendor:","ショップから購入："
"InventoryTools","Config","IntroDefaultsLayout","","By default, the plugin is configured with a default set of features enabled.","初期状態では、基本的な機能が有効になった既定設定になっています。"
"InventoryTools","Config","ItemIconsGrouping","","Calamity Salvager","遺失物管理人"
"InventoryTools","Logic","CanBeTradedFilter","","Can be Traded?","取引可能？"
"InventoryTools","Windows","CraftsWindow","","Cancel","キャンセル"
"InventoryTools","Windows","ChocoboColourWindow","","Cancel##ccResetCancel","キャンセル##ccResetCancel"
"InventoryTools","Config","ItemIconsGrouping","","Card Pack","トライアドパック"
"InventoryTools","EquipmentSuggest","EquipmentSuggestToolModeCategorySetting","","Category","カテゴリ"
"InventoryTools","Logic","SearchCategoryColumn","","Category (Marketboard)","カテゴリ（マーケットボード）"
"InventoryTools","Ui","ChangelogWindow","","Changed","変更"
"InventoryTools","Windows","FiltersWindow","","Changelog","変更履歴"
"InventoryTools","Ui","FiltersWindow","","Character","キャラクター"
"InventoryTools","Logic","CharacterOwnerColumn","","Character Owner","キャラクター所有者"
"InventoryTools","Tooltips","GenericSettingConstructor","","Character Per Line","キャラクターごとに1行"
"InventoryTools","Logic","CharacterScopePickerColumnSetting","","Character Search Scope","キャラクター検索範囲"
"InventoryTools","Ui","CharacterScopePicker","","Character Types:","キャラクター種別："
"InventoryTools","Ui","CharacterScopePicker","","Character Types: ","キャラクター種別："
"InventoryTools","Config","TooltipsLayout","","Characters to check","確認するキャラクター"
"InventoryTools","Logic","QuantityColumn","","Characters to search in:","検索対象キャラクター："
"InventoryTools","Ui","CharacterRetainerPage","","Characters/Retainers","キャラクター／リテイナー"
"InventoryTools","Windows","ChocoboColourWindow","","Check off each fruit as you feed it to your chocobo.","チョコボに果実を与えるたびにチェックしてください。"
"InventoryTools","Config","IntroWindowsLayout","","Chocobo colour calculator","チョコボカラー計算機"
"InventoryTools","Windows","ChocoboColourWindow","","Chocobo Colour Calculator","チョコボカラー計算機"
"InventoryTools","Windows","ChocoboColourWindow","","Chocobo colour data provided by Lulu.","チョコボカラーのデータ提供：Lulu。"
"InventoryTools","SourceScan","ConstructorSettings","","Class","クラス"
"InventoryTools","Windows","FiltersWindow","","Clear List","リストをクリア"
"InventoryTools","Windows","FiltersWindow","","Clear Search","検索をクリア"
"InventoryTools","Tooltip","SourceScan","","Clear the current search.","現在の検索条件をクリア"
"InventoryTools","Windows","ChocoboColourWindow","","Clear the locked sequence and reset all feeding progress.","固定した手順と給餌の進捗をすべてリセットします。"
"InventoryTools","Tooltip","SourceScan","","Clear your history.","履歴を消去"
"InventoryTools","Windows","ChocoboColourWindow","","Clear##ccClear","クリア##ccClear"
"InventoryTools","Windows","ConfigurationWindow","","Clear##configSearchClear","クリア##configSearchClear"
"InventoryTools","Tooltip","SourceScan","","Click to favourite/unfavourite.","クリックしてお気に入り登録／解除"
"InventoryTools","","","","Click to toggle Wrath Combo's Auto-Rotation.
Disable this icon in /xlsettings -> Server Info Bar",""
"InventoryTools","Windows","FiltersWindow","","Close","閉じる"
"InventoryTools","Config","ItemIconsGrouping","","Coffer","宝箱"
"InventoryTools","Ui","TooltipsLayout","","Coffer loot","宝箱の中身"
"InventoryTools","Windows","ItemWindow","","Collectable Rating","収集価値"
"InventoryTools","Config","ItemIconsGrouping","","Collectables Exchange Shop","収集品取引"
"InventoryTools","Config","ColourRetainerListSetting","","Colour retainer names","リテイナー名を色分け"
"InventoryTools","Config","HighlightingLayout","","Colours","色"
"InventoryTools","Logic","Filters","","Columns","列"
"InventoryTools","SourceScan","ConstructorSettings","","Compact","コンパクト"
"InventoryTools","Config","ItemIconsGrouping","","Company Craft","カンパニー製作"
"InventoryTools","Config","ItemIconsGrouping","","Company Craft Ingredient","カンパニー製作素材"
"InventoryTools","Config","ItemIconsGrouping","","Company Craft Prototype","カンパニー製作：設計図"
"InventoryTools","Config","ItemIconsGrouping","","Company Leve","グランドカンパニーリーヴ"
"InventoryTools","SourceScan","ConstructorSettings","","Compares what you are wearing against what you could be wearing and suggests upgrades. These are the defaults the recommendation screen opens with.","現在の装備と装備可能な候補を比較し、更新候補を提案します。ここでは装備推奨画面を開いた時の既定値を設定します。"
"InventoryTools","Windows","FiltersWindow","","Compendium is a WIP feature, expect more here soon!","コンペンディウムは開発中の機能です。今後さらに追加される予定です！"
"InventoryTools","Config","WindowsAndListsLayout","","Compendium row height","コンペンディウムの行の高さ"
"InventoryTools","Windows","FiltersWindow","","Compendium Viewer","コンペンディウムビューア"
"InventoryTools","Services","CraftListTrackingService","","completed","完了"
"InventoryTools","Tooltip","SourceScan","","Configurable","設定可能"
"InventoryTools","Windows","FiltersWindow","","Configuration","設定"
"InventoryTools","Windows","ConfigurationWizard","","Configuration Wizard","設定ウィザード"
"InventoryTools","Windows","ConfigurationWindow","","Configure New Features","新機能を設定"
"InventoryTools","Windows","CraftsWindow","","Configure Sourcing:","入手方法を設定："
"InventoryTools","Ui","ContextMenuLayout","","Context Menu","コンテキストメニュー"
"InventoryTools","Logic","ContextMenuFeature","","Context Menus","コンテキストメニュー"
"InventoryTools","Tooltips","GenericSettingConstructor","","Control","Ctrl"
"InventoryTools","Config","WindowsAndListsLayout","","Control how various windows are laid out.","各ウィンドウのレイアウトを設定します。"
"InventoryTools","Windows","BNpcWindow","","Copy","コピー"
"InventoryTools","Windows","CraftsWindow","","Copy configuration from '","設定のコピー元：'"
"InventoryTools","Tooltip","SourceScan","","Copy existing filter's settings","既存リストの設定をコピー"
"InventoryTools","Windows","ChocoboColourWindow","","Copy from your Chocobo","チョコボから取得"
"InventoryTools","Config","ContextMenuLayout","","Copy item name","アイテム名をコピー"
"InventoryTools","Logic","CopyItemNameButtonColumn","","Copy Item Name Button","アイテム名コピーボタン"
"InventoryTools","Logic","ContextMenuFeature","","Copy the item name","アイテム名をコピー"
"InventoryTools","Windows","ChocoboColourWindow","","Copy to Clipboard##ccCopy","クリップボードへコピー##ccCopy"
"InventoryTools","Windows","ChocoboColourWindow","","Copy to Clipboard##ccTrackCopy","クリップボードへコピー##ccTrackCopy"
"InventoryTools","Config","ItemIconsGrouping","","Cosmic Tool","コスモツール"
"InventoryTools","Logic","CraftButtonColumn","","Craft Button","製作ボタン"
"InventoryTools","Logic","CraftCraftCompletionModeFilter","","Craft Completion Mode","製作完了モード"
"InventoryTools","Config","ItemIconsGrouping","","Craft Ingredient","製作素材"
"InventoryTools","Config","ItemIconsGrouping","","Craft Leve","製作稼業"
"InventoryTools","Windows","CraftsWindow","","Craft List","製作 リスト"
"InventoryTools","Windows","CraftsWindow","","Craft List (All)","製作リスト（すべて）"
"InventoryTools","Windows","CraftsWindow","","Craft List (CSV)","製作リスト（CSV）"
"InventoryTools","Windows","CraftsWindow","","Craft List (Ephemeral)","製作リスト（一時）"
"InventoryTools","Windows","CraftsWindow","","Craft List (Gatherables)","製作リスト（採集品）"
"InventoryTools","Windows","CraftsWindow","","Craft List (Missing Gatherables)","製作リスト（不足採集品）"
"InventoryTools","Windows","CraftsWindow","","Craft List (Outputs)","製作リスト（完成品）"
"InventoryTools","Windows","CraftsWindow","","Craft List (Precrafts)","製作リスト（中間素材）"
"InventoryTools","Logic","CraftNotificationsFeature","","Craft Notifications","製作通知"
"InventoryTools","SourceScan","ConstructorSettings","","Craft Overlay","製作オーバーレイ"
"InventoryTools","Config","GeneralHelpLayout","","Craft planning","製作計画"
"InventoryTools","Config","ItemIconsGrouping","","Craft Recipe","製作レシピ"
"InventoryTools","Config","ItemIconsGrouping","","Craft Soul Crystal","クラフターマイスター"
"InventoryTools","Windows","CraftsWindow","","Craft System Notice","製作システム通知"
"InventoryTools","Config","WindowsAndListsLayout","","Craft window","製作 ウィンドウ"
"InventoryTools","Tooltip","SourceScan","","Craftable - Add to Craft List","製作可能：製作リストへ追加"
"InventoryTools","Tooltip","SourceScan","","Craftable - Open in Craft Log","製作可能：製作手帳を開く"
"InventoryTools","Windows","CraftsWindow","","Craftable only","製作可能のみ"
"InventoryTools","Logic","Filters","","Crafting","製作"
"InventoryTools","Config","ContextMenuLayout","","Crafting log","製作手帳"
"InventoryTools","Logic","FiltersFeature","","Crafting materials to move to storage","保管場所へ移動する製作素材"
"InventoryTools","Logic","Filters","","Crafting:","製作："
"InventoryTools","Windows","CraftsWindow","","Crafts","製作"
"InventoryTools","Windows","FiltersWindow","","Curated List","キュレーションリスト"
"InventoryTools","Ui","TooltipsLayout","","Curated lists","キュレーションリスト"
"InventoryTools","Config","TooltipsLayout","","Current character only","現在のキャラクターのみ"
"InventoryTools","Windows","ChocoboColourWindow","","Current Colour","現在の色"
"InventoryTools","Config","MarketBoardLayout","","Current world","現在のワールド"
"InventoryTools","Logic","CustomButtonColumn","","Custom Button","カスタムボタン"
"InventoryTools","Logic","ColumnsFilter","","Custom Column Name:","カスタム列名："
"InventoryTools","Logic","ColumnsFilter","","Custom Column Name: ","カスタム列名："
"InventoryTools","Config","ItemIconsGrouping","","Custom Delivery","お得意様取引"
"InventoryTools","Logic","ColumnsFilter","","Custom Export Name:","カスタム出力名："
"InventoryTools","Logic","ColumnsFilter","","Custom Export Name: ","カスタム出力名："
"InventoryTools","Logic","CustomLinkButtonColumn","","Custom Link Button","カスタムリンクボタン"
"InventoryTools","Ui","Data","","Data","データ"
"InventoryTools","Logic","MarketboardIntegrationFeature","","Days of sale history to include","参照する販売履歴の日数"
"InventoryTools","Windows","AirshipWindow","","Debug","デバッグ"
"InventoryTools","Logic","Filters","","Deep Dungeon:","ディープダンジョン："
"InventoryTools","Config","GroupingTable","","Default","既定"
"InventoryTools","Config","SourceIconGrouping","","Default (Grouped)","既定（グループ化）"
"InventoryTools","Config","SourceIconGrouping","","Default (Ungrouped)","既定（個別表示）"
"InventoryTools","Tooltip","SourceScan","","Default Column","既定の列"
"InventoryTools","Windows","CraftsWindow","","Default Configuration","既定設定"
"InventoryTools","Logic","CraftIngredientPreferenceFilter","","Default Ingredient Sourcing","既定の素材入手方法"
"InventoryTools","Config","TooltipsLayout","","Default text colour","既定の文字色"
"InventoryTools","SourceScan","ConstructorSettings","","Defaults","既定値"
"InventoryTools","Config","TooltipsLayout","","Defaults for the lines Allagan Tools adds. Each feature can override the colour.","Allagan Toolsが追加する行の既定設定です。色は機能ごとに上書きできます。"
"InventoryTools","Logic","DelayFilter","","Delay","遅延"
"InventoryTools","Tooltip","SourceScan","","Delete item","アイテムを削除"
"InventoryTools","Logic","DestinationColumn","","Destination","移動先"
"InventoryTools","Config","HighlightDestinationColourSetting","","Destination colour","移動先の色"
"InventoryTools","Config","HighlightingLayout","","Destinations","移動先"
"InventoryTools","Windows","ItemWindow","","Desynth with","分解可能ジョブ："
"InventoryTools","Config","ItemIconsGrouping","","Desynthesis","分解"
"InventoryTools","Config","ShopHighlightingDisableItemsSetting","","Dim items that don't match","一致しない商品を暗く表示"
"InventoryTools","Tooltip","Logic/Settings","","Disable/enable the entire tooltip modification system for the plugin. If this is off, no changes will be made to your item's tooltips.","Allagan Toolsによるアイテムツールチップ拡張全体を有効／無効にします。無効の場合、ゲームのアイテムツールチップは変更されません。"
"InventoryTools","SourceScan","ConstructorSettings","","Display","表示"
"InventoryTools","Windows","FilterPage","","Display in Tab List:","タブ一覧に表示："
"InventoryTools","Windows","FilterPage","","Display in Tab List: ","タブ一覧に表示："
"InventoryTools","Config","TooltipsLayout","","Display mode","表示方法"
"InventoryTools","Tooltips","GenericSettingConstructor","","Displays the last patch an ingredient was used in. This is calculated by going each recipe an item is part of, then through it's recipes and so on until the highest patch is determined.","その素材が最後に使用された実装パッチを表示します。対象アイテムを使用するレシピと、その先の関連レシピをたどり、最も新しいパッチを判定します。"
"InventoryTools","Config","MarketBoardLayout","","Download prices automatically","価格を自動取得"
"InventoryTools","Config","AutomaticallyDownloadPricesSetting","","Download Pricing Data","価格データを取得"
"InventoryTools","Config","MarketBoardLayout","","Downloading","取得"
"InventoryTools","Windows","DutyWindow","","Drops","ドロップ"
"InventoryTools","Config","ItemIconsGrouping","","Dungeon Boss Chest","IDボス宝箱"
"InventoryTools","Config","ItemIconsGrouping","","Dungeon Boss Drop","IDボスドロップ"
"InventoryTools","Config","ItemIconsGrouping","","Dungeon Chest","ID宝箱"
"InventoryTools","Config","ItemIconsGrouping","","Dungeon Drop","IDドロップ"
"InventoryTools","Windows","DutyWindow","","Dungeon with the ID","ダンジョン ID"
"InventoryTools","Logic","FiltersFeature","","Duplicate items in your inventory","所持品内の重複アイテム"
"InventoryTools","Windows","RetainerTaskWindow","","Duration:","所要時間："
"InventoryTools","Windows","DutiesWindow","","Duties","コンテンツ"
"InventoryTools","Logic","Filters","","Duties:","コンテンツ："
"InventoryTools","Windows","DutyWindow","","Duty","コンテンツ"
"InventoryTools","Windows","AirshipWindow","","Duty ID:","コンテンツID："
"InventoryTools","Config","ItemIconsGrouping","","Dye","染色"
"InventoryTools","Logic","DyeCountFilter","","Dye Count","染料数"
"InventoryTools","Config","IntroCompendiumLayout","","Each entry links through to everything related to it, so you can follow a chain from an item to the duty that drops it to the NPC that sells the rest.","各項目は関連情報へリンクしており、アイテムからドロップするコンテンツ、さらに関連品を販売するNPCまで辿れます。"
"InventoryTools","Windows","CraftsWindow","","Each option adds its items to the currently selected craft list.","各項目を選ぶと、そのアイテムを現在選択中の製作リストへ追加します。"
"InventoryTools","Tooltip","SourceScan","","Edit name, set the name to blank to return it to the original name.","名前を編集します。空欄にすると元の名前へ戻ります。"
"InventoryTools","Tooltip","SourceScan","","Edit the craft list's configuration.","製作リストの設定を編集"
"InventoryTools","Tooltip","SourceScan","","Edit the list's configuration.","リストの設定を編集"
"InventoryTools","Logic","BasicFeature","","Enable historical item tracking","アイテム履歴の追跡を有効化"
"InventoryTools","Config","TooltipsLayout","","Enable tooltip tweaks","ツールチップ拡張を有効化"
"InventoryTools","Windows","FiltersWindow","","Enable Verbose Logging","詳細ログを有効化"
"InventoryTools","Windows","ENpcWindow","","eNpc ID:","eNpc ID："
"InventoryTools","Windows","ENpcWindow","","eNpc with the ID","eNpc ID"
"InventoryTools","Config","ContextMenuLayout","","Entries Allagan Tools adds to the game's own right-click menus. Each one costs a line in menus you already use, so they are individually switchable.","Allagan Toolsがゲーム本来の右クリックメニューへ追加する項目です。既存メニューの1行を使用するため、項目ごとに有効／無効を切り替えられます。"
"InventoryTools","Windows","CraftsWindow","","Ephemeral List","一時リスト"
"InventoryTools","SourceScan","ConstructorSettings","","Equipment Recommendation","装備推奨"
"InventoryTools","Config","IntroWindowsLayout","","Equipment recommendations","装備おすすめ"
"InventoryTools","EquipmentSuggest","EquipmentSuggestWindow","","Equipment Recommendations","装備推奨"
"InventoryTools","Logic","EquippableByGenderFilter","","Equippable By Gender","装備可能（性別）"
"InventoryTools","Logic","EquippableByGenderColumn","","Equipped By (Gender)","装備可能（性別）"
"InventoryTools","Config","ItemIconsGrouping","","Eureka Anemos","禁断の地 エウレカ：アネモス編"
"InventoryTools","Config","ItemIconsGrouping","","Eureka Hydatos","禁断の地 エウレカ：ヒュダトス編"
"InventoryTools","Config","ItemIconsGrouping","","Eureka Hydatos (Treasure Coffer)","エウレカ：ヒュダトス編（宝箱）"
"InventoryTools","Config","ItemIconsGrouping","","Eureka Orthos","オルト・エウレカ"
"InventoryTools","Config","ItemIconsGrouping","","Eureka Pagos","禁断の地 エウレカ：パゴス編"
"InventoryTools","Config","ItemIconsGrouping","","Eureka Pagos (Treasure Coffer)","エウレカ：パゴス編（宝箱）"
"InventoryTools","Config","ItemIconsGrouping","","Eureka Pyros","禁断の地 エウレカ：ピューロス編"
"InventoryTools","Config","ItemIconsGrouping","","Eureka Pyros (Treasure Coffer)","エウレカ：ピューロス編（宝箱）"
"InventoryTools","Config","ItemIconsGrouping","","Eurekan Weapon","エウレカウェポン"
"InventoryTools","Config","HistoryLayout","","Events worth recording","記録するイベント"
"InventoryTools","Config","IntroWelcomeLayout","","Every item across your characters, retainers, free company, saddlebag and glamour chest, searchable in one place.","キャラクター、リテイナー、フリーカンパニー、チョコボかばん、ミラージュドレッサーにあるすべてのアイテムを一か所から検索できます。"
"InventoryTools","Config","ListBasicsHelpLayout","","Example uses:","使用例："
"InventoryTools","EquipmentSuggest","EquipmentSuggestExcludeSourceTypeField","","Exclude Sources","除外する入手元"
"InventoryTools","SourceScan","ConstructorSettings","","Expanded","拡大"
"InventoryTools","Windows","RetainerTaskWindow","","Experience:","経験値："
"InventoryTools","Windows","FiltersWindow","","Export","エクスポート"
"InventoryTools","Windows","FilterPage","","Export Configuration to Clipboard","設定をクリップボードへコピー"
"InventoryTools","Windows","FiltersWindow","","Export Current List (Share Code)","現在のリストを書き出す（共有コード）"
"InventoryTools","Tooltip","SourceScan","","Export to CSV","CSVへ出力"
"InventoryTools","Config","ItemIconsGrouping","","Exterior Furniture","外装建材"
"InventoryTools","Config","ItemIconsGrouping","","Fate","FATE"
"InventoryTools","Ui","FiltersWindow","","Favourites","お気に入り"
"InventoryTools","Windows","ChocoboColourWindow","","Feed before recolouring to start fresh.","色変更前に与えて初期状態から始めます。"
"InventoryTools","Windows","ChocoboColourWindow","","Feed to your chocobo to reset its colour","チョコボに与えて色をリセット"
"InventoryTools","Config","ItemIconsGrouping","","Field Exploration Venture (Combat)","探索依頼：平地（戦闘職）"
"InventoryTools","Logic","Filters","","Field Operation:","特殊フィールド探索："
"InventoryTools","Ui","ConfigurationWindow","","File","ファイル"
"InventoryTools","Ui","FilterWindow","","Filter","フィルター"
"InventoryTools","EquipmentSuggest","EquipmentSuggestFilterStatsField","","Filter Stats","ステータスを絞り込み"
"InventoryTools","Ui","FilteringHelpLayout","","Filtering","フィルタリング"
"InventoryTools","Windows","FiltersWindow","","Filters","フィルター"
"InventoryTools","Config","ItemIconsGrouping","","Fishing","釣り"
"InventoryTools","Config","ContextMenuLayout","","Fishing log","釣り手帳"
"InventoryTools","Logic","Filters","","Fishing:","釣り："
"InventoryTools","Ui","ChangelogWindow","","Fixed","修正"
"InventoryTools","Config","ItemIconsGrouping","","Folklore Tome","伝承録"
"InventoryTools","Services","ItemObtainabilityService","","Folklore Tome #{tomeId}","伝承録 #{tomeId}"
"InventoryTools","Config","TooltipsLayout","","For coffers and containers, what they can contain.","宝箱やコンテナに入っている可能性のある内容。"
"InventoryTools","Ui","FiltersWindow","","Free Company","フリーカンパニー"
"InventoryTools","Config","ItemIconsGrouping","","Free Company Shop","カンパニーショップ"
"InventoryTools","Windows","ChocoboColourWindow","","Fruit Sequence","果実の順番"
"InventoryTools","Ui","FiltersWindow","","Full Item Catalog","全アイテムカタログ"
"InventoryTools","Windows","FiltersWindow","","Game Item List","ゲームアイテム一覧"
"InventoryTools","Config","ItemIconsGrouping","","Gardening","栽培"
"InventoryTools","Config","ItemIconsGrouping","","Gardening Crossbreed","栽培交雑"
"InventoryTools","Config","ItemIconsGrouping","","Gardening Crossbreed Seed","交雑種子"
"InventoryTools","Tooltip","SourceScan","","Gatherable - Gather with Gatherbuddy","採集可能：Gatherbuddyで採集"
"InventoryTools","Tooltip","SourceScan","","Gatherable - Open in Fishing Log","採集可能：釣り手帳を開く"
"InventoryTools","Tooltip","SourceScan","","Gatherable - Open in Gathering Log","採集可能：採集手帳を開く"
"InventoryTools","Windows","CraftsWindow","","Gatherable and purchasable items can be grouped by zone.","採集品と購入品をエリア別にグループ化できます。"
"InventoryTools","Logic","Filters","","Gathering","採集"
"InventoryTools","Logic","Filters","","Gathering (Ephemeral):","刻限の採集："
"InventoryTools","Logic","Filters","","Gathering (Hidden):","未知の採集："
"InventoryTools","Logic","Filters","","Gathering (Timed):","時間限定の採集："
"InventoryTools","Config","ItemIconsGrouping","","Gathering Leve","採集稼業"
"InventoryTools","Config","ContextMenuLayout","","Gathering log","採集手帳"
"InventoryTools","Logic","GatherButtonColumn","","Gathering Log Button","採集手帳ボタン"
"InventoryTools","Logic","Filters","","Gathering:","採集："
"InventoryTools","Config","ItemIconsGrouping","","Gearset","ギアセット"
"InventoryTools","Ui","ConfigurationWindow","","General","一般"
"InventoryTools","Windows","FiltersWindow","","Generate Support Dump","サポートダンプを生成"
"InventoryTools","","","","Get organized in FFXIV, easily locate/show where to sort items, plan your crafting, and search for mobs, duties, airships, and submarines!",""
"InventoryTools","Windows","FiltersWindow","","Get started by adding a craft list by hitting the + button on the bottom left.","左下の「＋」ボタンから製作リストを追加して始めてください。"
"InventoryTools","Config","ItemIconsGrouping","","Gil Shop","ギルショップ"
"InventoryTools","Config","ItemIconsGrouping","","Grand Company Expert Delivery","希少品調達"
"InventoryTools","Config","ItemIconsGrouping","","Grand Company Shop","軍票交換"
"InventoryTools","Config","ItemIconsGrouping","","Grand Company Supply & Provisioning","調達任務"
"InventoryTools","Config","ShopHighlightingNpcColorSetting","","Green","緑"
"InventoryTools","Logic","CraftCrystalGroupFilter","","Group Crystals By","クリスタルのグループ分け"
"InventoryTools","Logic","CraftEverythingElseGroupFilter","","Group Everything Else By","その他のグループ分け"
"InventoryTools","Config","GroupingTable","","Group Mode","グループ化"
"InventoryTools","Logic","CraftRetrieveGroupFilter","","Group Retrieval Items By","取得アイテムのグループ分け"
"InventoryTools","Config","GroupingTable","","Grouped","グループ化"
"InventoryTools","Tooltips","GenericSettingConstructor","","Grouped By Unlock Status","取得／解放状況でグループ化"
"InventoryTools","Windows","TeamCraftImportWindow","","Guide to importing lists.","リストの読み込み手順。"
"InventoryTools","Config","ItemIconsGrouping","","Harvesting","草刈"
"InventoryTools","Config","ItemIconsGrouping","","Harvesting (Ephemeral)","草刈（刻限）"
"InventoryTools","Config","ItemIconsGrouping","","Harvesting (Hidden)","草刈（隠し）"
"InventoryTools","Config","ItemIconsGrouping","","Harvesting (Timed)","草刈（時間限定）"
"InventoryTools","Logic","HasBeenGatheredFilter","","Has been gathered before?","採集済み？"
"InventoryTools","Config","IntroListsLayout","","Have a look","見てみる"
"InventoryTools","Logic","CraftHeaderColourFilter","","Header Text Colour","ヘッダー文字色"
"InventoryTools","Config","ItemIconsGrouping","","Heaven on High","アメノミハシラ"
"InventoryTools","Windows","FiltersWindow","","Help","ヘルプ"
"InventoryTools","Tooltip","SourceScan","","Hide any precrafts/gather/buy items once completed?","完了した中間製作／採集／購入アイテムを非表示にします。"
"InventoryTools","Config","TooltipsLayout","","Hide characters who have it","所持しているキャラクターを非表示"
"InventoryTools","Windows","CraftsWindow","","Hide Completed?","完了済みを非表示？"
"InventoryTools","SourceScan","ConstructorSettings","","Hide during duties","コンテンツ中は非表示"
"InventoryTools","SourceScan","ConstructorSettings","","Hide during duties and cutscenes","コンテンツ中・カットシーン中は非表示"
"InventoryTools","SourceScan","ConstructorSettings","","Hide during duties?","コンテンツ中は非表示？"
"InventoryTools","Windows","ItemWindow","","High","高"
"InventoryTools","Config","ItemIconsGrouping","","Highland Exploration Venture (Mining)","探索依頼：山岳（採掘師）"
"InventoryTools","Config","ShopHighlightingNpcColorSetting","","Highlight colour","強調表示色"
"InventoryTools","Logic","HighlightDestinationColourFilter","","Highlight Destination Color","移動先の強調色"
"InventoryTools","Config","HighlightDestinationSetting","","Highlight Destination?","移動先を強調表示する？"
"InventoryTools","Config","HighlightDestinationEmptySetting","","Highlight Empty Destination?","空き移動先も強調表示する？"
"InventoryTools","Config","ShopHighlightingNpcSetting","","Highlight vendor NPCs in the world","販売NPCをフィールド上で強調表示"
"InventoryTools","Config","HighlightWhenSetting","","Highlight When?","いつ強調表示する？"
"InventoryTools","Windows","FiltersWindow","","Highlight?","強調表示する？"
"InventoryTools","Config","HighlightingLayout","","Highlighting","強調表示"
"InventoryTools","Config","HighlightingLayout","","Highlighting is generally controlled by hitting the 'Highlight' button within the various windows and via slash commands, you can toggle highlight on/off here as well.","強調表示は通常、各ウィンドウの「強調表示」ボタンやスラッシュコマンドで操作しますが、ここからもON／OFFを切り替えられます。"
"InventoryTools","Config","HighlightingLayout","","Highlighting tints inventory slots and bag tabs when a list matches the items inside them. These are the defaults, individual lists can override most of them.","リスト条件に一致するアイテムがある場合、所持品スロットやバッグのタブを強調表示します。ここでは既定値を設定し、多くの項目は各リストごとに上書きできます。"
"InventoryTools","Ui","History","","History","履歴"
"InventoryTools","Logic","HistoryChangeAmountColumn","","History Event Amount","履歴イベント数量"
"InventoryTools","Windows","FiltersWindow","","History List","履歴リスト"
"InventoryTools","Config","TooltipsLayout","","Hold this key to show","表示するにはこのキーを押す"
"InventoryTools","Config","MarketBoardLayout","","Home world","ホームワールド"
"InventoryTools","Ui","HotkeysLayout","","Hotkeys","ホットキー"
"InventoryTools","Config","ItemIconsGrouping","","House Fixture (Door)","ハウジング外装（扉）"
"InventoryTools","Config","ItemIconsGrouping","","House Fixture (Flooring)","ハウジング内装（床）"
"InventoryTools","Config","ItemIconsGrouping","","House Fixture (Lighting)","ハウジング内装（照明）"
"InventoryTools","Config","ItemIconsGrouping","","House Fixture (Roof)","ハウジング外装（屋根）"
"InventoryTools","Config","ItemIconsGrouping","","House Fixture (Wall)","ハウジング外装（外壁）"
"InventoryTools","Config","ItemIconsGrouping","","House Fixture (Wallpaper)","ハウジング内装（壁紙）"
"InventoryTools","Config","ItemIconsGrouping","","House Fixture (Window)","ハウジング外装（窓）"
"InventoryTools","Ui","FiltersWindow","","Housing","ハウジング"
"InventoryTools","Windows","ItemWindow","","Housing Vendor","ハウジングショップ"
"InventoryTools","Logic","Filters","","Housing:","ハウジング："
"InventoryTools","Config","IntroDefaultsLayout","","Hover the ? icons to get further information about what each setting does.","「？」アイコンにカーソルを合わせると、各設定の詳しい説明を確認できます。"
"InventoryTools","Tooltip","Logic/Settings","","How long should we store the market prices for before refreshing from universalis?","Universalisから再取得するまで、マーケット価格を保持する時間を設定します。"
"InventoryTools","Tooltip","Logic/Settings","","How many minutes should there be between each auto save?","自動保存の間隔を分単位で設定します。"
"InventoryTools","Tooltip","Logic/Settings","","How many new lines should be added above any tooltip modifications made by this plugin?","Allagan Toolsが追加するツールチップ情報の上に入れる空行数を設定します。"
"InventoryTools","Tooltip","Logic/Settings","","How many new lines should be added below any tooltip modifications made by this plugin?","Allagan Toolsが追加するツールチップ情報の下に入れる空行数を設定します。"
"InventoryTools","Config","TooltipsLayout","","How many of this item your active list(sort list or craft list) still wants you to retrieve.","現在のリスト（並べ替えリスト／製作リスト）で、このアイテムをあといくつ取り出す必要があるか表示します。"
"InventoryTools","Logic","TooltipsFeature","","How many the active craft list still needs","有効な製作リストで残り必要な数量"
"InventoryTools","Config","GeneralLayout","","How often","保存間隔"
"InventoryTools","Tooltip","SourceScan","","How should the item be sourced? As there are multiple ways to source an item, you can either rely on your list's ingredient sourcing (tab inside the craft list's settings) or you can override the source here.","アイテムの入手方法を設定します。入手方法が複数ある場合、製作リスト設定の「素材の入手方法」を使用するか、ここで個別に上書きできます。"
"InventoryTools","Tooltips","GenericSettingConstructor","","How should the item unlock status tooltip be displayed?","アイテムの取得／解放状況をツールチップにどの形式で表示するか設定します。"
"InventoryTools","Tooltip","Logic/Settings","","How should the items displayed in the tooltip that you own be ordered? None is included if you find the sorting to be non-performant.","ツールチップに表示する所持アイテム情報の並び順を設定します。並べ替えが重い場合は「なし」を選択できます。"
"InventoryTools","Tooltip","Logic/Settings","","How the Glamour Ready Set information should be displayed in the tooltip. Detailed lists each piece with its ownership status; Compact shows a summary count.","ミラプリ用セット装備情報の表示方法を設定します。「詳細」は各構成品と所持状況を表示し、「コンパクト」は所持数だけをまとめて表示します。"
"InventoryTools","Config","TooltipsLayout","","How the item can be acquired.","アイテムの入手方法。"
"InventoryTools","Tooltip","Logic/Settings","","How the locations of items should be presented in the tooltip. This requires 'Add Item Locations?' to be on.","アイテムの保管場所をツールチップに表示する形式を設定します。「アイテムの場所を追加」を有効にする必要があります。"
"InventoryTools","Windows","CraftOverlayWindow","","Icon","アイコン"
"InventoryTools","Tooltip","Logic/Settings","","If an item can be unlocked/acquired, shows if your characters have unlocked/acquired said item. Can be configured to show specific characters inside the configuration window.","取得・解放可能なアイテムについて、各キャラクターが取得／解放済みかを表示します。表示するキャラクターは設定画面で指定できます。"
"InventoryTools","Config","IntroInventoriesLayout","","If something is missing","何か表示されない場合"
"InventoryTools","Tooltip","Logic/Settings","","If the source information tooltip is enabled, how should the various sources be ordered/displayed/etc?","入手元情報のツールチップを有効にした場合、各入手元の表示順や表示方法などを設定します。"
"InventoryTools","Tooltip","Logic/Settings","","If the use information tooltip is enabled, how should the various uses be ordered/displayed/etc?","用途情報のツールチップを有効にした場合、各用途の表示順や表示方法などを設定します。"
"InventoryTools","Windows","ConfigurationWizard","","If you are a returning user, feel free to close this window.","以前から使用している場合は、このウィンドウを閉じても問題ありません。"
"InventoryTools","Config","AboutHelpLayout","","If you run into any issues please submit feedback via the plugin installer feedback button.","問題が発生した場合は、プラグインインストーラーのフィードバックボタンから報告してください。"
"InventoryTools","Config","ContextMenuLayout","","If you want to limit the locations it searches, configure the search scope below.","検索する場所を限定したい場合は、下の検索範囲を設定してください。"
"InventoryTools","Config","GeneralHelpLayout","","If you've ever used Teamcraft, you should be right at home.","Teamcraftを使ったことがあれば、すぐに馴染めるはずです。"
"InventoryTools","Config","GeneralHelpLayout","","If you've used Teamcraft or Garland Tools, it takes some inspiration from both.","TeamcraftやGarland Toolsを使ったことがあれば、その両方から影響を受けた作りだと分かるでしょう。"
"InventoryTools","Config","WindowsAndListsLayout","","Ignore escape","Escキーを無視"
"InventoryTools","Logic","ItemLevelFilter","","iLevel","アイテムレベル"
"InventoryTools","Windows","TeamCraftImportWindow","","Import","読み込む"
"InventoryTools","Windows","FiltersWindow","","Import List (Share Code)","リストを読み込む（共有コード）"
"InventoryTools","Windows","TeamCraftImportWindow","","Import to Craft List:","製作リストへ読み込み："
"InventoryTools","Windows","CraftsWindow","","Improved handling of items that can be purchased with seals, poetics, and scrip currencies.","軍票、詩学、スクリップなどで購入できるアイテムの処理を改善しました。"
"InventoryTools","SourceScan","ConstructorSettings","","In detailed mode, what colour should acquired items be shown in?","詳細表示で、取得済みアイテムに使用する色を設定します。"
"InventoryTools","SourceScan","ConstructorSettings","","In detailed mode, what colour should not-yet-acquired items be shown in?","詳細表示で、未取得アイテムに使用する色を設定します。"
"InventoryTools","EquipmentSuggest","EquipmentSuggestSourceTypeField","","Include Sources","含める入手元"
"InventoryTools","Ui","TooltipsLayout","","Ingredient patch","素材の実装パッチ"
"InventoryTools","Config","GeneralLayout","","Integrations","連携"
"InventoryTools","Config","ItemIconsGrouping","","Interior Furniture","調度品"
"InventoryTools","Windows","DutyWindow","","Invalid Duty","無効なコンテンツ"
"InventoryTools","Windows","ItemWindow","","Invalid Item","無効なアイテム"
"InventoryTools","Windows","FilterWindow","","Invalid List","無効なリスト"
"InventoryTools","Windows","ENpcWindow","","Invalid NPC","無効なNPC"
"InventoryTools","Windows","SubmarineWindow","","Invalid Submarine Exploration","無効な潜水艦探索"
"InventoryTools","Logic","Filters","","Inventories","所持品"
"InventoryTools","Logic","CraftCalculatorColumn","","Inventories to search in:","検索対象の所持品："
"InventoryTools","Ui","InventoryScopePicker","","Inventory Categories:","所持品カテゴリ："
"InventoryTools","Ui","InventoryScopePicker","","Inventory Categories: ","所持品カテゴリ："
"InventoryTools","Logic","LocationColumn","","Inventory Location","所持場所"
"InventoryTools","Logic","ScopePickerColumnSetting","","Inventory Search Scope","所持品検索範囲"
"InventoryTools","Config","GeneralHelpLayout","","Inventory tracking","所持品追跡"
"InventoryTools","Config","InvertDestinationHighlightingSetting","","Invert Destination Highlighting?","移動先の強調表示を反転する？"
"InventoryTools","Config","InvertHighlightingSetting","","Invert Highlighting?","強調表示を反転する？"
"InventoryTools","Config","InvertTabHighlightingSetting","","Invert Tab Highlighting?","タブの強調表示を反転する？"
"InventoryTools","Windows","ItemWindow","","Ishgard Restoration","イシュガルド復興"
"InventoryTools","Config","IntroCompendiumLayout","","It also lives under the Compendium menu in the items and crafts windows, or the /compendium command.","アイテム／製作ウィンドウのCompendiumメニュー、または /compendium コマンドからも開けます。"
"InventoryTools","Windows","CraftsWindow","","It appears you are sending too many requests to Universalis, if you have multiple plugins requesting marketboard data, this is the most likely cause.","Universalisへ送信しているリクエストが多すぎるようです。複数のプラグインがマーケットデータを取得している場合、それが原因である可能性が高いです。"
"InventoryTools","Ui","ItemIconsLayout","","Item Icons","アイテムアイコン"
"InventoryTools","Windows","ItemWindow","","Item ID:","アイテムID："
"InventoryTools","Config","GeneralHelpLayout","","Item information","アイテム情報"
"InventoryTools","Windows","ItemWindow","","Item Level","アイテム レベル"
"InventoryTools","Windows","DutyWindow","","Item Level Required:","アイテム レベル 必要："
"InventoryTools","Windows","ConfigurationWindow","","Item Lists","アイテムリスト"
"InventoryTools","Ui","TooltipsLayout","","Item locations","アイテムの場所"
"InventoryTools","Ui","TooltipsLayout","","Item unlock status","アイテム解放状況"
"InventoryTools","Config","WindowsAndListsLayout","","Item window","アイテム ウィンドウ"
"InventoryTools","Windows","ItemWindow","","Item with the ID","アイテム ID"
"InventoryTools","Windows","FiltersWindow","","Items","アイテム"
"InventoryTools","SourceScan","ConstructorSettings","","Items shown when expanded","展開時に表示するアイテム数"
"InventoryTools","Config","WindowsAndListsLayout","","Items window","アイテム ウィンドウ"
"InventoryTools","Logic","FiltersFeature","","Items worth 100 gil or less","100ギル以下のアイテム"
"InventoryTools","EquipmentSuggest","EquipmentSuggestClassJobFormField","","Job","ジョブ"
"InventoryTools","Config","ItemIconsGrouping","","Job Soul Crystal","ジョブクリスタル"
"InventoryTools","Windows","FiltersWindow","","JSON Format","JSON形式"
"InventoryTools","Config","MarketRefreshTimeHoursSetting","","Keep market prices for X hours","マーケット価格をX時間保持"
"InventoryTools","Config","MarketBoardLayout","","Keep prices for (hours)","価格の保持時間（時間）"
"InventoryTools","Logic","MarketboardIntegrationFeature","","Keep prices for this many hours","価格を保持する時間"
"InventoryTools","SourceScan","ConstructorSettings","","Keep tracking this long after you stop","停止後も追跡を続ける時間"
"InventoryTools","Windows","FiltersWindow","","Ko-Fi","Ko-Fi"
"InventoryTools","Config","TooltipsLayout","","Label added lines with the plugin name","追加行にプラグイン名を表示"
"InventoryTools","SourceScan","ConstructorSettings","","Layout","レイアウト"
"InventoryTools","Windows","ChocoboColourWindow","","Learn More","詳しく見る"
"InventoryTools","Config","ListBasicsHelpLayout","","Lets you search across all the items that exist within the game's catalogue.","ゲーム内カタログに存在するすべてのアイテムを検索できます。"
"InventoryTools","Windows","ItemWindow","","Level","レベル"
"InventoryTools","Windows","DutyWindow","","Level Required:","レベル 必要："
"InventoryTools","Windows","RetainerTaskWindow","","Level:","レベル："
"InventoryTools","Logic","Filters","","Leves:","リーヴ："
"InventoryTools","Config","TooltipsLayout","","Limit to these item categories","対象アイテムカテゴリを限定"
"InventoryTools","Config","TooltipsLayout","","Limit to these lists","対象リストを限定"
"InventoryTools","Tooltip","Logic/Settings","","Limits the information displayed on the tooltip to inventories belonging to the currently logged in character.","ツールチップに表示する情報を、現在ログイン中のキャラクターが所有する所持品だけに限定します。"
"InventoryTools","Config","AboutHelpLayout","","Links","リンク"
"InventoryTools","Ui","ListBasicsHelpLayout","","List Basics","リストの基本"
"InventoryTools","Config","GeneralLayout","","List compendium windows in Wotsit","各種一覧ウィンドウをWotsitに登録"
"InventoryTools","Ui","ListDebugWindow","","List Debug","リストデバッグ"
"InventoryTools","Windows","FilterPage","","List Type:","リスト種別："
"InventoryTools","Windows","FilterPage","","List Type: ","リスト種別："
"InventoryTools","Config","WindowsAndListsLayout","","List window","リスト ウィンドウ"
"InventoryTools","Windows","ListDebugWindow","","List:","リスト："
"InventoryTools","Ui","Lists","","Lists","リスト"
"InventoryTools","Config","ListBasicsHelpLayout","","Lists are the core way the plugin lets you view the items you are looking for, or are attempting to sort. There are currently 3 types of list that can be created.","リストは、探しているアイテムや整理したいアイテムを表示するための中心機能です。現在は3種類のリストを作成できます。"
"InventoryTools","Windows","ChocoboColourWindow","","Lock in this sequence to track feeding progress.","この順番を固定して給餌の進捗を追跡します。"
"InventoryTools","Windows","ChocoboColourWindow","","Lock In##ccLockIn","固定##ccLockIn"
"InventoryTools","Windows","ChocoboColourWindow","","Log in first.","先にログインしてください。"
"InventoryTools","Config","ItemIconsGrouping","","Logging","伐採"
"InventoryTools","Config","ItemIconsGrouping","","Logging (Ephemeral)","伐採（刻限）"
"InventoryTools","Config","ItemIconsGrouping","","Logging (Hidden)","伐採（隠し）"
"InventoryTools","Config","ItemIconsGrouping","","Logging (Timed)","伐採（時間限定）"
"InventoryTools","SourceScan","ConstructorSettings","","Login Delay","ログイン待機時間"
"InventoryTools","Config","ItemIconsGrouping","","Logogram","ロゴスシャード"
"InventoryTools","Config","IntroWelcomeLayout","","Look things up","情報を調べる"
"InventoryTools","Config","ItemIconsGrouping","","Loot","戦利品"
"InventoryTools","Config","ShopHighlightingNpcColorSetting","","Magenta","マゼンタ"
"InventoryTools","Logic","MagicalDamageFilter","","Magical Damage","魔法ダメージ"
"InventoryTools","Tooltip","Logic/Settings","","Makes the Tooltip Category Whitelist into a Blacklist if checked.","有効にすると、ツールチップの対象カテゴリ一覧をホワイトリストではなく除外リストとして扱います。"
"InventoryTools","Config","ItemIconsGrouping","","Manderville Weapon","マンダヴィルウェポン"
"InventoryTools","Windows","ItemWindow","","Map Link##ml","マップリンク##ml"
"InventoryTools","Logic","Filters","","Market","マーケット"
"InventoryTools","Config","MarketBoardLayout","","Market Board","マーケットボード"
"InventoryTools","Logic","MarketboardPriceHQColumn","","Market Board Average Price HQ","マーケットボード平均価格 HQ"
"InventoryTools","Ui","TooltipsLayout","","Market prices","マーケット価格"
"InventoryTools","Config","MarketBoardLayout","","Market prices come from Universalis rather than the game, so they are fetched and cached rather than read live.","マーケット価格はゲーム本体ではなくUniversalisから取得するため、リアルタイム参照ではなく取得後にキャッシュされます。"
"InventoryTools","Windows","ItemWindow","","Market Pricing","マーケット価格"
"InventoryTools","Config","MarketBoardSaleCountLimitSetting","","Marketboard Sale History Days","マーケット販売履歴の日数"
"InventoryTools","Config","ItemIconsGrouping","","Master Recipe Book","秘伝書"
"InventoryTools","Config","ItemIconsGrouping","","Mastercraft Tool","マスタークラフトツール"
"InventoryTools","Tooltip","DirectHelpMarker","","Match against a specific character(player character, retainer, free company, etc)","特定のキャラクター（プレイヤーキャラクター、リテイナー、フリーカンパニーなど）を対象にします。"
"InventoryTools","Tooltip","DirectHelpMarker","","Match against a specific world","特定のワールドを対象にします。"
"InventoryTools","Tooltip","DirectHelpMarker","","Match against all characters","すべてのキャラクターを対象にします。"
"InventoryTools","Tooltip","DirectHelpMarker","","Match against all inventories","すべての所持品を対象にします。"
"InventoryTools","Tooltip","DirectHelpMarker","","Match against the currently logged in character.","現在ログイン中のキャラクターを対象にします。"
"InventoryTools","Tooltip","DirectHelpMarker","","Match against the currently logged in character. This includes all retainers/free companies/etc owned by the character. Use categories or character types to filter down further.","現在ログイン中のキャラクターを対象にします。そのキャラクターが所有するリテイナーやフリーカンパニーなども含まれます。カテゴリやキャラクター種別でさらに絞り込めます。"
"InventoryTools","Config","TooltipsLayout","","Match item quality","アイテム品質を一致させる"
"InventoryTools","Config","HighlightColourSetting","","Matched item colour","一致アイテムの色"
"InventoryTools","Config","TabHighlightColourSetting","","Matching tab colour","一致タブの色"
"InventoryTools","Logic","MateriaCountFilter","","Materia Count","マテリア数"
"InventoryTools","SourceScan","ConstructorSettings","","Max items when expanded","展開時の最大表示数"
"InventoryTools","Config","TooltipsLayout","","Maximum results","最大結果数"
"InventoryTools","Windows","ItemWindow","","Mid","中"
"InventoryTools","Config","ItemIconsGrouping","","Mining","採掘"
"InventoryTools","Config","ItemIconsGrouping","","Mining (Ephemeral)","採掘（刻限）"
"InventoryTools","Config","ItemIconsGrouping","","Mining (Hidden)","採掘（隠し）"
"InventoryTools","Config","ItemIconsGrouping","","Mining (Timed)","採掘（時間限定）"
"InventoryTools","Logic","Filters","","Mining:","採掘："
"InventoryTools","Windows","CraftsWindow","","Missing Requirements","不足要件"
"InventoryTools","Windows","BNpcWindow","","Mob","モブ"
"InventoryTools","Windows","BNpcsWindow","","Mobs","モブ"
"InventoryTools","SourceScan","ConstructorSettings","","Mode","モード"
"InventoryTools","Ui","ConfigurationWindow","","Modules","モジュール"
"InventoryTools","Config","ItemIconsGrouping","","Monster Drop","モンスタードロップ"
"InventoryTools","Config","ContextMenuLayout","","Monsters","モンスター"
"InventoryTools","Config","GeneralHelpLayout","","More","その他"
"InventoryTools","Config","ContextMenuLayout","","More information","詳細情報"
"InventoryTools","Windows","CraftOverlayWindow","","More Information","詳細情報"
"InventoryTools","Logic","Filters","","N/A","指定なし"
"InventoryTools","Config","GroupingTable","","Name","名前"
"InventoryTools","Logic","NameIconColumn","","Name & Icon","名前とアイコン"
"InventoryTools","Logic","ItemFilter","","Name (Selector)","名前（選択）"
"InventoryTools","Config","RetainerListColourSetting","","Name colour","名前の色"
"InventoryTools","Windows","FilterPage","","Name:","名前："
"InventoryTools","Windows","FilterPage","","Name: ","名前："
"InventoryTools","Windows","ListDebugWindow","","Needs Refresh:","更新が必要："
"InventoryTools","Config","SettingBlock","","NEW","新規"
"InventoryTools","Windows","FiltersWindow","","New Craft List","新しい製作リスト"
"InventoryTools","Windows","FiltersWindow","","New Craft List (Ephemeral)","新しい製作リスト（一時）"
"InventoryTools","Ui","FiltersWindow","","New Curated List","新しいキュレーションリスト"
"InventoryTools","Windows","ENpcsWindow","","No","いいえ"
"InventoryTools","Windows","CraftsWindow","","No craft data available.","製作データがありません。"
"InventoryTools","Windows","CraftOverlayWindow","","No craft list active.","有効な製作リストがありません。"
"InventoryTools","Windows","CraftsWindow","","No craft lists created.","製作リストがありません。"
"InventoryTools","Windows","ChocoboColourWindow","","No fruits needed (already at target).","果実は不要です（すでに目標色です）。"
"InventoryTools","Windows","ChocoboColourWindow","","No fruits to add.","追加する果実はありません。"
"InventoryTools","Common","MultipleChoice","","No items selected","アイテムが選択されていません"
"InventoryTools","Windows","ItemWindow","","No locations known.","場所情報がありません。"
"InventoryTools","Windows","CraftsWindow","","No missing requirements detected.","不足要件はありません。"
"InventoryTools","Windows","CraftsWindow","","No other configurations available to copy from.","コピー元にできる他の設定がありません。"
"InventoryTools","Config","WindowFilterSetting","","None","なし"
"InventoryTools","SourceScan","ConstructorSettings","","Normal","標準"
"InventoryTools","Windows","CraftsWindow","","Normal List","通常リスト"
"InventoryTools","Config","TooltipsLayout","","Not acquired item colour","未取得アイテムの色"
"InventoryTools","SourceScan","ConstructorSettings","","Not Acquired Item Colour","未取得アイテムの色"
"InventoryTools","Windows","CraftOverlayWindow","","Nothing to do.","実行することはありません。"
"InventoryTools","Logic","CraftReportPrefixFilter","","Notification Prefix","通知プレフィックス"
"InventoryTools","Windows","ENpcWindow","","Npcs","NPC"
"InventoryTools","Windows","ENpcsWindow","","NPCs","NPC"
"InventoryTools","Config","ItemIconsGrouping","","Occult Crescent (Golden Coffer)","クレセントアイル（金の宝箱）"
"InventoryTools","Config","ItemIconsGrouping","","Occult Crescent (Pot)","クレセントアイル（壺）"
"InventoryTools","Config","ItemIconsGrouping","","Occult Crescent (Treasure Coffer)","クレセントアイル（宝箱）"
"InventoryTools","EquipmentSuggest","EquipmentSuggestSelectedSecondaryItemColumn","","Off-hand","副武器"
"InventoryTools","Config","ItemIconsGrouping","","Oizys","オイジス"
"InventoryTools","Windows","CraftsWindow","","OK","OK"
"InventoryTools","Config","GeneralHelpLayout","","Once the plugin knows about the items, you can create lists to narrow down searches for specific items, help you sort them, and a myriad of other things.","プラグインがアイテム情報を取得すると、リストを作成して特定アイテムの検索を絞り込んだり、整理を支援したり、さまざまな用途に利用できます。"
"InventoryTools","Windows","SupportDumpWindow","","Only press this if you have been instructed to, it will generate a zip file containing your inventory, the allagan tools configuration, and your logs. If you are attempting to provide this information to help fix a bug, turn on Verbose Logging in File, replicate the bug and then generate this dump. Proceed?","指示された場合のみ実行してください。所持品データ、Allagan Toolsの設定、ログを含むZIPファイルを生成します。不具合修正のために情報を提供する場合は、File設定で詳細ログを有効にし、不具合を再現してからこのダンプを生成してください。続行しますか？"
"InventoryTools","Logic","ContextMenuFeature","","Open a game log","ゲーム内ログを開く"
"InventoryTools","Windows","ConfigurationWizard","","Open Help","開く ヘルプ"
"InventoryTools","Tooltip","SourceScan","","Open in Console Games Wiki","Console Games Wikiで開く"
"InventoryTools","Config","ContextMenuLayout","","Open in game","ゲーム内で開く"
"InventoryTools","Tooltip","SourceScan","","Open in Gamer Escape","Gamer Escapeで開く"
"InventoryTools","Tooltip","SourceScan","","Open in Garland Tools","Garland Toolsで開く"
"InventoryTools","Tooltip","SourceScan","","Open in Teamcraft","Teamcraftで開く"
"InventoryTools","Tooltip","SourceScan","","Open in Universalis","Universalisで開く"
"InventoryTools","Config","IntroInventoriesLayout","","Open it in game once and it will be remembered from then on. Most commonly:","ゲーム内で一度開けば、その後は記録されます。主な対象："
"InventoryTools","Tooltip","SourceScan","","Open the configuration window.","設定ウィンドウを開く"
"InventoryTools","Tooltip","SourceScan","","Open the craft list's tree view.","製作リストのツリー表示を開く"
"InventoryTools","Tooltip","SourceScan","","Open the craft window.","製作ウィンドウを開く"
"InventoryTools","Tooltip","SourceScan","","Open the items window.","アイテムウィンドウを開く"
"InventoryTools","","","","Open this plugin's interface",""
"InventoryTools","","","","Open this plugin's settings",""
"InventoryTools","Config","ContextMenuLayout","","Opens the Allagan Tools information window for whatever was right-clicked.","右クリックした対象のAllagan Tools情報ウィンドウを開きます。"
"InventoryTools","Windows","ChocoboColourWindow","","Or pick manually:","または手動で選択："
"InventoryTools","Config","ShopHighlightingNpcColorSetting","","Orange","オレンジ"
"InventoryTools","Config","TooltipsLayout","","Order","順序"
"InventoryTools","Tooltip","DirectHelpMarker","","Original Column Name:","元の列名："
"InventoryTools","Tooltip","DirectHelpMarker","","Original Column Name: ","元の列名："
"InventoryTools","Config","ContextMenuLayout","","Other","その他"
"InventoryTools","Ui","IntroWindowsLayout","","Other tools","その他のツール"
"InventoryTools","Ui","TooltipsLayout","","Outfit glamour","一式装備ミラプリ"
"InventoryTools","Config","ItemIconsGrouping","","Outfit Glamour Item","ミラプリ用装備"
"InventoryTools","Config","ItemIconsGrouping","","Outfit Glamour Set","ミラプリ用セット装備"
"InventoryTools","Tooltip","SourceScan","","Override the market world preferences for this item. If you select a world here, the craft pricer will attempt to take prices from this world first then follow the normal rules for craft pricing.","このアイテムのマーケット参照ワールドを上書きします。ここでワールドを指定すると、そのワールドの価格を優先して取得し、その後は通常の製作価格設定に従います。"
"InventoryTools","Tooltip","SourceScan","","Override the price for this item. This is only used when no pricing is available. Use this to give you a rough estimate of the gil cost of your item.","このアイテムの価格を上書きします。価格情報を取得できない場合にのみ使用され、必要ギルの概算に利用されます。"
"InventoryTools","Ui","IntroWelcomeLayout","","Overview","概要"
"InventoryTools","Config","ItemIconsGrouping","","Palace of the Dead","死者の宮殿"
"InventoryTools","Windows","FiltersWindow","","Paste List Contents","リスト内容を貼り付け"
"InventoryTools","Windows","TeamCraftImportWindow","","Paste text here","ここにテキストを貼り付け"
"InventoryTools","Windows","ItemWindow","","Patch","パッチ"
"InventoryTools","Logic","PatchColumn","","Patch Added","実装パッチ"
"InventoryTools","Tooltip","Logic/Settings","","Performs a search covering either all inventories or the scope defined below?","すべての所持品、または下で指定した範囲を対象にアイテム検索を行います。"
"InventoryTools","Config","PersistDataSetting","","Persist Cached Data","キャッシュデータを保持"
"InventoryTools","Config","MarketRefreshTimeHoursSetting","","Persist for X hours","X時間保持"
"InventoryTools","SourceScan","ConstructorSettings","","Persist State Time (seconds)","状態保持時間（秒）"
"InventoryTools","Config","ItemIconsGrouping","","Phantom Weapon","ファントムウェポン"
"InventoryTools","Logic","PhysicalDamageFilter","","Physical Damage","物理ダメージ"
"InventoryTools","Config","IntroWindowsLayout","","Pick a class and it looks through everything you own on any character and in any retainer for gear that beats what you are wearing, weighing item level against the stats that class actually cares about.","クラスを選ぶと、全キャラクターとリテイナーの所持装備を調べ、アイテムレベルとそのクラスに重要なステータスを考慮して現在装備より良い候補を探します。"
"InventoryTools","Windows","ChocoboColourWindow","","Pick a target colour:","目標色を選択："
"InventoryTools","Config","IntroWindowsLayout","","Pick the colour you want your chocobo to be and it works out which fruit to feed, in which order. Lock the sequence in and it tracks your progress, ticking off each fruit as you go.","チョコボの目標色を選ぶと、必要な果実と与える順番を計算します。順番を固定すると進捗を追跡し、果実を与えるたびにチェックできます。"
"InventoryTools","Config","ItemIconsGrouping","","Pilgrim's Traverse","ピルグリム・トラバース"
"InventoryTools","Config","IntroWelcomeLayout","","Plan your crafts","製作を計画する"
"InventoryTools","Logic","CraftNotificationsFeature","","Play a sound when an item is complete","アイテム完了時に音を鳴らす"
"InventoryTools","Tooltip","SourceScan","","Please make sure you include at least one inventory that contains crystals otherwise the craft calculator will not work.","クリスタルを含む所持品を少なくとも1つ検索対象に含めてください。含まれていない場合、製作計算が正しく動作しません。"
"InventoryTools","Compendium","CompendiumMapFeaturesWindow","","POIs","地点情報"
"InventoryTools","Config","MarketBoardUseActiveWorldSetting","","Price Active World?","現在のワールドの価格を取得する？"
"InventoryTools","Config","MarketBoardUseHomeWorldSetting","","Price Home World?","ホームワールドの価格を取得する？"
"InventoryTools","Config","MarketBoardExtraWorldsSetting","","Price Worlds","価格取得ワールド"
"InventoryTools","Windows","SupportDumpWindow","","Proceed","続行"
"InventoryTools","Logic","QualitySelectorSetting","","Qualities","品質"
"InventoryTools","Logic","QuantityColumn","","Quantity/Total Quantity Available","数量／利用可能総数"
"InventoryTools","Config","ItemIconsGrouping","","Quarrying","砕岩"
"InventoryTools","Config","ItemIconsGrouping","","Quarrying (Ephemeral)","砕岩（刻限）"
"InventoryTools","Config","ItemIconsGrouping","","Quarrying (Hidden)","砕岩（隠し）"
"InventoryTools","Config","ItemIconsGrouping","","Quarrying (Timed)","砕岩（時間限定）"
"InventoryTools","Config","ItemIconsGrouping","","Quick Venture","ほりだしもの依頼"
"InventoryTools","Windows","AirshipWindow","","Rank Required:","必要ランク："
"InventoryTools","Windows","BNpcWindow","","Rank:","ランク："
"InventoryTools","Logic","RarityColumn","","Rarity","レアリティ"
"InventoryTools","Services","ItemObtainabilityService","","Recipe Book #{bookId}","秘伝書 #{bookId}"
"InventoryTools","SourceScan","ConstructorSettings","","Recommend by","おすすめ基準"
"InventoryTools","Windows","ConfigurationWindow","","Reconfigure All Features","すべての機能を再設定"
"InventoryTools","Config","HistoryLayout","","Records items moving into, out of and around your inventories so you can look back at what changed. History lists then read from that record.","所持品への入出庫や内部移動を記録し、後から変更内容を確認できます。履歴リストはこの記録を参照します。"
"InventoryTools","Config","ShopHighlightingNpcColorSetting","","Red","赤"
"InventoryTools","Config","ItemIconsGrouping","","Reduction","精選"
"InventoryTools","Windows","FiltersWindow","","Refresh All Prices","すべての価格を更新"
"InventoryTools","Windows","CraftsWindow","","Refresh All Prices (Craft List)","すべての価格を更新（製作リスト）"
"InventoryTools","Windows","CraftsWindow","","Refresh All Prices (Retainer/Bags)","すべての価格を更新（リテイナー／バッグ）"
"InventoryTools","Tooltip","SourceScan","","Refresh Market Prices","マーケット価格を更新"
"InventoryTools","Tooltip","SourceScan","","Refresh the current prices.","現在の価格を更新"
"InventoryTools","Windows","ListDebugWindow","","Refreshing:","更新中："
"InventoryTools","Logic","Filters","","Relic Tool:","道具強化コンテンツ："
"InventoryTools","Logic","Filters","","Relic Weapon:","武器強化コンテンツ："
"InventoryTools","SourceScan","ConstructorSettings","","Remember State","状態を記憶"
"InventoryTools","Config","SaveBackgroundFilterSetting","","Remember the choice between sessions","前回の選択を次回も保持"
"InventoryTools","Logic","RemoveButtonColumn","","Remove","削除"
"InventoryTools","Tooltip","SourceScan","","Remove this item","このアイテムを削除"
"InventoryTools","Ui","ChangelogWindow","","Removed","削除"
"InventoryTools","Windows","FiltersWindow","","Report a Issue","問題を報告"
"InventoryTools","Logic","CraftNotificationsFeature","","Report only completed items, not each item that you collect","入手ごとではなく完了したアイテムだけ報告"
"InventoryTools","Logic","CraftNotificationsFeature","","Report progress to the chat window","進捗をチャットに表示"
"InventoryTools","Logic","RequiredLevelFilter","","Required Level","必要レベル"
"InventoryTools","Common","Reset","","Reset","リセット"
"InventoryTools","Tooltip","SourceScan","","Reset craft list to default configuration (keeps items).","アイテムを残したまま製作リスト設定を既定値へ戻します。"
"InventoryTools","Tooltip","SourceScan","","Reset to the default settings.","既定の設定へ戻す"
"InventoryTools","Windows","ChocoboColourWindow","","Reset tracking progress?","追跡進捗をリセットしますか？"
"InventoryTools","Windows","ChocoboColourWindow","","Reset##ccReset","リセット##ccReset"
"InventoryTools","Windows","ChocoboColourWindow","","Reset##ccResetYes","リセット##ccResetYes"
"InventoryTools","Windows","ChocoboColourWindow","","Resets chocobo colour to Desert Yellow.","チョコボの色をデザートイエローに戻します。"
"InventoryTools","Config","ItemIconsGrouping","","Resistance Weapon","レジスタンスウェポン"
"InventoryTools","Config","ItemIconsGrouping","","Resplendent Tool","リスプレンデントツール"
"InventoryTools","Config","HighlightingLayout","","Retainer list","リテイナーリスト"
"InventoryTools","Ui","RetainerTaskWindow","","Retainer Task","リテイナーベンチャー"
"InventoryTools","Ui","RetainerTasksWindow","","Retainer Tasks","リテイナーベンチャー"
"InventoryTools","Config","HotkeysLayout","","Retainer ventures","リテイナーベンチャー"
"InventoryTools","Windows","RetainerTasksWindow","","Retainer Ventures","リテイナーベンチャー"
"InventoryTools","Windows","CraftsWindow","","Retainer/Bag List","リテイナー／バッグ一覧"
"InventoryTools","Windows","CraftsWindow","","Retainer/Bag List (CSV)","リテイナー／バッグ一覧（CSV）"
"InventoryTools","Ui","FiltersWindow","","Retainers","リテイナー"
"InventoryTools","Windows","CraftsWindow","","Retrievable items can be prioritized in their own group.","取り出し可能なアイテムを専用グループで優先できます。"
"InventoryTools","Tooltip","SourceScan","","Return to the craft list.","製作リストへ戻る"
"InventoryTools","Tooltip","SourceScan","","Return to the filter.","リストへ戻る"
"InventoryTools","Logic","CraftReverseListDisplayFilter","","Reverse Craft List Order?","製作リストの順序を反転？"
"InventoryTools","Windows","CraftOverlayWindow","","Right Click: Menu","右クリック：メニュー"
"InventoryTools","Config","IntroWindowsLayout","","Right-clicking an item or a table row almost always offers more than you would expect, and clicking an item's icon anywhere in the plugin opens its full information page.","アイテムや表の行を右クリックすると多くの追加操作が表示されます。また、プラグイン内のアイテムアイコンをクリックすると詳細情報ページが開きます。"
"InventoryTools","Config","MarketBoardSaleCountLimitSetting","","Sale History Limit","販売履歴の期間"
"InventoryTools","Config","MarketBoardLayout","","Sale history window (days)","販売履歴の取得期間（日）"
"InventoryTools","Logic","FiltersFeature","","Sample Lists","サンプルリスト"
"InventoryTools","Windows","FiltersWindow","","Save","保存"
"InventoryTools","Config","GeneralLayout","","Save automatically","自動保存する"
"InventoryTools","Logic","BasicFeature","","Save inventories automatically","所持品を自動保存"
"InventoryTools","Config","GeneralLayout","","Saving","保存"
"InventoryTools","Windows","ItemWindow","","Scrip","スクリップ"
"InventoryTools","Config","ContextMenuLayout","","Search","検索"
"InventoryTools","Config","ContextMenuLayout","","Search for this item","このアイテムを検索"
"InventoryTools","Windows","FiltersWindow","","Search List","リストを検索"
"InventoryTools","Ui","ConfigurationWindow","","Search settings...","設定を検索..."
"InventoryTools","Config","TooltipsLayout","","Search these locations","これらの場所を検索"
"InventoryTools","Logic","Filters","","Searching","検索"
"InventoryTools","Windows","ChocoboColourWindow","","Select a target colour to generate the fruit sequence.","目標色を選択すると果実の順番を生成します。"
"InventoryTools","Tooltip","SourceScan","","Select which recipe you wish to use for this item. Some items can be crafted by multiple classes.","このアイテムの製作に使用するレシピを選択します。アイテムによっては複数のクラスで製作できます。"
"InventoryTools","Logic","SellToVendorPriceColumn","","Sell to Vendor Price","ショップ売却価格"
"InventoryTools","Windows","ItemWindow","","Sell to Vendor:","ショップへ売却："
"InventoryTools","Windows","SeparatorPageItem","","Separator","区切り"
"InventoryTools","Tooltip","Logic/Settings","","Set the layout of the craft window","製作ウィンドウのレイアウトを設定します。"
"InventoryTools","Tooltip","Logic/Settings","","Set the layout of the items window","アイテム一覧ウィンドウのレイアウトを設定します。"
"InventoryTools","Config","GroupingTable","","Settings","設定"
"InventoryTools","Windows","BNpcWindow","","Shared Models","共有モデル"
"InventoryTools","Tooltips","GenericSettingConstructor","","Shift","Shift"
"InventoryTools","Services","ContextMenuService","","Shop","ショップ"
"InventoryTools","Config","HighlightingLayout","","Shop highlighting","ショップ強調表示"
"InventoryTools","Logic","Filters","","Shops:","ショップ："
"InventoryTools","Config","ContextMenuLayout","","Shortcuts to open the various logs within the game.","ゲーム内の各種手帳を開くショートカットです。"
"InventoryTools","Tooltip","Logic/Settings","","Should all the items not matching a list be highlighted instead? This can be overridden in the list configuration.","リスト条件に一致しないアイテム側を強調表示します。この設定は各リストで上書きできます。"
"InventoryTools","Tooltip","Logic/Settings","","Should all the tabs not matching a list be highlighted instead? This can be overridden in the list configuration.","リスト条件に一致しないタブ側を強調表示します。この設定は各リストで上書きできます。"
"InventoryTools","Tooltip","Logic/Settings","","Should Allagan Tools attempt to track the movement, addition and removal of items in your inventories?","所持品内のアイテムの移動・追加・削除をAllagan Toolsで履歴として記録します。"
"InventoryTools","Tooltips","GenericSettingConstructor","","Should characters that already have this unlocked be hidden? If in grouped mode, this will hide the acquired group.","すでに取得／解放済みのキャラクターを非表示にします。グループ表示では取得済みグループ全体を非表示にします。"
"InventoryTools","Tooltip","Logic/Settings","","Should price data be automatically downloaded when it's viewed in a list?","リストでアイテムを表示した際に価格データを自動取得します。"
"InventoryTools","Config","MarketBoardLayout","","Should pricing data be downloaded automatically? If not-enabled the 'Refresh Market Prices' button must be pressed to download pricing for items.","価格データを自動取得するかを設定します。無効の場合は「Refresh Market Prices」ボタンを押してアイテム価格を取得する必要があります。"
"InventoryTools","Tooltips","GenericSettingConstructor","","Should source information be shown in the tooltip? For example that an item can be sourced via crafting, shops, monsters etc","アイテムの入手元情報をツールチップに表示します。製作、ショップ、モンスターなど、どの方法で入手できるかを確認できます。"
"InventoryTools","Tooltip","Logic/Settings","","Should the active background list be saved when exiting the game or disabling/re-enabling the plugin?","ゲーム終了時やプラグインの無効化／再有効化後も、現在のバックグラウンド強調リストを保存します。"
"InventoryTools","Tooltip","Logic/Settings","","Should the active craft list automatically change when moving between each craft list? The active craft list will only change if there is an active craft list already selected.","製作リストを切り替えた時、使用中の製作リストも自動で切り替えます。すでに使用中の製作リストが選択されている場合にのみ切り替わります。"
"InventoryTools","Tooltip","Logic/Settings","","Should the amount required to be retrieved be shown in the tooltip?","取り出す必要がある数量をツールチップに表示します。"
"InventoryTools","Config","CompendiumWotsitSetting","","Should the compendium windows be listed in wotsit's search?","各種一覧ウィンドウをWotsitの検索対象に登録します。"
"InventoryTools","SourceScan","ConstructorSettings","","Should the craft overlay be hidden during duties/cutscenes/chocobo racing/etc?","コンテンツ中、カットシーン中、チョコボレース中などは製作オーバーレイを非表示にします。"
"InventoryTools","SourceScan","ConstructorSettings","","Should the craft overlay stay open between plugin reloads/game reloads?","プラグインやゲームを再読み込みしても、製作オーバーレイを開いた状態のまま維持します。"
"InventoryTools","Tooltip","Logic/Settings","","Should the currently active world be automatically priced?","現在いるワールドの価格を自動取得します。"
"InventoryTools","Tooltip","Logic/Settings","","Should the destination for items be highlighted? This can be overridden in the filter configuration.","アイテムの移動先も強調表示します。この設定は各リストの設定で上書きできます。"
"InventoryTools","SourceScan","ConstructorSettings","","Should the equipment recommendation screen be compact or normal?","装備推奨画面の表示サイズを設定します。"
"InventoryTools","Config","WindowIgnoreEscapeSetting","","Should the escape key be ignored for the Crafts window?","製作ウィンドウでEscキーによる閉じる操作を無効にします。"
"InventoryTools","Config","WindowIgnoreEscapeSetting","","Should the escape key be ignored for the Filter window?","個別リストウィンドウでEscキーによる閉じる操作を無効にします。"
"InventoryTools","Config","WindowIgnoreEscapeSetting","","Should the escape key be ignored for the Filters window?","リストウィンドウでEscキーによる閉じる操作を無効にします。"
"InventoryTools","Config","WindowIgnoreEscapeSetting","","Should the escape key be ignored for the Item window?","アイテムウィンドウでEscキーによる閉じる操作を無効にします。"
"InventoryTools","Tooltip","Logic/Settings","","Should the inventories/configuration be automatically saved on a defined interval? While the plugin does save when the game is closed and when configurations are altered, it is not saved in cases of crashing so this attempts to alleviate this.","所持品情報と設定を一定間隔で自動保存します。通常はゲーム終了時や設定変更時にも保存されますが、クラッシュ時の未保存を減らすための機能です。"
"InventoryTools","Tooltip","SourceScan","","Should the item be HQ or NQ? For output items, the quantity needed will only reduce if you craft an item of the correct quality. For other materials this will dictate what is listed to retrieve and what counts towards the amount you need.","必要品質をHQまたはNQから指定します。完成品は指定品質で製作した場合のみ必要数が減少します。素材では、取得対象と必要数への計上条件に使用されます。"
"InventoryTools","Tooltip","Logic/Settings","","Should the main window show the tab called 'All Lists' containing all available lists in one tab?","メインウィンドウに、利用可能なすべてのリストをまとめた「すべてのリスト」タブを表示します。"
"InventoryTools","Tooltip","Logic/Settings","","Should the name of the retainer in the summoning bell list be coloured if a relevant item is to be sorted or is available in their inventory?","対象アイテムの移動先になっている、または対象アイテムを所持しているリテイナー名を呼び鈴の一覧で色分けします。"
"InventoryTools","Tooltip","Logic/Settings","","Should the name of the retainer in the summoning bell list have the number of items to be sorted or are available in their inventory?","呼び鈴のリテイナー一覧で、並べ替え対象または所持している対象アイテム数をリテイナー名に表示します。"
"InventoryTools","Tooltips","ModifierSetting","","Should the tooltip only be shown if a modifier key is pressed?","修飾キーを押している時だけツールチップを表示します。"
"InventoryTools","Tooltips","GenericSettingConstructor","","Should use information be shown in the tooltip? For example, the item is used in a recipe or as currency at a shop, etc","アイテムの用途情報をツールチップに表示します。レシピ素材やショップ交換用通貨など、どこで使用するかを確認できます。"
"InventoryTools","Tooltip","SourceScan","","Should we source the item from your retainers? If there is a quantity available of the correct quality it will show up in the Items in Retainers/Bags section.","リテイナーからこのアイテムを調達するか設定します。必要な品質と数量を所持している場合、「リテイナー／所持品のアイテム」欄に表示されます。"
"InventoryTools","Tooltip","Logic/Settings","","Should your character's home world be automatically priced?","キャラクターのホームワールドの価格を自動取得します。"
"InventoryTools","Tooltip","Logic/Settings","","Should [Allagan Tools] be displayed in the tooltip above any tooltip modifications?","Allagan Toolsが追加したツールチップ情報の上に「[Allagan Tools]」を表示します。"
"InventoryTools","Config","GroupingTable","","Show","表示"
"InventoryTools","Config","WindowsAndListsLayout","","Show 'All Lists' Tab?","「すべてのリスト」タブを表示する"
"InventoryTools","Config","TooltipsLayout","","Show amount to retrieve","取り出す数量を表示"
"InventoryTools","Config","ShopHighlightingNpcNameplateIconSetting","","Show an icon on their nameplate","ネームプレートにアイコンを表示"
"InventoryTools","Config","TooltipsLayout","","Show average NQ/HQ price","NQ／HQの平均価格を表示"
"InventoryTools","Config","TooltipsLayout","","Show coffer contents","宝箱の中身を表示"
"InventoryTools","Config","TooltipsLayout","","Show curated lists","キュレーションリストを表示"
"InventoryTools","Config","TooltipsLayout","","Show in Allagan Tools' own windows","Allagan Tools内のウィンドウにも表示"
"InventoryTools","Config","TooltipsLayout","","Show ingredient patch","素材の実装パッチを表示"
"InventoryTools","Config","ShowItemNumberRetainerListSetting","","Show item counts","アイテム数を表示"
"InventoryTools","Windows","ConfigurationWizard","","Show me around again","もう一度案内を見る"
"InventoryTools","Config","TooltipsLayout","","Show minimum NQ/HQ price","NQ／HQの最低価格を表示"
"InventoryTools","Config","TooltipsLayout","","Show outfit glamour info","衣装ミラプリ情報を表示"
"InventoryTools","Config","TooltipsLayout","","Show source information","入手元情報を表示"
"InventoryTools","Tooltips","GenericSettingConstructor","","Show Source Information","入手元情報を表示"
"InventoryTools","Windows","ConfigurationWizard","","Show this wizard when new features are released","新機能追加時にこのウィザードを表示"
"InventoryTools","Config","TooltipsLayout","","Show unlock status","取得／解放状態を表示"
"InventoryTools","Config","TooltipsLayout","","Show use information","用途情報を表示"
"InventoryTools","Tooltips","GenericSettingConstructor","","Show Use Information","用途情報を表示"
"InventoryTools","Config","TooltipsLayout","","Show where I own this","所持場所を表示"
"InventoryTools","Tooltip","SourceScan","","Shows missing requirements for the current craft list.","現在の製作リストで不足している必要素材を表示します。"
"InventoryTools","Windows","FiltersWindow","","Sidebar","サイドバー"
"InventoryTools","Windows","FiltersWindow","","Single","単一"
"InventoryTools","Config","ItemIconsGrouping","","Sky Builder Hand In","蒼天街納品"
"InventoryTools","Config","ItemIconsGrouping","","Sky Builder Inspection","蒼天街検品"
"InventoryTools","Config","ItemIconsGrouping","","Skysteel Tool","スカイスチールツール"
"InventoryTools","Windows","ChocoboColourWindow","","so you can begin recolouring again.","再び色変更を開始できます。"
"InventoryTools","Windows","FiltersWindow","","Sort List","リストを並べ替え"
"InventoryTools","Config","HighlightingLayout","","Sort lists know where items are meant to end up. The destination bag can be highlighted alongside the source so you can see both ends of a move at once.","並べ替えリストはアイテムの移動先を把握しています。移動元と一緒に移動先バッグも強調表示し、移動元と移動先の両方を同時に確認できます。"
"InventoryTools","Logic","SourceColumn","","Source","入手元"
"InventoryTools","Logic","Filters","","Source (Categories)","入手元（カテゴリ）"
"InventoryTools","Config","SourceIconGroupingSetting","","Source Acquisition Icon Grouping","入手元アイコンのグループ化"
"InventoryTools","Ui","TooltipsLayout","","Source information","入手元情報"
"InventoryTools","Config","TooltipSourceInformationSetting","","Source Information Configuration","入手元情報の設定"
"InventoryTools","Tooltips","GenericSettingConstructor","","Source Information Enabled","入手元情報を表示"
"InventoryTools","Tooltips","ModifierSetting","","Source Information Modifier Key","入手元情報の表示キー"
"InventoryTools","Logic","SourceWorldColumn","","Source World","取得ワールド"
"InventoryTools","Logic","Filters","","Sources","入手元"
"InventoryTools","Config","ItemIconsGrouping","","Spearfishing","銛漁"
"InventoryTools","Config","ItemIconsGrouping","","Special Shop","特殊交換"
"InventoryTools","Logic","SpiritbondColumn","","Spiritbond","錬精度"
"InventoryTools","Config","ItemIconsGrouping","","Splendorous Tool","モーエンツール"
"InventoryTools","Logic","StackSizeColumn","","Stack Size","スタック数"
"InventoryTools","Tooltip","SourceScan","","Start configuration wizard.","設定ウィザードを開始"
"InventoryTools","Windows","FiltersWindow","","Start typing to search...","入力して検索..."
"InventoryTools","Logic","Filters","","Stats","ステータス"
"InventoryTools","SourceScan","ConstructorSettings","","Stay open across reloads","リロード後も開いた状態を維持"
"InventoryTools","Windows","CraftOverlayWindow","","Step","手順"
"InventoryTools","Config","ItemIconsGrouping","","Stored in Armoire","愛蔵品キャビネット収納"
"InventoryTools","Config","ItemIconsGrouping","","Submarine Exploration","潜水艦探索"
"InventoryTools","Windows","RetainerTaskWindow","","Submarine Exploration Point with the ID","潜水艦探索地点 ID"
"InventoryTools","Windows","SourceWindow","","Submarines","潜水艦"
"InventoryTools","Config","WindowsAndListsLayout","","Switch craft lists automatically?","製作リストを自動で切り替える"
"InventoryTools","Config","WindowsAndListsLayout","","Switch lists automatically?","リストを自動で切り替える"
"InventoryTools","Windows","FiltersWindow","","Tabs","タブ"
"InventoryTools","Windows","ChocoboColourWindow","","Target Colour","目標色"
"InventoryTools","Windows","FiltersWindow","","Teamcraft Format","Teamcraft形式"
"InventoryTools","Ui","TeamCraftImportWindow","","Teamcraft Import","Teamcraftからインポート"
"InventoryTools","Windows","ItemWindow","","Teleport##t","テレポ##t"
"InventoryTools","Compendium","CompendiumMapFeaturesWindow","","Territory Compendium","エリアコンペンディウム"
"InventoryTools","Config","TooltipsLayout","","Text colour","文字色"
"InventoryTools","SourceScan","ConstructorSettings","","Text Colour","文字色"
"InventoryTools","Windows","CraftsWindow","","The 'Next Step' column provides guidance on what you should do next.","「Next Step」列には次に行うべき作業が表示されます。"
"InventoryTools","Windows","CraftsWindow","","The 'Settings' column allows you to configure item sourcing, retainer settings, and recipes.","「Settings」列では、アイテムの入手方法、リテイナー設定、レシピを設定できます。"
"InventoryTools","SourceScan","ConstructorSettings","","The acquisition tracker perform an initial scan of your characters bags when you login. As the game receives multiple inventory updates, the scanner must wait a set amount of time before it's done. Adjust this to be higher if you are seeing items in your craft list randomly complete when you first login.","ログイン時にキャラクターの所持品を初回スキャンします。ログイン直後は所持品更新が複数回発生するため、一定時間待機してから確定します。ログイン直後に製作リストの項目が誤って完了扱いになる場合は、この値を増やしてください。"
"InventoryTools","SourceScan","ConstructorSettings","","The acquisition tracker watches what you craft, gather and loot so craft lists can tick themselves off. Both values are in seconds, and raising them trades responsiveness for reliability on a slow connection or a busy machine.","入手追跡は製作・採集・戦利品の取得を監視し、製作リストを自動更新します。値は秒単位で、大きくすると反応は遅くなりますが、通信やPC負荷が高い環境では安定性が上がります。"
"InventoryTools","SourceScan","ConstructorSettings","","The acquisition tracker will track your current state(crafting, gathering, etc). It will keep this state by default for 2 seconds after it changes back to doing nothing. This is to catch any delays in the tracker, set this number higher if you find the tracker is not picking up items you craft/gather/etc","入手追跡は現在の状態（製作・採集など）を監視します。何もしていない状態へ戻った後も既定で2秒間状態を保持し、検出遅延を吸収します。製作・採集したアイテムを取りこぼす場合は、この値を増やしてください。"
"InventoryTools","EquipmentSuggest","EquipmentSuggestToolModeCategorySetting","","The category to use when in tool mode","ツールモードで使用するカテゴリ"
"InventoryTools","Tooltip","Logic/Settings","","The color to set any items in the destination that match your source filter(assuming highlight destination duplicates is on).","移動先の強調表示が有効な場合、移動元の条件に一致する移動先アイテムへ使用する色です。"
"InventoryTools","Tooltip","Logic/Settings","","The color to set the highlighted items to.","強調表示するアイテムの色です。"
"InventoryTools","Tooltip","Logic/Settings","","The color to set the highlighted tabs(that contain filtered items) to.","条件に一致するアイテムを含むタブの強調表示色です。"
"InventoryTools","Tooltip","Logic/Settings","","The color to set the retainer(when the retainer contains filtered items) list to.","条件に一致するアイテムを所持しているリテイナー名に使用する色です。"
"InventoryTools","Config","ShopHighlightingNpcColorSetting","","The color used to highlight NPCs in the world when shop items are highlighted.","ショップ商品を強調表示している時、関連NPCの強調表示に使用する色です。"
"InventoryTools","Config","IntroCompendiumLayout","","The compendium is a browsable reference for the game's content, built from the same data the plugin uses everywhere else. If you want to know what something is, where it comes from or what drops it, this is where to look.","コンペンディウムは、プラグインで使用しているデータを基にゲーム内コンテンツを参照できる資料です。何なのか、どこで入手できるのか、何がドロップするのかを調べたい場合に使います。"
"InventoryTools","Windows","CraftsWindow","","The craft system has received an update, and your default configuration has been reset. Please readjust it according to your preferences.","製作システムが更新され、既定設定がリセットされました。好みに合わせて再設定してください。"
"InventoryTools","Windows","ChocoboColourWindow","","The fruit sequence is an estimate based on RGB colour math.","果実の順番はRGB値を基にした推定です。"
"InventoryTools","Tooltip","Logic/Settings","","The hotkey to open the crafting log for an item when hovering it.","アイテムにマウスを合わせた状態で製作手帳を開くホットキーです。"
"InventoryTools","Tooltip","Logic/Settings","","The hotkey to open the fishing log for an item when hovering it.","アイテムにマウスを合わせた状態で釣り手帳を開くホットキーです。"
"InventoryTools","Tooltip","Logic/Settings","","The hotkey to open the gathering log for an item when hovering it.","アイテムにマウスを合わせた状態で採集手帳を開くホットキーです。"
"InventoryTools","Tooltip","Logic/Settings","","The hotkey to open the more information window for an item when hovering it.","アイテムにマウスを合わせた状態で詳細情報ウィンドウを開くホットキーです。"
"InventoryTools","Tooltip","Logic/Settings","","The hotkey to open the relevant log entry(gathering, crafting, fishing) for an item when hovering it.","アイテムにマウスを合わせた状態で、対応する手帳（採集・製作・釣り）を開くホットキーです。"
"InventoryTools","Tooltip","Logic/Settings","","The hotkey to toggle the airships window.","飛空艇ウィンドウを開閉するホットキーです。"
"InventoryTools","Tooltip","Logic/Settings","","The hotkey to toggle the configuration window.","設定ウィンドウを開閉するホットキーです。"
"InventoryTools","Tooltip","Logic/Settings","","The hotkey to toggle the craft window.","製作ウィンドウを開閉するホットキーです。"
"InventoryTools","Tooltip","Logic/Settings","","The hotkey to toggle the duties window.","コンテンツウィンドウを開閉するホットキーです。"
"InventoryTools","Tooltip","Logic/Settings","","The hotkey to toggle the lists window.","リストウィンドウを開閉するホットキーです。"
"InventoryTools","Tooltip","Logic/Settings","","The hotkey to toggle the mob window.","モブウィンドウを開閉するホットキーです。"
"InventoryTools","Tooltip","Logic/Settings","","The hotkey to toggle the retainer ventures window.","リテイナーベンチャーウィンドウを開閉するホットキーです。"
"InventoryTools","Tooltip","Logic/Settings","","The hotkey to toggle the submarines window.","潜水艦ウィンドウを開閉するホットキーです。"
"InventoryTools","EquipmentSuggest","EquipmentSuggestSelectedSecondaryItemColumn","","The item you've selected from the list of recommendations","推奨一覧から選択したアイテム"
"InventoryTools","Config","IntroListsLayout","","The items window is where lists live. There are sample lists you can install as well.","リストはアイテムウィンドウで管理します。導入できるサンプルリストも用意されています。"
"InventoryTools","EquipmentSuggest","EquipmentSuggestClassJobFormField","","The job to recommend items for","装備を推奨するジョブ"
"InventoryTools","Logic","TooltipsFeature","","The market price","マーケット価格"
"InventoryTools","Tooltip","SourceScan","","The market price of this item is cheaper than buying it from a vendor and you prefer vendors over the current ingredient preference.","このアイテムはショップ購入よりマーケット価格の方が安く、現在の素材入手設定よりショップ購入を優先する設定になっています。"
"InventoryTools","Tooltip","Logic/Settings","","The maximum amount of locations to list on the tooltip. This requires 'Display Amount Owned?' to be enabled.","ツールチップに表示する所持場所の最大件数です。「所持数を表示」を有効にする必要があります。"
"InventoryTools","Config","IntroDefaultsLayout","","The next screens will show you the settings for the most commonly used features.","次の画面では、よく使われる機能の設定を案内します。"
"InventoryTools","Config","IntroInventoriesLayout","","The plugin can only see an inventory after the game has shown it to you at least once. That is a limit of how the game sends its data, not a setting you can turn on.","プラグインが所持品を認識できるのは、ゲーム内でその所持品を少なくとも一度表示した後です。これはゲーム側のデータ送信仕様による制限で、設定で変更できるものではありません。"
"InventoryTools","Config","GeneralHelpLayout","","The plugin has a dedicated crafts window that lets you create lists of items you want to craft. It'll create a plan that breaks each item down into its individual parts and tell you what you're missing, where everything you need is, and where to find or buy anything you don't have.","専用の製作ウィンドウで、作りたいアイテムのリストを作成できます。各アイテムを必要素材まで分解して計画を作り、不足品、必要品の所在、未所持品の入手・購入先を表示します。"
"InventoryTools","Config","GeneralHelpLayout","","The plugin has a fairly comprehensive database of information about each item. If you've used Garland Tools, the information provided is very similar. Clicking an item's icon within the plugin will always open the item's information window.","各アイテムについてかなり詳細な情報データベースを備えています。Garland Toolsに近い情報内容で、プラグイン内のアイテムアイコンをクリックすると、そのアイテムの情報ウィンドウが開きます。"
"InventoryTools","Config","IntroInventoriesLayout","","The plugin keeps its own copy, so you can search your retainers' contents from anywhere without going back to a bell.","プラグイン側で記録を保持するため、呼び鈴へ戻らなくてもどこからでもリテイナーの所持品を検索できます。"
"InventoryTools","Config","GeneralHelpLayout","","The plugin will do its best to keep track of your inventories. Some inventories are only cached when they are first accessed. If you aren't seeing your retainer, free company, glamour chest and so on, please be sure to view them first otherwise the plugin cannot cache them.","プラグインは可能な限り所持品を追跡します。一部の所持品は最初にアクセスしたときだけ記録されます。リテイナー、フリーカンパニー、ミラージュドレッサーなどが表示されない場合は、まずゲーム内で一度開いてください。開かない限り記録できません。"
"InventoryTools","Config","ContextMenuLayout","","The search locations also apply to searches started from Allagan Tools' own menus, not just this context menu entry.","検索場所の設定は、このコンテキストメニューだけでなくAllagan Tools内のメニューから開始した検索にも適用されます。"
"InventoryTools","EquipmentSuggest","EquipmentSuggestSlotColumn","","The slot to fill","装備するスロット"
"InventoryTools","EquipmentSuggest","EquipmentSuggestLevelFormField","","The start level of items","対象アイテムの開始レベル"
"InventoryTools","Config","HighlightingLayout","","The summoning bell list can be annotated when a retainer holds items one of your lists cares about, so you know which to open without checking each one.","リスト対象のアイテムを所持しているリテイナーがいる場合、呼び鈴のリテイナー一覧に印を付け、1人ずつ確認しなくても対象を判別できます。"
"InventoryTools","Windows","CraftsWindow","","The update includes the following changes:","更新内容："
"InventoryTools","Windows","ConfigurationWizard","","There are new features available to configure and you elected to show this window when that occurs.","設定可能な新機能があります。新機能追加時にこのウィンドウを表示する設定になっています。"
"InventoryTools","Config","HotkeysLayout","","These act on whatever item is under the cursor, so they only do anything while an item is hovered.","カーソル下のアイテムに対して動作するため、アイテムへカーソルを合わせている間だけ有効です。"
"InventoryTools","Config","MarketBoardLayout","","These combine into a single list, the extra worlds below are added to your home and current world rather than replacing them.","これらは1つのリストとして扱われます。下で追加したワールドは、ホームワールドや現在のワールドを置き換えるのではなく追加されます。"
"InventoryTools","Tooltip","SourceScan","","This is a vendor that can be placed inside your house/apartment.","ハウス／アパルトメント内に設置できるショップNPCです。"
"InventoryTools","Config","GeneralHelpLayout","","This is a very basic guide. For more information please see the wiki.","これは基本的な案内です。詳しくはWikiを確認してください。"
"InventoryTools","Tooltip","Logic/Settings","","This is the colour of any text added to the item tooltip. You can give each tooltip module it's own colour by going into the tooltip's settings.","アイテムツールチップへ追加する文字の既定色です。各ツールチップ機能の設定で個別の色を指定できます。"
"InventoryTools","Tooltip","Logic/Settings","","This is the craft list that crafts will count towards.","製作したアイテムの進捗を計上する製作リストです。"
"InventoryTools","Tooltip","SourceScan","","This is the craft list that finished crafts will count towards.","完成した製作物を計上する製作リストです。"
"InventoryTools","Windows","CraftsWindow","","This is the default configuration for new craft lists. Any new craft list will inherit this lists settings.","新しい製作リスト用の既定設定です。新規製作リストはこのリストの設定を引き継ぎます。"
"InventoryTools","Tooltip","SourceScan","","This is the ephemeral craft list, once all items in it are completed, the list will delete itself.","一時製作リストです。登録したすべてのアイテムが完了すると自動的に削除されます。"
"InventoryTools","Tooltip","Logic/Settings","","This is the list that is currently being highlighted when the allagan tools window is not visible. This list can be toggled with the associated slash commands.","Allagan Toolsのウィンドウを表示していない時に強調表示するリストです。対応するスラッシュコマンドでも切り替えられます。"
"InventoryTools","Source","SourceDerived","","This is the list that will be highlighted in the background.","バックグラウンドで強調表示するリストです。"
"InventoryTools","Tooltip","Logic/Settings","","This is the list that will be highlighted when any of the allagan tools windows are visible.","Allagan Toolsのいずれかのウィンドウを表示している間に強調表示するリストです。"
"InventoryTools","Windows","ItemWindow","","This item has been combined into a single outfit glamour item.","このアイテムは1つの衣装ミラプリ用アイテムにまとめられています。"
"InventoryTools","Windows","CraftsWindow","","This menu appears because Allagan Tools detected a supported game window open","Allagan Toolsが対応するゲームウィンドウを検出したため、このメニューを表示しています。"
"InventoryTools","Config","AboutHelpLayout","","This plugin is written in some of the free time that I have. It's a labour of love and I will hopefully be actively releasing updates for a while.","このプラグインは空いた時間を使って開発しています。愛着を持って作っており、今後もしばらく継続して更新していく予定です。"
"InventoryTools","Config","ContextMenuLayout","","This search is more expansive than the game's default search functionality as it searches across every character the plugin knows about.","ゲーム標準の検索より広範囲で、プラグインが把握しているすべてのキャラクターを対象に検索します。"
"InventoryTools","Windows","ChocoboColourWindow","","This will clear the locked colour and all progress.","固定した色と進捗をすべて消去します。"
"InventoryTools","Windows","ConfigurationWizard","","This will guide you through what the plugin does and then help you set up the most commonly used features. It takes a couple of minutes, and everything here can be changed later in the settings window.","プラグインの機能を案内した後、よく使う機能の設定を行います。数分で完了し、ここで設定した内容は後から設定ウィンドウで変更できます。"
"InventoryTools","Windows","CraftsWindow","","This will paste the contents of items copied via the 'Copy List Contents' menu above, it also will attempt to parse Teamcraft lists if one is in your clipboard. If you have a garland tools URL in your clipboard that points to a group, it will also attempt to parse that add it to your craft list.","上の「Copy List Contents」メニューでコピーしたアイテム内容を貼り付けます。クリップボードにTeamcraftのリストがある場合は解析を試みます。Garland ToolsのグループURLがある場合も解析して製作リストへ追加します。"
"InventoryTools","Config","IntroListsLayout","","Three kinds","3種類"
"InventoryTools","SourceScan","ConstructorSettings","","Timings that only need changing if you are seeing a specific symptom. The defaults suit almost everyone.","特定の症状が出る場合だけ変更するタイミング設定です。通常は既定値のままで問題ありません。"
"InventoryTools","Config","HotkeysLayout","","Toggle a window","ウィンドウを切り替え"
"InventoryTools","Windows","CraftsWindow","","Toggle Crafting Overlay","製作オーバーレイを切り替え"
"InventoryTools","Tooltip","SourceScan","","Toggle the current craft list.","現在の製作リストを有効／無効に切り替えます。"
"InventoryTools","Tooltip","SourceScan","","Toggles the add item side bar.","アイテム追加サイドバーの表示／非表示を切り替えます。"
"InventoryTools","SourceScan","ConstructorSettings","","Tool","道具"
"InventoryTools","Ui","TooltipsLayout","","Tooltips","ツールチップ"
"InventoryTools","Windows","FiltersWindow","","Total Cost HQ:","HQ合計費用："
"InventoryTools","Windows","FiltersWindow","","Total Cost NQ:","NQ合計費用："
"InventoryTools","Config","HistoryLayout","","Track inventory changes","所持品の変化を追跡"
"InventoryTools","Logic","CraftTrackerTrackOtherFilter","","Track Other?","その他を追跡？"
"InventoryTools","Config","IntroWelcomeLayout","","Track your inventories","所持品を追跡する"
"InventoryTools","Config","HistoryLayout","","Tracking","追跡"
"InventoryTools","Config","TooltipsLayout","","Treat the list above as exclusions","上のリストを除外条件として扱う"
"InventoryTools","Windows","CraftsWindow","","Tree View","ツリー表示"
"InventoryTools","Config","ItemIconsGrouping","","Triple Triad Card","トリプルトライアドカード"
"InventoryTools","SourceScan","ConstructorSettings","","Troubleshooting","トラブルシューティング"
"InventoryTools","Windows","CraftsWindow","","Two new columns have been added to your craft lists: 'Next Step' and 'Settings'.","製作リストに「Next Step」と「Settings」の2列が追加されました。"
"InventoryTools","Config","IntroWindowsLayout","","Two things worth knowing","知っておきたい2つのこと"
"InventoryTools","Logic","TypeColumn","","Type","種類"
"InventoryTools","Windows","BNpcWindow","","Type:","種類："
"InventoryTools","Logic","UseTypeSelectorSetting","","Types","種類"
"InventoryTools","Config","GroupingTable","","Ungrouped","個別表示"
"InventoryTools","Config","TooltipsLayout","","Universalis pricing for the item. Either line can be shown on its own.","Universalisのアイテム価格を表示します。各行は個別に表示できます。"
"InventoryTools","Windows","AirshipWindow","","Unknown Airship Point","不明な飛空艇探索地点"
"InventoryTools","Windows","BNpcWindow","","Unknown Mob","不明なモブ"
"InventoryTools","Windows","AirshipWindow","","Unlocked Via:","解放条件："
"InventoryTools","Logic","Filters","","Use (Categories)","用途（カテゴリ）"
"InventoryTools","Config","UseIconGroupingSetting","","Use Acquisition Icon Grouping","用途アイコンのグループ化"
"InventoryTools","Logic","CraftWorldPriceUseDefaultsFilter","","Use Default Worlds?","既定ワールドを使用？"
"InventoryTools","Ui","TooltipsLayout","","Use information","用途情報"
"InventoryTools","Config","TooltipUseInformationSetting","","Use Information Configuration","用途情報の設定"
"InventoryTools","Tooltips","GenericSettingConstructor","","Use Information Enabled","用途情報を表示"
"InventoryTools","Tooltips","ModifierSetting","","Use Information Modifier Key","用途情報の表示キー"
"InventoryTools","Config","ItemIconsGrouping","","Used on Chocobo Companion","バディチョコボで使用"
"InventoryTools","Logic","Filters","","Uses","用途"
"InventoryTools","Config","ItemIconsGrouping","","Venture (Botany)","調達依頼（園芸師）"
"InventoryTools","Config","ItemIconsGrouping","","Venture (Combat)","調達依頼（戦闘職）"
"InventoryTools","Logic","Filters","","Venture (Exploration):","探索依頼："
"InventoryTools","Config","ItemIconsGrouping","","Venture (Fishing)","調達依頼（漁師）"
"InventoryTools","Config","ItemIconsGrouping","","Venture (Mining)","調達依頼（採掘師）"
"InventoryTools","Windows","RetainerTaskWindow","","Venture Cost:","必要ベンチャースクリップ："
"InventoryTools","Logic","Filters","","Venture:","リテイナーベンチャー："
"InventoryTools","SourceScan","ConstructorSettings","","View Mode","表示形式"
"InventoryTools","SourceScan","ConstructorSettings","","Wait this long after login before scanning","ログイン後、スキャン開始まで待機する時間"
"InventoryTools","Config","ItemIconsGrouping","","Waterside Exploration Venture (Fishing)","探索依頼：水辺（漁師）"
"InventoryTools","Config","GeneralLayout","","Ways to reach Allagan Tools from outside its own windows.","Allagan Toolsのウィンドウ外から開く方法を設定します。"
"InventoryTools","Windows","ConfigurationWizard","","Welcome back to the Allagan Tools configuration wizard.","Allagan Tools設定ウィザードへおかえりなさい。"
"InventoryTools","Windows","ConfigurationWizard","","Welcome to the Allagan Tools configuration wizard.","Allagan Tools設定ウィザードへようこそ。"
"InventoryTools","Logic","TooltipsFeature","","What a coffer can contain","宝箱に入っているアイテム"
"InventoryTools","SourceScan","ConstructorSettings","","What mode should the equipment recommendation screen show? Class lets you pick a class and get recommendations for it. Tool lets you pick out the tools for a set of classes.","装備推奨画面の表示モードを設定します。「クラス」は選択したクラスの装備を提案し、「道具」は複数クラスの主道具／副道具を選択できます。"
"InventoryTools","Config","TooltipsLayout","","What the item can be turned into or spent on.","このアイテムの交換先・使用先。"
"InventoryTools","Logic","TooltipsFeature","","What the item is used for","アイテムの用途"
"InventoryTools","Config","IntroCraftingLayout","","What you get","できること"
"InventoryTools","Config","IntroCompendiumLayout","","What's in it","含まれる内容"
"InventoryTools","Tooltip","DirectHelpMarker","","When 'All' or 'World' is selected, choose the types of characters you want to filter against. Select an item again to unselect it.","「すべて」または「ワールド」を選択した場合、対象にするキャラクター種別を選択します。もう一度選ぶと解除できます。"
"InventoryTools","Tooltip","DirectHelpMarker","","When a category is selected, only items from this category will be shown. Select an item again to unselect it.","カテゴリを選択すると、そのカテゴリのアイテムだけを表示します。もう一度選ぶと解除できます。"
"InventoryTools","Tooltip","Logic/Settings","","When adding information to tooltips, should we limit the items affected to these categories? If 'Tooltip Category Blacklist` is checked, this functionality will be reversed.","ツールチップへ情報を追加する対象を指定カテゴリに限定します。「カテゴリを除外リストとして扱う」が有効な場合は動作が逆になります。"
"InventoryTools","Tooltip","Logic/Settings","","When calculating the total number of sales for an item, this is how many days back should be examined for sales data to calculate that number. If you change this, the existing data will not be wiped, you will need to either manually request a refresh of MB prices OR wait for the marketboard refresh to happen automatically.","アイテムの販売総数を計算する際、何日前までの販売履歴を参照するかを設定します。変更しても既存データは消去されないため、反映にはマーケット価格を手動更新するか、自動更新を待つ必要があります。"
"InventoryTools","Tooltip","SourceScan","","When checked, any items matching the filter will be highlighted once you search in any of the columns.","有効にすると、いずれかの列で検索した際にリスト条件へ一致するアイテムを強調表示します。"
"InventoryTools","Tooltip","SourceScan","","When checked, any items matching the filter will be highlighted.","有効にすると、リスト条件へ一致するアイテムを強調表示します。"
"InventoryTools","Tooltip","SourceScan","","When checked, any items you need to retrieve from external sources will be highlighted.","有効にすると、外部から調達する必要があるアイテムを強調表示します。"
"InventoryTools","Tooltip","DirectHelpMarker","","When checked, match against the opposite of what is selected.","有効にすると、選択した条件の反対を対象にします。"
"InventoryTools","Config","FilteringHelpLayout","","When creating a list, or when searching through the results of a list, you can use a series of operators to make your search more specific. Which operators are available depends on what you are searching against.","リスト作成時やリスト結果の検索時に、各種演算子を使って検索条件を細かく指定できます。使用できる演算子は検索対象によって異なります。"
"InventoryTools","SourceScan","ConstructorSettings","","When enabled, what colour should the text be for the 'Add Item Locations' tooltip text be?","有効時、「アイテムの場所」ツールチップの文字色を設定します。"
"InventoryTools","SourceScan","ConstructorSettings","","When enabled, what colour should the text be for the 'Amount to Retrieve' tooltip text be?","有効時、「取り出す数量」ツールチップの文字色を設定します。"
"InventoryTools","SourceScan","ConstructorSettings","","When enabled, what colour should the text be for the 'Coffer Loot' tooltip text be?","有効時、「宝箱の内容物」ツールチップの文字色を設定します。"
"InventoryTools","SourceScan","ConstructorSettings","","When enabled, what colour should the text be for the 'Curated List' tooltip text be?","有効時、「キュレーションリスト」ツールチップの文字色を設定します。"
"InventoryTools","SourceScan","ConstructorSettings","","When enabled, what colour should the text be for the 'Ingredient Patch' tooltip text be?","有効時、「素材の実装パッチ」ツールチップの文字色を設定します。"
"InventoryTools","SourceScan","ConstructorSettings","","When enabled, what colour should the text be for the 'Item Unlock Status' tooltip text be?","有効時、「アイテム取得／解放状況」ツールチップの文字色を設定します。"
"InventoryTools","SourceScan","ConstructorSettings","","When enabled, what colour should the text be for the 'Market Pricing' tooltip text be?","有効時、「マーケット価格」ツールチップの文字色を設定します。"
"InventoryTools","SourceScan","ConstructorSettings","","When enabled, what colour should the text be for the 'Outfit Glamour' tooltip text be?","有効時、「ミラプリ用セット装備」ツールチップの文字色を設定します。"
"InventoryTools","SourceScan","ConstructorSettings","","When enabled, what colour should the text be for the 'Source Information' tooltip text be?","有効時、「入手元情報」ツールチップの文字色を設定します。"
"InventoryTools","SourceScan","ConstructorSettings","","When enabled, what colour should the text be for the 'Use Information' tooltip text be?","有効時、「用途情報」ツールチップの文字色を設定します。"
"InventoryTools","Tooltip","Logic/Settings","","When highlighting destination items should the colour of the items be inverted?","移動先アイテムを強調表示する際、表示色を反転します。"
"InventoryTools","Tooltip","Logic/Settings","","When highlighting destinations should empty spots be highlighted or only items that already exist in the destination?","移動先を強調する際、空きスロットも強調するか、すでに移動先にあるアイテムだけを強調するかを設定します。"
"InventoryTools","Tooltip","Logic/Settings","","When highlighting is turned on for a list, should it always be active or should it only be active when a column is being searched in","リストの強調表示を有効にした時、常に強調するか、列を検索している時だけ強調するかを設定します。"
"InventoryTools","Config","ShopHighlightingNpcSetting","","When highlighting items in a shop, should related NPCs be highlighted in the world?","ショップ商品を強調表示している時、その商品に関連する販売NPCもフィールド上で強調表示します。"
"InventoryTools","Config","ShopHighlightingDisableItemsSetting","","When highlighting items in a shop, should the not highlighted items be disabled?","ショップ内の商品を強調表示する際、一致しない商品を暗く表示します。"
"InventoryTools","Config","ShopHighlightingNpcNameplateIconSetting","","When highlighting shop items, show a small vendor icon on the nameplate of related NPCs in the world.","ショップ商品を強調表示している時、関連NPCのネームプレートに小さなショップアイコンを表示します。"
"InventoryTools","Tooltip","Logic/Settings","","When hovering a coffer, card pack, or loot container, show how many of its possible loot items you already own.","宝箱・カードパック・戦利品コンテナにマウスを合わせた時、入手候補アイテムをいくつ所持しているか表示します。"
"InventoryTools","Tooltip","Logic/Settings","","When hovering an item and you have an amount owned by a retainer, should the owner of that retainer be affixed to that item?","アイテムのツールチップでリテイナー所持数を表示する際、そのリテイナーの所有キャラクター名も表示します。"
"InventoryTools","Tooltip","Logic/Settings","","When hovering an item, should the tooltip contain the average market price for both NQ and HQ. Please make sure 'Automatically download prices' is enabled.","アイテムのツールチップにNQ／HQそれぞれの平均マーケット価格を表示します。「価格を自動取得」を有効にしてください。"
"InventoryTools","Tooltip","Logic/Settings","","When hovering an item, should the tooltip contain the minimum market price for both NQ and HQ. Please make sure 'Automatically download prices' is enabled.","アイテムのツールチップにNQ／HQそれぞれの最低マーケット価格を表示します。「価格を自動取得」を有効にしてください。"
"InventoryTools","Tooltip","Logic/Settings","","When hovering an item, should the tooltip show the locations of any copies of the item you currently own?","アイテムにマウスを合わせた時、現在所持している同アイテムの保管場所をツールチップに表示します。"
"InventoryTools","Tooltip","Logic/Settings","","When hovering an item, show whether it is a Outfit Glamour Set or part of one, along with which component items you already have in your Armory Chest or Armoire.","アイテムがミラプリ用セット装備、またはその構成品かを表示し、アーマリーチェストや愛蔵品キャビネットに所持している構成品も表示します。"
"InventoryTools","EquipmentSuggest","EquipmentSuggestExcludeSourceTypeField","","When recommending an item, what sources should be excluded?","アイテムを推奨するときに除外する入手元"
"InventoryTools","EquipmentSuggest","EquipmentSuggestSourceTypeField","","When recommending an item, what sources should be used?","アイテムを推奨するときに使用する入手元"
"InventoryTools","Config","HighlightWhenSetting","","When Searching","検索時"
"InventoryTools","Tooltip","Logic/Settings","","When searching for an item across the inventories AT knows about, which inventories should be searched?","Allagan Toolsが把握している所持品からアイテムを検索する際の検索範囲を設定します。"
"InventoryTools","Tooltip","Logic/Settings","","When showing the locations of the items you own in the tooltip, which inventories should be included in the search?","ツールチップに所持アイテムの保管場所を表示する際、検索対象に含める所持品を設定します。"
"InventoryTools","Tooltip","Logic/Settings","","When showing the unlock status on items, these characters will be displayed. Leave empty to display all characters.","アイテムの取得／解放状況を表示するキャラクターを選択します。空欄の場合はすべてのキャラクターを表示します。"
"InventoryTools","Tooltip","Logic/Settings","","When source acquisition icons are displayed, how should they be grouped?","入手元アイコンを表示するときのグループ化方法を設定します。"
"InventoryTools","Config","WindowsAndListsLayout","","When switching between lists in the UI, if highlighting is on should we automatically switch highlighting to that list?","UIでリストを切り替えたとき、強調表示が有効なら自動的に新しいリストへ強調表示を切り替えるか設定します。"
"InventoryTools","SourceScan","ConstructorSettings","","When the craft overlay is expanded, how many items should be shown?","製作オーバーレイを展開した時に表示するアイテム数を設定します。"
"InventoryTools","Config","HighlightingLayout","","When to highlight","強調表示する条件"
"InventoryTools","Tooltip","Logic/Settings","","When use acquisition icons are displayed, how should they be grouped?","用途アイコンを表示するときのグループ化方法を設定します。"
"InventoryTools","Config","GeneralHelpLayout","","When using either an item list or a craft list, you can toggle highlighting. This will highlight the items in game so that you can see exactly where they are. When the plugin's windows are active, hit the 'Highlight' checkbox to activate highlighting for that list. To trigger this with a macro, see the commands section of help and toggle 'background' highlighting.","アイテムリストや製作リストでは強調表示を切り替えられます。対象アイテムがゲーム内で強調され、どこにあるか確認できます。プラグインのウィンドウを開いている場合は「Highlight」を有効にしてください。マクロから使う場合はヘルプのコマンド項目を参照し、「background」強調表示を切り替えてください。"
"InventoryTools","Tooltip","Logic/Settings","","When you view a different list, should highlighting automatically switch to the list you are viewing? Highlighting will only change to the new list if highlighting is already active.","別のリストを表示した時、強調表示の対象も自動でそのリストへ切り替えます。強調表示がすでに有効な場合にのみ切り替わります。"
"InventoryTools","Config","ItemIconsLayout","","Where an item can be acquired or used in several similar ways, the icons for those can be collapsed into a single grouped icon. Each source and use below can override that default.","アイテムの入手元や用途に似た項目が複数ある場合、それらのアイコンを1つのグループアイコンへまとめられます。下の各入手元・用途ごとに既定設定を上書きできます。"
"InventoryTools","Tooltip","SourceScan","","Where should the item be sourced from? As there are sometimes multiple locations to source an item from, you can either rely on your list's zone preferences (tab inside the craft list's settings) or you can override the zone here.","アイテムをどのエリアから入手するか設定します。入手先が複数ある場合、製作リスト設定のエリア優先設定を使用するか、ここで個別に上書きできます。"
"InventoryTools","Logic","TooltipsFeature","","Where the item comes from","アイテムの入手元"
"InventoryTools","Config","TooltipsLayout","","Where you already own this item, and how many.","このアイテムを所持している場所と数量。"
"InventoryTools","Logic","TooltipsFeature","","Where you own the item","アイテムの所持場所"
"InventoryTools","Logic","TooltipsFeature","","Whether the item completes an outfit","衣装セットが完成するか"
"InventoryTools","Config","TooltipsLayout","","Whether the item has been learned, and by whom.","取得済みかどうか、および取得したキャラクター。"
"InventoryTools","Logic","TooltipsFeature","","Whether the item is on one of your curated lists","アイテムがキュレーションリストに含まれているか"
"InventoryTools","Config","TooltipsLayout","","Whether this item completes an outfit you are collecting.","このアイテムで収集中の衣装が完成するかどうか。"
"InventoryTools","Logic","TooltipsFeature","","Whether you have learned/unlocked the item","アイテムを修得／解放済みか"
"InventoryTools","Tooltip","Logic/Settings","","Which curated lists should be checked? If no lists are picked, every curated list is checked.","確認対象にするキュレーションリストを選択します。何も選択しない場合はすべてのキュレーションリストを確認します。"
"InventoryTools","Tooltip","Logic/Settings","","Which events should be tracked by the history module?","履歴機能で記録するイベントを選択します。"
"InventoryTools","Tooltip","Logic/Settings","","Which inventories should be searched when determining how many coffer loot items you already own?","宝箱などの内容物について所持済み数を確認する際、検索対象にする所持品を設定します。"
"InventoryTools","Tooltip","Logic/Settings","","Which inventories should be searched when determining which outfit glamour set items you already own?","ミラプリ用セット装備の構成品を所持しているか確認する際の検索対象所持品を設定します。"
"InventoryTools","Config","TooltipsLayout","","Which of your curated lists already contain this item.","このアイテムを含むキュレーションリスト。"
"InventoryTools","Config","TooltipsLayout","","Which patch a crafting ingredient was introduced in.","製作素材が追加されたパッチ。"
"InventoryTools","Logic","TooltipsFeature","","Which patch an ingredient is from","素材が実装されたパッチ"
"InventoryTools","Config","HotkeysLayout","","Whichever log applies","該当する手帳"
"InventoryTools","Config","HighlightingLayout","","While a vendor window is open, shop items matched by a list can be highlighted, and the vendors that sell them can be marked out in the world.","ショップを開いている間、リスト条件に一致する商品を強調表示し、その商品を販売するNPCもフィールド上で目立たせることができます。"
"InventoryTools","Config","HotkeysLayout","","While hovering an item","アイテムにカーソルを合わせている間"
"InventoryTools","Config","WindowFilterSetting","","Window List Highlighting","ウィンドウ表示中の強調リスト"
"InventoryTools","Ui","ConfigurationWindow","","Windows","ウィンドウ"
"InventoryTools","Ui","WindowsAndListsLayout","","Windows & Lists","ウィンドウとリスト"
"InventoryTools","Config","WindowsAndListsLayout","","Windows that should stay open when you press escape.","Escキーを押しても閉じないウィンドウ。"
"InventoryTools","Config","HistoryLayout","","Without this enabled, History type lists will not function.","これを有効にしないと履歴タイプのリストは機能しません。"
"InventoryTools","Ui","ConfigurationWindow","","Wizard","ウィザード"
"InventoryTools","Config","ItemIconsGrouping","","Woodland Exploration Venture (Botany)","探索依頼：森林（園芸師）"
"InventoryTools","Config","HotkeysLayout","","Work anywhere, whether or not you are hovering something.","何かにカーソルを合わせているかに関係なく使用できます。"
"InventoryTools","Config","MarketBoardLayout","","Worlds to price","価格取得対象ワールド"
"InventoryTools","Windows","ItemWindow","","XP","経験値"
"InventoryTools","Config","ShopHighlightingNpcColorSetting","","Yellow","黄"
"InventoryTools","Windows","ENpcsWindow","","Yes","はい"
"InventoryTools","Windows","ConfigurationWizard","","You can also go back through the introduction covering what the plugin does.","プラグイン機能を説明する導入ガイドをもう一度見ることもできます。"
"InventoryTools","Windows","CraftsWindow","","You can customize these options further by clicking the pencil icon in the top right corner of a list.","リスト右上の鉛筆アイコンをクリックすると、これらの項目をさらに細かく設定できます。"
"InventoryTools","Windows","CraftsWindow","","You can now change groupings for crafts based on class or required crafting order.","クラスまたは必要な製作順に基づいて、製作のグループ分けを変更できるようになりました。"
"InventoryTools","Windows","CraftsWindow","","You can now copy configurations between your craft lists.","製作リスト間で設定をコピーできるようになりました。"
"InventoryTools","Ui","IntroInventoriesLayout","","Your items","所持アイテム"
"InventoryTools","Config","ItemIconsGrouping","","Zodiac Weapon","ゾディアックウェポン"
"InventoryTools","Tooltip","SourceScan","","[CTRL] to open in a new window.","［Ctrl］を押しながら開くと新しいウィンドウで表示します。"
"InventoryTools","Services","CraftListTrackingService","","{remaining} remaining","残り {remaining}"
"InventoryTools","","","","このプラグインの画面を開く",""
"InventoryTools","","","","クリックでマテリア精製します",""
"InventoryTools","","","","プラグインのURLを開く",""
