Plugin,Menu,Section,Type,English,Japanese
"RotationSolver","","","","      TTS##quick_nav_Tts","      TTS##quick_nav_Tts"
"RotationSolver","","","","      基础##quick_nav_Basic","      基本##quick_nav_Basic"
"RotationSolver","","","","      外观##quick_nav_Appearance","      外観##quick_nav_Appearance"
"RotationSolver","CapturedExact","","","      帮助##advanced_nav_Help","      ヘルプ##advanced_nav_Help"
"RotationSolver","","","","      性能##quick_nav_Performance","      パフォーマンス##quick_nav_Performance"
"RotationSolver","CapturedExact","","","      数据##advanced_nav_Data","      データ##advanced_nav_Data"
"RotationSolver","CapturedExact","","","      时间轴##advanced_nav_Timeline","      タイムライン##advanced_nav_Timeline"
"RotationSolver","","","","      时间轴##quick_nav_Timeline","      タイムライン##quick_nav_Timeline"
"RotationSolver","","","","      状态##quick_nav_Status","      ステータス##quick_nav_Status"
"RotationSolver","CapturedExact","","","      状态监控##advanced_nav_StatusObserver","      ステータス監視##advanced_nav_StatusObserver"
"RotationSolver","CapturedExact","","","      窗口##advanced_nav_Window","      ウィンドウ##advanced_nav_Window"
"RotationSolver","CapturedExact","","","      统计##advanced_nav_Stats","      統計##advanced_nav_Stats"
"RotationSolver","CapturedExact","","","      队友监控##advanced_nav_PartyMonitor","      PTメンバー監視##advanced_nav_PartyMonitor"
"RotationSolver","CapturedExact","",""," by Shiyuvi, Anmi"," by Shiyuvi, Anmi"
"RotationSolver","DNC","Configuration",""," Defense Area Ability"," 範囲防御アビリティ"
"RotationSolver","DNC","Configuration",""," Heal Area Ability"," 範囲回復アビリティ"
"RotationSolver","DNC","Configuration",""," Move Forward Ability"," 前進アビリティ"
"RotationSolver","DNC","Configuration",""," Speed Ability"," 移動速度アビリティ"
"RotationSolver","","","","(Do not set too low, can rip newly aggro'd dungeon mobs off tanks).","（低くしすぎると、ダンジョンでタンクが集めた直後の敵の敵視を奪う可能性があります）"
"RotationSolver","Captured","","","/dps","/dps"
"RotationSolver","Captured","","","/dps dps","/dps dps"
"RotationSolver","Captured","","","/dps help","/dps help"
"RotationSolver","Captured","","","/dps settings","/dps settings"
"RotationSolver","Captured","","","/dps skills","/dps skills"
"RotationSolver","Captured","","","/dps status","/dps status"
"RotationSolver","Captured","","","/dps time","/dps time"
"RotationSolver","Captured","","","/dps timeline","/dps timeline"
"RotationSolver","Main","State Macros","","/rotation AntiKnockback",""
"RotationSolver","Main","State Macros","","/rotation Auto",""
"RotationSolver","Main","State Macros","","/rotation Burst",""
"RotationSolver","Main","State Macros","","/rotation Cycle",""
"RotationSolver","Target","Configuration","","/rotation Cycle behaviour","/rotation Cycle の動作"
"RotationSolver","Main","State Macros","","/rotation DefenseArea",""
"RotationSolver","Main","State Macros","","/rotation DefenseSingle",""
"RotationSolver","Main","State Macros","","/rotation DispelStancePositional",""
"RotationSolver","Main","State Macros","","/rotation EndSpecial",""
"RotationSolver","Main","State Macros","","/rotation HealArea",""
"RotationSolver","Main","State Macros","","/rotation HealSingle",""
"RotationSolver","Main","State Macros","","/rotation Manual",""
"RotationSolver","Main","State Macros","","/rotation MoveBack",""
"RotationSolver","Main","State Macros","","/rotation MoveForward",""
"RotationSolver","Main","State Macros","","/rotation NextAction",""
"RotationSolver","Main","State Macros","","/rotation NoCasting",""
"RotationSolver","Main","State Macros","","/rotation Off",""
"RotationSolver","Main","State Macros","","/rotation RaiseShirk",""
"RotationSolver","Main","State Macros","","/rotation Speed",""
"RotationSolver","Main","State Macros","","/rotation TargetOnly",""
"RotationSolver","Settings","PartyMonitor/JobSkills","","01/21 骑士","01/21 ナイト"
"RotationSolver","Settings","PartyMonitor/JobSkills","","01/21 骑士###job_skills_19","01/21 ナイト###job_skills_19"
"RotationSolver","Settings","PartyMonitor/JobSkills","","02/21 战士","02/21 戦士"
"RotationSolver","Settings","PartyMonitor/JobSkills","","02/21 战士###job_skills_21","02/21 戦士###job_skills_21"
"RotationSolver","Settings","PartyMonitor/JobSkills","","03/21 暗黑骑士","03/21 暗黒騎士"
"RotationSolver","Settings","PartyMonitor/JobSkills","","03/21 暗黑骑士###job_skills_32","03/21 暗黒騎士###job_skills_32"
"RotationSolver","Settings","PartyMonitor/JobSkills","","04/21 绝枪战士","04/21 ガンブレイカー"
"RotationSolver","Settings","PartyMonitor/JobSkills","","04/21 绝枪战士###job_skills_37","04/21 ガンブレイカー###job_skills_37"
"RotationSolver","Settings","PartyMonitor/JobSkills","","05/21 白魔法师","05/21 白魔道士"
"RotationSolver","Settings","PartyMonitor/JobSkills","","05/21 白魔法师###job_skills_24","05/21 白魔道士###job_skills_24"
"RotationSolver","Settings","PartyMonitor/JobSkills","","06/21 学者","06/21 学者"
"RotationSolver","Settings","PartyMonitor/JobSkills","","06/21 学者###job_skills_28","06/21 学者###job_skills_28"
"RotationSolver","Settings","PartyMonitor/JobSkills","","07/21 占星术士","07/21 占星術師"
"RotationSolver","Settings","PartyMonitor/JobSkills","","07/21 占星术士###job_skills_33","07/21 占星術師###job_skills_33"
"RotationSolver","Settings","PartyMonitor/JobSkills","","08/21 贤者","08/21 賢者"
"RotationSolver","Settings","PartyMonitor/JobSkills","","08/21 贤者###job_skills_40","08/21 賢者###job_skills_40"
"RotationSolver","Settings","PartyMonitor/JobSkills","","09/21 武僧","09/21 モンク"
"RotationSolver","Settings","PartyMonitor/JobSkills","","09/21 武僧###job_skills_20","09/21 モンク###job_skills_20"
"RotationSolver","Settings","PartyMonitor/JobSkills","","10/21 龙骑士","10/21 竜騎士"
"RotationSolver","Settings","PartyMonitor/JobSkills","","10/21 龙骑士###job_skills_22","10/21 竜騎士###job_skills_22"
"RotationSolver","Captured","","","100px","100px"
"RotationSolver","Settings","PartyMonitor/JobSkills","","11/21 忍者","11/21 忍者"
"RotationSolver","Settings","PartyMonitor/JobSkills","","11/21 忍者###job_skills_30","11/21 忍者###job_skills_30"
"RotationSolver","Captured","","","115 ""准备集合放黄圈"" Timer { }","115「集合して黄円を置く準備」Timer { }"
"RotationSolver","Settings","PartyMonitor/JobSkills","","12/21 武士","12/21 侍"
"RotationSolver","Settings","PartyMonitor/JobSkills","","12/21 武士###job_skills_34","12/21 侍###job_skills_34"
"RotationSolver","Settings","PartyMonitor/JobSkills","","13/21 钐镰客","13/21 リーパー"
"RotationSolver","Settings","PartyMonitor/JobSkills","","13/21 钐镰客###job_skills_39","13/21 リーパー###job_skills_39"
"RotationSolver","Settings","PartyMonitor/JobSkills","","14/21 蝰蛇剑士","14/21 ヴァイパー"
"RotationSolver","Settings","PartyMonitor/JobSkills","","14/21 蝰蛇剑士###job_skills_41","14/21 ヴァイパー###job_skills_41"
"RotationSolver","Settings","PartyMonitor/JobSkills","","15/21 吟游诗人","15/21 吟遊詩人"
"RotationSolver","Settings","PartyMonitor/JobSkills","","15/21 吟游诗人###job_skills_23","15/21 吟遊詩人###job_skills_23"
"RotationSolver","Settings","PartyMonitor/JobSkills","","16/21 机工士","16/21 機工士"
"RotationSolver","Settings","PartyMonitor/JobSkills","","16/21 机工士###job_skills_31","16/21 機工士###job_skills_31"
"RotationSolver","Settings","PartyMonitor/JobSkills","","17/21 舞者","17/21 踊り子"
"RotationSolver","Settings","PartyMonitor/JobSkills","","17/21 舞者###job_skills_38","17/21 踊り子###job_skills_38"
"RotationSolver","Settings","PartyMonitor/JobSkills","","18/21 黑魔法师","18/21 黒魔道士"
"RotationSolver","Settings","PartyMonitor/JobSkills","","18/21 黑魔法师###job_skills_25","18/21 黒魔道士###job_skills_25"
"RotationSolver","Settings","PartyMonitor/JobSkills","","19/21 召唤师","19/21 召喚士"
"RotationSolver","Settings","PartyMonitor/JobSkills","","19/21 召唤师###job_skills_27","19/21 召喚士###job_skills_27"
"RotationSolver","Settings","PartyMonitor/JobSkills","","20/21 赤魔法师","20/21 赤魔道士"
"RotationSolver","Settings","PartyMonitor/JobSkills","","20/21 赤魔法师###job_skills_35","20/21 赤魔道士###job_skills_35"
"RotationSolver","Settings","PartyMonitor/JobSkills","","21/21 绘灵法师","21/21 ピクトマンサー"
"RotationSolver","Settings","PartyMonitor/JobSkills","","21/21 绘灵法师###job_skills_42","21/21 ピクトマンサー###job_skills_42"
"RotationSolver","Captured","","","24px","24px"
"RotationSolver","Main","Many thanks to Ko-fi sponsors.","","34名の支援者のみなさまに感謝します（ここに表示されていない方を含む）：",""
"RotationSolver","Captured","","","44px","44px"
"RotationSolver","Captured","","","48px","48px"
"RotationSolver","Captured","","","62px","62px"
"RotationSolver","Captured","","","73px","73px"
"RotationSolver","Main","Many thanks to Ko-fi sponsors.","","ABA",""
"RotationSolver","Logic","Filters","","Acquisition","入手状況"
"RotationSolver","Basic","Timer","","Action Ahead (Percent of your GCD time remaining on a GCD cycle before RSR will try to queue the next GCD)","先行入力（次のGCDを予約し始める残りGCD時間の割合）"
"RotationSolver","Main","Action and Setting Macros","","Action and Setting Macros","アクション・設定マクロ"
"RotationSolver","Auto","Action Usage and Control","","Action Usage and Control","アクション使用・制御"
"RotationSolver","Actions","","","Actions","アクション"
"RotationSolver","Auto","Auto Switch","","Activate auto mode when countdown starts","カウントダウン開始時に自動モードを有効化"
"RotationSolver","Main","Window","","ACTX 风格本地统计","ACTX風ローカル統計"
"RotationSolver","Actions","","","Add Action","アクションを追加"
"RotationSolver","List","Map-specific settings","","Add beneficial AoE location","有利な範囲効果位置を追加"
"RotationSolver","Extra","Event","","Add Events","イベントを追加"
"RotationSolver","AutoDuty","","","Add Plugin","プラグインを追加"
"RotationSolver","AutoDuty","","","Add Plugin##AntiAfkKick",""
"RotationSolver","AutoDuty","","","Add Plugin##Avarice",""
"RotationSolver","AutoDuty","","","Add Repo","リポジトリを追加"
"RotationSolver","AutoDuty","","","Add Repo##Gearsetter",""
"RotationSolver","AutoDuty","","","Add Repo##SkipCutscene",""
"RotationSolver","Main","Compatibility","","AI slop clone of RSR","RSRの粗悪なAI複製版"
"RotationSolver","Main","Many thanks to Ko-fi sponsors.","","Akurosuki",""
"RotationSolver","Main","Many thanks to Ko-fi sponsors.","","Alkeid",""
"RotationSolver","Ui","GenericTabbedTable","","All","すべて"
"RotationSolver","Target","Configuration","","All targets that are in range for any abilities (Tanks/Autoduty)","射程内の全敵を対象（タンク／AutoDuty）"
"RotationSolver","Target","Configuration","","All targets when solo in duty (includes Occult Crescent), or previously engaged.","コンテンツ内ソロ時は全敵、それ以外は交戦済みのみ"
"RotationSolver","Target","Configuration","","All targets when solo in duty, or only attack targets in your parties enemy list","コンテンツ内ソロ時は全敵、それ以外はPTメンバーの敵リストにいる対象のみ攻撃"
"RotationSolver","Target","Configuration","","All targets when solo, or only attack targets in your parties enemy list","ソロ時は全敵、PT時はPTメンバーの敵リストにいる対象のみ攻撃"
"RotationSolver","Target","Configuration","","All targets when solo, or previously engaged.","ソロ時は全敵、PT時は交戦済みのみ"
"RotationSolver","Duty","Alliance Raid","","Alliance Raid","アライアンスレイド"
"RotationSolver","Auto","Action Usage and Control","","Allow rotations that use this config to use abilities defined in the rotation as burst","この設定を使うローテーションで、Burst指定アビリティの使用を許可"
"RotationSolver","Duty","PvP","","Allow Sprint when no target is set even if youre in range of hostiles (Experimental).","敵の近くでもターゲット未選択時はスプリントを許可（実験的）"
"RotationSolver","UI","Information","","Always Show Cooldowns","クールダウンを常に表示"
"RotationSolver","Main","","","Analyzes PvE combat information in every frame and finds the best action.","毎フレームPvE戦闘情報を解析し、最適なアクションを選択します。"
"RotationSolver","Extra","","","Animation lock delay smoothing factor","アニメーションロック遅延の平滑化係数"
"RotationSolver","Extra","","","Animation lock max. simulated delay (read tooltip!)","アニメーションロックの最大疑似遅延（ツールチップ必読）"
"RotationSolver","AutoDuty","","","AntiAfkKick is not enabled","AntiAfkKick は無効です"
"RotationSolver","Settings","TTS","","AOE / 死刑等分类提示","AOE／タンク強攻撃などの分類を読み上げ"
"RotationSolver","List","Statuses","","Attacks the target first if it has one of these statuses","これらのステータスがある対象を優先攻撃"
"RotationSolver","Auto","","","Auto","自動"
"RotationSolver","Main","Compatibility","","Auto rotation and targetting conflicts","自動ローテーション／ターゲット選択の競合"
"RotationSolver","Auto","Auto Switch","","Auto Switch","自動切替"
"RotationSolver","","","","Auto turn off RSR when combat is over for more than...","戦闘終了後、指定時間が経過したらRSRを自動OFF"
"RotationSolver","Auto","Auto Switch","","Auto turn off RSR when combat is over for more than:","戦闘終了後、次の時間を超えたらRSRを自動停止："
"RotationSolver","Auto","Auto Switch","","Auto turn off when dead in PvE.","PvEで死亡したら自動OFF"
"RotationSolver","Auto","Auto Switch","","Auto turn off when dead in PvP.","PvPで死亡したら自動OFF"
"RotationSolver","Auto","Auto Switch","","Auto turn off when duty is completed.","コンテンツ完了時に自動OFF"
"RotationSolver","Auto","Auto Switch","","Auto turn off when PvP match ends.","PvP終了時に自動OFF"
"RotationSolver","Auto","Auto Switch","","Auto turn off when switching jobs","ジョブ変更時に自動OFF"
"RotationSolver","Auto","Auto Switch","","Auto turn on when PvP match starts.","PvP開始時に自動ON"
"RotationSolver","Auto","Action Usage and Control","","Auto-use oGCD abilities","oGCDアビリティを自動使用"
"RotationSolver","AutoDuty","","","AutoDuty is installed and enabled","AutoDuty は導入済み・有効"
"RotationSolver","Auto","Healing Usage and Control","","Automatic Healing Thresholds","自動回復しきい値"
"RotationSolver","Auto","Auto Switch","","Automatically turn off combat state during cutscenes.","カットシーン中は戦闘状態を自動でOFFにする"
"RotationSolver","Auto","Auto Switch","","Automatically turn off combat state when a duty (instance) ends.","コンテンツ終了時に戦闘状態を自動でOFFにする"
"RotationSolver","Auto","Auto Switch","","Automatically turn off combat state when moving between different areas.","エリア移動時に戦闘状態を自動でOFFにする"
"RotationSolver","Auto","Auto Switch","","Automatically turn off combat state when you change your job/class.","ジョブ／クラス変更時に戦闘状態を自動でOFFにする"
"RotationSolver","Auto","Auto Switch","","Automatically turn off combat state when your character dies.","キャラクター死亡時に戦闘状態を自動でOFFにする"
"RotationSolver","Auto","Action Usage and Control","","Automatically use Anti-Knockback role actions (Arms Length, Surecast)","ノックバック無効化ロールアクション（アームズレングス／堅実魔）を自動使用"
"RotationSolver","Auto","Action Usage and Control","","Automatically use HP Potions","HPポーションを自動使用"
"RotationSolver","Auto","Action Usage and Control","","Automatically use MP Potions","MPポーションを自動使用"
"RotationSolver","Auto","Action Usage and Control","","Automatically use Phoenix Down","フェニックスの尾を自動使用"
"RotationSolver","AutoDuty","","","AutoRetainer is installed and enabled","AutoRetainer は導入済み・有効"
"RotationSolver","AutoDuty","","","Avarice is not enabled","Avarice は無効です"
"RotationSolver","Extra","Internal","","Backup Configs","設定をバックアップ"
"RotationSolver","Basic","","","Basic","基本"
"RotationSolver","AutoDuty","","","Below are plugins used by Autoduty and their current states","AutoDutyが使用するプラグインと現在の状態"
"RotationSolver","Target","Hostile","","Big","大型対象"
"RotationSolver","Target","Configuration","","Block targeting quest mobs belonging to other players.","他プレイヤーのクエスト対象をターゲットしない"
"RotationSolver","","","","BMR Integration Enabled","BMR連携を有効化"
"RotationSolver","AutoDuty","","","Boss Mod is installed and enabled. Both Boss Mods cannot be installed and enabled at the same time. Please disable Boss Mod.","Boss Mod が導入済み・有効です。Boss Mod と BossMod Reborn は同時に有効化できません。Boss Mod を無効にしてください。"
"RotationSolver","AutoDuty","","","BossModReborn is installed and enabled","BossMod Reborn は導入済み・有効"
"RotationSolver","Logic","Filters","","Botany:","園芸："
"RotationSolver","Main","Compatibility","","Broken","動作不可"
"RotationSolver","Actions","","","Burst Actions","バースト用アクション"
"RotationSolver","Captured","","","by Shiyuvi, Anmi","by Shiyuvi, Anmi"
"RotationSolver","Auto","Auto Switch","","Cancel auto mode if combat starts early during countdown","カウントダウン中に早く戦闘が始まったらAutoモードを解除"
"RotationSolver","Duty","PvP","","Cancel cast in PvP if the target gains Guard and the action does not ignore Guard.","PvPで対象が防御を使用し、その防御を無視できないアクションなら詠唱を中止"
"RotationSolver","Main","Many thanks to Ko-fi sponsors.","","catfourteen",""
"RotationSolver","Settings","PartyMonitor","","CD中技能","リキャスト中スキル"
"RotationSolver","Settings","PartyMonitor","","CD数字位置","CD数字の位置"
"RotationSolver","Captured","","","CD数字大小","CD数字サイズ"
"RotationSolver","Settings","PartyMonitor","","CD数字颜色","CD数字の色"
"RotationSolver","Auto","Action Usage and Control","","Change how RSR automatically uses actions","RSRの自動アクション使用方法を変更"
"RotationSolver","Main","Many thanks to Ko-fi sponsors.","","Chaos_co",""
"RotationSolver","Duty","Chaotic Alliance Raid","","Chaotic Alliance Raid","滅アライアンスレイド"
"RotationSolver","Ui","FiltersWindow","","Character","キャラクター"
"RotationSolver","Ui","CharacterRetainerPage","","Characters/Retainers","キャラクター／リテイナー"
"RotationSolver","Main","Many thanks to Ko-fi sponsors.","","Chris",""
"RotationSolver","Duty","Extreme","","Cinder Drift Extreme - Pall Targeting logic.","極ルビーウェポン破壊作戦：Pall対象選択ロジック"
"RotationSolver","Captured","","","Classic（经典表格）","Classic（クラシック表）"
"RotationSolver","Auto","Healing Usage and Control","","Cleanse all dispellable debuffs regardless of healing.","回復設定に関係なく解除可能なデバフをすべて解除"
"RotationSolver","Debug","","","Clear Trace","トレースをクリア"
"RotationSolver","Main","State Macros","","Click to execute the command: /rotation AntiKnockback","クリックでコマンドを実行: /rotation AntiKnockback"
"RotationSolver","Main","State Macros","","Click to execute the command: /rotation AntiKnockback
Right-click to copy the command: /rotation AntiKnockback",""
"RotationSolver","Main","State Macros","","Click to execute the command: /rotation Auto","クリックでコマンドを実行: /rotation Auto"
"RotationSolver","Main","State Macros","","Click to execute the command: /rotation Auto
Right-click to copy the command: /rotation Auto",""
"RotationSolver","Main","State Macros","","Click to execute the command: /rotation Burst","クリックでコマンドを実行: /rotation Burst"
"RotationSolver","Main","State Macros","","Click to execute the command: /rotation Burst
Right-click to copy the command: /rotation Burst",""
"RotationSolver","Main","State Macros","","Click to execute the command: /rotation Cycle","クリックでコマンドを実行: /rotation Cycle"
"RotationSolver","Main","State Macros","","Click to execute the command: /rotation Cycle
Right-click to copy the command: /rotation Cycle",""
"RotationSolver","Main","State Macros","","Click to execute the command: /rotation DefenseArea","クリックでコマンドを実行: /rotation DefenseArea"
"RotationSolver","Main","State Macros","","Click to execute the command: /rotation DefenseArea
Right-click to copy the command: /rotation DefenseArea",""
"RotationSolver","Main","State Macros","","Click to execute the command: /rotation DefenseSingle","クリックでコマンドを実行: /rotation DefenseSingle"
"RotationSolver","Main","State Macros","","Click to execute the command: /rotation DefenseSingle
Right-click to copy the command: /rotation DefenseSingle",""
"RotationSolver","Main","State Macros","","Click to execute the command: /rotation DispelStancePositional","クリックでコマンドを実行: /rotation DispelStancePositional"
"RotationSolver","Main","State Macros","","Click to execute the command: /rotation DispelStancePositional
Right-click to copy the command: /rotation DispelStancePositional",""
"RotationSolver","Main","State Macros","","Click to execute the command: /rotation EndSpecial","クリックでコマンドを実行: /rotation EndSpecial"
"RotationSolver","Main","State Macros","","Click to execute the command: /rotation EndSpecial
Right-click to copy the command: /rotation EndSpecial",""
"RotationSolver","Main","State Macros","","Click to execute the command: /rotation HealArea","クリックでコマンドを実行: /rotation HealArea"
"RotationSolver","Main","State Macros","","Click to execute the command: /rotation HealArea
Right-click to copy the command: /rotation HealArea",""
"RotationSolver","Main","State Macros","","Click to execute the command: /rotation HealSingle","クリックでコマンドを実行: /rotation HealSingle"
"RotationSolver","Main","State Macros","","Click to execute the command: /rotation HealSingle
Right-click to copy the command: /rotation HealSingle",""
"RotationSolver","Main","State Macros","","Click to execute the command: /rotation Manual","クリックでコマンドを実行: /rotation Manual"
"RotationSolver","Main","State Macros","","Click to execute the command: /rotation Manual
Right-click to copy the command: /rotation Manual",""
"RotationSolver","Main","State Macros","","Click to execute the command: /rotation MoveBack","クリックでコマンドを実行: /rotation MoveBack"
"RotationSolver","Main","State Macros","","Click to execute the command: /rotation MoveBack
Right-click to copy the command: /rotation MoveBack",""
"RotationSolver","Main","State Macros","","Click to execute the command: /rotation MoveForward","クリックでコマンドを実行: /rotation MoveForward"
"RotationSolver","Main","State Macros","","Click to execute the command: /rotation MoveForward
Right-click to copy the command: /rotation MoveForward",""
"RotationSolver","Main","State Macros","","Click to execute the command: /rotation NextAction","クリックでコマンドを実行: /rotation NextAction"
"RotationSolver","Main","State Macros","","Click to execute the command: /rotation NextAction
Right-click to copy the command: /rotation NextAction",""
"RotationSolver","Main","State Macros","","Click to execute the command: /rotation NoCasting","クリックでコマンドを実行: /rotation NoCasting"
"RotationSolver","Main","State Macros","","Click to execute the command: /rotation NoCasting
Right-click to copy the command: /rotation NoCasting",""
"RotationSolver","Main","State Macros","","Click to execute the command: /rotation Off","クリックでコマンドを実行: /rotation Off"
"RotationSolver","Main","State Macros","","Click to execute the command: /rotation Off
Right-click to copy the command: /rotation Off",""
"RotationSolver","Main","State Macros","","Click to execute the command: /rotation RaiseShirk","クリックでコマンドを実行: /rotation RaiseShirk"
"RotationSolver","Main","State Macros","","Click to execute the command: /rotation RaiseShirk
Right-click to copy the command: /rotation RaiseShirk",""
"RotationSolver","Main","State Macros","","Click to execute the command: /rotation Speed","クリックでコマンドを実行: /rotation Speed"
"RotationSolver","Main","State Macros","","Click to execute the command: /rotation Speed
Right-click to copy the command: /rotation Speed",""
"RotationSolver","Main","State Macros","","Click to execute the command: /rotation TargetOnly","クリックでコマンドを実行: /rotation TargetOnly"
"RotationSolver","Main","State Macros","","Click to execute the command: /rotation TargetOnly
Right-click to copy the command: /rotation TargetOnly",""
"RotationSolver","UI","","","Click to reset plugin configs","クリックしてプラグイン設定をリセット"
"RotationSolver","Main","Compatibility","","Click to view plugin compatibility information. Right-click to dismiss warning.","プラグインの互換性情報を表示します。右クリックで警告を閉じます。"
"RotationSolver","Basic","Timer","","Clicking actions random delay range.","アクション実行時のランダム遅延範囲"
"RotationSolver","Duty","Chaotic Alliance Raid","","Cloud of Darkness - Ads phase logic.","闇の世界：雑魚フェーズ処理"
"RotationSolver","UI","Information","","Color disabled actions on hotbars","無効化したアクションをホットバー上で色分け"
"RotationSolver","Logic","Filters","","Columns","列"
"RotationSolver","Main","Compatibility","","Combat Reborn fork of Bossmod, may have issues with auto rotation and targetting conflicts, though mitigations exist","BossmodのCombat Rebornフォーク。自動ローテーションやターゲット選択が競合する場合がありますが、軽減策があります"
"RotationSolver","Main","Compatibility","","Compatibility","互換性"
"RotationSolver","Extra","Internal","","Configs/Backups location: ","設定／バックアップ保存先: "
"RotationSolver","Extra","Internal","","Configs/Backups location: C:\Users\USER\AppData\Roaming\XIVLauncher\pluginConfigs","設定／バックアップ保存先: C:\Users\USER\AppData\Roaming\XIVLauncher\pluginConfigs"
"RotationSolver","Auto","Section 4","","Configurable amount of time before the cast finishes that RSR stops taking actions","詠唱完了前にRSRが行動を停止する時間"
"RotationSolver","Target","Configuration","","Configuration","設定"
"RotationSolver","Actions","","","Configure abilities and custom conditions for your current job.","現在のジョブのアビリティとカスタム条件を設定"
"RotationSolver","AutoDuty","","","Configure AutoDuty settings and view related information.","AutoDuty設定と関連情報を表示"
"RotationSolver","Basic","","","Configure basic settings.","基本設定"
"RotationSolver","Auto","Action Usage and Control","","Configure general action usage and control settings.","アクション使用と操作の一般設定"
"RotationSolver","Extra","","","Configure optional helpful features.","補助機能の設定"
"RotationSolver","List","","","Configure reactive actions and status effect lists.","反応アクションとステータス効果リストの設定"
"RotationSolver","Target","","","Configure targeting settings.","ターゲット設定"
"RotationSolver","UI","","","Configure user interface settings.","UI設定"
"RotationSolver","Extra","","","Configures the maximum simulated delay in milliseconds when using animation lock removal - this is required and cannot be reduced to zero. Setting this to 20ms will enable triple-weaving when using autorotation. The minimum setting to remove triple-weaving is 26ms. The minimum of 20ms has been accepted by FFLogs and should not cause issues with your logs.","アニメーションロック解除使用時の最大疑似遅延をミリ秒で設定します。0にはできません。20msでは自動回し中に3アビ挟みが可能になります。3アビ挟みを防ぐ最小値は26msです。20msはFFLogsで許容されており、ログ上の問題は通常ありません。"
"RotationSolver","Extra","Others","","Connects to OverlayPlugin's WebSocket server and reacts to cactbot broadcast messages (raidwide, tankbuster, knockback, downtime/untargetable).","OverlayPluginのWebSocketサーバーへ接続し、cactbotのブロードキャスト（全体攻撃、タンク強攻撃、ノックバック、攻撃不能時間など）に反応します"
"RotationSolver","Ui","ContextMenuLayout","","Context Menu","コンテキストメニュー"
"RotationSolver","","","","Control Progress Height","Control進行バーの高さ"
"RotationSolver","Extra","Others","","Controls how much party members' HP must differ before using AoE healing instead of single-target heals. Lower values require party members to have more similar HP for AoE healing to trigger (more selective). Higher values allow AoE healing even when HP differences are larger (less selective). Adjust only if you want to fine-tune AoE heal behavior.","単体回復ではなく範囲回復を使う際に許容するPTメンバー間のHP差を調整します。低い値ほどHPが近い場合だけ範囲回復を使い、高い値ほどHP差が大きくても範囲回復を使います。範囲回復の判定を細かく調整したい場合のみ変更してください。"
"RotationSolver","Extra","Others","","Controls how much party members' HP must differ before using AoE healing instead of single-target heals. Lower values require party members to have more similar HP for AoE healing to trigger (more selective). Higher values allow AoE healing even when HP differences are larger (less selective). Adjust only if you want to fine-tune AoE heal behavior.
Percent",""
"RotationSolver","","","","Cooldown window icon size","Cooldownウィンドウのアイコンサイズ"
"RotationSolver","Config","ContextMenuLayout","","Copy item name","アイテム名をコピー"
"RotationSolver","Actions","","","Copy to Clipboard","クリップボードへコピー"
"RotationSolver","Ui","CraftOverlayLayout","","Craft Overlay","製作オーバーレイ"
"RotationSolver","Logic","Filters","","Crafting","製作"
"RotationSolver","Logic","Filters","","Crafting:","製作："
"RotationSolver","Main","Compatibility","","Crash","クラッシュ"
"RotationSolver","Duty","","","Crucible of the Unbroken","不壊の坩堝"
"RotationSolver","Config","TooltipsLayout","","Current character only","現在のキャラクターのみ"
"RotationSolver","Windows","ChocoboColourWindow","","Current Colour","現在の色"
"RotationSolver","Target","Hostile","","Current Target","現在のターゲット"
"RotationSolver","Config","MarketBoardLayout","","Current world","現在のワールド"
"RotationSolver","Duty","Variant Dungeon","","Custom logic to treat certain drakes as immune to kill them in a specific order for the purposes Variant path 12.","ヴァリアントルート12用：特定のドレイクを指定順で倒すため、一部を一時的に無敵扱いします。"
"RotationSolver","Target","Configuration","","Cycle between Auto and Off","AutoとOffを切替"
"RotationSolver","Target","Configuration","","Cycle between each Auto, Manual, and Off","各Auto・Manual・Offを順に切替"
"RotationSolver","Target","Configuration","","Cycle between first Auto, Manual, and Off","最初のAuto・Manual・Offを順に切替"
"RotationSolver","Target","Configuration","","Cycle between Manual and Auto","ManualとAutoを切替"
"RotationSolver","Target","Configuration","","Cycle between Manual and Off","ManualとOffを切替"
"RotationSolver","Main","State Macros","","Cycles between states following settings in Target > Configuration.","Target > Configuration の設定に従って状態を切り替える"
"RotationSolver","Settings","Timeline","","DailyRoutines TTS","DailyRoutines TTS"
"RotationSolver","Captured","","","DalamudACT","DalamudACT"
"RotationSolver","DNC","Configuration","","Dance Partner Name (If empty or not found uses default dance partner priority)","ダンスパートナー名（空欄または見つからない場合は既定の優先順位を使用）"
"RotationSolver","DNC","Configuration","","Dance Partner Priority","ダンスパートナー優先順位"
"RotationSolver","Duty","Ultimate","","Dancing Mad (Ultimate) - Hero/Villain logic.","Dancing Mad（絶）- Hero/Villain 判定ロジック"
"RotationSolver","Ui","Data","","Data","データ"
"RotationSolver","Main","Many thanks to Ko-fi sponsors.","","DeadCode",""
"RotationSolver","Debug","","","Debug","デバッグ"
"RotationSolver","Settings","AdvancedWindow","","DEBUG","DEBUG"
"RotationSolver","Debug","","","Debug Mode","デバッグモード"
"RotationSolver","Debug","","","Debug options for developers and rotation writers (disable when not in use).","開発者・ローテーション作成者向けデバッグ設定（通常は無効推奨）"
"RotationSolver","Duty","Deep Dungeon","","Deep Dungeon","ディープダンジョン"
"RotationSolver","Logic","Filters","","Deep Dungeon:","ディープダンジョン："
"RotationSolver","Windows","CraftsWindow","","Default Configuration","既定設定"
"RotationSolver","Actions","","","Defense Area Ability","範囲防御アビリティ"
"RotationSolver","Actions","","","Defense Area GCD","範囲防御GCD"
"RotationSolver","Actions","","","Defense Single Ability","単体防御アビリティ"
"RotationSolver","Actions","","","Defense Single GCD","単体防御GCD"
"RotationSolver","Target","Configuration","","Delay autotarget.","自動ターゲットを遅延"
"RotationSolver","DNC","Configuration","","Description","説明"
"RotationSolver","Auto","Auto Switch","","Disable automatically during area transitions.","エリア移動中は自動で無効化"
"RotationSolver","Auto","Auto Switch","","Disable automatically during cutscenes.","カットシーン中は自動で無効化"
"RotationSolver","Auto","Action Usage and Control","","Disable hostile actions if something is casting an action on the Gaze/Stop list (EXPERIMENTAL)","敵が視線／停止リストのアクションを詠唱中は攻撃アクションを無効化（実験的）"
"RotationSolver","Main","Compatibility","","Disable Wrath Combo","Wrath Comboを無効化"
"RotationSolver","","","","Disabled actions hotbar tint color","使用不可アクションのホットバー着色"
"RotationSolver","List","Statuses","","Dispellable debuffs list","解除対象デバフ一覧"
"RotationSolver","Logic","Filters","","Display","表示"
"RotationSolver","UI","Information","","Display do action feedback on toast","アクション実行結果をトースト表示"
"RotationSolver","Windows","FilterPage","","Display in Tab List: ","タブ一覧に表示："
"RotationSolver","Config","TooltipsLayout","","Display mode","表示方法"
"RotationSolver","UI","Information","","Display plugin status in toast popup","プラグイン状態をトースト表示"
"RotationSolver","UI","Information","","Display the plugin's current status in the server information bar.","サーバー情報バーにプラグインの現在状態を表示"
"RotationSolver","UI","Information","","Displays rotating tips in the main panel; updates every 7 seconds.","メインパネルにヒントを順番に表示（7秒ごとに更新）"
"RotationSolver","Auto","Healing Usage and Control","","Do not hard cast Raise","迅速魔なしでは蘇生を詠唱しない"
"RotationSolver","Auto","Healing Usage and Control","","Do not hard cast Raise ","迅速魔なしでは蘇生を詠唱しない"
"RotationSolver","List","Statuses","","Do not take action if you have one of these debuffs","自分にこれらのデバフがある間は行動しない"
"RotationSolver","Auto","","","Do not use Gemdraughts/Tinctures/Pots","薬品を使用しない"
"RotationSolver","Extra","Others","","Do NOT use with XivAlexander, BMR tweaks enabled, or NoClippy - this should automatically disable itself if they are detected, but double check first!","XivAlexander、BMR Tweaks有効時、NoClippyとは併用しないでください。検出時は自動的に無効化されるはずですが、念のため確認してください。"
"RotationSolver","Main","State Macros","","Do the next action.","次のアクションを実行"
"RotationSolver","Duty","Dungeon","","Dohn Mheg - Liars Lyre mechancic.","ドォーヌ・メグ：ライアーズ・ライア処理"
"RotationSolver","Auto","Action Usage and Control","","Don't attack new mobs by AoE.","範囲攻撃で未交戦の敵を巻き込まない"
"RotationSolver","Duty","PvP","","Don't use any actions while in Guard.","防御中はアクションを使用しない"
"RotationSolver","Settings","Data","","DoT","DoT"
"RotationSolver","Settings","Data","","DoT／ワイルドファイアの帰属を集計","DoT／ワイルドファイアの帰属を集計"
"RotationSolver","","","","Downtime healing delay range.","非戦闘時回復の遅延範囲"
"RotationSolver","Captured","","","DPS","DPS"
"RotationSolver","Settings","Window","","DPS / HPS / 承伤统计","DPS / HPS / 被ダメ統計"
"RotationSolver","Captured","","","DPS列","DPS列"
"RotationSolver","Captured","","","DPS統計","DPS統計"
"RotationSolver","CapturedExact","","","DPS統計更新間隔","DPS統計更新間隔"
"RotationSolver","Main","Window","","DPS统计","DPS統計"
"RotationSolver","Settings","Window","","DPS统计 设置","DPS統計 設定"
"RotationSolver","Captured","","","DPS统计刷新间隔","DPS統計更新間隔"
"RotationSolver","Settings","Appearance","","DPS统计面板透明度","DPS統計パネル透明度"
"RotationSolver","Main","Many thanks to Ko-fi sponsors.","","Drama",""
"RotationSolver","UI","Information","","DTR Behaviour","DTRバーの動作"
"RotationSolver","Duty","Dungeon","","Dungeon","ダンジョン"
"RotationSolver","Logic","Filters","","Duties:","コンテンツ："
"RotationSolver","Duty","","","Duty","コンテンツ"
"RotationSolver","Extra","Event","","Duty End: ","コンテンツ終了: "
"RotationSolver","Duty","","","Duty specific settings.","コンテンツ固有設定"
"RotationSolver","Extra","Event","","Duty Start: ","コンテンツ開始: "
"RotationSolver","Extra","Others","","Dynamically adjusts cooldown and animation locks to ensure queued actions resolve immediately regardless of framerate limitations","フレームレートの影響を受けず予約アクションが即時処理されるよう、クールダウンとアニメーションロックを動的調整"
"RotationSolver","Main","Many thanks to Ko-fi sponsors.","","Eddar",""
"RotationSolver","Duty","Field Ops","","Elemental Weakness Tracking.","属性弱点を追跡"
"RotationSolver","Debug","","","Enable Action Tracer (ONLY toggle this at dev request)","アクショントレーサーを有効化（開発者から指示された場合のみ）"
"RotationSolver","Extra","Others","","Enable cactbot timeline integration (Extremely experimental)","cactbotタイムライン連携を有効化（非常に実験的）"
"RotationSolver","UI","Information","","Enable changelog window popup on update","更新時に変更履歴ウィンドウを表示"
"RotationSolver","MCH","Configuration","","Enable Potion Usage","薬品の使用を有効化"
"RotationSolver","Extra","Others","","Enable RSR click counter in main menu","メインメニューにRSRクリック回数を表示"
"RotationSolver","Auto","Action Usage and Control","","Enable to allow the plugin to use HP potions automatically.","HPポーションの自動使用を許可"
"RotationSolver","Auto","Action Usage and Control","","Enable to allow the plugin to use MP potions automatically.","MPポーションの自動使用を許可"
"RotationSolver","Auto","Action Usage and Control","","Enable to allow the plugin to use Phoenix Down item. (Experimental feature)","フェニックスの尾の自動使用を許可（実験的機能）"
"RotationSolver","Auto","Action Usage and Control","","Enable to automatically use anti-knockback abilities when needed based on anti-knockback action list in List menu.","リストメニューのノックバック対策一覧に基づき、必要時にノックバック無効アビリティを自動使用"
"RotationSolver","Duty","Field Ops","","Enable tracking of elemental weaknesses for debug. This enables you to track weaknesses to report to dev. See Debug > Occult Crescent Weaknesses.","デバッグ用に属性弱点の追跡を有効化します。開発者への報告用に弱点を記録できます。デバッグ > Occult Crescent Weaknesses を参照。"
"RotationSolver","Main","Many thanks to Ko-fi sponsors.","","Endings",""
"RotationSolver","List","Map-specific settings","","Enemies that will never be provoked","挑発しない敵一覧"
"RotationSolver","List","Map-specific settings","","Enemies that will never be targeted","ターゲットしない敵一覧"
"RotationSolver","Target","Configuration","","Enemy parts, such as Titan's Heart, will be prioritized as targets.","タイタンの心核など、敵の部位をターゲットとして優先します"
"RotationSolver","Target","Hostile","","Enemy targeting logic. Adding more options cycles them when using /rotation Auto.
Use /rotation Settings TargetingTypes add <option> to add,
/rotation Settings TargetingTypes remove <option> to remove,
and /rotation Settings TargetingTypes removeall to remove all options.","敵のターゲット選択方式。複数登録すると /rotation Auto 使用時に順番に切り替わる。
追加: /rotation Settings TargetingTypes add <option>
削除: /rotation Settings TargetingTypes remove <option>
全削除: /rotation Settings TargetingTypes removeall"
"RotationSolver","Target","Hostile","","Enemy targeting logic. Adding more options cycles them when using /rotation Auto.Use /rotation Settings TargetingTypes add <option> to add,/rotation Settings TargetingTypes remove <option> to remove,and /rotation Settings TargetingTypes removeall to remove all options.","敵のターゲット選択方式。複数登録すると /rotation Auto 使用時に順番に切り替わる。追加: /rotation Settings TargetingTypes add <option>削除: /rotation Settings TargetingTypes remove <option>全削除: /rotation Settings TargetingTypes removeall"
"RotationSolver","Target","Configuration","","Engage settings","交戦設定"
"RotationSolver","Main","Many thanks to Ko-fi sponsors.","","Enyo",""
"RotationSolver","Ui","EquipmentRecommendationLayout","","Equipment Recommendation","装備推奨"
"RotationSolver","Extra","Event","","Event","イベント"
"RotationSolver","Main","Many thanks to Ko-fi sponsors.","","ExiledxSnake",""
"RotationSolver","Auto","Healing Usage and Control","","Experimental, includes Chaotic.","実験的機能（滅も含む）"
"RotationSolver","Auto","Healing Usage and Control","","Experimental.","実験的機能"
"RotationSolver","Windows","FilterPage","","Export Configuration to Clipboard","設定をクリップボードへコピー"
"RotationSolver","Extra","","","Extra","その他"
"RotationSolver","Duty","Extreme","","Extreme","極"
"RotationSolver","Target","Hostile","","Farthest","最も遠い敵"
"RotationSolver","Ui","FiltersWindow","","Favourites","お気に入り"
"RotationSolver","Logic","Filters","","Field Operation:","特殊フィールド探索："
"RotationSolver","Duty","Field Ops","","Field Ops","フィールド探索型コンテンツ"
"RotationSolver","Ui","ConfigurationWindow","","File","ファイル"
"RotationSolver","DNC","","","FinishTheDance Logic: False",""
"RotationSolver","Logic","Filters","","Fishing:","釣り："
"RotationSolver","Main","Many thanks to Ko-fi sponsors.","","fishsticks",""
"RotationSolver","Target","Configuration","","Focus DPS in PvP","PvPではDPSを優先"
"RotationSolver","Target","Configuration","","Focus Healers in PvP","PvPではヒーラーを優先"
"RotationSolver","Target","Configuration","","Focus Tanks in PvP","PvPではタンクを優先"
"RotationSolver","Main","Compatibility","","Fork of XIV Combo Expanded, may have issues with auto rotation and targetting conflicts","XIV Combo Expandedのフォーク。自動ローテーションやターゲット選択が競合する場合があります"
"RotationSolver","Main","Compatibility","","Fork of XIV Combo, may have issues with auto rotation and targetting conflicts","XIV Comboのフォーク。自動ローテーションやターゲット選択が競合する場合があります"
"RotationSolver","Main","Compatibility","","Fork of XIVSlothCombo, may have issues with auto rotation and targetting conflicts","XIVSlothComboのフォーク。自動ローテーションやターゲット選択が競合する場合があります"
"RotationSolver","Duty","Field Ops","","Forked Tower Blood - Dead Star logic.","フォークタワー：Blood - Dead Star処理"
"RotationSolver","Duty","Field Ops","","Forked Tower Magic - First Boss Villian/Hero.","フォークタワー：Magic - 1ボス Villain/Hero処理"
"RotationSolver","Ui","FiltersWindow","","Free Company","フリーカンパニー"
"RotationSolver","Target","Hostile","","Friendly","友好的対象"
"RotationSolver","Actions","","","From Clipboard","クリップボードから読込"
"RotationSolver","Ui","FiltersWindow","","Full Item Catalog","全アイテムカタログ"
"RotationSolver","Auto","Action Usage and Control","","Full: Use all available AoE actions.","Full：使用可能な範囲攻撃をすべて使用"
"RotationSolver","Auto","Action Usage and Control","","Full: Use all available AoE actions.
Cleave: Use only single-target AoE actions.
Off: Do not use any AoE actions.","フル：使用可能な範囲攻撃をすべて使用
クレーブ：単体対象型の範囲攻撃のみ使用
OFF：範囲攻撃を使用しない"
"RotationSolver","Duty","Ultimate","","Futures Rewritten (Ultimate) - Crystal Of Darkness logic.","絶もうひとつの未来：Crystal Of Darkness処理"
"RotationSolver","Main","","","Game version: 7.3","ゲームバージョン：7.3"
"RotationSolver","Main","","","Game version: 7.3
 
Click to switch rotations",""
"RotationSolver","Logic","Filters","","Gathering","採集"
"RotationSolver","Logic","Filters","","Gathering (Ephemeral):","刻限の採集："
"RotationSolver","Logic","Filters","","Gathering (Hidden):","未知の採集："
"RotationSolver","Logic","Filters","","Gathering (Timed):","時間限定の採集："
"RotationSolver","Logic","Filters","","Gathering:","採集："
"RotationSolver","","","","GCD icon size","GCDアイコンサイズ"
"RotationSolver","Actions","","","GCD-Attack","GCD攻撃"
"RotationSolver","Actions","","","GCD-Friendly","GCD支援"
"RotationSolver","AutoDuty","","","Gearsetter is not enabled","Gearsetter は無効です"
"RotationSolver","Ui","ConfigurationWindow","","General","一般"
"RotationSolver","DNC","","","HandleTillana Logic: False",""
"RotationSolver","Auto","Healing Usage and Control","","Hard cast Raise logic","迅速魔なし蘇生の設定"
"RotationSolver","Target","Configuration","","Hard Target for all actions","すべてのアクションで現在のターゲットを使用"
"RotationSolver","Main","Many thanks to Ko-fi sponsors.","","Headrushed",""
"RotationSolver","Auto","Healing Usage and Control","","Heal and raise Party NPCs.","PT NPCを回復・蘇生"
"RotationSolver","Actions","","","Heal Area Ability","範囲回復アビリティ"
"RotationSolver","Actions","","","Heal Area GCD","範囲回復GCD"
"RotationSolver","Auto","Healing Usage and Control","","Heal healer first if their HP is lower than this.","ヒーラーのHPがこの値未満ならヒーラーを優先して回復"
"RotationSolver","Auto","Healing Usage and Control","","Heal party members when not in combat.","非戦闘時もPTメンバーを回復"
"RotationSolver","Auto","Healing Usage and Control","","Heal party members with GCD if there is nothing to do in combat.","戦闘中に他にすることがない場合、GCD回復でPTメンバーを回復"
"RotationSolver","Auto","Healing Usage and Control","","Heal self first if your HP is lower than this.","自分のHPがこの値未満なら自分を優先して回復"
"RotationSolver","Actions","","","Heal Single Ability","単体回復アビリティ"
"RotationSolver","Actions","","","Heal Single GCD","単体回復GCD"
"RotationSolver","Auto","Healing Usage and Control","","Heal solo instance NPCs (Only enable as needed)","ソロコンテンツのNPCを回復（必要時のみ有効化）"
"RotationSolver","Auto","Healing Usage and Control","","Heal tank first if their HP is lower than this.","タンクのHPがこの値未満ならタンクを優先して回復"
"RotationSolver","Auto","Healing Usage and Control","","Healing Usage and Control","回復使用・制御"
"RotationSolver","Main","Many thanks to Ko-fi sponsors.","","Hex",""
"RotationSolver","UI","Information","","Hide all warnings","すべての警告を非表示"
"RotationSolver","Target","Configuration","","High HP","HPが高い順"
"RotationSolver","Target","Configuration","","High HP%","HP％が高い順"
"RotationSolver","Target","Configuration","","High Max HP","最大HPが高い順"
"RotationSolver","Target","Hostile","","Highest Max HP","最大HPが最も高い敵"
"RotationSolver","Target","Hostile","","HighHP","現在HPが高い敵"
"RotationSolver","Target","Hostile","","HighHPPercent","HP割合が高い敵"
"RotationSolver","","","","Highlight color.","強調表示の色"
"RotationSolver","Ui","HighlightingLayout","","Highlighting","強調表示"
"RotationSolver","Target","Hostile","","HighMaxHP","最大HPが高い敵"
"RotationSolver","Ui","History","","History","履歴"
"RotationSolver","DNC","Configuration","","Holds Standard Step if no targets in range (Warning, will drift & Buff may fall off)","範囲内に対象がいない場合はスタンダードステップを温存（使用タイミングがずれ、バフが切れる場合があります）"
"RotationSolver","DNC","Configuration","","Holds Tech Step if no targets in range (Warning, will drift)","範囲内に対象がいない場合はテクニカルステップを温存（使用タイミングがずれる場合があります）"
"RotationSolver","Target","Hostile","","Hostile","敵対対象"
"RotationSolver","Ui","HotkeysLayout","","Hotkeys","ホットキー"
"RotationSolver","Ui","FiltersWindow","","Housing","ハウジング"
"RotationSolver","Logic","Filters","","Housing:","ハウジング："
"RotationSolver","Auto","Healing Usage and Control","","How early before next GCD should RSR use swiftcast for raise","次のGCDよりどれだけ早く蘇生用迅速魔を使うか"
"RotationSolver","Auto","Section 5","","How far ahead (in seconds) to look up upcoming Cooldown Planner actions","Cooldown Plannerの予定アクションを何秒先まで参照するか"
"RotationSolver","Auto","Healing Usage and Control","","How RSR should use healing abilities","RSRの回復アビリティ使用方法"
"RotationSolver","Basic","Timer","","How soon before countdown is finished to start casting or attacking.","カウントダウン終了の何秒前から詠唱・攻撃を開始するか"
"RotationSolver","Auto","Healing Usage and Control","","HP standard deviation for using AoE heal.","範囲回復を使用するHPの標準偏差"
"RotationSolver","","","","HP%% needed to use single/self targetted mitigation on Tanks","タンクに単体／自己軽減を使用するHP％"
"RotationSolver","Captured","","","HPS","HPS"
"RotationSolver","Auto","Auto Switch","","I understand that Auto On settings will turn RSRs autorotation on, automatically.","Auto On設定によってRSRの自動ローテーションが自動的にONになることを理解しました"
"RotationSolver","Duty","The Masked Carnivale","","If a mob is weak to a specific aspect, only use actions of that aspect.","敵に特定属性の弱点がある場合、その属性のアクションのみ使用"
"RotationSolver","Target","Configuration","","If enabled, movement actions target the object or mob at the center of your screen. If disabled, they target the object or mob your character is facing.","有効時は、移動アクションの対象を画面中央のオブジェクト／敵にします。無効時は、キャラクターが向いているオブジェクト／敵を対象にします。"
"RotationSolver","Target","Configuration","","If target's HP percentage is lower than this, regard it as dying.","対象のHP割合がこの値より低ければ瀕死として扱う"
"RotationSolver","Target","Configuration","","If target's TTK is higher than this, regard it as boss.","対象のTTKがこの値より長ければボスとして扱う"
"RotationSolver","Target","Configuration","","If target's TTK is lower than this, regard it as dying.","対象のTTKがこの値より短ければ瀕死として扱う"
"RotationSolver","Target","Configuration","","If the selection mode is based on character facing, i.e., targets within the character's viewpoint are moveable targets.","選択モードがキャラクターの向き基準の場合、キャラクターの視野内にいる対象を移動可能なターゲットとして扱います。"
"RotationSolver","","Section 2","","If the selection mode is based on character facing, i.e., targets within the character's viewpoint are moveable targets.
If the selection mode is screen-centered, i.e., targets within a sector drawn upward from the character's point are movable targets.","キャラクターの向きを基準にする選択モードでは、キャラクターの視野内にいる対象が選択対象になります。
画面中央を基準にする選択モードでは、キャラクター位置から画面上方向へ広がる扇形範囲内の対象が選択対象になります。"
"RotationSolver","Target","Configuration","","If the selection mode is based on character facing, i.e., targets within the character's viewpoint are moveable targets.
If the selection mode is screen-centered, i.e., targets within a sector drawn upward from the character's point are movable targets.
Degree","選択モードがキャラクターの向き基準の場合、キャラクターの視野内にいる対象を移動対象として選択します。
画面中央基準の場合、キャラクター位置から画面上方向へ描かれる扇形範囲内の対象を移動対象として選択します。
角度"
"RotationSolver","Target","Configuration","","If this is disabled, RSR will only use the game's built-in soft-targeting for allies for heals, shields, etc.","無効の場合、回復やバリアなど味方対象アクションではゲーム標準のソフトターゲットのみ使用します"
"RotationSolver","Auto","Healing Usage and Control","","If this is disabled, you will never use Swiftcast/Dualcast to raise players.","無効の場合、蘇生に迅速魔／連続魔を使用しません"
"RotationSolver","Auto","Healing Usage and Control","","If you have another healer on the team, their healing might put the target player(s) above the healing threshold and you'll waste MP. This interrupts the cast if it happens.","他のヒーラーの回復で対象HPがしきい値を上回りMPが無駄になる場合、詠唱を中断します"
"RotationSolver","MCH","","","If you want to display some extra information on this panel, please override the DisplayRotationStatus method!","このパネルに追加情報を表示したい場合は、DisplayRotationStatus メソッドをオーバーライドしてください！"
"RotationSolver","Target","Configuration","","Ignore all other FATE target when Forlorn available.","フォーローン出現中は他のFATE対象を無視"
"RotationSolver","Duty","PvP","","Ignore Invincibility for PvP purposes.","PvPでは無敵判定を無視"
"RotationSolver","Target","Configuration","","Ignore Non-Fate targets while in a Fate and Fate targets if not in Fate.","FATE中はFATE外の敵を無視し、FATE外ではFATE対象を無視"
"RotationSolver","Auto","Action Usage and Control","","Ignore status application against mobs that are status capped.","ステータス付与上限の敵にはステータス付与を行わない"
"RotationSolver","Target","Configuration","","Ignore target dummies","木人を無視"
"RotationSolver","Duty","PvP","","Ignore TTK for PvP purposes.","PvPではTTK判定を無視"
"RotationSolver","List","Statuses","","Ignores target if it has one of these statuses","これらのステータスがある対象を無視"
"RotationSolver","Captured","","","Ikegami","Ikegami"
"RotationSolver","List","","","In this window, you can set parameters that can be customized using lists.","この画面では、リストでカスタマイズできる各種項目を設定します。"
"RotationSolver","Extra","Event","","In this window, you can set which macro will be triggered after using an action.","この画面では、アクション使用後に実行するマクロを設定します。"
"RotationSolver","DNC","","","InBurstStatus: False",""
"RotationSolver","DNC","","","InBurstStatus: True",""
"RotationSolver","Main","State Macros","","Indicator for when RSR is intercepting action.","RSRが入力アクションを横取りしている時の表示"
"RotationSolver","UI","Windows","","Info Window's Background","情報ウィンドウの背景"
"RotationSolver","UI","Information","","Information","情報"
"RotationSolver","Auto","Action Usage and Control","","Intercept player input and queue it for RSR to execute the action. (PvE only)","プレイヤー入力を横取りしてRSRの実行キューへ登録（PvEのみ）"
"RotationSolver","Auto","Action Usage and Control","","Intercepted action execution window (amount of time RSR is allowed to attempt to use an action after it has been intercepted)","割り込みアクション実行猶予（割り込み後にRSRが実行を試みる時間）"
"RotationSolver","Extra","Internal","","Internal","内部"
"RotationSolver","Logic","Filters","","Inventories","所持品"
"RotationSolver","Extra","Event","","Is Shared","共有する"
"RotationSolver","Auto","Action Usage and Control","","It is recommended to check this option if you are playing Raids or you can plan the heal and defense ability usage by yourself.","レイドをプレイする場合、または回復・防御アビリティを自分で計画できる場合は、この設定を有効にすることを推奨します"
"RotationSolver","Actions","","","Item","アイテム"
"RotationSolver","Ui","ItemIconsLayout","","Item Icons","アイテムアイコン"
"RotationSolver","Windows","ItemWindow","","Item ID:","アイテムID："
"RotationSolver","Config","GeneralHelpLayout","","Item information","アイテム情報"
"RotationSolver","Main","Many thanks to Ko-fi sponsors.","","Jayhow",""
"RotationSolver","Duty","Alliance Raid","","Jeuno: The First Walk - The Ark Angels logic.","ジュノ：ザ・ファーストウォーク：Ark Angels処理"
"RotationSolver","Main","Many thanks to Ko-fi sponsors.","","Join this list!","このリストに参加する"
"RotationSolver","Main","Many thanks to Ko-fi sponsors.","","kaen",""
"RotationSolver","Main","Many thanks to Ko-fi sponsors.","","Kaspil",""
"RotationSolver","MCH","","","Kill it with kindness. And if that fails, kill it with sharp sticks or knives...or guns!","優しさで仕留めろ。それでダメなら、尖った棒かナイフ……あるいは銃で仕留めろ！"
"RotationSolver","Main","Many thanks to Ko-fi sponsors.","","kuromiromi",""
"RotationSolver","Main","Many thanks to Ko-fi sponsors.","","KuwoBlack",""
"RotationSolver","Main","Many thanks to Ko-fi sponsors.","","Lemon",""
"RotationSolver","Logic","Filters","","Leves:","リーヴ："
"RotationSolver","Duty","Extreme","","Limitless Blue Extreme - Whaleback logic.","極ビスマルク討滅戦：Whaleback処理"
"RotationSolver","Main","Links","","Links","リンク"
"RotationSolver","List","","","List","リスト"
"RotationSolver","Windows","FilterPage","","List Type: ","リスト種別："
"RotationSolver","Ui","Lists","","Lists","リスト"
"RotationSolver","Extra","Others","","Lock actions when casting Collective Unconscious during AOE mitigations.","範囲軽減中に運命の輪を使用している間は他アクションを抑制"
"RotationSolver","Extra","Others","","Lock actions when casting Passage Of Arms during AOE mitigations.","範囲軽減中にパッセージ・オブ・アームズを使用している間は他アクションを抑制"
"RotationSolver","Extra","Others","","Lock actions when casting Phantom Flurry.","幻影の闘舞中は他アクションを抑制"
"RotationSolver","UI","Windows","","Lock Control Window","操作ウィンドウを固定"
"RotationSolver","Extra","Others","","Lock movement when casting or performing certain actions.","詠唱中または特定アクション実行中の移動をロック"
"RotationSolver","Duty","PvP","","Lock out GCD cycle if you are below 50% HP and have over 2000 MP for heals (Experimental).","HP50%未満かつMP2000以上なら回復のためGCDサイクルを抑制（実験的）"
"RotationSolver","","","","Locked Control Window's Background","ロック中のControlウィンドウ背景"
"RotationSolver","Main","Many thanks to Ko-fi sponsors.","","LouBird",""
"RotationSolver","Target","Configuration","","Low HP","HPが低い順"
"RotationSolver","Target","Configuration","","Low HP%","HP％が低い順"
"RotationSolver","Target","Configuration","","Low Max HP","最大HPが低い順"
"RotationSolver","Target","Hostile","","LowHP","現在HPが低い敵"
"RotationSolver","Target","Hostile","","LowHPPercent","HP割合が低い敵"
"RotationSolver","Target","Hostile","","LowMaxHP","最大HPが低い敵"
"RotationSolver","Duty","Savage","","M10S - Firesnaking/Watersnaking targeting logic.","M10S - Firesnaking／Watersnakingターゲット処理"
"RotationSolver","Duty","Savage","","M8S - Wolf Pack/Stone Pack logic.","M8S - Wolf Pack／Stone Pack処理"
"RotationSolver","Duty","Savage","","M9S - Ads Targeting logic.","M9S - 雑魚ターゲット処理"
"RotationSolver","Duty","Savage","","M9S - Cell Targeting logic.","M9S - Cellターゲット処理"
"RotationSolver","Duty","Savage","","M9S - Only use cleave logic.","M9S - 範囲巻き込み攻撃のみ使用"
"RotationSolver","Main","","","Main","メイン"
"RotationSolver","Basic","Others","","Make /rotation Auto a toggle command. (Normal behavior cycles between targeting settings)","/rotation Auto をON/OFF切替コマンドにする（通常はターゲット設定を順番に切替）"
"RotationSolver","Basic","Others","","Make /rotation Manual a toggle command.","/rotation Manual をON/OFF切替コマンドにする"
"RotationSolver","Target","Hostile","","Manual","手動ターゲット"
"RotationSolver","Main","Many thanks to Ko-fi sponsors.","","Many thanks to Ko-fi sponsors.","Ko-fiスポンサーの皆様に感謝"
"RotationSolver","List","Map-specific settings","","Map-specific settings","マップ固有設定"
"RotationSolver","Logic","Filters","","Market","マーケット"
"RotationSolver","Ui","MarketBoardLayout","","Market Board","マーケットボード"
"RotationSolver","Extra","","","Max cooldown adjustment (ms)","最大リキャスト補正（ms）"
"RotationSolver","Main","Compatibility","","May have issues with Auto rotation and targetting conflicts","自動ローテーションやターゲット選択と競合する場合があります"
"RotationSolver","Main","Compatibility","","May have issues with skill queueing settings","スキルキュー設定と競合する場合があります"
"RotationSolver","MCH","Configuration","","MCH - 機工士",""
"RotationSolver","Auto","Action Usage and Control","","Melee Ranged action usage offset","近接ジョブの遠隔攻撃使用距離補正"
"RotationSolver","Captured","","","Minimal（极简样式）","Minimal（ミニマル）"
"RotationSolver","Logic","Filters","","Mining:","採掘："
"RotationSolver","Main","Many thanks to Ko-fi sponsors.","","Miracle Ace",""
"RotationSolver","Main","Many thanks to Ko-fi sponsors.","","Mirai",""
"RotationSolver","Main","Many thanks to Ko-fi sponsors.","","Miri",""
"RotationSolver","Actions","","","Move Back Ability","後退アビリティ"
"RotationSolver","Actions","","","Move Forward Ability","前進アビリティ"
"RotationSolver","Actions","","","Move Forward GCD","前進GCD"
"RotationSolver","Target","Configuration","","Move to the furthest position for targeting area movement actions.","範囲移動アクションでは最も遠い位置へ移動"
"RotationSolver","Auto","Healing Usage and Control","","MP threshold under which to use Lucid Dreaming","ルーシッドドリームを使用するMPしきい値"
"RotationSolver","Logic","Filters","","N/A","指定なし"
"RotationSolver","Windows","FilterPage","","Name: ","名前："
"RotationSolver","Target","Hostile","","Nearest","最も近い敵"
"RotationSolver","Target","Configuration","","Never attack targets with stop markers.","停止マーカー付きの対象は攻撃しない"
"RotationSolver","Auto","Healing Usage and Control","","Never raise player if MP is less than this","MPがこの値未満なら蘇生しない"
"RotationSolver","Auto","Action Usage and Control","","Never use any AoE action when this may attack mobs that are not hostile targets.","敵対対象ではない敵を巻き込む可能性がある場合、範囲攻撃を使用しない"
"RotationSolver","Ui","FiltersWindow","","New Curated List","新しいキュレーションリスト"
"RotationSolver","","","","Next Action Size Ratio","次アクションのサイズ比率"
"RotationSolver","Main","Many thanks to Ko-fi sponsors.","","No",""
"RotationSolver","UI","Information","","None","なし"
"RotationSolver","Windows","CraftsWindow","","Normal List","通常リスト"
"RotationSolver","Duty","Field Ops","","North Horn CE - Tiny Mage targetting logic.","North Horn CE：Tiny Mageターゲット処理"
"RotationSolver","Basic","Timer","","Not In Combat random delay range.","非戦闘時のランダム遅延範囲"
"RotationSolver","Settings","Data","","NPC 友方识别","味方NPC識別"
"RotationSolver","Captured","","","NPC 队友识别名单","味方NPC識別リスト"
"RotationSolver","Main","Status","","NPC高亮关","NPC強調表示 OFF"
"RotationSolver","Main","Status","","NPC高亮开","NPC強調表示 ON"
"RotationSolver","","","","Number of hostiles","敵の数"
"RotationSolver","Duty","Savage","","O12S - Packet Filter logic.","O12S - パケットフィルター処理"
"RotationSolver","","","","oGCD icon size","oGCDアイコンサイズ"
"RotationSolver","Actions","","","oGCD-Attack","oGCD攻撃"
"RotationSolver","Actions","","","oGCD-Friendly","oGCD支援"
"RotationSolver","Actions","","","On the last ability","最後のアビリティで"
"RotationSolver","Target","Configuration","","Only attack targets in view.","視界内の対象だけ攻撃"
"RotationSolver","Target","Configuration","","Only attack targets in vision cone","視野角内の対象だけ攻撃"
"RotationSolver","Target","Configuration","","Only attack targets in your parties enemy list","PTメンバーの敵リストにいる対象のみ攻撃"
"RotationSolver","Auto","Healing Usage and Control","","Only heal self when not a Healer","ヒーラー以外では自分だけ回復"
"RotationSolver","UI","Windows","","Only show these windows if there are enemies or in duty","敵がいる時またはコンテンツ中のみこれらのウィンドウを表示"
"RotationSolver","Auto","Healing Usage and Control","","Only use healing abilities as a non-healer if there are no living healers in the party.","非ヒーラー時、PTに生存ヒーラーがいない場合のみ回復アビリティを使用"
"RotationSolver","MCH","Configuration","","Only use Wildfire on Boss targets","ワイルドファイアはボス対象にのみ使用"
"RotationSolver","Auto","Action Usage and Control","","Only used automatically if coded into the rotation","ローテーション側で指定されている場合のみ自動使用"
"RotationSolver","Main","State Macros","","Open a window to burst.","Burst用の一時ウィンドウを開く"
"RotationSolver","Main","State Macros","","Open a window to do not use the casting action.","詠唱アクションを使わない一時ウィンドウを開く"
"RotationSolver","Main","State Macros","","Open a window to move back.","後退用の一時ウィンドウを開く"
"RotationSolver","Main","State Macros","","Open a window to move forward.","前進用の一時ウィンドウを開く"
"RotationSolver","Main","State Macros","","Open a window to speed up.","加速用の一時ウィンドウを開く"
"RotationSolver","Main","State Macros","","Open a window to use AoE defense.","範囲防御用の一時ウィンドウを開く"
"RotationSolver","Main","State Macros","","Open a window to use AoE heal.","範囲回復用の一時ウィンドウを開く"
"RotationSolver","Main","State Macros","","Open a window to use Esuna, tank stance actions or True North.","エスナ／タンクスタンス／トゥルーノース用の一時ウィンドウを開く"
"RotationSolver","Main","State Macros","","Open a window to use knockback immunity actions.","ノックバック無効化用の一時ウィンドウを開く"
"RotationSolver","Main","State Macros","","Open a window to use limit break.","リミットブレイク使用ウィンドウを開く"
"RotationSolver","Main","State Macros","","Open a window to use Raise or Shirk.","蘇生／シャーク用の一時ウィンドウを開く"
"RotationSolver","Main","State Macros","","Open a window to use single defense.","単体防御用の一時ウィンドウを開く"
"RotationSolver","Main","State Macros","","Open a window to use single heal.","単体回復用の一時ウィンドウを開く"
"RotationSolver","Debug","","","Open Action Trace File","アクショントレースを開く"
"RotationSolver","Main","Links","","Open Config Folder","設定フォルダーを開く"
"RotationSolver","Main","Links","","Open First Start Tutorial","初回チュートリアルを開く"
"RotationSolver","Main","State Macros","","Open the duty rotations.","コンテンツ用ローテーションを開く"
"RotationSolver","Main","State Macros","","Open the rotations.","ローテーション設定を開く"
"RotationSolver","Main","State Macros","","Open the settings.","設定を開く"
"RotationSolver","Target","Configuration","","Operating Mode","動作モード"
"RotationSolver","Main","State Macros","","Optional mode for PvP specific activities.","PvP向けのオプションモード"
"RotationSolver","Extra","Others","","Others","その他"
"RotationSolver","Actions","","","Overriding targettype","ターゲット種別を上書き"
"RotationSolver","","","","Percent","パーセント"
"RotationSolver","Main","State Macros","","Perform the actions.","アクションを実行"
"RotationSolver","Duty","Deep Dungeon","","Pilgrim's Traverse - Eminent Grief logic.","Pilgrim's Traverse：Eminent Grief処理"
"RotationSolver","Main","Many thanks to Ko-fi sponsors.","","Plogons",""
"RotationSolver","Main","Many thanks to Ko-fi sponsors.","","Preset",""
"RotationSolver","Duty","The Masked Carnivale","","Prevent specific aspected actions from being used against mobs that are immune to that aspect.","その属性に耐性を持つ敵には、該当属性アクションを使用しません。"
"RotationSolver","Duty","The Masked Carnivale","","Prevent specific Bind actions from being used against mobs that are immune to those effects.","バインド無効の敵には、対象のバインドアクションを使用しません。"
"RotationSolver","Duty","The Masked Carnivale","","Prevent specific Blind actions from being used against mobs that are immune to those effects.","暗闇無効の敵には、対象の暗闇アクションを使用しません。"
"RotationSolver","Duty","The Masked Carnivale","","Prevent specific Flat Damage/Death actions from being used against mobs that are immune to those effects.","固定ダメージ／即死無効の敵には、対象アクションを使用しません。"
"RotationSolver","Duty","The Masked Carnivale","","Prevent specific Heavy actions from being used against mobs that are immune to those effects.","ヘヴィ無効の敵には、対象のヘヴィアクションを使用しません。"
"RotationSolver","Duty","The Masked Carnivale","","Prevent specific Interrupt actions from being used against mobs that are immune to those effects.","中断無効の敵には、対象の中断アクションを使用しません。"
"RotationSolver","Duty","The Masked Carnivale","","Prevent specific Paralysis actions from being used against mobs that are immune to those effects.","麻痺無効の敵には、対象の麻痺アクションを使用しません。"
"RotationSolver","Duty","The Masked Carnivale","","Prevent specific Petrification actions from being used against mobs that are immune to those effects.","石化無効の敵には、対象の石化アクションを使用しません。"
"RotationSolver","Duty","The Masked Carnivale","","Prevent specific Sleep actions from being used against mobs that are immune to those effects.","睡眠無効の敵には、対象の睡眠アクションを使用しません。"
"RotationSolver","Duty","The Masked Carnivale","","Prevent specific Slow actions from being used against mobs that are immune to those effects.","スロウ無効の敵には、対象のスロウアクションを使用しません。"
"RotationSolver","Duty","The Masked Carnivale","","Prevent specific Stun actions from being used against mobs that are immune to those effects.","スタン無効の敵には、対象のスタンアクションを使用しません。"
"RotationSolver","DNC","Configuration","","Prevent the use of defense abilties during burst","Burst中は防御アビリティを使用しない"
"RotationSolver","Extra","Others","","Prevents your character from moving while casting or using specific actions.","詠唱中または特定アクション使用中、キャラクターの移動を防止"
"RotationSolver","Target","Hostile","","Previously Engaged","以前に攻撃した敵"
"RotationSolver","Target","Configuration","","Previously engaged targets (Non-Tanks)","交戦済みの敵のみ（非タンク）"
"RotationSolver","Duty","PvP","","Prioritize A tier tomeliths in Shatter.","砕氷戦でAランクのトームリスを優先"
"RotationSolver","Duty","PvP","","Prioritize B tier tomeliths in Shatter.","砕氷戦でBランクのトームリスを優先"
"RotationSolver","Duty","Savage","","Prioritize Doornail or Flail based on role and distance to target.","ロールと対象までの距離に応じてDoornailまたはFlailを優先します。"
"RotationSolver","Target","Configuration","","Prioritize enemy parts","敵の部位を優先"
"RotationSolver","Auto","Healing Usage and Control","","Prioritize Low HP tank for tankbusters.","タンク強攻撃ではHPが低いタンクを優先"
"RotationSolver","Target","Configuration","","Prioritize Low HP targets instead of High HP targets when using Big Target and multiple Big targets present.","Big Targetで候補が複数いる場合、HPが低い対象を優先"
"RotationSolver","Target","Configuration","","Prioritize Low HP targets instead of High HP targets when using Small Target and multiple Small targets present.","Small Targetで候補が複数いる場合、HPが低い対象を優先"
"RotationSolver","Target","Configuration","","Prioritize mob/object targets with attack markers","攻撃マーカー付きの敵／オブジェクトを優先"
"RotationSolver","Auto","Healing Usage and Control","","Prioritize raising dead players over Healing/Defense.","回復／防御より蘇生を優先"
"RotationSolver","Duty","Savage","","Priotize Red Hot if you have firesnaking buff, and Deep Blue if you have watersnaking buff (also applies to Normal).","Firesnakingバフ中はRed Hot、Watersnakingバフ中はDeep Blueを優先します（ノーマルにも適用）。"
"RotationSolver","Duty","Treasure Dungeon","","Priotizes limited time mobs in treasure dungeons to resolve extra loot mechanic.","宝物庫で制限時間付きの敵を優先し、追加報酬ギミックを処理します。"
"RotationSolver","Main","Many thanks to Ko-fi sponsors.","","prismagreen",""
"RotationSolver","Auto","Action Usage and Control","","Provoke anything not on the no provoke list.","挑発禁止リスト以外の対象を挑発"
"RotationSolver","","","","Provoke random delay range.","挑発のランダム遅延範囲"
"RotationSolver","Settings","Timeline","","PTメンバーの無敵スキルを読み上げ","PTメンバーの無敵スキルを読み上げ"
"RotationSolver","Duty","PvP","","PvP","PvP"
"RotationSolver","Target","Hostile","","PvPDPS","PvP：DPS優先"
"RotationSolver","Target","Hostile","","PvPHealers","PvP：ヒーラー優先"
"RotationSolver","Target","Hostile","","PvPTanks","PvP：タンク優先"
"RotationSolver","Auto","Healing Usage and Control","","Raise All In Duty.","コンテンツ内の蘇生可能な対象をすべて蘇生"
"RotationSolver","Auto","Healing Usage and Control","","Raise All.","蘇生可能な対象をすべて蘇生"
"RotationSolver","Auto","Healing Usage and Control","","Raise non-Healers from bottom of party list to the top (Light Party 2 Healer Behavior)","非ヒーラーの蘇生優先度をPTリスト下から上へ（ライトPTでヒーラー2人時の動作）"
"RotationSolver","Auto","Healing Usage and Control","","Raise only party healers.","PT内のヒーラーのみ蘇生"
"RotationSolver","Auto","Healing Usage and Control","","Raise only party members.","PTメンバーのみ蘇生する"
"RotationSolver","Auto","Healing Usage and Control","","Raise party members and alliance healers.","PTメンバーとアライアンスのヒーラーを蘇生"
"RotationSolver","Auto","Healing Usage and Control","","Raise party members and alliance supports.","PTメンバーとアライアンスのサポート役を蘇生"
"RotationSolver","Auto","Healing Usage and Control","","Raise player by using Swiftcast/Dualcast if available","使用可能なら迅速魔／連続魔で蘇生"
"RotationSolver","Auto","Healing Usage and Control","","Raise players that have the Brink of Death debuff","衰弱［強］のプレイヤーも蘇生対象にする"
"RotationSolver","Auto","Healing Usage and Control","","Raise Red Mage and Summoners first if no Tanks or Healers are dead","タンク／ヒーラーに死亡者がいなければ赤魔道士・召喚士を優先して蘇生"
"RotationSolver","Auto","Healing Usage and Control","","Raise styles","蘇生方式"
"RotationSolver","Auto","Healing Usage and Control","","Raise while Swiftcast is on cooldown","迅速魔のリキャスト中でも蘇生する"
"RotationSolver","Auto","Healing Usage and Control","","Raise while Swiftcast is on cooldown and cooldown is higher than raise cast time","迅速魔の残りリキャストが蘇生の詠唱時間より長い場合は詠唱で蘇生する"
"RotationSolver","Auto","Healing Usage and Control","","Raise while Swiftcast is on cooldown and cooldown is higher than raise cast time and other healers are dead","迅速魔の残りリキャストが蘇生の詠唱時間より長く、他のヒーラーが戦闘不能なら詠唱で蘇生する"
"RotationSolver","Auto","Healing Usage and Control","","Raise while Swiftcast is on cooldown and other healers are dead","迅速魔のリキャスト中かつ他のヒーラーが戦闘不能なら蘇生する"
"RotationSolver","Auto","Healing Usage and Control","","Random delay range for dispelling statuses.","状態異常解除時のランダム遅延範囲"
"RotationSolver","Auto","Healing Usage and Control","","Random delay range for resurrecting players.","蘇生時のランダム遅延範囲"
"RotationSolver","","","","Random range of delay for RSR to stop attacking when the target is dead or immune to damage.","対象が死亡またはダメージ無効時にRSRが攻撃停止するまでのランダム遅延範囲"
"RotationSolver","UI","Information","","Random range of simulated presses per action","アクションごとの疑似入力回数のランダム範囲"
"RotationSolver","","","","Range of time before locking onto aggro'd or new target to attack","敵視を取った敵／新しい敵へ攻撃対象を固定するまでの時間範囲"
"RotationSolver","","","","RB is for gamepad player.","RBはゲームパッド使用者向けです。"
"RotationSolver","Actions","","","Record AOE actions","範囲攻撃を記録"
"RotationSolver","Actions","","","Record knockback actions","ノックバック攻撃を記録"
"RotationSolver","Windows","CraftsWindow","","Refresh All Prices (Craft List)","すべての価格を更新（製作リスト）"
"RotationSolver","Captured","","","release version","release version"
"RotationSolver","Logic","Filters","","Relic Tool:","道具強化コンテンツ："
"RotationSolver","Logic","Filters","","Relic Weapon:","武器強化コンテンツ："
"RotationSolver","Extra","Others","","Remove extra framerate-induced cooldown delay","フレームレート由来の余分なクールダウン遅延を除去"
"RotationSolver","Extra","Others","","Remove extra lag-induced animation lock delay from instant casts (read tooltip!)","即時発動アクションの通信遅延由来アニメーションロックを軽減（ツールチップ要確認）"
"RotationSolver","Actions","","","Reset and Stop Casting List","詠唱停止リストを初期化して停止"
"RotationSolver","Actions","","","Reset and Update AOE List","範囲攻撃リストを初期化して更新"
"RotationSolver","List","Statuses","","Reset and Update Dispell Debuff List","解除対象デバフリストを初期化して更新"
"RotationSolver","List","Statuses","","Reset and Update Invuln Status List","無敵ステータスリストを初期化して更新"
"RotationSolver","Actions","","","Reset and Update Knockback List","ノックバックリストを初期化して更新"
"RotationSolver","List","Statuses","","Reset and Update No Casting Status List","詠唱禁止ステータスリストを初期化して更新"
"RotationSolver","List","Statuses","","Reset and Update Priority Status List","優先ステータスリストを初期化して更新"
"RotationSolver","Actions","","","Reset and Update Tankbuster List","タンク強攻撃リストを初期化して更新"
"RotationSolver","DNC","Configuration","","Reset to Default","初期設定に戻す"
"RotationSolver","Extra","Internal","","Restore Configs","設定を復元"
"RotationSolver","Ui","FiltersWindow","","Retainers","リテイナー"
"RotationSolver","Main","State Macros","","Right-click to copy the command: /rotation AntiKnockback","右クリックでコマンドをコピー: /rotation AntiKnockback"
"RotationSolver","Main","State Macros","","Right-click to copy the command: /rotation Auto","右クリックでコマンドをコピー: /rotation Auto"
"RotationSolver","Main","State Macros","","Right-click to copy the command: /rotation Burst","右クリックでコマンドをコピー: /rotation Burst"
"RotationSolver","Main","State Macros","","Right-click to copy the command: /rotation Cycle","右クリックでコマンドをコピー: /rotation Cycle"
"RotationSolver","Main","State Macros","","Right-click to copy the command: /rotation DefenseArea","右クリックでコマンドをコピー: /rotation DefenseArea"
"RotationSolver","Main","State Macros","","Right-click to copy the command: /rotation DefenseSingle","右クリックでコマンドをコピー: /rotation DefenseSingle"
"RotationSolver","Main","State Macros","","Right-click to copy the command: /rotation DispelStancePositional","右クリックでコマンドをコピー: /rotation DispelStancePositional"
"RotationSolver","Main","State Macros","","Right-click to copy the command: /rotation EndSpecial","右クリックでコマンドをコピー: /rotation EndSpecial"
"RotationSolver","Main","State Macros","","Right-click to copy the command: /rotation HealArea","右クリックでコマンドをコピー: /rotation HealArea"
"RotationSolver","Main","State Macros","","Right-click to copy the command: /rotation HealSingle","右クリックでコマンドをコピー: /rotation HealSingle"
"RotationSolver","Main","State Macros","","Right-click to copy the command: /rotation Manual","右クリックでコマンドをコピー: /rotation Manual"
"RotationSolver","Main","State Macros","","Right-click to copy the command: /rotation MoveBack","右クリックでコマンドをコピー: /rotation MoveBack"
"RotationSolver","Main","State Macros","","Right-click to copy the command: /rotation MoveForward","右クリックでコマンドをコピー: /rotation MoveForward"
"RotationSolver","Main","State Macros","","Right-click to copy the command: /rotation NextAction","右クリックでコマンドをコピー: /rotation NextAction"
"RotationSolver","Main","State Macros","","Right-click to copy the command: /rotation NoCasting","右クリックでコマンドをコピー: /rotation NoCasting"
"RotationSolver","Main","State Macros","","Right-click to copy the command: /rotation Off","右クリックでコマンドをコピー: /rotation Off"
"RotationSolver","Main","State Macros","","Right-click to copy the command: /rotation RaiseShirk","右クリックでコマンドをコピー: /rotation RaiseShirk"
"RotationSolver","Main","State Macros","","Right-click to copy the command: /rotation Speed","右クリックでコマンドをコピー: /rotation Speed"
"RotationSolver","Main","State Macros","","Right-click to copy the command: /rotation TargetOnly","右クリックでコマンドをコピー: /rotation TargetOnly"
"RotationSolver","Main","Many thanks to Ko-fi sponsors.","","Right-click to copy this tip.","右クリックでこのヒントをコピー"
"RotationSolver","Actions","","","Role Action","ロールアクション"
"RotationSolver","Main","Compatibility","","Rotation Solver helps you choose targets and click actions. Any plugin that changes these will affect its decisions.","Rotation Solverはターゲット選択とアクション実行を支援します。これらを変更する他のプラグインはRSRの判断に影響します。"
"RotationSolver","Main","Compatibility","","Rotation Solver helps you choose targets and click actions. Any plugin that changes these will affect its decisions.

Here is a list of plugins that have historically (but not always) caused compatibility issues:",""
"RotationSolver","DNC","","","Rotation specific configs.","ローテーション固有設定"
"RotationSolver","Extra","Others","","RSR focuses on the rotation itself. These are side features. Subject to removal at any time.","RSRはローテーション本体を重視しています。ここは補助機能で、将来削除される可能性があります。"
"RotationSolver","Main","","","RSR has helped you by clicking actions 1,174,595 times.",""
"RotationSolver","Main","","","RSRがアクションを実行した回数: 1,174,595回",""
"RotationSolver","Duty","Savage","","Savage","零式"
"RotationSolver","Logic","Filters","","Searching","検索"
"RotationSolver","Auto","Healing Usage and Control","","Seconds","秒"
"RotationSolver","","","","Seconds before knockback to use anti-knockback","ノックバックの何秒前にノックバック無効を使用するか"
"RotationSolver","","","","Seconds before raidwide to use area mitigation","全体攻撃の何秒前に範囲軽減を使用するか"
"RotationSolver","","","","Seconds before tankbuster to use single mitigation","タンク強攻撃の何秒前に単体軽減を使用するか"
"RotationSolver","Extra","Others","","Set Blue Mage Actions Automatically","青魔法を自動設定"
"RotationSolver","Duty","PvP","","Set RSR to PvP specific state when enabled in PvP zone.","PvPエリアで有効化された場合、RSRをPvP用状態に切り替える"
"RotationSolver","Target","Configuration","","Set target to closest targetable enemy if no valid action target nearby and target not set while in combat (This works in Manual mode as well)","戦闘中に有効な行動対象が近くになく未ターゲットなら、最も近い攻撃可能な敵を選択（Manualでも有効）"
"RotationSolver","Duty","Treasure Dungeon","","Sets mobs with number plates as top priority in order from lowest to highest to resolve extra loot mechanic.","番号札付きの敵を小さい番号から最優先し、追加報酬ギミックを処理します。"
"RotationSolver","Logic","Filters","","Shops:","ショップ："
"RotationSolver","DNC","","","ShouldUseLastDance Logic: True",""
"RotationSolver","UI","Information","","Show a popup window with the changelog when the plugin updates.","プラグイン更新時に変更履歴をポップアップ表示"
"RotationSolver","UI","Information","","Show a toast notification with the combat state when changed.","戦闘状態が変化した時にトースト通知を表示"
"RotationSolver","Extra","Others","","Show a toast when a cactbot broadcast is received and mapped to a RotationSolver special.","cactbotのブロードキャストを受信し、RotationSolverのSpecialに割り当てられたときにトースト通知を表示します。"
"RotationSolver","UI","Windows","","Show Action Context Menu Enable/Disable toggle","アクション右クリックメニューに有効／無効切替を表示"
"RotationSolver","UI","Windows","","Show Action Timeline Window","アクションタイムラインウィンドウを表示"
"RotationSolver","Extra","Others","","Show cactbot event toasts (debug)","cactbotイベントをトースト表示（デバッグ）"
"RotationSolver","UI","Windows","","Show Control Window","コントロールウィンドウを表示"
"RotationSolver","UI","Windows","","Show Cooldown Window","クールダウンウィンドウを表示"
"RotationSolver","UI","Windows","","Show Intercepted Action Window","割り込みアクションウィンドウを表示"
"RotationSolver","UI","Windows","","Show Next Action Window","次アクションウィンドウを表示"
"RotationSolver","UI","Information","","Show Original Cooldown","元のクールダウン表示を使用"
"RotationSolver","UI","Information","","Show plugin status in DTR bar.","DTRバーにプラグイン状態を表示"
"RotationSolver","UI","Information","","Show random usage hints at top of configuration window","設定画面上部にランダムな使用ヒントを表示"
"RotationSolver","Config","TooltipsLayout","","Show source information","入手元情報を表示"
"RotationSolver","UI","Information","","Show toggled setting and new value in chat.","切り替えた設定名と新しい値をチャットに表示"
"RotationSolver","UI","Information","","Show tooltips","ツールチップを表示"
"RotationSolver","Config","TooltipsLayout","","Show use information","用途情報を表示"
"RotationSolver","Main","Action and Setting Macros","","Simply right clicking any action, setting, or toggle will pop up the macro associated with it.","アクション・設定・トグルを右クリックすると、対応するマクロを表示します"
"RotationSolver","UI","Information","","Simulate the effect of pressing abilities","アビリティを押した時の効果をシミュレート"
"RotationSolver","Main","Compatibility","","Skill targetting conflicts","スキルのターゲット選択競合"
"RotationSolver","Main","Compatibility","","Skill Usage","スキル使用"
"RotationSolver","Actions","","","Skip AoE check","範囲攻撃確認をスキップ"
"RotationSolver","Actions","","","Skip casting and moving check","詠唱・移動確認をスキップ"
"RotationSolver","Actions","","","Skip clipping check","クリップ確認をスキップ"
"RotationSolver","Actions","","","Skip combo check","コンボ確認をスキップ"
"RotationSolver","Actions","","","Skip status provide check","付与ステータス確認をスキップ"
"RotationSolver","AutoDuty","","","SkipCutscene is not enabled","SkipCutscene は無効です"
"RotationSolver","Target","Hostile","","Small","小型対象"
"RotationSolver","Main","Many thanks to Ko-fi sponsors.","","smf26",""
"RotationSolver","Target","Configuration","","Solo Deep Dungeons: if solo, out of combat pull the nearest single enemy; in combat only previously engaged.","DDソロ：非戦闘時は最寄り1体、戦闘中は交戦済みのみ"
"RotationSolver","Logic","Filters","","Source (Categories)","入手元（カテゴリ）"
"RotationSolver","Logic","Filters","","Sources","入手元"
"RotationSolver","Main","Many thanks to Ko-fi sponsors.","","Special thanks to the 34 supporters (including those not listed here):","34名の支援者のみなさまに感謝します（ここに表示されていない方を含む）："
"RotationSolver","Actions","","","Speed Ability","移動速度アビリティ"
"RotationSolver","Main","State Macros","","Start in Target-Only mode. RSR will auto-select targets per normal logic but will not perform any actions.","Target-Onlyモードで開始。通常ロジックで自動ターゲットするが、アクションは実行しない。"
"RotationSolver","Main","State Macros","","Start the addon in Auto mode. When out of combat or when combat starts, switches the target according to the set condition. 
 Optionally: You can add the target type to the end of the command you want RSR to do. For example: /rotation Auto Big","Autoモードで開始。非戦闘時または戦闘開始時に設定条件でターゲットを切り替える。
必要ならコマンド末尾にターゲット種類を指定可能。例: /rotation Auto Big"
"RotationSolver","Main","State Macros","","Start the addon in Auto mode. When out of combat or when combat starts, switches the target according to the set condition.  Optionally: You can add the target type to the end of the command you want RSR to do. For example: /rotation Auto Big","Autoモードで開始。非戦闘時または戦闘開始時に設定条件でターゲットを切り替える。必要ならコマンド末尾にターゲット種類を指定可能。例: /rotation Auto Big"
"RotationSolver","Main","State Macros","","Start the addon in Manual mode. You need to choose the target manually. This will bypass any engage settings that you have set up and will start attacking immediately once something is targeted.","Manualモードで開始。ターゲットは手動選択。交戦設定を無視し、対象を選ぶとすぐ攻撃を開始する。"
"RotationSolver","Main","State Macros","","State Macros","状態マクロ"
"RotationSolver","Logic","Filters","","Stats","ステータス"
"RotationSolver","DNC","Configuration","","Status","状態"
"RotationSolver","List","Statuses","","Statuses","ステータス"
"RotationSolver","Extra","Others","","Stop casting if the target dies.","対象が死亡したら詠唱を中断"
"RotationSolver","Actions","","","Stop casting or taking actions if the enemy is casting this ability","敵がこのアクションを詠唱中は詠唱・行動を停止"
"RotationSolver","","","","Stop healing when time to kill is lower than:","残り討伐時間がこの値未満なら回復を停止"
"RotationSolver","Auto","Healing Usage and Control","","Stop single target GCD healing after reaching threshold. (EXTREMELY Experimental)","しきい値到達後は単体GCD回復を停止（非常に実験的）"
"RotationSolver","Main","State Macros","","Stop the addon. Always remember to turn it off when it is not in use!","RSRを停止。使用しない時は必ずOFFにする。"
"RotationSolver","UI","","","Support the developer on Ko-fi","Ko-fiで開発者を支援"
"RotationSolver","Actions","","","System Action","システムアクション"
"RotationSolver","Target","","","Target","ターゲット"
"RotationSolver","","","","Target color","ターゲットの色"
"RotationSolver","Target","Configuration","","Target Fate priority","FATE対象を優先"
"RotationSolver","Target","Configuration","","Target Hunt/Relic/Leve priority. (Relic behavior bugged)","モブハント／レリック／リーヴ対象を優先（レリック動作に不具合あり）"
"RotationSolver","Target","Configuration","","Target quest priority (Overrides engage setting).","クエスト対象を優先（交戦設定より優先）"
"RotationSolver","Target","Hostile","","Targeting Type","ターゲット選択方式"
"RotationSolver","Main","State Macros","","TargetOnly","ターゲットのみ"
"RotationSolver","Target","Configuration","","Targets with attack markers will be prioritized for actions.","攻撃マーカー付き対象をアクション対象として優先"
"RotationSolver","Target","Configuration","","Targets with only 1 HP will be treated as invincible and ignored; for rare cases where target is invincible but is not given a status for it.","HPが1だけの対象を無敵扱いして無視します。無敵状態なのに専用ステータスが付かない特殊ケース向けです"
"RotationSolver","Target","Configuration","","Targets with stop markers will not be attacked.","停止マーカー付き対象は攻撃しない"
"RotationSolver","UI","Information","","Teaching mode","学習モード"
"RotationSolver","","","","The angle of your vision cone","視野範囲の角度"
"RotationSolver","Basic","Timer","","The duration of special windows opened by /rotation commands by default.","/rotation コマンドで開く特殊ウィンドウの既定継続時間"
"RotationSolver","Duty","Ultimate","","The Epic of Alexander (Ultimate) - Jagd Doll logic.","絶アレキサンダー討滅戦：Jagd Doll処理"
"RotationSolver","Duty","Ultimate","","The Epic of Alexander (Ultimate) - True Heart logic.","絶アレキサンダー討滅戦：True Heart処理"
"RotationSolver","Duty","Dungeon","","The Ghimlyt Dark - Colossus Rubricatus ad.","ギムリトダーク：Colossus Rubricatus雑魚処理"
"RotationSolver","Duty","PvP","","The HP for using Guard.","防御を使用するHP"
"RotationSolver","Auto","Action Usage and Control","","The HP%% for tank to use invulnerability","タンクが無敵技を使用するHP％"
"RotationSolver","Duty","Alliance Raid","","The Labyrinth of the Ancients - Thanatos logic.","古代の民の迷宮：タナトス処理"
"RotationSolver","Duty","The Masked Carnivale","","The Masked Carnivale","マスクカーニバル"
"RotationSolver","Duty","Dungeon","","The Meso Terminal - Thanatos logic.","The Meso Terminal：タナトス処理"
"RotationSolver","Basic","Timer","","The minimum time between updating RSR information. (Raising this will help with framerate issues but can cause issues with rotation performance)","RSR情報を更新する最小間隔（長くすると負荷は下がりますが、ローテーション性能に影響する場合があります）"
"RotationSolver","","","","The modifier key to unlock the movement temporarily","一時的に移動ロックを解除する修飾キー"
"RotationSolver","Duty","Ultimate","","The Omega Protocol (Ultimate) - Packet Filter logic.","絶オメガ検証戦：Packet Filter処理"
"RotationSolver","Duty","Alliance Raid","","The Puppets' Bunker - Superior Flight Unit logic.","人形タチノ軍事基地：飛行ユニット処理"
"RotationSolver","Auto","Action Usage and Control","","The range of random delay before interrupting hostile targets.","敵の詠唱中断までのランダム遅延範囲"
"RotationSolver","Duty","Variant Dungeon","","The Sil'dihn Subterrane - Drakefamily ads logic.","シラディハ水道：Drake系雑魚処理"
"RotationSolver","Target","Configuration","","The size of the sector angle that can be selected as the moveable target","移動対象として選択できる扇形の角度"
"RotationSolver","Duty","Alliance Raid","","The Tower at Paradigm's Breach - Hansel and Gretel logic.","希望ノ砲台：「塔」：ヘンゼル＆グレーテル処理"
"RotationSolver","Duty","Extreme","","The Unmaking Extreme - Shadow logic.","The Unmaking Extreme：Shadow処理"
"RotationSolver","Duty","Alliance Raid","","The Void Ark - Irminsul and Sawtooth logic.","魔航船ヴォイドアーク：Irminsul／Sawtooth処理"
"RotationSolver","Main","Action and Setting Macros","","These commands can be used to open or change plugin settings directly from chat or macros.","これらのコマンドを使うと、チャットやマクロからプラグイン設定を直接開いたり変更できます"
"RotationSolver","Auto","Healing Usage and Control","","This config is job-specific","この設定はジョブ専用です"
"RotationSolver","Main","","","This includes almost all information available in one combat frame, including the status of all party members, hostile target statuses, skill cooldowns, MP and HP of characters, character locations, hostile target casting status, combo state, combat duration, player level, etc.

It will then highlight the best action on the hotbar, or help you click it.","1フレーム内で取得できる戦闘情報（PTメンバーの状態、敵のステータス、スキルのリキャスト、HP／MP、位置、敵の詠唱、コンボ状態、戦闘時間、レベルなど）を解析します。

その結果から最適なアクションをホットバー上で強調表示し、必要に応じて実行を補助します。"
"RotationSolver","Main","Links","","This includes almost all information available in one combat frame, including the status of all party members, hostile target statuses, skill cooldowns, MP and HP of characters, character locations, hostile target casting status, combo state, combat duration, player level, etc.It will then highlight the best action on the hotbar, or help you click it.","1フレーム内で取得できる戦闘情報（PTメンバーの状態、敵のステータス、スキルのリキャスト、HP／MP、位置、敵の詠唱、コンボ状態、戦闘時間、レベルなど）を解析します。その結果から最適なアクションをホットバー上で強調表示し、必要に応じて実行を補助します。"
"RotationSolver","Main","","","This is designed for GENERAL COMBAT, not for Savage or Ultimate content. 

Use it carefully! While not designed specifically for Savage or Ultimate content RSR works fine in them, but it will not solve mechanics for you. Pay attention and use macros.","これは一般戦闘向けに設計されており、零式・絶専用ではありません。

零式や絶でも動作しますが、ギミックを自動攻略するものではありません。状況を確認し、必要に応じてマクロを使用してください。"
"RotationSolver","Main","Links","","This is designed for GENERAL COMBAT, not for Savage or Ultimate content. Use it carefully! While not designed specifically for Savage or Ultimate content RSR works fine in them, but it will not solve mechanics for you. Pay attention and use macros.","これは一般戦闘向けに設計されており、零式・絶専用ではありません。零式や絶でも動作しますが、ギミックを自動攻略するものではありません。状況を確認し、必要に応じてマクロを使用してください。"
"RotationSolver","Main","State Macros","","This mode is managed by the Autoduty plugin","このモードはAutoDutyプラグインによって管理されます"
"RotationSolver","Main","State Macros","","This mode is managed by the Henchman plugin, or any other plugin that requires RSR just do rotation and not targetting.","このモードはHenchmanなど、RSRにターゲット選択をさせずスキル回しだけを行わせるプラグインによって管理されます"
"RotationSolver","Auto","Action Usage and Control","","This option is unavailable with your current job","現在のジョブではこの設定を使用できません"
"RotationSolver","Auto","Action Usage and Control","","This option is unavailable with your current job
 
Roles or jobs needed:
白魔道士
学者
占星術師
賢者
幻術士
吟遊詩人",""
"RotationSolver","Basic","Timer","","This setting controls how many oGCDs RSR will try to fit in a single GCD window","1回のGCD間にRSRが挟もうとするoGCDの数を設定します"
"RotationSolver","Basic","","","This setting controls how many oGCDs RSR will try to fit in a single GCD window
Lower numbers mean more oGCDs, but potentially more GCD clipping","1回のGCD間にRSRが挟もうとするoGCD数を調整します
値を小さくするとoGCDが増えますが、GCDクリップが発生しやすくなります"
"RotationSolver","Basic","Timer","","This setting controls how many oGCDs RSR will try to fit in a single GCD window
Lower numbers mean more oGCDs, but potentially more GCD clipping
Percent",""
"RotationSolver","Auto","Action Usage and Control","","This setting is only used if the rotation specifically supports automatic tincture usage.","ローテーション側が薬の自動使用に対応している場合のみ、この設定を使用します"
"RotationSolver","Duty","Savage","","This should clear up any targeting issues when a nail, the boss, and a flail are near each other at the same time.","釘・ボス・Flailが同時に近くにいる場合のターゲット問題を抑えます。"
"RotationSolver","Basic","Timer","","Timer","タイマー"
"RotationSolver","Captured","","","Timer 时间标记","Timer 時刻マーカー"
"RotationSolver","","","","Tip: Special thanks to supporter: ????!","ヒント：支援者のみなさまに感謝！"
"RotationSolver","Main","","","Tip: Special thanks to supporter: catfourteen!","ヒント：サポーターの catfourteen さんに特別な感謝！"
"RotationSolver","Main","State Macros","","To end this special duration before the set time.","設定時間より前に特殊状態を終了"
"RotationSolver","Main","State Macros","","Toggle the actions.","アクションのON/OFFを切り替え"
"RotationSolver","Ui","TooltipsLayout","","Tooltips","ツールチップ"
"RotationSolver","Duty","Treasure Dungeon","","Treasure Dungeon","宝物庫"
"RotationSolver","Duty","Treasure Dungeon","","Treasure Dungeons - Numbered mob logic.","宝物庫 - 番号付き敵のターゲットロジック"
"RotationSolver","Duty","Treasure Dungeon","","Treasure Dungeons - Timed mob logic.","宝物庫 - 時間制敵のターゲットロジック"
"RotationSolver","Target","Configuration","","Treat 1hp targets as invincible.","HP1の対象を無敵として扱う"
"RotationSolver","Duty","Alliance Raid","","Treat Alexander and/or Gordius Systems as immune if they have Perfect Defense.","Alexander／Gordius SystemsにPerfect Defenseが付いている場合は無敵扱いにします。"
"RotationSolver","Duty","Extreme","","Treat Bismark Shell/Bismark Corona as immune if you don't have the Whaleback status","Whaleback状態でない場合、Bismarck Shell／Bismarck Coronaを無敵扱いにします。"
"RotationSolver","Duty","Ultimate","","Treat bosses as immune if you don't have the corresponding status for it.","対応するステータスを持っていない場合、ボスを無敵扱いにします。"
"RotationSolver","Duty","Savage","","Treat Cells as immune if you don't have the corresponding status for it.","対応するステータスを持っていない場合、Cellsを無敵扱いにします。"
"RotationSolver","Duty","Chaotic Alliance Raid","","Treat Cloud of Darkness/Stygian as immune if you don't have corresponding buff.","対応するバフがない場合、Cloud of Darkness／Stygianを無敵扱いにします。"
"RotationSolver","Duty","Dungeon","","Treat Colossus Rubricatus as immune while its casting scripted action which leads to its death.","Colossus Rubricatusが死亡につながる演出詠唱中は無敵扱いにします。"
"RotationSolver","Duty","Ultimate","","Treat Crystal Of Darkness ad as immune.","Crystal Of Darknessの雑魚を無敵扱いにします。"
"RotationSolver","Duty","Alliance Raid","","Treat each Ark Angel as immune if you don't have corresponding buff.","対応するバフがないArk Angelは無敵扱いにします。"
"RotationSolver","Duty","Alliance Raid","","Treat each Hansel/Gretel as immune if you are at an angle that would cause you to take rebound damage from the shield mechanic.","盾ギミックの反射ダメージを受ける角度にいる場合、Hansel／Gretelを無敵扱いにします。"
"RotationSolver","Duty","Alliance Raid","","Treat each Superior Flight Unit as immune if you don't have corresponding buff.","対応するバフがないSuperior Flight Unitは無敵扱いにします。"
"RotationSolver","Duty","Deep Dungeon","","Treat Eminent Grief as immune if you don't have Light Vengeance buff, and treat Devoured Eater as immune if you don't have Dark Vengeance buff.","Light Vengeanceがない場合はEminent Griefを、Dark Vengeanceがない場合はDevoured Eaterを無敵扱いにします。"
"RotationSolver","Auto","Healing Usage and Control","","Treat focus targeted player as party member in alliance raids","アライアンスレイドではフォーカスターゲットしたプレイヤーをPTメンバーとして扱う"
"RotationSolver","Duty","Alliance Raid","","Treat Irminsul and Sawtooth as immune if you don't have corresponding buff.","対応するバフがない場合、Irminsul／Sawtoothを無敵扱いにします。"
"RotationSolver","Duty","Ultimate","","Treat Jagd Doll ads as immune when HP is less than 25%.","Jagd DollのHPが25%未満なら無敵扱いにします。"
"RotationSolver","Duty","Dungeon","","Treat Jailers in second boss fight as immune if you don't have corresponding buff.","2ボス戦で対応するバフがない場合、Jailerを無敵扱いにします。"
"RotationSolver","Duty","Dungeon","","Treat Liars Lyre as immune if you don't have the Unfooled status.","Unfooled状態でない場合、Liars Lyreを無敵扱いにします。"
"RotationSolver","Duty","Savage","","Treat OmegaM/OmegaF as immune if you have their corresponding Packet Filter status (also applies to Normal).","対応するPacket Filter状態があるOmega-M／Omega-Fを無敵扱いにします（ノーマルにも適用）。"
"RotationSolver","Duty","Ultimate","","Treat OmegaM/OmegaF as immune if you have their corresponding Packet Filter status.","対応するPacket Filter状態があるOmega-M／Omega-Fを無敵扱いにします。"
"RotationSolver","Duty","Extreme","","Treat Pall of Rage/Pall of Grief as immune if you don't have the corresponding status for it.","対応するステータスがない場合、Pall of Rage／Pall of Griefを無敵扱いにします。"
"RotationSolver","Duty","Extreme","","Treat Shadow as immune if you don't have the corresponding status","対応するステータスがない場合、Shadowを無敵扱いにします。"
"RotationSolver","Target","Configuration","","Treat target dummy as a boss.","木人をボスとして扱う"
"RotationSolver","Duty","Alliance Raid","","Treat Thanatos as immune if you don't have Astral Realignment buff.","Astral Realignmentバフがない場合、タナトスを無敵扱いにします。"
"RotationSolver","Duty","Field Ops","","Treat the first boss of Forked Tower as immune if you don't have the corresponding status for it.","対応するステータスがない場合、Forked Towerの1ボスを無敵扱いにします。"
"RotationSolver","Duty","Field Ops","","Treat Tiny Mage CE mobs as immune if you're more than 5 yalms away and they are not the farthest along their cast.","Tiny Mage CEの敵が5mより遠く、かつ詠唱進行が最も進んでいない場合は無敵扱いにします。"
"RotationSolver","Duty","Field Ops","","Treat Triton/Nereid/Phobos as immune if you don't have the corresponding status for it.","対応するステータスがない場合、Triton／Nereid／Phobosを無敵扱いにします。"
"RotationSolver","Duty","Ultimate","","Treat True Heart ad as immune.","True Heartの雑魚を無敵扱いにします。"
"RotationSolver","Duty","Savage","","Treat Wolf of Wind/Wolf of Stone as immune if you don't have the corresponding status for it.","対応するステータスがない場合、Wolf of Wind／Wolf of Stoneを無敵扱いにします。"
"RotationSolver","Auto","Healing Usage and Control","","Treat your chocobo as a party member","チョコボをPTメンバーとして扱う"
"RotationSolver","Ui","TroubleshootingLayout","","Troubleshooting","トラブルシューティング"
"RotationSolver","Settings","QuickNav","","TTS","TTS"
"RotationSolver","Settings","TTS","","TTS 提前秒数","TTS先読み秒数"
"RotationSolver","Settings","TTS","","TTS 播报","TTS読み上げ"
"RotationSolver","Settings","Timeline","","TTS提前秒数","TTS先読み秒数"
"RotationSolver","Captured","","","TTS纠偏说明","TTS補正の説明"
"RotationSolver","UI","","","UI","UI"
"RotationSolver","Duty","Ultimate","","Ultimate","絶"
"RotationSolver","","","","Unlock movement when pressing both left and right mouse buttons.","左右のマウスボタンを同時押ししている間、移動ロックを解除する"
"RotationSolver","","","","Unlocked Control Window's Background","ロック解除中のControlウィンドウ背景"
"RotationSolver","Logic","Filters","","Use (Categories)","用途（カテゴリ）"
"RotationSolver","Actions","","","Use AoE damage mitigation abilities if the target is casting any of these actions","対象がこれらを詠唱中なら範囲軽減を使用"
"RotationSolver","Auto","Healing Usage and Control","","Use beneficial ground-targeted actions","味方への設置型アクションを使用"
"RotationSolver","Auto","Healing Usage and Control","","Use beneficial ground-targeted actions on party Tank if present, skipping other logic.","PTにタンクがいる場合、他の判定を飛ばしてタンクへ設置型支援アクションを使用"
"RotationSolver","Auto","Healing Usage and Control","","Use beneficial ground-targeted actions only on self, skipping other logic.","他の判定を飛ばして、自分にのみ設置型支援アクションを使用"
"RotationSolver","Auto","Healing Usage and Control","","Use beneficial ground-targeted actions when moving.","移動中でも設置型支援アクションを使用"
"RotationSolver","MCH","Configuration","","Use Bioblaster while moving","移動中にバイオブラストを使用"
"RotationSolver","Auto","Action Usage and Control","","Use BMR intergration to verify safety of movement actions/actions that cause movement for automatic usage. (Experimental)","自動使用時、移動アクション／移動を伴うアクションの安全性をBMR連携で確認（実験的）"
"RotationSolver","Auto","Action Usage and Control","","Use BMR intergration to verify safety of movement actions/actions that cause movement for intercepted usage. (Experimental)","割り込み使用時、移動アクション／移動を伴うアクションの安全性をBMR連携で確認（実験的）"
"RotationSolver","Auto","Action Usage and Control","","Use damaging gap closer abilites if the distance to your target is less than this.","対象との距離がこの値未満なら、ダメージ付き接近アビリティを使用"
"RotationSolver","Auto","Action Usage and Control","","Use defensive actions","防御アクションを使用"
"RotationSolver","Auto","","","Use Gemdraughts/Tinctures/Pots Anywhere","どこでも薬品を使用"
"RotationSolver","Auto","","","Use Gemdraughts/Tinctures/Pots in High-End Duties","高難度コンテンツで薬品を使用"
"RotationSolver","Auto","Healing Usage and Control","","Use healing abilities when playing a non-healer role.","非ヒーラーロールでも回復アビリティを使用"
"RotationSolver","","","","Use HP Potions when HP% is lower than this","HPがこの割合を下回ったらHPポーションを使用"
"RotationSolver","Auto","Action Usage and Control","","Use interrupt abilities if possible.","可能なら詠唱中断アクションを使用"
"RotationSolver","Actions","","","Use knockback prevention abilities if the target is casting any of these actions","対象がこれらを詠唱中ならノックバック無効化を使用"
"RotationSolver","Target","Configuration","","Use movement actions towards the object/mob in the center of the screen","画面中央のオブジェクト／敵へ向かう移動アクションを使用"
"RotationSolver","","","","Use MP Potions when MP% is lower than this","MPがこの割合を下回ったらMPポーションを使用"
"RotationSolver","Duty","PvP","","Use Purify to remove Bind debuff","浄化でバインドを解除"
"RotationSolver","Duty","PvP","","Use Purify to remove Deep Freeze debuff","浄化で氷結を解除"
"RotationSolver","Duty","PvP","","Use Purify to remove Heavy debuff","浄化でヘヴィを解除"
"RotationSolver","Duty","PvP","","Use Purify to remove Miracle of Nature debuff","浄化でミラクル・オブ・ネイチャーを解除"
"RotationSolver","Duty","PvP","","Use Purify to remove Silence debuff","浄化で沈黙を解除"
"RotationSolver","Duty","PvP","","Use Purify to remove Stun debuff","浄化でスタンを解除"
"RotationSolver","Actions","","","Use tank personal damage mitigation abilities if the target is casting any of these actions","対象がこれらを詠唱中ならタンク個人軽減を使用"
"RotationSolver","Actions","","","Use up all stacks","全スタックを使い切る"
"RotationSolver","DNC","","","UseClosedPosition Logic: False",""
"RotationSolver","Actions","","","Used to customize when RSR uses specific actions automatically. Click on an action's icon in the left list. Below, you may set the conditions for when that specific action is used. Each action can have different conditions to override the default rotation behavior.","RSRが特定のアクションを自動使用する条件を設定します。左の一覧からアクションのアイコンを選び、そのアクション専用の使用条件を設定できます。設定した条件は通常のローテーション動作より優先されます。"
"RotationSolver","Main","Links","","Useful information and macro list.","便利な情報とマクロ一覧"
"RotationSolver","Logic","Filters","","Uses","用途"
"RotationSolver","DNC","","","UseStandardStep Logic: False",""
"RotationSolver","Main","Many thanks to Ko-fi sponsors.","","Utterly Hopeless!",""
"RotationSolver","Main","Many thanks to Ko-fi sponsors.","","Vaex_Darastrix",""
"RotationSolver","Duty","Variant Dungeon","","Variant Dungeon","ヴァリアントダンジョン"
"RotationSolver","Logic","Filters","","Venture (Exploration):","探索依頼："
"RotationSolver","Windows","RetainerTaskWindow","","Venture Cost:","必要ベンチャースクリップ："
"RotationSolver","Logic","Filters","","Venture:","リテイナーベンチャー："
"RotationSolver","AutoDuty","","","vnavmesh is installed and enabled","vnavmesh は導入済み・有効"
"RotationSolver","Auto","Action Usage and Control","","What kind of AoE moves to use.","使用する範囲攻撃の種類"
"RotationSolver","UI","Information","","When enabled, actions you have disabled in RSR will be tinted on in-game hotbars.","有効にすると、RSRで無効化したアクションをゲーム内ホットバー上で色付き表示します"
"RotationSolver","Auto","Healing Usage and Control","","When enabled, non-healer jobs (such as DPS or tanks) will only use healing abilities if there are no healers in the party, or if all healers are incapacitated (at 0 HP). ","有効にすると、DPSやタンクなどの非ヒーラージョブは、PTにヒーラーがいない場合、または全ヒーラーが戦闘不能（HP 0）の場合にのみ回復アビリティを使用します。"
"RotationSolver","Auto","Healing Usage and Control","","When enabled, non-healer jobs (such as DPS or tanks) will only use healing abilities if there are no healers in the party, or if all healers are incapacitated (at 0 HP). 
If at least one healer is alive, non-healers will not use healing abilities.",""
"RotationSolver","Target","Configuration","","When in a Fate, only Fate targets are considered. When not in a Fate, Fate targets are ignored.","FATE中はFATE対象のみを候補にし、FATE外ではFATE対象を無視します"
"RotationSolver","","","","When their minimum HP is lower than this.","対象の最低HPがこの値を下回った場合"
"RotationSolver","Logic","TooltipsFeature","","Whether the item completes an outfit","衣装セットが完成するか"
"RotationSolver","Auto","Action Usage and Control","","Which actions RSR can use","RSRが使用できるアクション"
"RotationSolver","AutoDuty","","","While the RSR Team has made effort to make RSR compatible with Autoduty, please keep in mind that RSR is not designed with botting in mind.","RSRはAutoDutyとの互換性に配慮されていますが、自動周回用途を前提に設計されたものではありません。"
"RotationSolver","UI","Windows","","Windows","ウィンドウ"
"RotationSolver","Ui","WindowsAndListsLayout","","Windows & Lists","ウィンドウとリスト"
"RotationSolver","Duty","Alliance Raid","","Windurst: The Third Walk - Alexander Resurrected logic.","ウィンダス：ザ・サードウォーク：Alexander Resurrected処理"
"RotationSolver","Ui","ConfigurationWindow","","Wizard","ウィザード"
"RotationSolver","Settings","StatsPanel","","X（秒）","X（秒）"
"RotationSolver","Auto","Action Usage and Control","","Yalms","ヤルム"
"RotationSolver","Main","Compatibility","","Yes","はい"
"RotationSolver","Main","Many thanks to Ko-fi sponsors.","","Zyllius",""
"RotationSolver","Captured","","","“玩家 + 敌方 NPC” 模式下会隐藏友方 NPC，只保留玩家与敌方对象。","「プレイヤー + 敵NPC」モードでは味方NPCを非表示にし、プレイヤーと敵だけを表示します。"
"RotationSolver","Settings","PartyMonitor","","一键关闭所有团辅技能","全PT支援スキルを一括OFF"
"RotationSolver","Settings","PartyMonitor","","一键开启所有团辅技能","全PT支援スキルを一括ON"
"RotationSolver","Captured","","","上下中央","上下中央"
"RotationSolver","Settings","StatsPanel","","下表说明同一组共享设置在 DPS / HPS / 承伤 中分别对应的实际列含义。","同じ共有設定がDPS / HPS / 被ダメ各ページでどの列に対応するかを示します。"
"RotationSolver","Settings","Timeline","","下载中...","ダウンロード中..."
"RotationSolver","Captured","","","不依赖任何游戏事件，纯按战斗时间显示的条目，播报归“播报应对方案”控制。","ゲームイベントに依存せず、戦闘時間だけで表示する項目です。読み上げは「対処方法を読み上げ」の設定に従います。"
"RotationSolver","Captured","","","中间学派","ニュートラルセクト"
"RotationSolver","Main","Summary","","主界面透明度","メイン画面の透明度"
"RotationSolver","Settings","StatsPanel","","主题色","テーマ色"
"RotationSolver","Settings","StatsPanel","","主题色模式按职业使用各自颜色。","テーマ色モードではジョブごとの色を使用します。"
"RotationSolver","Settings","StatsPanel","","主题色调色板","テーマカラーパレット"
"RotationSolver","Settings","StatsPanel","","主题色透明度","テーマ色の透明度"
"RotationSolver","Settings","StatsPanel","","主题色透明度只影响统一 Alpha。","テーマ色透明度は共通のAlpha値だけに影響します。"
"RotationSolver","Settings","Theme","","主题配色","テーマカラー"
"RotationSolver","Captured","","","义结金兰","桃園結義"
"RotationSolver","Main","Status","","仅玩家","プレイヤーのみ"
"RotationSolver","Captured","","","介毒之术","毒盛の鎖"
"RotationSolver","Captured","","","以上都是极简样式专属属性。","以上はすべてMinimalスタイル専用設定です。"
"RotationSolver","Settings","StatsPanel","","以下设置同时作用于 DPS / HPS / 承伤。","以下の設定はDPS / HPS / 被ダメの3ページに共通で適用されます。"
"RotationSolver","Settings","Data","","伤害","ダメージ"
"RotationSolver","Settings","Stats","","伤害列","ダメージ列"
"RotationSolver","Captured","","","伤害统计","ダメージ統計"
"RotationSolver","Main","Columns","","伤害量","ダメージ量"
"RotationSolver","Captured","","","伤害量列宽","ダメージ量の列幅"
"RotationSolver","Captured","","","低延迟##refresh_preset_fast","低遅延##refresh_preset_fast"
"RotationSolver","Captured","","","低负载##refresh_preset_low","低負荷##refresh_preset_low"
"RotationSolver","Settings","Status","","保存当前UI为默认","現在のUIを既定として保存"
"RotationSolver","Settings","Performance","","保留主要 DPS/HPS，可能漏记 DoT、友方 NPC 与流水细节","主要なDPS/HPSは維持しますが、DoT・味方NPC・戦闘ログ詳細が欠落する場合があります。"
"RotationSolver","CombatLog","Filters","","保留条数：","保持件数："
"RotationSolver","Captured","","","光之心","ハート・オブ・ライト"
"RotationSolver","Captured","","","光明神的最终乐章","光神のフィナーレ"
"RotationSolver","Captured","","","全大赦","インドゥルゲンティア"
"RotationSolver","CombatLog","Filters","","全部","すべて"
"RotationSolver","Main","Tabs","","全部隐藏","すべて非表示"
"RotationSolver","Settings","StatsPanel","","全队脱战后，额外等待 X 秒再视为战斗结束。","PT全員が非戦闘状態になった後、さらにX秒待ってから戦闘終了と判定します。"
"RotationSolver","Main","Status","","全队脱战（PartyList）","PT全員が非戦闘状態（PartyList）"
"RotationSolver","Settings","StatsPanel","","全队脱战（PartyList）即为战斗结束","PT全員が非戦闘状態になったら戦闘終了"
"RotationSolver","Settings","StatsPanel","","全队脱战，且延迟 X 秒为战斗结束","PT全員が非戦闘状態になり、さらにX秒後に戦闘終了"
"RotationSolver","Settings","StatsPanel","","共享列开关","共有列の表示切替"
"RotationSolver","Main","Summary","","共享列显示","共有列表示"
"RotationSolver","Captured","","","关闭“高亮 NPC 行”后，NPC 会回退到普通条形配色与默认文本颜色。","「NPC行を強調」を無効にすると、NPCは通常のバー配色と既定の文字色に戻ります。"
"RotationSolver","Settings","Performance","","关闭后降低压力，但 DoT、野火等持续/延迟伤害会更不准。","無効にすると負荷は下がりますが、DoTやワイルドファイアなどの継続／遅延ダメージ精度が低下します。"
"RotationSolver","Captured","","","关闭后降低高特效战斗压力，但 DoT、野火等持续/延迟伤害会更不准。高性能模式会临时停用。","無効にすると高エフェクト戦闘時の負荷は下がりますが、DoTやワイルドファイアなどの継続／遅延ダメージ精度が低下します。高性能モードでは一時的に無効化されます。"
"RotationSolver","CapturedExact","","","关闭后降低高特效战斗压力，但 DoT、野火等持续/延迟伤害会更不准。高性能模式会临时停用。 ","無効にすると高エフェクト戦闘時の負荷は下がりますが、DoTやワイルドファイアなどの継続／遅延ダメージ精度が低下します。高性能モードでは一時的に無効化されます。 "
"RotationSolver","Settings","Header","","关闭窗口","ウィンドウを閉じる"
"RotationSolver","Settings","StatusObserver","","内容","内容"
"RotationSolver","Settings","PartyMonitor","","冷却(秒)","リキャスト（秒）"
"RotationSolver","Captured","","","减伤##cat_mit","軽減##cat_mit"
"RotationSolver","CombatLog","Content","","减伤分析","軽減分析"
"RotationSolver","Settings","StatsPanel","","切回主题色后会恢复下面的职业配色。","テーマ色へ戻すと、下のジョブ別配色が再び使用されます。"
"RotationSolver","Captured","","","切换 DPS 统计悬浮窗。","DPS統計フローティングウィンドウを切り替えます。"
"RotationSolver","Settings","StatsPanel","","切换悬浮统计的展示样式；后续如果继续新增样式，也会从这里扩展。","フローティング統計の表示スタイルを切り替えます。今後追加されるスタイルもここから選択します。"
"RotationSolver","Captured","","","切换时间轴悬浮窗。","タイムラインのフローティングウィンドウを切り替えます。"
"RotationSolver","Captured","","","切换状态监控窗口。","ステータス監視ウィンドウを切り替えます。"
"RotationSolver","Captured","","","切换设置面板。","設定パネルを切り替えます。"
"RotationSolver","Captured","","","切换队友技能监控悬浮窗。","PTメンバースキル監視のフローティングウィンドウを切り替えます。"
"RotationSolver","Settings","StatsPanel","","列宽记忆","列幅の保存"
"RotationSolver","Settings","StatsPanel","","列语义映射","列の対応関係"
"RotationSolver","Settings","PartyMonitor","","列间距","列間隔"
"RotationSolver","Settings","PartyMonitor","","列间距控制技能图标之间的水平间隔","列間隔はスキルアイコン同士の横方向の間隔を調整します。"
"RotationSolver","Captured","","","刚玉之心","ハート・オブ・コランダム"
"RotationSolver","Settings","PartyMonitor","","删除","削除"
"RotationSolver","Settings","Timeline","","刷新当前副本时间轴","現在のコンテンツのタイムラインを更新"
"RotationSolver","Settings","Data","","刷新频率","更新頻度"
"RotationSolver","Captured","","","刷新频率说明","更新頻度の説明"
"RotationSolver","Captured","","","刷新频率预设","更新頻度プリセット"
"RotationSolver","Captured","","","剑术师","剣術士"
"RotationSolver","Captured","","","匿名模式","匿名モード"
"RotationSolver","Settings","StatsPanel","","单色","単色"
"RotationSolver","Settings","StatsPanel","","单色条颜色","単色バーの色"
"RotationSolver","Settings","StatsPanel","","单色模式会忽略职业主题色。","単色モードではジョブテーマ色を使用しません。"
"RotationSolver","Captured","","","単色###单色","単色###单色"
"RotationSolver","Captured","","","占卜","ディヴィネーション"
"RotationSolver","Captured","","","占星术士","占星術師"
"RotationSolver","Settings","StatsPanel","","占比列与历史记录页的区域列保持自动拉伸，不参与固定宽度记忆。","割合列と履歴ページのエリア列は自動伸縮のため、固定列幅の保存対象外です。"
"RotationSolver","Captured","","","占比条内容","割合バーの内容"
"RotationSolver","Captured","","","占比条显示伤害","割合バーにダメージを表示"
"RotationSolver","Captured","","","占比条显示占比","割合バーに割合を表示"
"RotationSolver","Captured","","","占比条显示死亡","割合バーに死亡数を表示"
"RotationSolver","Captured","","","占比条显示玩家名","割合バーにプレイヤー名を表示"
"RotationSolver","Captured","","","占比条显示职业","割合バーにジョブを表示"
"RotationSolver","Settings","StatsPanel","","占比条配色","割合バーの配色"
"RotationSolver","Settings","StatsPanel","","占比条颜色模式","割合バーのカラーモード"
"RotationSolver","Captured","","","即兴表演","インプロビゼーション"
"RotationSolver","Captured","","","历史文件: C:\Users\USER\AppData\Roaming\XIVLauncher\pluginConfigs\DalamudACT\history-records.json","履歴ファイル: C:\Users\USER\AppData\Roaming\XIVLauncher\pluginConfigs\DalamudACT\history-records.json"
"RotationSolver","Main","Tabs","","历史记录","履歴"
"RotationSolver","Captured","","","历史记录预览时长（秒）","履歴プレビュー時間（秒）"
"RotationSolver","Main","Summary","","历史页列宽记忆","履歴ページの列幅保存"
"RotationSolver","Settings","StatsPanel","","历史页列宽记忆仍然有效。","履歴ページの列幅保存は引き続き有効です。"
"RotationSolver","Captured","","","历史预览与状态","履歴プレビューと状態"
"RotationSolver","Captured","","","原初的血气","原初の血気"
"RotationSolver","CombatLog","Filters","","原始时间","実時刻"
"RotationSolver","Captured","","","原词","元の語句"
"RotationSolver","Captured","","","友方 NPC 包括信赖/NPC 队友、Buddy、幻体等可识别的友方对象。","味方NPCには、フェイス／NPC同行者、バディ、分身など識別可能な味方オブジェクトが含まれます。"
"RotationSolver","Captured","","","双剑师","双剣士"
"RotationSolver","Settings","Timeline","","取消强制加载","強制読み込みを解除"
"RotationSolver","CombatLog","Controls","","取消选中","選択解除"
"RotationSolver","Captured","","","只恢复指定样式的默认设置。","指定したスタイルだけ既定設定へ戻します。"
"RotationSolver","Settings","Performance","","只记录战斗开始/结束、死亡、头标、连线和场地特效。","戦闘開始／終了、死亡、頭割りマーカー、線、フィールドエフェクトのみ記録します。"
"RotationSolver","Captured","","","只记录战斗开始/结束、死亡、头标、连线和场地特效，跳过伤害/治疗/状态等高频流水。","戦闘開始／終了、死亡、頭上マーカー、線、フィールドエフェクトのみ記録し、ダメージ／回復／ステータスなど高頻度ログは省略します。"
"RotationSolver","CapturedExact","","","只记录战斗开始/结束、死亡、头标、连线和场地特效，跳过伤害/治疗/状态等高频流水。 ","戦闘開始／終了、死亡、頭上マーカー、線、フィールドエフェクトのみ記録し、ダメージ／回復／ステータスなど高頻度ログは省略します。 "
"RotationSolver","Captured","","","召唤师","召喚士"
"RotationSolver","Settings","StatsPanel","","可在下方调色板里自定义。","下のカラーパレットで変更できます。"
"RotationSolver","Settings","StatsPanel","","可在主题色和单色之间切换；单色模式下所有职业共用同一种颜色。","ジョブテーマ色と単色を切り替えられます。単色では全ジョブで同じ色を使用します。"
"RotationSolver","Main","Status","","可拖动","ドラッグ可能"
"RotationSolver","Settings","StatsPanel","","可统一调整主题色透明度，并分别调整每个职业的 RGB 颜色；主题色模式下，占比条会使用这里的配置。","テーマ色の透明度を一括調整し、各ジョブのRGB色も個別に変更できます。テーマ色モードではここで設定した色を割合バーに使用します。"
"RotationSolver","Captured","","","叶隐","葉隠"
"RotationSolver","Captured","","","同一个输入框可粘贴或暂存分享码。","同じ入力欄で共有コードの貼り付け・一時保存ができます。"
"RotationSolver","Settings","Timeline","","同一区域每小时最多下载一次","同一エリアでは1時間に最大1回だけダウンロード"
"RotationSolver","Settings","StatsPanel","","同时作用于三页","3ページ共通"
"RotationSolver","Captured","","","吟游诗人","吟遊詩人"
"RotationSolver","Settings","Status","","否","いいえ"
"RotationSolver","Settings","PartyMonitor","","启用","有効"
"RotationSolver","Settings","TTS","","启用时间轴 TTS","タイムラインTTSを有効化"
"RotationSolver","Captured","","","启用网络包增强模式","ネットワークパケット拡張モードを有効化"
"RotationSolver","Settings","Status","","启用调试日志","デバッグログを有効化"
"RotationSolver","Settings","Data","","命令/聊天","コマンド／チャット"
"RotationSolver","Captured","","","命运之轮","運命の輪"
"RotationSolver","Captured","","","咒术师","呪術士"
"RotationSolver","Captured","","","回復量","回復量"
"RotationSolver","Settings","Status","","回顾模式","リプレイモード"
"RotationSolver","Captured","","","团辅##cat_buff","PT支援##cat_buff"
"RotationSolver","Captured","","","团辅/减伤分组合并","PT支援／軽減グループを統合"
"RotationSolver","Settings","Window","","团辅、减伤、食物、自定义技能","PT支援、軽減、食事、カスタムスキル"
"RotationSolver","","","","固定###锁定##lock_技能监控","固定###锁定##lock_技能监控"
"RotationSolver","","","","固定###锁定##lock_时间轴","固定###锁定##lock_时间轴"
"RotationSolver","","","","固定###锁定##lock_状态监控","固定###锁定##lock_状态监控"
"RotationSolver","","","","固定###锁定##lock_统计面板","固定###锁定##lock_统计面板"
"RotationSolver","Settings","FloatingStyle","","固定列宽","固定列幅"
"RotationSolver","Captured","","","图标下方显示ID","アイコン下にIDを表示"
"RotationSolver","Captured","","","图标列间距","アイコン列間隔"
"RotationSolver","Captured","","","图标大小","アイコンサイズ"
"RotationSolver","Settings","StatusObserver","","图标模式","アイコンモード"
"RotationSolver","Captured","","","圣光幕帘","ディヴァインヴェール"
"RotationSolver","Settings","Timeline","","在副本内","コンテンツ内"
"RotationSolver","Captured","","","在游戏里直接查看队伍战斗统计。","ゲーム内でPT戦闘統計を直接確認します。"
"RotationSolver","CapturedExact","","","在游戏里直接查看队伍战斗统计。
Local ACTX-style combat stats directly inside the game.","ゲーム内でPT戦闘統計を直接確認します。
ローカルACTX方式の戦闘統計をゲーム内に直接表示します。"
"RotationSolver","Captured","","","在线时间轴","オンラインタイムライン"
"RotationSolver","Settings","Timeline","","在线时间轴操作超时，请稍后重试。","オンラインタイムライン操作がタイムアウトしました。しばらくしてから再試行してください。"
"RotationSolver","Settings","Timeline","","在线时间轴说明","オンラインタイムラインの説明"
"RotationSolver","Captured","","","地星","アーサリースター"
"RotationSolver","CombatLog","Content","","场地特效","フィールドエフェクト"
"RotationSolver","Captured","","","坚角清汁","ケーラコレ"
"RotationSolver","Captured","","","坦培拉涂层","テンペラコート"
"RotationSolver","Settings","PartyMonitor","","垂直居中","上下中央"
"RotationSolver","Settings","QuickNav","","基础","基本"
"RotationSolver","Captured","","","基础显示","基本表示"
"RotationSolver","Captured","","","复制当前分享码","現在の共有コードをコピー"
"RotationSolver","CombatLog","Controls","","复制当前显示","現在の表示をコピー"
"RotationSolver","CombatLog","Controls","","复制当前筛选结果。","現在の絞り込み結果をコピーします。"
"RotationSolver","Settings","QuickNav","","外观","外観"
"RotationSolver","CapturedExact","","","夜樱 Sakura Night","夜桜 Sakura Night"
"RotationSolver","Captured","","","大地神","地神のミンネ"
"RotationSolver","Captured","","","大宇宙","マクロコスモス"
"RotationSolver","Captured","","","大星云","グレートネビュラ"
"RotationSolver","Captured","","","天赐祝福","ベネディクション"
"RotationSolver","CombatLog","Content","","头顶标记","頭上マーカー"
"RotationSolver","Settings","FloatingStyle","","如果后续为该样式补专属参数，也会放在这里。","このスタイル専用設定が追加された場合も、ここに表示されます。"
"RotationSolver","Settings","PartyMonitor","","姓名/职业列","名前／ジョブ列"
"RotationSolver","Captured","","","字号缩放","文字サイズ倍率"
"RotationSolver","Captured","","","学者","学者"
"RotationSolver","Settings","Header","","完整设置","詳細設定"
"RotationSolver","Captured","","","完整设置 / v0.15.2.72","詳細設定 / v0.15.2.72"
"RotationSolver","Captured","","","宏命令","マクロコマンド"
"RotationSolver","Settings","Status","","定义:","定義："
"RotationSolver","","","","定义: 时间轴","定義: タイムライン"
"RotationSolver","Settings","StatusObserver","","实时查看自身和当前目标身上的状态，用于确认 Buff/Debuff 的 StatusId。右键状态行可复制或关注。","自分と現在のターゲットに付いているステータスをリアルタイム表示し、Buff/DebuffのStatusId確認に使います。ステータス行を右クリックするとコピーや監視登録ができます。"
"RotationSolver","Settings","Data","","导入历史记录","履歴をインポート"
"RotationSolver","Settings","Data","","导入测试数据","テストデータをインポート"
"RotationSolver","Settings","Data","","导出历史记录","履歴をエクスポート"
"RotationSolver","Settings","Timeline","","尚未加载时间轴。","タイムラインはまだ読み込まれていません。"
"RotationSolver","Captured","","","尺寸与 CD 数字","サイズとCD数字"
"RotationSolver","Captured","","","尺寸与字号","サイズと文字サイズ"
"RotationSolver","Settings","PartyMonitor","","展开各职业，勾选你想在监控窗口内显示的减伤和团辅技能。","各ジョブを展開し、監視ウィンドウに表示したい軽減・PT支援スキルを選択します。"
"RotationSolver","Captured","","","展开战术","展開戦術"
"RotationSolver","Settings","Appearance","","展示模式","表示モード"
"RotationSolver","Captured","","","屠戮","ダムネーション"
"RotationSolver","CombatLog","Controls","","已停止","停止中"
"RotationSolver","Main","Status","","已关闭","無効"
"RotationSolver","Settings","Status","","已加载","読み込み済み"
"RotationSolver","Settings","Header","","已启用","有効"
"RotationSolver","CombatLog","Controls","","已复制","コピーしました"
"RotationSolver","Main","Status","","已开启","有効"
"RotationSolver","Settings","Status","","已有时间轴","保存済みタイムライン"
"RotationSolver","CombatLog","Controls","","已清空","消去しました"
"RotationSolver","Main","Status","","已锁定","ロック済み"
"RotationSolver","Settings","PartyMonitor","","布局与显示","レイアウトと表示"
"RotationSolver","Captured","","","布局与显示规则","レイアウトと表示ルール"
"RotationSolver","Settings","Navigation","","帮助","ヘルプ"
"RotationSolver","Captured","","","帮助##advanced_nav_Help","ヘルプ##advanced_nav_Help"
"RotationSolver","Main","Quick","","常用入口集中在这里，可快速打开设置页、战斗流水窗口，或显示/隐藏悬浮统计面板。","よく使う機能をここにまとめています。設定、戦闘ログ画面、フローティング統計パネルの表示／非表示を素早く操作できます。"
"RotationSolver","Captured","","","干预","インターベンション"
"RotationSolver","Captured","","","幻术师","幻術士"
"RotationSolver","Captured","","","庇护所","アサイラム"
"RotationSolver","Settings","StatsPanel","","延迟结束","遅延終了"
"RotationSolver","CombatLog","Controls","","开启后会写入新的战斗流水；关闭后保留已有流水，方便复制或排查。开关状态会保存到配置。","有効にすると新しい戦闘ログを記録します。無効にしても既存ログは残るため、コピーや確認に利用できます。設定は保存されます。"
"RotationSolver","CombatLog","Filters","","开启后会把 MapEffect 场地特效写入新的战斗流水；关闭不会移除已有记录。 ","有効にするとMapEffectのフィールドエフェクトを新しい戦闘ログへ記録します。無効にしても既存記録は削除しません。 "
"RotationSolver","Captured","","","开启后按当前区域自动套用预设：主城/住宅=低负载，副本/野外=标准。关闭后使用下方手动间隔。","有効にすると現在エリアに応じて自動でプリセットを適用します。都市／ハウジング＝低負荷、コンテンツ／フィールド＝標準。無効時は下の手動間隔を使用します。"
"RotationSolver","CapturedExact","","","开启后按当前区域自动套用预设：主城/住宅=低负载，副本/野外=标准。关闭后使用下方手动间隔。 ","有効にすると現在エリアに応じて自動でプリセットを適用します。都市／ハウジング＝低負荷、コンテンツ／フィールド＝標準。無効時は下の手動間隔を使用します。 "
"RotationSolver","Settings","Status","","开启后输出慢帧性能日志，用于定位卡顿来源。日志频道固定为 Debug。 ","有効にすると低速フレームの性能ログを出力し、カクつきの原因調査に使用します。ログチャンネルはDebug固定です。"
"RotationSolver","Settings","Status","","开启后，战斗回顾播放会按真实战斗进入统计、战斗流水和时间轴。与完整设置里的回顾模式相同。","有効にすると、コンテンツリプレイ再生を実戦として統計・戦闘ログ・タイムラインへ反映します。詳細設定のリプレイモードと同じです。"
"RotationSolver","Captured","","","开始时间","開始時刻"
"RotationSolver","CombatLog","Controls","","开始记录","記録開始"
"RotationSolver","Captured","","","弃明投暗","ダークマインド"
"RotationSolver","Captured","","","弓箭手","弓術士"
"RotationSolver","Settings","Timeline","","强制加载时间轴","タイムラインを強制読み込み"
"RotationSolver","Captured","","","强制加载说明","強制読み込みの説明"
"RotationSolver","Settings","Status","","强化日志","拡張ログ"
"RotationSolver","Settings","Timeline","","当前下载状态","現在のダウンロード状態"
"RotationSolver","Settings","Window","","当前副本机制倒计时","現在のコンテンツギミックのカウントダウン"
"RotationSolver","Settings","Data","","当前区域：","現在のエリア："
"RotationSolver","Captured","","","当前区域：野外","現在のエリア：フィールド"
"RotationSolver","Settings","StatsPanel","","当前样式不使用统计页列宽记忆。","現在のスタイルでは統計ページの列幅保存を使用しません。"
"RotationSolver","Settings","FloatingStyle","","当前样式不再使用旧表格参数。","現在のスタイルでは旧式テーブル設定を使用しません。"
"RotationSolver","Settings","FloatingStyle","","当前样式说明","現在のスタイル説明"
"RotationSolver","Settings","Data","","当前没有可显示的友方成员。","現在表示できる味方メンバーはいません。"
"RotationSolver","Captured","","","当前没有可显示的队伍成员。","現在表示できるPTメンバーはいません。"
"RotationSolver","CapturedExact","","","当前没有队伍成员。","現在PTメンバーはいません。"
"RotationSolver","Main","Window","","当前版本直接在 Dalamud 内采集战斗事件，并使用 ACTX / NotACT 的统计口径生成本地战斗快照，不再依赖外部 MiniParse。","現在のバージョンはDalamud内で戦闘イベントを直接収集し、ACTX / NotACT方式でローカル戦闘スナップショットを生成します。外部MiniParseには依存しません。"
"RotationSolver","Main","Status","","当前状态","現在の状態"
"RotationSolver","Main","Status","","当前状态：","現在の状態："
"RotationSolver","Captured","","","当前状态：调试日志已关闭，强化日志已关闭","現在の状態：デバッグログOFF、拡張ログOFF"
"RotationSolver","CombatLog","Body","","当前筛选条件下暂无战斗流水。","現在の絞り込み条件に一致する戦闘ログはありません。"
"RotationSolver","Settings","Data","","当前队伍成员","現在のPTメンバー"
"RotationSolver","Captured","","","当前队伍成员默认展开；收起后这里只显示人数。","現在のPTメンバーは既定で展開表示されます。折りたたむと人数のみ表示します。"
"RotationSolver","Settings","StatusObserver","","当前：图标模式","現在：アイコンモード"
"RotationSolver","Settings","Timeline","","当前：强制加载中","現在：強制読み込み中"
"RotationSolver","Settings","StatusObserver","","当前：文字模式","現在：テキストモード"
"RotationSolver","Captured","","","忍者","忍者"
"RotationSolver","Settings","Status","","快捷入口","クイックアクセス"
"RotationSolver","Main","Quick","","快速操作","クイック操作"
"RotationSolver","Settings","QuickNav","","性能","パフォーマンス"
"RotationSolver","Main","Columns","","总DPS","総DPS"
"RotationSolver","Captured","","","总DPS条内容","総DPSバーの内容"
"RotationSolver","Captured","","","恢复 Classic 默认","Classicを既定値に戻す"
"RotationSolver","Captured","","","恢复 Ikegami 默认","Ikegamiを既定値に戻す"
"RotationSolver","Captured","","","恢复 Minimal 默认","Minimalを既定値に戻す"
"RotationSolver","Settings","PartyMonitor","","恢复所有职业的默认勾选状态。若已点击“设当前为默认”，会使用你保存的默认；否则使用插件内置默认。不会删除自定义技能。 ","全ジョブのチェック状態を既定値へ戻します。「現在設定を既定にする」を保存済みならその設定へ、未保存ならプラグイン既定値へ戻します。カスタムスキルは削除しません。 "
"RotationSolver","Settings","Data","","恢复默认","既定値に戻す"
"RotationSolver","Settings","StatsPanel","","恢复默认主题色","既定のテーマ色に戻す"
"RotationSolver","Main","Status","","悬浮对象","表示対象"
"RotationSolver","Settings","StatsPanel","","悬浮对象显示","フローティング表示対象"
"RotationSolver","Settings","StatsPanel","","悬浮窗展示模式","フローティング表示モード"
"RotationSolver","Main","Status","","悬浮面板","フローティングパネル"
"RotationSolver","Main","Summary","","悬浮面板透明度","フローティングパネルの透明度"
"RotationSolver","Captured","","","意气冲天","意気衝天"
"RotationSolver","Captured","","","战士","戦士"
"RotationSolver","Captured","","","战斗之声","バトルボイス"
"RotationSolver","CombatLog","Filters","","战斗时间","戦闘時間"
"RotationSolver","CombatLog","Window","","战斗流水","戦闘ログ"
"RotationSolver","CombatLog","Body","","战斗流水记录已停止。勾选""开始记录""后才会写入新事件；关闭不会清空已有流水。","戦闘ログの記録は停止中です。「記録開始」を有効にすると新しいイベントを記録します。停止しても既存ログは消去されません。"
"RotationSolver","Main","Status","","战斗结束判定","戦闘終了判定"
"RotationSolver","Settings","StatsPanel","","战斗结束设置","戦闘終了設定"
"RotationSolver","Captured","","","战斗连祷","バトルリタニー"
"RotationSolver","Captured","","","战栗","スリル・オブ・バトル"
"RotationSolver","Captured","","","戦闘終了判定","戦闘終了判定"
"RotationSolver","Captured","","","打印当前BUFF","現在のBUFFを出力"
"RotationSolver","Settings","Data","","打开当前BUFF","現在のBUFFを開く"
"RotationSolver","Main","Quick","","打开悬浮DPS统计面板","フローティングDPS統計を表示"
"RotationSolver","Main","Quick","","打开战斗流水","戦闘ログを開く"
"RotationSolver","Main","Quick","","打开设置","設定を開く"
"RotationSolver","CapturedExact","","","打开配置目录","設定フォルダーを開く"
"RotationSolver","Settings","Data","","扩展日志","拡張ログ"
"RotationSolver","Main","Tabs","","承伤","被ダメ"
"RotationSolver","Main","Columns","","承伤量","被ダメージ量"
"RotationSolver","Captured","","","技巧舞步结束","テクニカルフィニッシュ"
"RotationSolver","Settings","PartyMonitor","","技能 ID","スキルID"
"RotationSolver","Captured","","","技能 ID 需要与实际游戏数据核对","スキルIDは実際のゲームデータと照合してください"
"RotationSolver","CombatLog","Filters","","技能/全文搜索：","スキル／全文検索："
"RotationSolver","Captured","","","技能ID","スキルID"
"RotationSolver","Settings","Timeline","","技能名を読み上げ","スキル名を読み上げ"
"RotationSolver","Settings","PartyMonitor","","技能名称","スキル名"
"RotationSolver","Settings","Window","","技能监控","スキル監視"
"RotationSolver","Settings","Appearance","","技能监控窗口透明度","スキル監視ウィンドウ透明度"
"RotationSolver","Settings","PartyMonitor","","把当前所有职业的团辅/减伤勾选状态保存为你的默认。之后点击“重置监控技能”会恢复到这套勾选。 ","現在の全ジョブのPT支援／軽減チェック状態を既定値として保存します。以後「監視スキルをリセット」でこの状態へ戻ります。 "
"RotationSolver","Settings","FloatingStyle","","把玩家列最小宽度或表格行高拖到 0，会回退到自动布局。","プレイヤー列の最小幅または行高を0にすると自動レイアウトへ戻ります。"
"RotationSolver","Captured","","","抗死","バマジク"
"RotationSolver","Captured","","","按分享码标识导入","共有コード識別子でインポート"
"RotationSolver","Settings","Data","","按区域自动刷新","エリアごとに自動更新"
"RotationSolver","Captured","","","按区域自动刷新频率","エリア別に更新頻度を自動設定"
"RotationSolver","Captured","","","按样式恢复默认","スタイル別に既定値へ戻す"
"RotationSolver","Settings","PartyMonitor","","按职业管理技能","ジョブ別スキル管理"
"RotationSolver","Settings","PartyMonitor","","按职业选择监控技能","ジョブ別に監視スキルを選択"
"RotationSolver","Settings","StatsPanel","","控制 DPS / HPS / 承伤 三个页面的共享列显示与显示人数。","DPS / HPS / 被ダメの3ページで共通する列と表示人数を設定します。"
"RotationSolver","Settings","StatsPanel","","控制悬浮窗统计列表中显示玩家、友方 NPC 与敌方 NPC 的组合。","フローティング統計一覧に表示するプレイヤー・味方NPC・敵NPCの組み合わせを設定します。"
"RotationSolver","Settings","StatsPanel","","控制本地统计何时把当前战斗视为结束，并决定何时生成战斗快照。","現在の戦闘をいつ終了扱いにするか、また戦闘スナップショットをいつ生成するかを設定します。"
"RotationSolver","CapturedExact","","","推荐默认值。兼顾实时性和性能，适合大多数副本和日常使用。DPS统计 250ms，队友监控 500ms，状态监控 500ms，时间轴 500ms。 ","推奨の既定値です。リアルタイム性と性能のバランスを取り、多くのコンテンツや日常利用に適しています。DPS統計 250ms、PTメンバー監視 500ms、ステータス監視 500ms、タイムライン 500ms。 "
"RotationSolver","Settings","Data","","插件/Hook","プラグイン／Hook"
"RotationSolver","Captured","","","摆脱","シェイクオフ"
"RotationSolver","Settings","TTS","","播报应对方案","対処方法を読み上げ"
"RotationSolver","Settings","TTS","","播报技能名","スキル名を読み上げ"
"RotationSolver","Settings","TTS","","播报机制","ギミックを読み上げ"
"RotationSolver","Settings","Timeline","","播报机制（AOE/死刑分类）","ギミックを読み上げ（AOE／タンク強攻撃分類）"
"RotationSolver","Settings","TTS","","播报队友无敌技能","PTメンバーの無敵スキルを読み上げ"
"RotationSolver","Settings","Timeline","","效果方法を読み上げ","対処方法を読み上げ"
"RotationSolver","Captured","","","敌方 NPC 只有在最大生命值达到本地玩家最大生命值指定倍率后，才会进入悬浮统计。","敵NPCは最大HPがローカルプレイヤー最大HPの指定倍率以上の場合のみ、フローティング統計へ含めます。"
"RotationSolver","Settings","StatsPanel","","敌方 NPC 最低血量倍率","敵NPCの最低HP倍率"
"RotationSolver","Settings","Navigation","","数据","データ"
"RotationSolver","Captured","","","数据##advanced_nav_Data","データ##advanced_nav_Data"
"RotationSolver","Settings","Data","","数据与日志","データとログ"
"RotationSolver","Settings","Data","","数据操作","データ操作"
"RotationSolver","Settings","StatusObserver","","数量限制","表示数制限"
"RotationSolver","Captured","","","整体论","ホーリズム"
"RotationSolver","Settings","StatusObserver","","文字模式","テキストモード"
"RotationSolver","Captured","","","斧术师","斧術士"
"RotationSolver","Captured","","","新增纠偏","補正を追加"
"RotationSolver","CapturedExact","","","既定：即時終了","既定：即時終了"
"RotationSolver","Settings","Data","","日志与调试","ログとデバッグ"
"RotationSolver","Captured","","","日志写入规则","ログ出力ルール"
"RotationSolver","Settings","Data","","日志分类","ログ分類"
"RotationSolver","Captured","","","时长","時間"
"RotationSolver","CombatLog","Filters","","时间显示：","時間表示："
"RotationSolver","Settings","Timeline","","时间条间隔","タイムライン行間隔"
"RotationSolver","Settings","Navigation","","时间轴","タイムライン"
"RotationSolver","Captured","","","时间轴##advanced_nav_Timeline","タイムライン##advanced_nav_Timeline"
"RotationSolver","Settings","Status","","时间轴:","タイムライン："
"RotationSolver","","","","时间轴: 未加载","タイムライン: 未読み込み"
"RotationSolver","Captured","","","时间轴刷新间隔","タイムライン更新間隔"
"RotationSolver","Settings","Timeline","","时间轴控制","タイムライン操作"
"RotationSolver","Settings","Timeline","","时间轴文件","タイムラインファイル"
"RotationSolver","Captured","","","时间轴文件: 未加载","タイムラインファイル：未読み込み"
"RotationSolver","Captured","","","时间轴显示未来秒数","タイムライン先読み秒数"
"RotationSolver","Captured","","","时间轴最大显示条数","タイムライン最大表示件数"
"RotationSolver","Settings","Timeline","","时间轴服务未初始化。","タイムラインサービスが初期化されていません。"
"RotationSolver","Settings","AdvancedWindow","","时间轴窗口","タイムラインウィンドウ"
"RotationSolver","Settings","Appearance","","时间轴窗口透明度","タイムラインウィンドウ透明度"
"RotationSolver","Settings","Timeline","","时间轴行间隔","タイムライン行間隔"
"RotationSolver","Captured","","","昏乱","アドル"
"RotationSolver","Captured","","","星位合图","エクザルテーション"
"RotationSolver","Captured","","","星空构想","星天開門"
"RotationSolver","Settings","Status","","是","はい"
"RotationSolver","Settings","Window","","显示","表示"
"RotationSolver","Settings","StatsPanel","","显示 DPS","DPSを表示"
"RotationSolver","Settings","StatsPanel","","显示 HPS","HPSを表示"
"RotationSolver","Settings","StatsPanel","","显示 历史记录","履歴を表示"
"RotationSolver","Settings","StatsPanel","","显示 承伤","被ダメを表示"
"RotationSolver","Settings","StatsPanel","","显示 概览","概要を表示"
"RotationSolver","Settings","StatusObserver","","显示下方状态ID","下部にステータスIDを表示"
"RotationSolver","Main","Columns","","显示人数","表示人数"
"RotationSolver","Settings","StatsPanel","","显示伤害列","ダメージ列を表示"
"RotationSolver","Captured","","","显示伤害量列","ダメージ量列を表示"
"RotationSolver","Settings","StatusObserver","","显示减益状态","デバフを表示"
"RotationSolver","CombatLog","Filters","","显示场地特效","フィールドエフェクトを表示"
"RotationSolver","CombatLog","Filters","","显示头顶标记","頭上マーカーを表示"
"RotationSolver","Captured","","","显示宏帮助。","マクロヘルプを表示します。"
"RotationSolver","Settings","Timeline","","显示已有时间轴","保存済みタイムラインを表示"
"RotationSolver","Captured","","","显示总DPS","総DPSを表示"
"RotationSolver","Captured","","","显示总DPS行","総DPS行を表示"
"RotationSolver","Captured","","","显示总伤害","総ダメージを表示"
"RotationSolver","Captured","","","显示总死亡数","総死亡数を表示"
"RotationSolver","Captured","","","显示时间","時間を表示"
"RotationSolver","CapturedExact","","","显示时间轴窗口","タイムラインウィンドウを表示"
"RotationSolver","Settings","Timeline","","显示未来秒数","先の表示秒数"
"RotationSolver","Settings","StatusObserver","","显示来源信息","付与元情報を表示"
"RotationSolver","Captured","","","显示标题","タイトルを表示"
"RotationSolver","Settings","StatusObserver","","显示模式","表示モード"
"RotationSolver","Settings","StatsPanel","","显示死亡列","死亡列を表示"
"RotationSolver","Settings","AdvancedWindow","","显示状态监控","ステータス監視を表示"
"RotationSolver","Settings","StatusObserver","","显示状态监控窗口","ステータス監視ウィンドウを表示"
"RotationSolver","Settings","StatsPanel","","显示玩家列","プレイヤー列を表示"
"RotationSolver","Settings","StatusObserver","","显示目标状态","ターゲットのステータスを表示"
"RotationSolver","Settings","StatsPanel","","显示秒伤列","DPS列を表示"
"RotationSolver","CapturedExact","","","显示统计面板","統計パネルを表示"
"RotationSolver","Settings","StatsPanel","","显示职业列","ジョブ列を表示"
"RotationSolver","Settings","StatusObserver","","显示自身状态","自分のステータスを表示"
"RotationSolver","Settings","Timeline","","显示范围、距离与声音","表示範囲・距離・音声"
"RotationSolver","Captured","","","显示范围、间距与语音","表示範囲・間隔・音声"
"RotationSolver","Captured","","","显示表头","ヘッダーを表示"
"RotationSolver","CombatLog","Filters","","显示连线","線を表示"
"RotationSolver","CapturedExact","","","显示队友监控","PTメンバー監視を表示"
"RotationSolver","Captured","","","智慧之爱","フィロソフィア"
"RotationSolver","Main","Status","","智能（多人仅玩家 / 单人可含友方 NPC）","自動（PT時はプレイヤーのみ / ソロ時は味方NPCを含める場合あり）"
"RotationSolver","Settings","StatsPanel","","智能：多人仅玩家，单人可含友方 NPC","自動：PT時はプレイヤーのみ、ソロ時は味方NPCを含める"
"RotationSolver","CombatLog","Body","","暂无战斗流水。进入战斗后，这里会开始记录关键事件。","戦闘ログはまだありません。戦闘開始後、ここに主要イベントが記録されます。"
"RotationSolver","Captured","","","暗影卫","シャドウヴィジル"
"RotationSolver","Captured","","","暗黑布道","ダークミッショナリー"
"RotationSolver","Captured","","","暗黑骑士","暗黒騎士"
"RotationSolver","","","","暮 Sunset Glow","夕暮れ Sunset Glow"
"RotationSolver","Settings","Timeline","","更新时间轴","タイムラインを更新"
"RotationSolver","Settings","Timeline","","最大显示条数","最大表示件数"
"RotationSolver","","","","最大表示件数","最大表示件数"
"RotationSolver","Captured","","","有効","有効"
"RotationSolver","Captured","","","有効###启用","有効###启用"
"RotationSolver","Settings","Status","","未加载","未読み込み"
"RotationSolver","Settings","Timeline","","未来显示秒数","先の表示秒数"
"RotationSolver","Settings","Timeline","","未知","不明"
"RotationSolver","Main","Window","","未知版本","不明なバージョン"
"RotationSolver","Captured","","","本地事件采集 / ACTX 统计口径","ローカルイベント収集 / ACTX統計方式"
"RotationSolver","Settings","TTS","","机制名之外额外播报技能名称","ギミック名に加えてスキル名も読み上げ"
"RotationSolver","Captured","","","机工士","機工士"
"RotationSolver","","","","极简 Monochrome","ミニマル Monochrome"
"RotationSolver","Captured","","","极简样式参数","Minimalスタイル設定"
"RotationSolver","Captured","","","极简样式固定隐藏页签与秒伤列。","MinimalスタイルではタブとDPS列を固定で非表示にします。"
"RotationSolver","Captured","","","极致防御","ガーディアン"
"RotationSolver","Captured","","","枪术师","槍術士"
"RotationSolver","Settings","StatsPanel","","查看列语义映射","列の対応関係を表示"
"RotationSolver","Settings","StatsPanel","","查看当前列宽记忆","現在保存されている列幅を表示"
"RotationSolver","Main","Status","","查看当前本地统计的数据来源、插件状态和战斗结束判定。","現在のローカル統計のデータ元、プラグイン状態、戦闘終了判定を確認します。"
"RotationSolver","Main","Summary","","查看当前面板显示、页签显示、共享列显示以及列宽记忆状态。","現在のパネル表示、タブ表示、共有列、列幅保存状態を確認します。"
"RotationSolver","Captured","","","标准##refresh_preset_balanced","標準##refresh_preset_balanced"
"RotationSolver","Captured","","","标签页显示","タブ表示"
"RotationSolver","Captured","","","样式分享码","スタイル共有コード"
"RotationSolver","Captured","","","样式说明","スタイル説明"
"RotationSolver","Captured","","","格斗家","格闘士"
"RotationSolver","Captured","","","桜 Sakura","桜 Sakura"
"RotationSolver","","","","森 Forest Canopy","森 Forest Canopy"
"RotationSolver","Main","Tabs","","概览","概要"
"RotationSolver","Main","Status","","模式","モード"
"RotationSolver","Captured","","","武僧","モンク"
"RotationSolver","Captured","","","武士","侍"
"RotationSolver","Captured","","","武装戍卫","パッセージ・オブ・アームズ"
"RotationSolver","Captured","","","武装解除","ウェポンブレイク"
"RotationSolver","Main","Columns","","死亡","死亡"
"RotationSolver","Settings","Stats","","死亡列","死亡列"
"RotationSolver","Captured","","","死亡列宽","死亡列の幅"
"RotationSolver","Captured","","","死斗","ホルムギャング"
"RotationSolver","Captured","","","残影","残影"
"RotationSolver","Captured","","","水流幕","アクアヴェール"
"RotationSolver","CombatLog","Content","","治疗","回復"
"RotationSolver","Main","Columns","","治疗量","回復量"
"RotationSolver","Captured","","","泛输血","パンハイマ"
"RotationSolver","Captured","","","注：目前时间轴仅涵盖 7.x 版本内容。6.x 及更早版本暂不支持。","注：現在のタイムラインは7.xコンテンツのみ対応しています。6.x以前は現在未対応です。"
"RotationSolver","Captured","","","活化","ゾーエ"
"RotationSolver","Captured","","","测试TTS","TTSをテスト"
"RotationSolver","","","","海 Ocean Breeze","海 Ocean Breeze"
"RotationSolver","Captured","","","消化","ペプシス"
"RotationSolver","","","","深海 Ocean Night","深海 Ocean Night"
"RotationSolver","Captured","","","深谋远虑之策","深謀遠慮の策"
"RotationSolver","Settings","PartyMonitor","","添加","追加"
"RotationSolver","Settings","PartyMonitor","","添加自定义技能（当前目录缺少某个技能=使用）","カスタムスキルを追加（現在の一覧にないスキル用）"
"RotationSolver","Captured","","","添加自定义技能（当目录中缺少某个技能时使用）","カスタムスキルを追加（一覧にないスキル用）"
"RotationSolver","Captured","","","清空分享码","共有コードをクリア"
"RotationSolver","Settings","Data","","清空历史","履歴を消去"
"RotationSolver","CombatLog","Controls","","清空流水","ログを消去"
"RotationSolver","CombatLog","Filters","","清空筛选","絞り込み解除"
"RotationSolver","Captured","","","灼热之光","シアリングライト"
"RotationSolver","Captured","","","炽天召唤","セラフィム召喚"
"RotationSolver","Captured","","","炽天的幻光","セラフィックイルミネーション"
"RotationSolver","Captured","","","炽天附体","セラフィズム"
"RotationSolver","Main","Status","","版本","バージョン"
"RotationSolver","","","","版本: 0.15.2.72","バージョン: 0.15.2.72"
"RotationSolver","Captured","","","牵制","牽制"
"RotationSolver","Settings","QuickNav","","状态","ステータス"
"RotationSolver","Settings","StatusObserver","","状态ID监控","ステータスID監視"
"RotationSolver","Settings","Navigation","","状态监控","ステータス監視"
"RotationSolver","Captured","","","状态监控##advanced_nav_StatusObserver","ステータス監視##advanced_nav_StatusObserver"
"RotationSolver","Captured","","","状态监控刷新间隔","ステータス監視更新間隔"
"RotationSolver","CapturedExact","","","状态监控窗口透明度","ステータス監視ウィンドウ透明度"
"RotationSolver","Settings","Appearance","","状态监控透明度","ステータス監視透明度"
"RotationSolver","Settings","Data","","状态监视","ステータス監視"
"RotationSolver","Main","Status","","独立运行 / 本地采集","単独動作 / ローカル収集"
"RotationSolver","Captured","","","献奉","オブレーション"
"RotationSolver","Main","Columns","","玩家","プレイヤー"
"RotationSolver","Main","Status","","玩家 + 友方 NPC","プレイヤー + 味方NPC"
"RotationSolver","Main","Status","","玩家 + 敌方 NPC","プレイヤー + 敵NPC"
"RotationSolver","Settings","Stats","","玩家列","プレイヤー列"
"RotationSolver","Captured","","","玩家列宽","プレイヤー列の幅"
"RotationSolver","Settings","FloatingStyle","","玩家列宽 / 行高设为 0 时自动取值。","プレイヤー列幅／行高を0にすると自動設定になります。"
"RotationSolver","Settings","FloatingStyle","","玩家列最小宽度","プレイヤー列の最小幅"
"RotationSolver","Captured","","","生命回生法","生命回生法"
"RotationSolver","Captured","","","生成后会自动复制到剪贴板。","生成後、自動的にクリップボードへコピーします。"
"RotationSolver","Captured","","","生成并复制 Classic 分享码","Classic共有コードを生成してコピー"
"RotationSolver","Captured","","","生成并复制 Ikegami 分享码","Ikegami共有コードを生成してコピー"
"RotationSolver","Captured","","","生成并复制 Minimal 分享码","Minimal共有コードを生成してコピー"
"RotationSolver","Main","Summary","","界面与列配置摘要","画面・列設定の概要"
"RotationSolver","Captured","","","疾风怒涛之计","疾風怒濤の計"
"RotationSolver","Captured","","","白牛清汁","タウロコレ"
"RotationSolver","Captured","","","白魔法师","白魔道士"
"RotationSolver","Captured","","","监控减伤","軽減を監視"
"RotationSolver","Captured","","","监控团辅","PT支援を監視"
"RotationSolver","Captured","","","监控模块","監視モジュール"
"RotationSolver","Captured","","","监控食物","食事を監視"
"RotationSolver","Settings","Timeline","","目前时间轴仅涵盖 7.x 版本内容。","現在のタイムラインは7.xコンテンツのみ対応しています。"
"RotationSolver","Settings","Window","","目标、自身、触发状态排查","対象・自身・トリガー状態の確認"
"RotationSolver","Settings","StatusObserver","","目标状态最大显示数量","ターゲットのステータス最大表示数"
"RotationSolver","Captured","","","目标职业","対象ジョブ"
"RotationSolver","Captured","","","盾阵","シェルトロン"
"RotationSolver","Captured","","","礼仪之铃","リタージー・オブ・ベル"
"RotationSolver","Captured","","","神圣领域","インビンシブル"
"RotationSolver","Captured","","","神祝祷","ディヴァインベニゾン"
"RotationSolver","Captured","","","神秘环","アルケインサークル"
"RotationSolver","Captured","","","神秘纹","アルケインクレスト"
"RotationSolver","Main","Columns","","秒伤","DPS"
"RotationSolver","Settings","Stats","","秒伤列","DPS列"
"RotationSolver","Main","Columns","","秒承伤","被ダメージ/秒"
"RotationSolver","Main","Columns","","秒疗","HPS"
"RotationSolver","Captured","","","秘术师","巴術士"
"RotationSolver","Captured","","","秘策","秘策"
"RotationSolver","Settings","Navigation","","窗口","ウィンドウ"
"RotationSolver","Captured","","","窗口##advanced_nav_Window","ウィンドウ##advanced_nav_Window"
"RotationSolver","CapturedExact","","","窗口与悬浮面板","ウィンドウとフローティングパネル"
"RotationSolver","Settings","Window","","窗口控制","ウィンドウ制御"
"RotationSolver","Main","Status","","等待战斗数据...","戦闘データ待機中..."
"RotationSolver","Captured","","","策动","タクティシャン"
"RotationSolver","Settings","Header","","简易设置","簡易設定"
"RotationSolver","","","","紫 Royal Purple","紫 Royal Purple"
"RotationSolver","Captured","","","纠偏词","補正語句"
"RotationSolver","Settings","FloatingStyle","","经典表格样式参数","クラシックテーブル設定"
"RotationSolver","Captured","","","结束时间","終了時刻"
"RotationSolver","Captured","","","绘灵法师","ピクトマンサー"
"RotationSolver","Captured","","","绝枪战士","ガンブレイカー"
"RotationSolver","Settings","Navigation","","统计","統計"
"RotationSolver","Settings","Performance","","统计 DoT/野火归属","DoT／ワイルドファイアの帰属を集計"
"RotationSolver","Captured","","","统计##advanced_nav_Stats","統計##advanced_nav_Stats"
"RotationSolver","Main","Status","","统计来源","統計データ元"
"RotationSolver","Settings","Window","","统计面板","統計パネル"
"RotationSolver","Settings","StatsPanel","","统计页与历史记录页的可拖拽列宽会自动写入配置，并在下次打开插件时恢复。","統計ページと履歴ページで変更した列幅は自動保存され、次回起動時に復元されます。"
"RotationSolver","Main","Summary","","统计页列宽记忆","統計ページの列幅保存"
"RotationSolver","Captured","","","网络包增强模式","ネットワークパケット拡張モード"
"RotationSolver","Main","Columns","","职业","ジョブ"
"RotationSolver","Settings","StatsPanel","","职业主题色调色板","ジョブテーマカラーパレット"
"RotationSolver","Settings","Stats","","职业列","ジョブ列"
"RotationSolver","Captured","PartyMonitor","","职业技能列表","ジョブスキル一覧"
"RotationSolver","Captured","","","职能单色","ロール単色"
"RotationSolver","Settings","PartyMonitor","","背景颜色","背景色"
"RotationSolver","Captured","","","背景默认颜色","背景の既定色"
"RotationSolver","Settings","Status","","自动下载:","自動ダウンロード："
"RotationSolver","","","","自动下载: ","自動ダウンロード: "
"RotationSolver","Settings","Timeline","","自动下载时间轴","タイムライン自動ダウンロード"
"RotationSolver","CombatLog","Controls","","自动滚动到最新事件","最新イベントへ自動スクロール"
"RotationSolver","CapturedExact","","","自动适配","自動調整"
"RotationSolver","Captured","","","自生","ピュシスII"
"RotationSolver","Settings","StatusObserver","","自身状态最大显示数量","自分のステータス最大表示数"
"RotationSolver","Settings","StatsPanel","","至少保留一个页签","少なくとも1つのタブを残してください"
"RotationSolver","Captured","","","至黑之夜","ブラックナイト"
"RotationSolver","Captured","","","舞者","踊り子"
"RotationSolver","Captured","","","节制","テンパランス"
"RotationSolver","Captured","","","蛇灵气","蛇の霊気"
"RotationSolver","Captured","","","蝰蛇剑士","ヴァイパー"
"RotationSolver","Captured","","","行吟","トルバドゥール"
"RotationSolver","Captured","","","行尸走肉","リビングデッド"
"RotationSolver","Captured","","","行間隔","行間隔"
"RotationSolver","Settings","PartyMonitor","","行间距","行間隔"
"RotationSolver","Settings","FloatingStyle","","表格行高","テーブル行高"
"RotationSolver","Captured","","","表示","表示"
"RotationSolver","Captured","","","表示人数","表示人数"
"RotationSolver","Captured","","","表示数制限","表示数制限"
"RotationSolver","CapturedExact","","","補正語句","補正語句"
"RotationSolver","Captured","","","规则 1","ルール 1"
"RotationSolver","Captured","","","规则 10","ルール 10"
"RotationSolver","Captured","","","规则 11","ルール 11"
"RotationSolver","Captured","","","规则 12","ルール 12"
"RotationSolver","Captured","","","规则 13","ルール 13"
"RotationSolver","Captured","","","规则 2","ルール 2"
"RotationSolver","Captured","","","规则 3","ルール 3"
"RotationSolver","Captured","","","规则 4","ルール 4"
"RotationSolver","Captured","","","规则 5","ルール 5"
"RotationSolver","Captured","","","规则 6","ルール 6"
"RotationSolver","Captured","","","规则 7","ルール 7"
"RotationSolver","Captured","","","规则 8","ルール 8"
"RotationSolver","Captured","","","规则 9","ルール 9"
"RotationSolver","CombatLog","Filters","","角色：","対象："
"RotationSolver","","","","設定 / v0.15.2.72","設定 / v0.15.2.72"
"RotationSolver","CapturedExact","","","設定／構成###配置/设置","設定／構成###配置/设置"
"RotationSolver","CapturedExact","","","詳細設定 / v0.15.2.72","詳細設定 / v0.15.2.72"
"RotationSolver","CombatLog","Controls","","记录中","記録中"
"RotationSolver","Settings","PartyMonitor","","设当前为默认","現在設定を既定にする"
"RotationSolver","Settings","Header","","设置","設定"
"RotationSolver","","","","设置 / v0.15.2.72","設定 / v0.15.2.72"
"RotationSolver","Settings","StatsPanel","","设置项","設定項目"
"RotationSolver","CombatLog","Content","","读条","詠唱"
"RotationSolver","Settings","TTS","","读条ID 即时播，结算ID 到达时播","詠唱IDは即時、解決IDは到達時に読み上げ"
"RotationSolver","Settings","Data","","调试日志","デバッグログ"
"RotationSolver","Captured","","","调试日志分组","デバッグログ分類"
"RotationSolver","Captured","","","贤者","賢者"
"RotationSolver","","","","赛博 Cyberpunk","サイバー Cyberpunk"
"RotationSolver","Captured","","","赤魔法师","赤魔道士"
"RotationSolver","Captured","","","起效增强强度","発動時強調の強度"
"RotationSolver","Captured","","","起效增强样式","発動時強調スタイル"
"RotationSolver","Settings","PartyMonitor","","起效显示样式","発動時の表示スタイル"
"RotationSolver","Settings","PartyMonitor","","起效显示透明度","発動時表示の透明度"
"RotationSolver","Settings","PartyMonitor","","起效高亮与背景","発動時の強調表示と背景"
"RotationSolver","Captured","","","超火流星","ボーライド"
"RotationSolver","Settings","Data","","轻量战斗日志","軽量戦闘ログ"
"RotationSolver","Settings","Performance","","轻量战斗流水","軽量戦闘ログ"
"RotationSolver","CombatLog","Content","","输出","出力"
"RotationSolver","Captured","","","输血","ハイマ"
"RotationSolver","Settings","Status","","运行:","実行："
"RotationSolver","","","","运行: 否","実行中: いいえ"
"RotationSolver","Main","Status","","运行状态","動作状態"
"RotationSolver","Settings","Status","","还原默认UI","既定UIに戻す"
"RotationSolver","Settings","PartyMonitor","","这是一个切换按钮：当前有团辅启用时点击会全部关闭；全部关闭后再点击会开启所有团辅。不会影响减伤技能和食物监控。 ","切替ボタンです。PT支援が1つでも有効なら全OFF、すべてOFFなら全ONにします。軽減スキルと食事監視には影響しません。 "
"RotationSolver","Settings","StatsPanel","","这里只改共享列；三页会一起生效。","ここでは共有列のみ変更し、3ページすべてに反映されます。"
"RotationSolver","Settings","StatsPanel","","这里统一控制所有职业主题色的透明度；下方单职业颜色编辑只调整 RGB。","ここで全ジョブの透明度を一括設定し、下のジョブ別設定ではRGBのみ変更します。"
"RotationSolver","Settings","Timeline","","进入副本时自动下载时间轴","コンテンツ突入時にタイムラインを自動ダウンロード"
"RotationSolver","CombatLog","Content","","进出战","戦闘開始／終了"
"RotationSolver","Captured","","","进攻之探戈","攻めのタンゴ"
"RotationSolver","Captured","","","连环计","連環計"
"RotationSolver","CombatLog","Content","","连线","線"
"RotationSolver","Settings","Performance","","适合绝境、战场和高特效场景","高難度・PvP・高エフェクト環境向け"
"RotationSolver","Settings","Appearance","","透明度与样式","透明度と表示スタイル"
"RotationSolver","Settings","Data","","配置/界面","設定／画面"
"RotationSolver","Captured","","","配置/设置","設定／構成"
"RotationSolver","Settings","AdvancedWindow","","重置位置","位置をリセット"
"RotationSolver","Settings","StatsPanel","","重置历史页列宽记忆","履歴ページの列幅保存をリセット"
"RotationSolver","Settings","PartyMonitor","","重置监控技能","監視スキルをリセット"
"RotationSolver","Settings","StatsPanel","","重置统计页列宽记忆","統計ページの列幅保存をリセット"
"RotationSolver","CapturedExact","","","重载时间轴","タイムラインを再読み込み"
"RotationSolver","Captured","","","野战治疗阵","野戦治療の陣"
"RotationSolver","Captured","","","钐镰客","リーパー"
"RotationSolver","Captured","","","铁壁","ランパート"
"RotationSolver","Settings","Window","","锁定","固定"
"RotationSolver","CapturedExact","","","锁定后不可拖动或缩放。","固定するとドラッグやサイズ変更はできません。"
"RotationSolver","Settings","StatusObserver","","锁定后自动适配内容大小","固定時は内容に合わせて自動サイズ調整"
"RotationSolver","Settings","AdvancedWindow","","锁定悬浮窗口","フローティングウィンドウを固定"
"RotationSolver","Settings","AdvancedWindow","","锁定时间轴窗口","タイムラインウィンドウを固定"
"RotationSolver","Settings","AdvancedWindow","","锁定状态监控","ステータス監視を固定"
"RotationSolver","Settings","StatusObserver","","锁定状态监控窗口","ステータス監視ウィンドウを固定"
"RotationSolver","Settings","StatusObserver","","锁定状态监控窗口时，窗口不可拖动或缩放，并会根据当前显示内容自动调整大小。未锁定时可手动拖动和调整尺寸。右键状态监控悬浮窗可开关设置窗口。 ","固定中はウィンドウを移動・リサイズできず、内容に合わせて自動調整されます。固定解除時は手動で移動・サイズ変更できます。ステータス監視ウィンドウを右クリックすると設定画面を開閉できます。"
"RotationSolver","CapturedExact","","","锁定统计窗口","統計ウィンドウを固定"
"RotationSolver","CapturedExact","","","锁定队友监控","PTメンバー監視を固定"
"RotationSolver","Settings","TTS","","队友使用死斗、神圣领域、死而不僵、超火流星时播报技能名；PvP 区域不播报","PTメンバーがホルムギャング、インビンシブル、リビングデッド、ボーライドを使用した際にスキル名を読み上げます。PvPエリアでは読み上げません。"
"RotationSolver","Captured","","","队友使用死斗、神圣领域、死而不僵、超火流星时播报技能名；PvP 区域不播报。需要先开启 DailyRoutines TTS。","PTメンバーがホルムギャング、インビンシブル、リビングデッド、ボーライドを使用した際にスキル名を読み上げます。PvPエリアでは読み上げません。事前にDailyRoutines TTSを有効にしてください。"
"RotationSolver","Settings","Navigation","","队友监控","PTメンバー監視"
"RotationSolver","Captured","","","队友监控##advanced_nav_PartyMonitor","PTメンバー監視##advanced_nav_PartyMonitor"
"RotationSolver","Captured","","","队友监控刷新间隔","PTメンバー監視更新間隔"
"RotationSolver","CapturedExact","","","队友监控窗口透明度","PTメンバー監視ウィンドウ透明度"
"RotationSolver","Settings","AdvancedWindow","","队友监控透明度","PTメンバー監視透明度"
"RotationSolver","Captured","","","防守之桑巴","守りのサンバ"
"RotationSolver","Settings","StatsPanel","","限制显示条目数","表示件数を制限"
"RotationSolver","Main","Quick","","隐藏悬浮DPS统计面板","フローティングDPS統計を非表示"
"RotationSolver","Captured","","","隐藏永久状态","永続ステータスを非表示"
"RotationSolver","Captured","","","雪仇","リプライザル"
"RotationSolver","Settings","TTS","","需要 DailyRoutines 文本转语音","DailyRoutinesのテキスト読み上げ機能が必要です"
"RotationSolver","Main","Summary","","页签显示","タブ表示"
"RotationSolver","Settings","Stats","","页面列显示","ページ列表示"
"RotationSolver","Settings","Theme","","预览","プレビュー"
"RotationSolver","Captured","","","预览规则说明","プレビュールールの説明"
"RotationSolver","Captured","","","食物到期提醒阈值","食事効果終了の通知しきい値"
"RotationSolver","Captured","","","骑士","ナイト"
"RotationSolver","Captured","","","高亮 NPC 行","NPC行を強調"
"RotationSolver","Settings","AdvancedWindow","","高亮自己条目数","自分の行を強調表示"
"RotationSolver","Settings","AdvancedWindow","","高亮自身","自分を強調表示"
"RotationSolver","Captured","","","高度自动适配条目数","表示件数に合わせて高さを自動調整"
"RotationSolver","CapturedExact","","","高度自适应条目数","表示件数に合わせて高さを自動調整"
"RotationSolver","Settings","Performance","","高性能模式","高性能モード"
"RotationSolver","Settings","Performance","","高性能模式会临时停用 DoT/野火归属和详细战斗流水。","高性能モードではDoT／ワイルドファイア帰属と詳細戦闘ログを一時的に無効化します。"
"RotationSolver","Settings","Data","","高性能模式说明","高性能モードの説明"
"RotationSolver","Captured","","","魂灵风息","プネウマ"
"RotationSolver","Captured","","","黑魔法师","黒魔道士"
"RotationSolver","Settings","StatsPanel","","默认先收起当前列宽数值；需要核对保存结果时再展开查看。","現在保存されている列幅は既定で折りたたまれています。保存結果を確認するときに展開してください。"
"RotationSolver","Captured","","","默认先收起职业颜色列表；需要微调单职业 RGB 时再展开。","ジョブ色一覧は既定で折りたたみます。ジョブごとのRGBを調整するときだけ展開してください。"
"RotationSolver","Captured","","","默认先收起规则说明；需要核对 NPC 纳入规则时再展开。","ルール説明は既定で折りたたみます。NPCの対象条件を確認するときだけ展開してください。"
"RotationSolver","Captured","","","默认先收起路径与状态详情；需要排查时再展开查看。","パスと状態の詳細は既定で折りたたみます。問題調査時に展開してください。"
"RotationSolver","Settings","StatsPanel","","默认先收起这张对照表；只有在核对 DPS / HPS / 承伤 列含义时再展开。","この対応表は既定で折りたたまれています。DPS / HPS / 被ダメの列内容を確認するときだけ展開してください。"
"RotationSolver","Captured","","","默认收包 opcode 过滤","既定の受信パケットopcodeフィルター"
"RotationSolver","Captured","","","默认收包预览字节","既定の受信パケットプレビューBytes"
"RotationSolver","Settings","PartyMonitor","","默认白色数字、垂直居中。","既定では白い数字を上下中央に表示します。"
"RotationSolver","Captured","","","默认立即结束","既定：即時終了"
"RotationSolver","Captured","","","鼓励","エンボルデン"
"RotationSolver","Captured","","","龙骑士","竜騎士"
"RotationSolver","List","Map-specific settings","","##-##Rotation Solver Remove Territory Target Name 0",""
